datetime,road_id,avg_speed,vehicle_count,lane_count,road_type,synthetic_flag,temperature,tmin,tmax,rain_mm,wind_kph,pres,tsun,is_holiday,humidity,hour,day_of_week,is_weekend,is_morning_peak,is_evening_peak,is_peak_hour,hour_sin,hour_cos,speed_ma_3,speed_ma_6,vehicle_count_ma_3,vehicle_count_ratio,road_type_speed_ratio
2025-11-01 00:00:00,R1,100.74781257141922,115,4,Highway,True,30.5,26.0,34.0,0.0,14.0,1013.0,0,0,59,0,5,1,0,0,0,0.0,1.0,100.74781257141922,100.74781257141922,115.0,28.75,1.0074781257141923
2025-11-01 01:00:00,R1,95.76414836591464,148,4,Highway,True,30.5,26.0,34.0,0.0,14.0,1013.0,0,0,59,1,5,1,0,0,0,0.2588190451025207,0.9659258262890684,98.25598046866693,98.25598046866693,131.5,37.0,0.9576414836591464
2025-11-01 02:00:00,R1,100.6046393159908,104,4,Highway,True,30.5,26.0,34.0,0.0,14.0,1013.0,0,0,59,2,5,1,0,0,0,0.4999999999999999,0.8660254037844387,99.03886675110822,99.03886675110822,122.33333333333333,26.0,1.006046393159908
2025-11-01 03:00:00,R1,99.05044665016035,149,4,Highway,True,30.5,26.0,34.0,0.0,14.0,1013.0,0,0,59,3,5,1,0,0,0,0.7071067811865476,0.7071067811865476,98.4730781106886,99.04176172587125,133.66666666666666,37.25,0.9905044665016035
2025-11-01 04:00:00,R1,103.27653498802415,130,4,Highway,True,30.5,26.0,34.0,0.0,14.0,1013.0,0,0,59,4,5,1,0,0,0,0.8660254037844386,0.5000000000000001,100.9772069847251,99.88871637830184,127.66666666666667,32.5,1.0327653498802416
2025-11-01 05:00:00,R1,97.46417108048485,117,4,Highway,True,30.5,26.0,34.0,0.0,14.0,1013.0,0,0,59,5,5,1,0,0,0,0.9659258262890684,0.2588190451025207,99.93038423955646,99.48462549533234,132.0,29.25,0.9746417108048484
2025-11-01 06:00:00,R1,94.02508884497205,102,4,Highway,True,30.5,26.0,34.0,0.0,14.0,1013.0,0,0,59,6,5,1,0,0,0,1.0,6.123233995736766e-17,98.25526497116034,98.36417154092447,116.33333333333333,25.5,0.9402508884497205
2025-11-01 07:00:00,R1,52.21145279305122,104,4,Highway,True,30.5,26.0,34.0,0.0,14.0,1013.0,0,0,59,7,5,1,1,0,1,0.9659258262890684,-0.2588190451025206,81.23357090616936,91.10538894544725,107.66666666666667,26.0,0.5221145279305123
2025-11-01 08:00:00,R1,57.93394461091459,106,4,Highway,True,30.5,26.0,34.0,0.0,14.0,1013.0,0,0,59,8,5,1,1,0,1,0.8660254037844387,-0.4999999999999998,68.05682874964596,83.9936064946012,104.0,26.5,0.5793394461091459
2025-11-01 09:00:00,R1,62.54711340431889,90,4,Highway,True,30.5,26.0,34.0,0.0,14.0,1013.0,0,0,59,9,5,1,1,0,1,0.7071067811865476,-0.7071067811865475,57.56417026942824,77.90971762029429,100.0,22.5,0.6254711340431889
2025-11-01 10:00:00,R1,56.56755343176644,85,4,Highway,True,30.5,26.0,34.0,0.0,14.0,1013.0,0,0,59,10,5,1,1,0,1,0.4999999999999999,-0.8660254037844387,59.01620381566664,70.12488736091801,93.66666666666667,21.25,0.5656755343176644
2025-11-01 11:00:00,R1,98.92633620410952,126,4,Highway,True,30.5,26.0,34.0,0.0,14.0,1013.0,0,0,59,11,5,1,0,0,0,0.258819045102521,-0.9659258262890682,72.68033434673161,70.36858154818879,100.33333333333333,31.5,0.9892633620410952
2025-11-01 12:00:00,R1,95.0574387504424,138,4,Highway,True,30.5,26.0,34.0,0.0,14.0,1013.0,0,0,59,12,5,1,0,0,0,1.2246467991473532e-16,-1.0,83.51710946210612,70.54063986576718,116.33333333333333,34.5,0.950574387504424
2025-11-01 13:00:00,R1,101.4777422722852,104,4,Highway,True,30.5,26.0,34.0,0.0,14.0,1013.0,0,0,59,13,5,1,0,0,0,-0.2588190451025208,-0.9659258262890684,98.4871724089457,78.75168811230618,122.66666666666667,26.0,1.0147774227228519
2025-11-01 14:00:00,R1,91.67327654085608,136,4,Highway,True,30.5,26.0,34.0,0.0,14.0,1013.0,0,0,59,14,5,1,0,0,0,-0.4999999999999997,-0.8660254037844388,96.0694858545279,84.37491010062976,126.0,34.0,0.9167327654085607
2025-11-01 15:00:00,R1,101.45617598093058,126,4,Highway,True,30.5,26.0,34.0,0.0,14.0,1013.0,0,0,59,15,5,1,0,0,0,-0.7071067811865471,-0.7071067811865479,98.20239826469061,90.85975386339838,122.0,31.5,1.0145617598093057
2025-11-01 16:00:00,R1,98.87108102856278,130,4,Highway,True,30.5,26.0,34.0,0.0,14.0,1013.0,0,0,59,16,5,1,0,0,0,-0.8660254037844384,-0.5000000000000004,97.33351118344983,97.91034179619777,130.66666666666666,32.5,0.9887108102856278
2025-11-01 17:00:00,R1,61.16540152610353,77,4,Highway,True,30.5,26.0,34.0,0.0,14.0,1013.0,0,0,59,17,5,1,0,1,1,-0.9659258262890684,-0.2588190451025206,87.16421951186562,91.61685268319677,111.0,19.25,0.6116540152610352
2025-11-01 18:00:00,R1,65.21187333102435,102,4,Highway,True,30.5,26.0,34.0,0.0,14.0,1013.0,0,0,59,18,5,1,0,1,1,-1.0,-1.8369701987210294e-16,75.08278529523022,86.64259177996041,103.0,25.5,0.6521187333102435
2025-11-01 19:00:00,R1,56.08386703339988,64,4,Highway,True,30.5,26.0,34.0,0.0,14.0,1013.0,0,0,59,19,5,1,0,1,1,-0.9659258262890684,0.2588190451025203,60.82038063017592,79.07694590681287,81.0,16.0,0.5608386703339988
2025-11-01 20:00:00,R1,58.48486017305629,105,4,Highway,True,30.5,26.0,34.0,0.0,14.0,1013.0,0,0,59,20,5,1,0,1,1,-0.8660254037844386,0.5000000000000001,59.92686684582685,73.54554317884623,90.33333333333333,26.25,0.5848486017305629
2025-11-01 21:00:00,R1,99.54407067084524,120,4,Highway,True,30.5,26.0,34.0,0.0,14.0,1013.0,0,0,59,21,5,1,0,0,0,-0.7071067811865477,0.7071067811865474,71.37093262576714,73.22685896049869,96.33333333333333,30.0,0.9954407067084524
2025-11-01 22:00:00,R1,104.1982912730388,120,4,Highway,True,30.5,26.0,34.0,0.0,14.0,1013.0,0,0,59,22,5,1,0,0,0,-0.5000000000000004,0.8660254037844384,87.40907403898012,74.11472733457802,115.0,30.0,1.0419829127303881
2025-11-01 23:00:00,R1,105.11784317798964,128,4,Highway,True,30.5,26.0,34.0,0.0,14.0,1013.0,0,0,59,23,5,1,0,0,0,-0.2588190451025215,0.965925826289068,102.95340170729123,81.44013427655904,122.66666666666667,32.0,1.0511784317798964
2025-11-02 00:00:00,R1,97.03280602106094,145,4,Highway,True,29.8,26.0,33.0,0.0,11.4,1013.6,0,0,59,0,6,1,0,0,0,0.0,1.0,102.11631349069647,86.74362305823179,131.0,36.25,0.9703280602106094
2025-11-02 01:00:00,R1,82.95002354274284,111,4,Highway,True,29.8,26.0,33.0,0.0,11.4,1013.6,0,0,59,1,6,1,0,0,0,0.2588190451025207,0.9659258262890684,95.03355758059782,91.22131580978896,128.0,27.75,0.8295002354274285
2025-11-02 02:00:00,R1,94.05364083200296,139,4,Highway,True,29.8,26.0,33.0,0.0,11.4,1013.6,0,0,59,2,6,1,0,0,0,0.4999999999999999,0.8660254037844387,91.34549013193559,97.14944591961341,131.66666666666666,34.75,0.9405364083200296
2025-11-02 03:00:00,R1,96.957412282595,135,4,Highway,True,29.8,26.0,33.0,0.0,11.4,1013.6,0,0,59,3,6,1,0,0,0,0.7071067811865476,0.7071067811865476,91.32035888578027,96.71833618823837,128.33333333333334,33.75,0.96957412282595
2025-11-02 04:00:00,R1,101.292071069953,147,4,Highway,True,29.8,26.0,33.0,0.0,11.4,1013.6,0,0,59,4,6,1,0,0,0,0.8660254037844386,0.5000000000000001,97.43437472818367,96.23396615439073,140.33333333333334,36.75,1.01292071069953
2025-11-02 05:00:00,R1,91.62980447657364,106,4,Highway,True,29.8,26.0,33.0,0.0,11.4,1013.6,0,0,59,5,6,1,0,0,0,0.9659258262890684,0.2588190451025207,96.62642927637388,93.98595970415472,129.33333333333334,26.5,0.9162980447657364
2025-11-02 06:00:00,R1,101.2361437650858,119,4,Highway,True,29.8,26.0,33.0,0.0,11.4,1013.6,0,0,59,6,6,1,0,0,0,1.0,6.123233995736766e-17,98.05267310387082,94.68651599482554,124.0,29.75,1.012361437650858
2025-11-02 07:00:00,R1,53.75917215180539,93,4,Highway,True,29.8,26.0,33.0,0.0,11.4,1013.6,0,0,59,7,6,1,1,0,1,0.9659258262890684,-0.2588190451025206,82.20837346448828,89.82137409633596,106.0,23.25,0.5375917215180539
2025-11-02 08:00:00,R1,64.04451078516689,81,4,Highway,True,29.8,26.0,33.0,0.0,11.4,1013.6,0,0,59,8,6,1,1,0,1,0.8660254037844387,-0.4999999999999998,73.0132755673527,84.81985242186327,97.66666666666667,20.25,0.640445107851669
2025-11-02 09:00:00,R1,59.47696147305603,89,4,Highway,True,29.8,26.0,33.0,0.0,11.4,1013.6,0,0,59,9,6,1,1,0,1,0.7071067811865476,-0.7071067811865475,59.093548136676105,78.57311062027345,87.66666666666667,22.25,0.5947696147305603
2025-11-02 10:00:00,R1,59.36157892745768,91,4,Highway,True,29.8,26.0,33.0,0.0,11.4,1013.6,0,0,59,10,6,1,1,0,1,0.4999999999999999,-0.8660254037844387,60.961017061893536,71.58469526319091,87.0,22.75,0.5936157892745768
2025-11-02 11:00:00,R1,100.92732588901768,102,4,Highway,True,29.8,26.0,33.0,0.0,11.4,1013.6,0,0,59,11,6,1,0,0,0,0.258819045102521,-0.9659258262890682,73.25528876317713,73.1342821652649,94.0,25.5,1.0092732588901767
2025-11-02 12:00:00,R1,95.47512678266726,114,4,Highway,True,29.8,26.0,33.0,0.0,11.4,1013.6,0,0,59,12,6,1,0,0,0,1.2246467991473532e-16,-1.0,85.25467719971421,72.17411266819515,102.33333333333333,28.5,0.9547512678266726
2025-11-02 13:00:00,R1,99.91033628112628,113,4,Highway,True,29.8,26.0,33.0,0.0,11.4,1013.6,0,0,59,13,6,1,0,0,0,-0.2588190451025208,-0.9659258262890684,98.77092965093708,79.8659733564153,109.66666666666667,28.25,0.9991033628112628
2025-11-02 14:00:00,R1,98.34875159966266,102,4,Highway,True,29.8,26.0,33.0,0.0,11.4,1013.6,0,0,59,14,6,1,0,0,0,-0.4999999999999997,-0.8660254037844388,97.91140488781873,85.58334682549793,109.66666666666667,25.5,0.9834875159966266
2025-11-02 15:00:00,R1,101.21331479623726,123,4,Highway,True,29.8,26.0,33.0,0.0,11.4,1013.6,0,0,59,15,6,1,0,0,0,-0.7071067811865471,-0.7071067811865479,99.8241342256754,92.5394057126948,112.66666666666667,30.75,1.0121331479623725
2025-11-02 16:00:00,R1,97.66078345637828,107,4,Highway,True,29.8,26.0,33.0,0.0,11.4,1013.6,0,0,59,16,6,1,0,0,0,-0.8660254037844384,-0.5000000000000004,99.07428328409274,98.92260646751491,110.66666666666667,26.75,0.9766078345637829
2025-11-02 17:00:00,R1,56.52701427234503,60,4,Highway,True,29.8,26.0,33.0,0.0,11.4,1013.6,0,0,59,17,6,1,0,1,1,-0.9659258262890684,-0.2588190451025206,85.13370417498686,91.5225545314028,96.66666666666667,15.0,0.5652701427234503
2025-11-02 18:00:00,R1,60.52556305257379,83,4,Highway,True,29.8,26.0,33.0,0.0,11.4,1013.6,0,0,59,18,6,1,0,1,1,-1.0,-1.8369701987210294e-16,71.57112026043238,85.69762724305389,83.33333333333333,20.75,0.6052556305257378
2025-11-02 19:00:00,R1,55.46544060967671,71,4,Highway,True,29.8,26.0,33.0,0.0,11.4,1013.6,0,0,59,19,6,1,0,1,1,-0.9659258262890684,0.2588190451025203,57.506005978198516,78.29014463114562,71.33333333333333,17.75,0.5546544060967671
2025-11-02 20:00:00,R1,65.13685715483507,109,4,Highway,True,29.8,26.0,33.0,0.0,11.4,1013.6,0,0,59,20,6,1,0,1,1,-0.8660254037844386,0.5000000000000001,60.3759536056952,72.75482889034102,87.66666666666667,27.25,0.6513685715483507
2025-11-02 21:00:00,R1,108.13055873059632,146,4,Highway,True,29.8,26.0,33.0,0.0,11.4,1013.6,0,0,59,21,6,1,0,0,0,-0.7071067811865477,0.7071067811865474,76.24428549836938,73.90770287940087,108.66666666666667,36.5,1.0813055873059632
2025-11-02 22:00:00,R1,102.05572001902642,141,4,Highway,True,29.8,26.0,33.0,0.0,11.4,1013.6,0,0,59,22,6,1,0,0,0,-0.5000000000000004,0.8660254037844384,91.77437863481929,74.6401923065089,132.0,35.25,1.0205572001902643
2025-11-02 23:00:00,R1,100.44839012098504,123,4,Highway,True,29.8,26.0,33.0,0.0,11.4,1013.6,0,0,59,23,6,1,0,0,0,-0.2588190451025215,0.965925826289068,103.54488962353594,81.96042161461556,136.66666666666666,30.75,1.0044839012098503
2025-11-03 00:00:00,R1,99.74174791327,127,4,Highway,True,29.1,25.0,32.0,0.0,13.3,1012.9,0,0,59,0,0,0,0,0,0,0.0,1.0,100.74861935109384,88.4964524247316,130.33333333333334,31.75,0.9974174791327001
2025-11-03 01:00:00,R1,97.0034126206088,110,4,Highway,True,29.1,25.0,32.0,0.0,13.3,1012.9,0,0,59,1,0,0,0,0,0,0.2588190451025207,0.9659258262890684,99.06451688495463,95.41944775988695,120.0,27.5,0.970034126206088
2025-11-03 02:00:00,R1,93.22828628433572,101,4,Highway,True,29.1,25.0,32.0,0.0,13.3,1012.9,0,0,59,2,0,0,0,0,0,0.4999999999999999,0.8660254037844387,96.65781560607151,100.10135261480372,112.66666666666667,25.25,0.9322828628433573
2025-11-03 03:00:00,R1,103.0277936353986,127,4,Highway,True,29.1,25.0,32.0,0.0,13.3,1012.9,0,0,59,3,0,0,0,0,0,0.7071067811865476,0.7071067811865476,97.75316418011438,99.2508917656041,112.66666666666667,31.75,1.030277936353986
2025-11-03 04:00:00,R1,100.97021502520798,126,4,Highway,True,29.1,25.0,32.0,0.0,13.3,1012.9,0,0,59,4,0,0,0,0,0,0.8660254037844386,0.5000000000000001,99.07543164831411,99.06997426663435,118.0,31.5,1.0097021502520798
2025-11-03 05:00:00,R1,101.78659719364158,118,4,Highway,True,29.1,25.0,32.0,0.0,13.3,1012.9,0,0,59,5,0,0,0,0,0,0.9659258262890684,0.2588190451025207,101.92820195141606,99.29300877874378,123.66666666666667,29.5,1.0178659719364158
2025-11-03 06:00:00,R1,96.55674723309532,137,4,Highway,True,29.1,25.0,32.0,0.0,13.3,1012.9,0,0,59,6,0,0,0,0,0,1.0,6.123233995736766e-17,99.77118648398164,98.762175332048,127.0,34.25,0.9655674723309532
2025-11-03 07:00:00,R1,62.32588841662435,74,4,Highway,True,29.1,25.0,32.0,0.0,13.3,1012.9,0,0,59,7,0,0,1,0,1,0.9659258262890684,-0.2588190451025206,86.88974428112043,92.98258796471725,109.66666666666667,18.5,0.6232588841662435
2025-11-03 08:00:00,R1,63.57052848561048,65,4,Highway,True,29.1,25.0,32.0,0.0,13.3,1012.9,0,0,59,8,0,0,1,0,1,0.8660254037844387,-0.4999999999999998,74.15105471177674,88.03962833159638,92.0,16.25,0.6357052848561048
2025-11-03 09:00:00,R1,48.85801884134588,74,4,Highway,True,29.1,25.0,32.0,0.0,13.3,1012.9,0,0,59,9,0,0,1,0,1,0.7071067811865476,-0.7071067811865475,58.25147858119359,79.0113325325876,71.0,18.5,0.4885801884134588
2025-11-03 10:00:00,R1,65.45785554911069,89,4,Highway,True,29.1,25.0,32.0,0.0,13.3,1012.9,0,0,59,10,0,0,1,0,1,0.4999999999999999,-0.8660254037844387,59.29546762535569,73.09260595323805,76.0,22.25,0.6545785554911069
2025-11-03 11:00:00,R1,100.23379698713852,137,4,Highway,True,29.1,25.0,32.0,0.0,13.3,1012.9,0,0,59,11,0,0,0,0,0,0.258819045102521,-0.9659258262890682,71.51655712586505,72.83380591882087,100.0,34.25,1.0023379698713852
2025-11-03 12:00:00,R1,101.57455017329556,133,4,Highway,True,29.1,25.0,32.0,0.0,13.3,1012.9,0,0,59,12,0,0,0,0,0,1.2246467991473532e-16,-1.0,89.08873423651494,73.67010640885425,119.66666666666667,33.25,1.0157455017329555
2025-11-03 13:00:00,R1,103.1516019292284,115,4,Highway,True,29.1,25.0,32.0,0.0,13.3,1012.9,0,0,59,13,0,0,0,0,0,-0.2588190451025208,-0.9659258262890684,101.65331636322084,80.47439199428827,128.33333333333334,28.75,1.031516019292284
2025-11-03 14:00:00,R1,103.15580984053472,139,4,Highway,True,29.1,25.0,32.0,0.0,13.3,1012.9,0,0,59,14,0,0,0,0,0,-0.4999999999999997,-0.8660254037844388,102.62732064768623,87.07193888677563,129.0,34.75,1.0315580984053472
2025-11-03 15:00:00,R1,93.38006865748451,122,4,Highway,True,29.1,25.0,32.0,0.0,13.3,1012.9,0,0,59,15,0,0,0,0,0,-0.7071067811865471,-0.7071067811865479,99.89582680908255,94.49228052279874,125.33333333333333,30.5,0.9338006865748452
2025-11-03 16:00:00,R1,105.04894151530053,101,4,Highway,True,29.1,25.0,32.0,0.0,13.3,1012.9,0,0,59,16,0,0,0,0,0,-0.8660254037844384,-0.5000000000000004,100.52827333777327,101.09079485049705,120.66666666666667,25.25,1.0504894151530053
2025-11-03 17:00:00,R1,61.75883641485608,78,4,Highway,True,29.1,25.0,32.0,0.0,13.3,1012.9,0,0,59,17,0,0,0,1,1,-0.9659258262890684,-0.2588190451025206,86.72928219588039,94.6783014217833,100.33333333333333,19.5,0.6175883641485608
2025-11-03 18:00:00,R1,53.31747737678066,70,4,Highway,True,29.1,25.0,32.0,0.0,13.3,1012.9,0,0,59,18,0,0,0,1,1,-1.0,-1.8369701987210294e-16,73.37508510231243,86.63545595569748,83.0,17.5,0.5331747737678065
2025-11-03 19:00:00,R1,70.42255278808774,79,4,Highway,True,29.1,25.0,32.0,0.0,13.3,1012.9,0,0,59,19,0,0,0,1,1,-0.9659258262890684,0.2588190451025203,61.832955526574835,81.18061443217404,75.66666666666667,19.75,0.7042255278808774
2025-11-03 20:00:00,R1,60.74122511846949,91,4,Highway,True,29.1,25.0,32.0,0.0,13.3,1012.9,0,0,59,20,0,0,0,1,1,-0.8660254037844386,0.5000000000000001,61.49375176111264,74.11151697849651,80.0,22.75,0.6074122511846949
2025-11-03 21:00:00,R1,94.28124621466088,143,4,Highway,True,29.1,25.0,32.0,0.0,13.3,1012.9,0,0,59,21,0,0,0,0,0,-0.7071067811865477,0.7071067811865474,75.14834137373937,74.26171323802589,104.33333333333333,35.75,0.9428124621466089
2025-11-03 22:00:00,R1,101.4542801131392,130,4,Highway,True,29.1,25.0,32.0,0.0,13.3,1012.9,0,0,59,22,0,0,0,0,0,-0.5000000000000004,0.8660254037844384,85.49225048208989,73.66260300433235,121.33333333333333,32.5,1.014542801131392
2025-11-03 23:00:00,R1,96.37486065535168,110,4,Highway,True,29.1,25.0,32.0,0.0,13.3,1012.9,0,0,59,23,0,0,0,0,0,-0.2588190451025215,0.965925826289068,97.37012899438393,79.43194037774828,127.66666666666667,27.5,0.9637486065535168
2025-11-04 00:00:00,R1,105.96341268945925,142,4,Highway,True,29.5,25.0,33.0,0.0,12.4,1013.6,0,0,59,0,1,0,0,0,0,0.0,1.0,101.26418448598338,88.20626292986138,127.33333333333333,35.5,1.0596341268945926
2025-11-04 01:00:00,R1,108.551788098358,124,4,Highway,True,29.5,25.0,33.0,0.0,12.4,1013.6,0,0,59,1,1,0,0,0,0,0.2588190451025207,0.9659258262890684,103.63002048105632,94.56113548157309,125.33333333333333,31.0,1.08551788098358
2025-11-04 02:00:00,R1,102.3408101559626,143,4,Highway,True,29.5,25.0,33.0,0.0,12.4,1013.6,0,0,59,2,1,0,0,0,0,0.4999999999999999,0.8660254037844387,105.6186703145933,101.49439965448859,136.33333333333334,35.75,1.023408101559626
2025-11-04 03:00:00,R1,106.16932394213502,113,4,Highway,True,29.5,25.0,33.0,0.0,12.4,1013.6,0,0,59,3,1,0,0,0,0,0.7071067811865476,0.7071067811865476,105.68730739881856,103.47574594240096,126.66666666666667,28.25,1.0616932394213503
2025-11-04 04:00:00,R1,100.71478544681344,105,4,Highway,True,29.5,25.0,33.0,0.0,12.4,1013.6,0,0,59,4,1,0,0,0,0,0.8660254037844386,0.5000000000000001,103.07497318163702,103.35249683134667,120.33333333333333,26.25,1.0071478544681343
2025-11-04 05:00:00,R1,101.19750958662254,104,4,Highway,True,29.5,25.0,33.0,0.0,12.4,1013.6,0,0,59,5,1,0,0,0,0,0.9659258262890684,0.2588190451025207,102.693872991857,104.15627165322513,107.33333333333333,26.0,1.0119750958662255
2025-11-04 06:00:00,R1,100.37483694897988,114,4,Highway,True,29.5,25.0,33.0,0.0,12.4,1013.6,0,0,59,6,1,0,0,0,0,1.0,6.123233995736766e-17,100.76237732747195,103.22484236314524,107.66666666666667,28.5,1.0037483694897988
2025-11-04 07:00:00,R1,54.39150019978067,97,4,Highway,True,29.5,25.0,33.0,0.0,12.4,1013.6,0,0,59,7,1,0,1,0,1,0.9659258262890684,-0.2588190451025206,85.3212822451277,94.19812771338236,105.0,24.25,0.5439150019978067
2025-11-04 08:00:00,R1,68.37492880268161,100,4,Highway,True,29.5,25.0,33.0,0.0,12.4,1013.6,0,0,59,8,1,0,1,0,1,0.8660254037844387,-0.4999999999999998,74.38042198381406,88.53714748783553,103.66666666666667,25.0,0.6837492880268161
2025-11-04 09:00:00,R1,63.043386232448576,91,4,Highway,True,29.5,25.0,33.0,0.0,12.4,1013.6,0,0,59,9,1,0,1,0,1,0.7071067811865476,-0.7071067811865475,61.936605078303636,81.34949120288779,96.0,22.75,0.6304338623244857
2025-11-04 10:00:00,R1,57.86405061792525,70,4,Highway,True,29.5,25.0,33.0,0.0,12.4,1013.6,0,0,59,10,1,0,1,0,1,0.4999999999999999,-0.8660254037844387,63.09412188435183,74.20770206473975,87.0,17.5,0.5786405061792526
2025-11-04 11:00:00,R1,111.02055916354526,112,4,Highway,True,29.5,25.0,33.0,0.0,12.4,1013.6,0,0,59,11,1,0,0,0,0,0.258819045102521,-0.9659258262890682,77.30933200463971,75.84487699422688,91.0,28.0,1.1102055916354525
2025-11-04 12:00:00,R1,86.60094137435843,133,4,Highway,True,29.5,25.0,33.0,0.0,12.4,1013.6,0,0,59,12,1,0,0,0,0,1.2246467991473532e-16,-1.0,85.16185038527634,73.54922773178997,105.0,33.25,0.8660094137435843
2025-11-04 13:00:00,R1,95.72918257283465,136,4,Highway,True,29.5,25.0,33.0,0.0,12.4,1013.6,0,0,59,13,1,0,0,0,0,-0.2588190451025208,-0.9659258262890684,97.78356103691279,80.4388414606323,127.0,34.0,0.9572918257283465
2025-11-04 14:00:00,R1,92.65876117221872,133,4,Highway,True,29.5,25.0,33.0,0.0,12.4,1013.6,0,0,59,14,1,0,0,0,0,-0.4999999999999997,-0.8660254037844388,91.66296170647063,84.48614685555515,134.0,33.25,0.9265876117221872
2025-11-04 15:00:00,R1,96.78353497746838,147,4,Highway,True,29.5,25.0,33.0,0.0,12.4,1013.6,0,0,59,15,1,0,0,0,0,-0.7071067811865471,-0.7071067811865479,95.05715957417392,90.1095049797251,138.66666666666666,36.75,0.9678353497746838
2025-11-04 16:00:00,R1,103.01173695721354,126,4,Highway,True,29.5,25.0,33.0,0.0,12.4,1013.6,0,0,59,16,1,0,0,0,0,-0.8660254037844384,-0.5000000000000004,97.48467770230023,97.6341193696065,135.33333333333334,31.5,1.0301173695721355
2025-11-04 17:00:00,R1,63.47050289996135,88,4,Highway,True,29.5,25.0,33.0,0.0,12.4,1013.6,0,0,59,17,1,0,0,1,1,-0.9659258262890684,-0.2588190451025206,87.75525827821444,89.70910999234252,120.33333333333333,22.0,0.6347050289996136
2025-11-04 18:00:00,R1,59.84641014362766,84,4,Highway,True,29.5,25.0,33.0,0.0,12.4,1013.6,0,0,59,18,1,0,0,1,1,-1.0,-1.8369701987210294e-16,75.44288333360088,85.25002145388738,99.33333333333333,21.0,0.5984641014362766
2025-11-04 19:00:00,R1,55.469089707812174,73,4,Highway,True,29.5,25.0,33.0,0.0,12.4,1013.6,0,0,59,19,1,0,0,1,1,-0.9659258262890684,0.2588190451025203,59.59533425046707,78.54000597638363,81.66666666666667,18.25,0.5546908970781217
2025-11-04 20:00:00,R1,50.92271300570684,77,4,Highway,True,29.5,25.0,33.0,0.0,12.4,1013.6,0,0,59,20,1,0,0,1,1,-0.8660254037844386,0.5000000000000001,55.412737619048904,71.58399794863165,78.0,19.25,0.5092271300570684
2025-11-04 21:00:00,R1,87.92729063772708,147,4,Highway,True,29.5,25.0,33.0,0.0,12.4,1013.6,0,0,59,21,1,0,0,0,0,-0.7071067811865477,0.7071067811865474,64.77303111708204,70.10795722534144,99.0,36.75,0.8792729063772708
2025-11-04 22:00:00,R1,103.4519573572344,107,4,Highway,True,29.5,25.0,33.0,0.0,12.4,1013.6,0,0,59,22,1,0,0,0,0,-0.5000000000000004,0.8660254037844384,80.76732033355613,70.18132729201159,110.33333333333333,26.75,1.034519573572344
2025-11-04 23:00:00,R1,105.51570582920644,148,4,Highway,True,29.5,25.0,33.0,0.0,12.4,1013.6,0,0,59,23,1,0,0,0,0,-0.2588190451025215,0.965925826289068,98.96498460805599,77.18886111355243,134.0,37.0,1.0551570582920644
2025-11-05 00:00:00,R1,105.31504021084028,127,4,Highway,True,29.7,26.0,33.0,0.0,12.2,1013.3,0,0,59,0,2,0,0,0,0,0.0,1.0,104.76090113242707,84.76696612475453,127.33333333333333,31.75,1.0531504021084028
2025-11-05 01:00:00,R1,102.44187513716852,126,4,Highway,True,29.7,26.0,33.0,0.0,12.2,1013.3,0,0,59,1,2,0,0,0,0,0.2588190451025207,0.9659258262890684,104.42420705907176,92.59576369631394,133.66666666666666,31.5,1.0244187513716851
2025-11-05 02:00:00,R1,97.65971412992464,139,4,Highway,True,29.7,26.0,33.0,0.0,12.2,1013.3,0,0,59,2,2,0,0,0,0,0.4999999999999999,0.8660254037844387,101.80554315931117,100.38526388368355,130.66666666666666,34.75,0.9765971412992464
2025-11-05 03:00:00,R1,103.59581666715737,123,4,Highway,True,29.7,26.0,33.0,0.0,12.2,1013.3,0,0,59,3,2,0,0,0,0,0.7071067811865476,0.7071067811865476,101.2324686447502,102.99668488858862,129.33333333333334,30.75,1.0359581666715736
2025-11-05 04:00:00,R1,100.81321291852178,145,4,Highway,True,29.7,26.0,33.0,0.0,12.2,1013.3,0,0,59,4,2,0,0,0,0,0.8660254037844386,0.5000000000000001,100.68958123853461,102.55689414880317,135.66666666666666,36.25,1.0081321291852179
2025-11-05 05:00:00,R1,98.67794895555755,139,4,Highway,True,29.7,26.0,33.0,0.0,12.2,1013.3,0,0,59,5,2,0,0,0,0,0.9659258262890684,0.2588190451025207,101.02899284707892,101.41726800319502,135.66666666666666,34.75,0.9867794895555755
2025-11-05 06:00:00,R1,104.3769702676466,117,4,Highway,True,29.7,26.0,33.0,0.0,12.2,1013.3,0,0,59,6,2,0,0,0,0,1.0,6.123233995736766e-17,101.28937738057533,101.26092301266276,133.66666666666666,29.25,1.043769702676466
2025-11-05 07:00:00,R1,55.12147601792247,109,4,Highway,True,29.7,26.0,33.0,0.0,12.2,1013.3,0,0,59,7,2,0,1,0,1,0.9659258262890684,-0.2588190451025206,86.05879841370889,93.37418982612174,121.66666666666667,27.25,0.5512147601792247
2025-11-05 08:00:00,R1,62.96416534683377,75,4,Highway,True,29.7,26.0,33.0,0.0,12.2,1013.3,0,0,59,8,2,0,1,0,1,0.8660254037844387,-0.4999999999999998,74.15420387746762,87.59159836227326,100.33333333333333,18.75,0.6296416534683377
2025-11-05 09:00:00,R1,61.40564722662274,109,4,Highway,True,29.7,26.0,33.0,0.0,12.2,1013.3,0,0,59,9,2,0,1,0,1,0.7071067811865476,-0.7071067811865475,59.830429530459675,80.55990345551749,97.66666666666667,27.25,0.6140564722662274
2025-11-05 10:00:00,R1,58.8389679794566,91,4,Highway,True,29.7,26.0,33.0,0.0,12.2,1013.3,0,0,59,10,2,0,1,0,1,0.4999999999999999,-0.8660254037844387,61.06959351763771,73.56419596567328,91.66666666666667,22.75,0.588389679794566
2025-11-05 11:00:00,R1,99.84059509437496,112,4,Highway,True,29.7,26.0,33.0,0.0,12.2,1013.3,0,0,59,11,2,0,0,0,0,0.258819045102521,-0.9659258262890682,73.36173676681811,73.75797032214285,104.0,28.0,0.9984059509437496
2025-11-05 12:00:00,R1,106.893093146951,133,4,Highway,True,29.7,26.0,33.0,0.0,12.2,1013.3,0,0,59,12,2,0,0,0,0,1.2246467991473532e-16,-1.0,88.52421874026088,74.17732413536025,112.0,33.25,1.0689309314695101
2025-11-05 13:00:00,R1,107.58477394942248,104,4,Highway,True,29.7,26.0,33.0,0.0,12.2,1013.3,0,0,59,13,2,0,0,0,0,-0.2588190451025208,-0.9659258262890684,104.7728207302495,82.92120712394359,116.33333333333333,26.0,1.0758477394942247
2025-11-05 14:00:00,R1,107.31607136054804,128,4,Highway,True,29.7,26.0,33.0,0.0,12.2,1013.3,0,0,59,14,2,0,0,0,0,-0.4999999999999997,-0.8660254037844388,107.2646461523072,90.31319145956263,121.66666666666667,32.0,1.0731607136054804
2025-11-05 15:00:00,R1,97.33199194057067,140,4,Highway,True,29.7,26.0,33.0,0.0,12.2,1013.3,0,0,59,15,2,0,0,0,0,-0.7071067811865471,-0.7071067811865479,104.07761241684709,96.30091557855395,124.0,35.0,0.9733199194057067
2025-11-05 16:00:00,R1,99.82549590327068,103,4,Highway,True,29.7,26.0,33.0,0.0,12.2,1013.3,0,0,59,16,2,0,0,0,0,-0.8660254037844384,-0.5000000000000004,101.49118640146315,103.13200356585632,123.66666666666667,25.75,0.9982549590327068
2025-11-05 17:00:00,R1,59.45518382886256,89,4,Highway,True,29.7,26.0,33.0,0.0,12.2,1013.3,0,0,59,17,2,0,0,1,1,-0.9659258262890684,-0.2588190451025206,85.53755722423466,96.40110168827091,110.66666666666667,22.25,0.5945518382886256
2025-11-05 18:00:00,R1,67.24997029394014,81,4,Highway,True,29.7,26.0,33.0,0.0,12.2,1013.3,0,0,59,18,2,0,0,1,1,-1.0,-1.8369701987210294e-16,75.51021667535781,89.79391454610243,91.0,20.25,0.6724997029394014
2025-11-05 19:00:00,R1,60.43503125306178,74,4,Highway,True,29.7,26.0,33.0,0.0,12.2,1013.3,0,0,59,19,2,0,0,1,1,-0.9659258262890684,0.2588190451025203,62.38006179195484,81.93562409670898,81.33333333333333,18.5,0.6043503125306178
2025-11-05 20:00:00,R1,67.06439252592197,61,4,Highway,True,29.7,26.0,33.0,0.0,12.2,1013.3,0,0,59,20,2,0,0,1,1,-0.8660254037844386,0.5000000000000001,64.91646469097465,75.22701095760463,72.0,15.25,0.6706439252592198
2025-11-05 21:00:00,R1,97.80734708284956,102,4,Highway,True,29.7,26.0,33.0,0.0,12.2,1013.3,0,0,59,21,2,0,0,0,0,-0.7071067811865477,0.7071067811865474,75.10225695394445,75.30623681465111,79.0,25.5,0.9780734708284956
2025-11-05 22:00:00,R1,96.54164003946288,116,4,Highway,True,29.7,26.0,33.0,0.0,12.2,1013.3,0,0,59,22,2,0,0,0,0,-0.5000000000000004,0.8660254037844384,87.13779321607815,74.75892750401648,93.0,29.0,0.9654164003946287
2025-11-05 23:00:00,R1,103.70440514302766,139,4,Highway,True,29.7,26.0,33.0,0.0,12.2,1013.3,0,0,59,23,2,0,0,0,0,-0.2588190451025215,0.965925826289068,99.35113075511337,82.133797723044,119.0,34.75,1.0370440514302766
2025-11-06 00:00:00,R1,108.08042831342462,110,4,Highway,True,29.1,26.0,34.0,0.0,11.4,1013.0,0,0,59,0,3,0,0,0,0,0.0,1.0,102.77549116530507,88.93887405962475,121.66666666666667,27.5,1.0808042831342461
2025-11-06 01:00:00,R1,106.99147400838156,128,4,Highway,True,29.1,26.0,34.0,0.0,11.4,1013.0,0,0,59,1,3,0,0,0,0,0.2588190451025207,0.9659258262890684,106.25876915494462,96.69828118551139,125.66666666666667,32.0,1.0699147400838156
2025-11-06 02:00:00,R1,103.91869052496877,115,4,Highway,True,29.1,26.0,34.0,0.0,11.4,1013.0,0,0,59,2,3,0,0,0,0,0.4999999999999999,0.8660254037844387,106.33019761559166,102.84066418535251,117.66666666666667,28.75,1.0391869052496876
2025-11-06 03:00:00,R1,99.83712455945953,102,4,Highway,True,29.1,26.0,34.0,0.0,11.4,1013.0,0,0,59,3,3,0,0,0,0,0.7071067811865476,0.7071067811865476,103.5824296976033,103.17896043145417,115.0,25.5,0.9983712455945952
2025-11-06 04:00:00,R1,109.67791487712134,107,4,Highway,True,29.1,26.0,34.0,0.0,11.4,1013.0,0,0,59,4,3,0,0,0,0,0.8660254037844386,0.5000000000000001,104.47790998718322,105.36833957106391,108.0,26.75,1.0967791487712133
2025-11-06 05:00:00,R1,92.4018674114878,117,4,Highway,True,29.1,26.0,34.0,0.0,11.4,1013.0,0,0,59,5,3,0,0,0,0,0.9659258262890684,0.2588190451025207,100.63896894935624,103.48458328247393,108.66666666666667,29.25,0.924018674114878
2025-11-06 06:00:00,R1,94.65117452816872,122,4,Highway,True,29.1,26.0,34.0,0.0,11.4,1013.0,0,0,59,6,3,0,0,0,0,1.0,6.123233995736766e-17,98.91031893892597,101.24637431826461,115.33333333333333,30.5,0.9465117452816872
2025-11-06 07:00:00,R1,61.26116214372404,104,4,Highway,True,29.1,26.0,34.0,0.0,11.4,1013.0,0,0,59,7,3,0,1,0,1,0.9659258262890684,-0.2588190451025206,82.77140136112688,93.62465567415502,114.33333333333333,26.0,0.6126116214372405
2025-11-06 08:00:00,R1,61.04211818657506,109,4,Highway,True,29.1,26.0,34.0,0.0,11.4,1013.0,0,0,59,8,3,0,1,0,1,0.8660254037844387,-0.4999999999999998,72.3181516194893,86.47856028442276,111.66666666666667,27.25,0.6104211818657506
2025-11-06 09:00:00,R1,62.13968019650456,71,4,Highway,True,29.1,26.0,34.0,0.0,11.4,1013.0,0,0,59,9,3,0,1,0,1,0.7071067811865476,-0.7071067811865475,61.480986842267896,80.19565289059692,94.66666666666667,17.75,0.6213968019650455
2025-11-06 10:00:00,R1,56.81156394572151,87,4,Highway,True,29.1,26.0,34.0,0.0,11.4,1013.0,0,0,59,10,3,0,1,0,1,0.4999999999999999,-0.8660254037844387,59.99778744293372,71.38459440203029,89.0,21.75,0.5681156394572151
2025-11-06 11:00:00,R1,101.89221099784442,107,4,Highway,True,29.1,26.0,34.0,0.0,11.4,1013.0,0,0,59,11,3,0,0,0,0,0.258819045102521,-0.9659258262890682,73.61448504669018,72.96631833308972,88.33333333333333,26.75,1.0189221099784442
2025-11-06 12:00:00,R1,98.4598258538382,102,4,Highway,True,29.1,26.0,34.0,0.0,11.4,1013.0,0,0,59,12,3,0,0,0,0,1.2246467991473532e-16,-1.0,85.72120026580139,73.60109355403462,98.66666666666667,25.5,0.984598258538382
2025-11-06 13:00:00,R1,106.31321585255044,105,4,Highway,True,29.1,26.0,34.0,0.0,11.4,1013.0,0,0,59,13,3,0,0,0,0,-0.2588190451025208,-0.9659258262890684,102.22175090141104,81.10976917217236,104.66666666666667,26.25,1.0631321585255045
2025-11-06 14:00:00,R1,98.30528378576292,117,4,Highway,True,29.1,26.0,34.0,0.0,11.4,1013.0,0,0,59,14,3,0,0,0,0,-0.4999999999999997,-0.8660254037844388,101.02610849738387,87.32029677203701,108.0,29.25,0.9830528378576292
2025-11-06 15:00:00,R1,98.0070660698105,116,4,Highway,True,29.1,26.0,34.0,0.0,11.4,1013.0,0,0,59,15,3,0,0,0,0,-0.7071067811865471,-0.7071067811865479,100.87518856937464,93.298194417588,112.66666666666667,29.0,0.9800706606981051
2025-11-06 16:00:00,R1,99.23465642724383,149,4,Highway,True,29.1,26.0,34.0,0.0,11.4,1013.0,0,0,59,16,3,0,0,0,0,-0.8660254037844384,-0.5000000000000004,98.51566876093909,100.36870983117505,127.33333333333333,37.25,0.9923465642724384
2025-11-06 17:00:00,R1,50.34979196242831,100,4,Highway,True,29.1,26.0,34.0,0.0,11.4,1013.0,0,0,59,17,3,0,0,1,1,-0.9659258262890684,-0.2588190451025206,82.53050481982756,91.7783066586057,121.66666666666667,25.0,0.5034979196242831
2025-11-06 18:00:00,R1,53.89462378659743,76,4,Highway,True,29.1,26.0,34.0,0.0,11.4,1013.0,0,0,59,18,3,0,0,1,1,-1.0,-1.8369701987210294e-16,67.82635739208988,84.35077298073224,108.33333333333333,19.0,0.5389462378659743
2025-11-06 19:00:00,R1,67.13344132603262,72,4,Highway,True,29.1,26.0,34.0,0.0,11.4,1013.0,0,0,59,19,3,0,0,1,1,-0.9659258262890684,0.2588190451025203,57.125952358352805,77.82081055964595,82.66666666666667,18.0,0.6713344132603263
2025-11-06 20:00:00,R1,56.977198435702846,88,4,Highway,True,29.1,26.0,34.0,0.0,11.4,1013.0,0,0,59,20,3,0,0,1,1,-0.8660254037844386,0.5000000000000001,59.335087849444314,70.93279633463592,78.66666666666667,22.0,0.5697719843570285
2025-11-06 21:00:00,R1,89.53665889689188,138,4,Highway,True,29.1,26.0,34.0,0.0,11.4,1013.0,0,0,59,21,3,0,0,0,0,-0.7071067811865477,0.7071067811865474,71.21576621954246,69.52106180581616,99.33333333333333,34.5,0.8953665889689187
2025-11-06 22:00:00,R1,97.21958503179852,127,4,Highway,True,29.1,26.0,34.0,0.0,11.4,1013.0,0,0,59,22,3,0,0,0,0,-0.5000000000000004,0.8660254037844384,81.2444807881311,69.18521657324193,117.66666666666667,31.75,0.9721958503179852
2025-11-06 23:00:00,R1,93.01100626381398,115,4,Highway,True,29.1,26.0,34.0,0.0,11.4,1013.0,0,0,59,23,3,0,0,0,0,-0.2588190451025215,0.965925826289068,93.25575006416814,76.29541895680622,126.66666666666667,28.75,0.9301100626381398
2025-11-07 00:00:00,R1,99.07014007281646,116,4,Highway,True,27.9,24.0,32.0,0.0,11.0,1014.8,0,0,59,0,4,0,0,0,0,0.0,1.0,96.43357712280965,83.82467167117605,119.33333333333333,29.0,0.9907014007281646
2025-11-07 01:00:00,R1,99.8874995136091,111,4,Highway,True,27.9,24.0,32.0,0.0,11.0,1014.8,0,0,59,1,4,0,0,0,0,0.2588190451025207,0.9659258262890684,97.32288195007986,89.28368136910547,114.0,27.75,0.998874995136091
2025-11-07 02:00:00,R1,104.69014066701573,118,4,Highway,True,27.9,24.0,32.0,0.0,11.0,1014.8,0,0,59,2,4,0,0,0,0,0.4999999999999999,0.8660254037844387,101.2159267511471,97.23583840765762,115.0,29.5,1.0469014066701572
2025-11-07 03:00:00,R1,106.54713360608068,111,4,Highway,True,27.9,24.0,32.0,0.0,11.0,1014.8,0,0,59,3,4,0,0,0,0,0.7071067811865476,0.7071067811865476,103.70825792890184,100.07091752585575,113.33333333333333,27.75,1.0654713360608068
2025-11-07 04:00:00,R1,98.25685167590645,103,4,Highway,True,27.9,24.0,32.0,0.0,11.0,1014.8,0,0,59,4,4,0,0,0,0,0.8660254037844386,0.5000000000000001,103.16470864966762,100.24379529987372,110.66666666666667,25.75,0.9825685167590644
2025-11-07 05:00:00,R1,97.98122521447875,146,4,Highway,True,27.9,24.0,32.0,0.0,11.0,1014.8,0,0,59,5,4,0,0,0,0,0.9659258262890684,0.2588190451025207,100.92840349882196,101.07216512498452,120.0,36.5,0.9798122521447875
2025-11-07 06:00:00,R1,98.51099127525254,124,4,Highway,True,27.9,24.0,32.0,0.0,11.0,1014.8,0,0,59,6,4,0,0,0,0,1.0,6.123233995736766e-17,98.24968938854595,100.97897365872387,124.33333333333333,31.0,0.9851099127525254
2025-11-07 07:00:00,R1,67.1354452079464,70,4,Highway,True,27.9,24.0,32.0,0.0,11.0,1014.8,0,0,59,7,4,0,1,0,1,0.9659258262890684,-0.2588190451025206,87.87588723255925,95.52029794111343,113.33333333333333,17.5,0.6713544520794641
2025-11-07 08:00:00,R1,52.82075291245274,93,4,Highway,True,27.9,24.0,32.0,0.0,11.0,1014.8,0,0,59,8,4,0,1,0,1,0.8660254037844387,-0.4999999999999998,72.82239646521724,86.87539998201959,95.66666666666667,23.25,0.5282075291245274
2025-11-07 09:00:00,R1,63.98057143751933,75,4,Highway,True,27.9,24.0,32.0,0.0,11.0,1014.8,0,0,59,9,4,0,1,0,1,0.7071067811865476,-0.7071067811865475,61.312256519306175,79.78097295392602,79.33333333333333,18.75,0.6398057143751933
2025-11-07 10:00:00,R1,56.44326915063352,77,4,Highway,True,27.9,24.0,32.0,0.0,11.0,1014.8,0,0,59,10,4,0,1,0,1,0.4999999999999999,-0.8660254037844387,57.74819783353521,72.8120425330472,81.66666666666667,19.25,0.5644326915063352
2025-11-07 11:00:00,R1,99.03685188110568,103,4,Highway,True,27.9,24.0,32.0,0.0,11.0,1014.8,0,0,59,11,4,0,0,0,0,0.258819045102521,-0.9659258262890682,73.15356415641952,72.98798031081837,85.0,25.75,0.9903685188110568
2025-11-07 12:00:00,R1,95.15348800149503,131,4,Highway,True,27.9,24.0,32.0,0.0,11.0,1014.8,0,0,59,12,4,0,0,0,0,1.2246467991473532e-16,-1.0,83.54453634441143,72.42839643185879,103.66666666666667,32.75,0.9515348800149503
2025-11-07 13:00:00,R1,100.93202564467208,121,4,Highway,True,27.9,24.0,32.0,0.0,11.0,1014.8,0,0,59,13,4,0,0,0,0,-0.2588190451025208,-0.9659258262890684,98.37412184242429,78.06115983797973,118.33333333333333,30.25,1.0093202564467207
2025-11-07 14:00:00,R1,90.83388783200924,148,4,Highway,True,27.9,24.0,32.0,0.0,11.0,1014.8,0,0,59,14,4,0,0,0,0,-0.4999999999999997,-0.8660254037844388,95.63980049272546,84.39668232457248,133.33333333333334,37.0,0.9083388783200924
2025-11-07 15:00:00,R1,94.96970930149809,119,4,Highway,True,27.9,24.0,32.0,0.0,11.0,1014.8,0,0,59,15,4,0,0,0,0,-0.7071067811865471,-0.7071067811865479,95.57854092605982,89.5615386352356,129.33333333333334,29.75,0.9496970930149808
2025-11-07 16:00:00,R1,97.9983433804002,141,4,Highway,True,27.9,24.0,32.0,0.0,11.0,1014.8,0,0,59,16,4,0,0,0,0,-0.8660254037844384,-0.5000000000000004,94.60064683796918,96.48738434019673,136.0,35.25,0.979983433804002
2025-11-07 17:00:00,R1,60.11294652123554,78,4,Highway,True,27.9,24.0,32.0,0.0,11.0,1014.8,0,0,59,17,4,0,0,1,1,-0.9659258262890684,-0.2588190451025206,84.3603330677113,90.00006678021838,112.66666666666667,19.5,0.6011294652123554
2025-11-07 18:00:00,R1,52.59130395316988,88,4,Highway,True,27.9,24.0,32.0,0.0,11.0,1014.8,0,0,59,18,4,0,0,1,1,-1.0,-1.8369701987210294e-16,70.2341979516019,82.90636943883085,102.33333333333333,22.0,0.5259130395316988
2025-11-07 19:00:00,R1,69.50267421727546,87,4,Highway,True,27.9,24.0,32.0,0.0,11.0,1014.8,0,0,59,19,4,0,0,1,1,-0.9659258262890684,0.2588190451025203,60.73564156389364,77.6681442009314,84.33333333333333,21.75,0.6950267421727545
2025-11-07 20:00:00,R1,53.78488470145663,79,4,Highway,True,27.9,24.0,32.0,0.0,11.0,1014.8,0,0,59,20,4,0,0,1,1,-0.8660254037844386,0.5000000000000001,58.626287623967336,71.49331034583929,84.66666666666667,19.75,0.5378488470145664
2025-11-07 21:00:00,R1,87.49411615897918,122,4,Highway,True,27.9,24.0,32.0,0.0,11.0,1014.8,0,0,59,21,4,0,0,0,0,-0.7071067811865477,0.7071067811865474,70.26055835923711,70.24737815541948,96.0,30.5,0.8749411615897918
2025-11-07 22:00:00,R1,102.66828255383032,123,4,Highway,True,27.9,24.0,32.0,0.0,11.0,1014.8,0,0,59,22,4,0,0,0,0,-0.5000000000000004,0.8660254037844384,81.31576113808873,71.02570135099117,108.0,30.75,1.0266828255383031
2025-11-07 23:00:00,R1,107.8561242175646,135,4,Highway,True,27.9,24.0,32.0,0.0,11.0,1014.8,0,0,59,23,4,0,0,0,0,-0.2588190451025215,0.965925826289068,99.33950764345805,78.98289763371268,126.66666666666667,33.75,1.078561242175646
2025-11-08 00:00:00,R1,89.87248152798966,136,4,Highway,True,27.9,23.0,32.0,0.0,11.0,1016.7,0,0,59,0,5,1,0,0,0,0.0,1.0,100.13229609979487,85.19642722951598,131.33333333333334,34.0,0.8987248152798967
2025-11-08 01:00:00,R1,100.2684324860711,126,4,Highway,True,27.9,23.0,32.0,0.0,11.0,1016.7,0,0,59,1,5,1,0,0,0,0.2588190451025207,0.9659258262890684,99.33234607720847,90.32405360764858,132.33333333333334,31.5,1.0026843248607111
2025-11-08 02:00:00,R1,98.65962209807846,133,4,Highway,True,27.9,23.0,32.0,0.0,11.0,1016.7,0,0,59,2,5,1,0,0,0,0.4999999999999999,0.8660254037844387,96.2668453707131,97.80317650708555,131.66666666666666,33.25,0.9865962209807846
2025-11-08 03:00:00,R1,90.866478525665,100,4,Highway,True,27.9,23.0,32.0,0.0,11.0,1016.7,0,0,59,3,5,1,0,0,0,0.7071067811865476,0.7071067811865476,96.59817770327153,98.3652369015332,119.66666666666667,25.0,0.9086647852566501
2025-11-08 04:00:00,R1,101.81326861061602,124,4,Highway,True,27.9,23.0,32.0,0.0,11.0,1016.7,0,0,59,4,5,1,0,0,0,0.8660254037844386,0.5000000000000001,97.11312307811984,98.22273457766414,119.0,31.0,1.0181326861061601
2025-11-08 05:00:00,R1,107.83041646686648,127,4,Highway,True,27.9,23.0,32.0,0.0,11.0,1016.7,0,0,59,5,5,1,0,0,0,0.9659258262890684,0.2588190451025207,100.17005453438253,98.2184499525478,117.0,31.75,1.0783041646686649
2025-11-08 06:00:00,R1,103.7997026750096,142,4,Highway,True,27.9,23.0,32.0,0.0,11.0,1016.7,0,0,59,6,5,1,0,0,0,1.0,6.123233995736766e-17,104.48112925083073,100.5396534770511,131.0,35.5,1.037997026750096
2025-11-08 07:00:00,R1,58.40039032400967,81,4,Highway,True,27.9,23.0,32.0,0.0,11.0,1016.7,0,0,59,7,5,1,1,0,1,0.9659258262890684,-0.2588190451025206,90.01016982196194,93.56164645004087,116.66666666666667,20.25,0.5840039032400967
2025-11-08 08:00:00,R1,58.003285640861705,87,4,Highway,True,27.9,23.0,32.0,0.0,11.0,1016.7,0,0,59,8,5,1,1,0,1,0.8660254037844387,-0.4999999999999998,73.40112621329367,86.78559037383809,103.33333333333333,21.75,0.580032856408617
2025-11-08 09:00:00,R1,46.9738167177334,97,4,Highway,True,27.9,23.0,32.0,0.0,11.0,1016.7,0,0,59,9,5,1,1,0,1,0.7071067811865476,-0.7071067811865475,54.45916422753495,79.47014673918282,88.33333333333333,24.25,0.46973816717733397
2025-11-08 10:00:00,R1,63.49754151405355,71,4,Highway,True,27.9,23.0,32.0,0.0,11.0,1016.7,0,0,59,10,5,1,1,0,1,0.4999999999999999,-0.8660254037844387,56.15821462421624,73.08419222308906,85.0,17.75,0.6349754151405356
2025-11-08 11:00:00,R1,105.3083035887622,125,4,Highway,True,27.9,23.0,32.0,0.0,11.0,1016.7,0,0,59,11,5,1,0,0,0,0.258819045102521,-0.9659258262890682,71.92655394018307,72.66384007673835,97.66666666666667,31.25,1.053083035887622
2025-11-08 12:00:00,R1,98.87562222897938,133,4,Highway,True,27.9,23.0,32.0,0.0,11.0,1016.7,0,0,59,12,5,1,0,0,0,1.2246467991473532e-16,-1.0,89.22715577726505,71.84316000239998,109.66666666666667,33.25,0.9887562222897938
2025-11-08 13:00:00,R1,101.30465504028284,109,4,Highway,True,27.9,23.0,32.0,0.0,11.0,1016.7,0,0,59,13,5,1,0,0,0,-0.2588190451025208,-0.9659258262890684,101.82952695267483,78.9938707884455,122.33333333333333,27.25,1.0130465504028283
2025-11-08 14:00:00,R1,104.66935379903047,120,4,Highway,True,27.9,23.0,32.0,0.0,11.0,1016.7,0,0,59,14,5,1,0,0,0,-0.4999999999999997,-0.8660254037844388,101.61654368943091,86.77154881480698,120.66666666666667,30.0,1.0466935379903048
2025-11-08 15:00:00,R1,102.99064523060729,136,4,Highway,True,27.9,23.0,32.0,0.0,11.0,1016.7,0,0,59,15,5,1,0,0,0,-0.7071067811865471,-0.7071067811865479,102.98821802330689,96.10768690028596,121.66666666666667,34.0,1.0299064523060728
2025-11-08 16:00:00,R1,96.12282493908867,117,4,Highway,True,27.9,23.0,32.0,0.0,11.0,1016.7,0,0,59,16,5,1,0,0,0,-0.8660254037844384,-0.5000000000000004,101.26094132290882,101.54523413779181,124.33333333333333,29.25,0.9612282493908867
2025-11-08 17:00:00,R1,62.22036502128321,67,4,Highway,True,27.9,23.0,32.0,0.0,11.0,1016.7,0,0,59,17,5,1,0,1,1,-0.9659258262890684,-0.2588190451025206,87.11127839699309,94.36391104321198,106.66666666666667,16.75,0.6222036502128321
2025-11-08 18:00:00,R1,63.65055468944558,75,4,Highway,True,27.9,23.0,32.0,0.0,11.0,1016.7,0,0,59,18,5,1,0,1,1,-1.0,-1.8369701987210294e-16,73.9979148832725,88.49306645328967,86.33333333333333,18.75,0.6365055468944558
2025-11-08 19:00:00,R1,55.38606030213894,77,4,Highway,True,27.9,23.0,32.0,0.0,11.0,1016.7,0,0,59,19,5,1,0,1,1,-0.9659258262890684,0.2588190451025203,60.418993337622595,80.8399673302657,73.0,19.25,0.5538606030213894
2025-11-08 20:00:00,R1,57.87477711726445,96,4,Highway,True,27.9,23.0,32.0,0.0,11.0,1016.7,0,0,59,20,5,1,0,1,1,-0.8660254037844386,0.5000000000000001,58.970464036283005,73.04087121663802,82.66666666666667,24.0,0.5787477711726445
2025-11-08 21:00:00,R1,108.32499512033904,110,4,Highway,True,27.9,23.0,32.0,0.0,11.0,1016.7,0,0,59,21,5,1,0,0,0,-0.7071067811865477,0.7071067811865474,73.86194417991416,73.92992953159332,94.33333333333333,27.5,1.0832499512033904
2025-11-08 22:00:00,R1,99.01223545198305,122,4,Highway,True,27.9,23.0,32.0,0.0,11.0,1016.7,0,0,59,22,5,1,0,0,0,-0.5000000000000004,0.8660254037844384,88.40400256319553,74.41149795040904,109.33333333333333,30.5,0.9901223545198304
2025-11-08 23:00:00,R1,100.35932939020752,129,4,Highway,True,27.9,23.0,32.0,0.0,11.0,1016.7,0,0,59,23,5,1,0,0,0,-0.2588190451025215,0.965925826289068,102.5655199875099,80.76799201189642,120.33333333333333,32.25,1.0035932939020753
2025-11-09 00:00:00,R1,96.26591943144952,105,4,Highway,True,28.2,24.0,31.0,0.0,12.7,1016.2,0,0,59,0,6,1,0,0,0,0.0,1.0,98.54582809121338,86.20388613556374,118.66666666666667,26.25,0.9626591943144952
2025-11-09 01:00:00,R1,98.05994896860368,141,4,Highway,True,28.2,24.0,31.0,0.0,12.7,1016.2,0,0,59,1,6,1,0,0,0,0.2588190451025207,0.9659258262890684,98.22839926342026,93.31620091330787,125.0,35.25,0.9805994896860368
2025-11-09 02:00:00,R1,98.3471617141272,112,4,Highway,True,28.2,24.0,31.0,0.0,12.7,1016.2,0,0,59,2,6,1,0,0,0,0.4999999999999999,0.8660254037844387,97.55767670472682,100.06159834611833,119.33333333333333,28.0,0.983471617141272
2025-11-09 03:00:00,R1,101.15212341075028,139,4,Highway,True,28.2,24.0,31.0,0.0,12.7,1016.2,0,0,59,3,6,1,0,0,0,0.7071067811865476,0.7071067811865476,99.18641136449374,98.86611972785353,130.66666666666666,34.75,1.0115212341075028
2025-11-09 04:00:00,R1,101.40881810424374,103,4,Highway,True,28.2,24.0,31.0,0.0,12.7,1016.2,0,0,59,4,6,1,0,0,0,0.8660254037844386,0.5000000000000001,100.30270107637375,99.26555016989698,118.0,25.75,1.0140881810424374
2025-11-09 05:00:00,R1,98.4464617970722,148,4,Highway,True,28.2,24.0,31.0,0.0,12.7,1016.2,0,0,59,5,6,1,0,0,0,0.9659258262890684,0.2588190451025207,100.3358011040221,98.94673890437444,130.0,37.0,0.984464617970722
2025-11-09 06:00:00,R1,111.14854864677288,139,4,Highway,True,28.2,24.0,31.0,0.0,12.7,1016.2,0,0,59,6,6,1,0,0,0,1.0,6.123233995736766e-17,103.66794284936297,101.42717710692834,130.0,34.75,1.1114854864677288
2025-11-09 07:00:00,R1,63.19500091407652,105,4,Highway,True,28.2,24.0,31.0,0.0,12.7,1016.2,0,0,59,7,6,1,1,0,1,0.9659258262890684,-0.2588190451025206,90.9300037859739,95.61635243117381,130.66666666666666,26.25,0.6319500091407653
2025-11-09 08:00:00,R1,58.187268675140345,77,4,Highway,True,28.2,24.0,31.0,0.0,12.7,1016.2,0,0,59,8,6,1,1,0,1,0.8660254037844387,-0.4999999999999998,77.51027274532993,88.923036924676,107.0,19.25,0.5818726867514035
2025-11-09 09:00:00,R1,62.80652389089971,78,4,Highway,True,28.2,24.0,31.0,0.0,12.7,1016.2,0,0,59,9,6,1,1,0,1,0.7071067811865476,-0.7071067811865475,61.39626449337221,82.53210367136758,86.66666666666667,19.5,0.6280652389089971
2025-11-09 10:00:00,R1,61.10597257001615,87,4,Highway,True,28.2,24.0,31.0,0.0,12.7,1016.2,0,0,59,10,6,1,1,0,1,0.4999999999999999,-0.8660254037844387,60.69992171201875,75.81496274899631,80.66666666666667,21.75,0.6110597257001615
2025-11-09 11:00:00,R1,106.50847898948209,120,4,Highway,True,28.2,24.0,31.0,0.0,12.7,1016.2,0,0,59,11,6,1,0,0,0,0.258819045102521,-0.9659258262890682,76.80699181679934,77.15863228106461,95.0,30.0,1.0650847898948208
2025-11-09 12:00:00,R1,109.6212377542371,106,4,Highway,True,28.2,24.0,31.0,0.0,12.7,1016.2,0,0,59,12,6,1,0,0,0,1.2246467991473532e-16,-1.0,92.4118964379118,76.90408046564198,104.33333333333333,26.5,1.096212377542371
2025-11-09 13:00:00,R1,96.82714712784862,142,4,Highway,True,28.2,24.0,31.0,0.0,12.7,1016.2,0,0,59,13,6,1,0,0,0,-0.2588190451025208,-0.9659258262890684,104.31895462385596,82.50943816793733,122.66666666666667,35.5,0.9682714712784862
2025-11-09 14:00:00,R1,111.00994286603397,104,4,Highway,True,28.2,24.0,31.0,0.0,12.7,1016.2,0,0,59,14,6,1,0,0,0,-0.4999999999999997,-0.8660254037844388,105.81944258270659,91.31321719975294,117.33333333333333,26.0,1.1100994286603396
2025-11-09 15:00:00,R1,90.990094708878,105,4,Highway,True,28.2,24.0,31.0,0.0,12.7,1016.2,0,0,59,15,6,1,0,0,0,-0.7071067811865471,-0.7071067811865479,99.60906156758688,96.01047900274932,117.0,26.25,0.90990094708878
2025-11-09 16:00:00,R1,100.32165321537964,102,4,Highway,True,28.2,24.0,31.0,0.0,12.7,1016.2,0,0,59,16,6,1,0,0,0,-0.8660254037844384,-0.5000000000000004,100.77389693009722,102.54642577697656,103.66666666666667,25.5,1.0032165321537965
2025-11-09 17:00:00,R1,58.09326047799867,88,4,Highway,True,28.2,24.0,31.0,0.0,12.7,1016.2,0,0,59,17,6,1,0,1,1,-0.9659258262890684,-0.2588190451025206,83.13500280075213,94.47722269172932,98.33333333333333,22.0,0.5809326047799866
2025-11-09 18:00:00,R1,57.90417260979349,60,4,Highway,True,28.2,24.0,31.0,0.0,12.7,1016.2,0,0,59,18,6,1,0,1,1,-1.0,-1.8369701987210294e-16,72.10636210105729,85.85771183432206,83.33333333333333,15.0,0.5790417260979349
2025-11-09 19:00:00,R1,65.97792778540988,102,4,Highway,True,28.2,24.0,31.0,0.0,12.7,1016.2,0,0,59,19,6,1,0,1,1,-0.9659258262890684,0.2588190451025203,60.65845362440069,80.71617527724894,83.33333333333333,25.5,0.6597792778540987
2025-11-09 20:00:00,R1,62.03594496455706,77,4,Highway,True,28.2,24.0,31.0,0.0,12.7,1016.2,0,0,59,20,6,1,0,1,1,-0.8660254037844386,0.5000000000000001,61.972681786586826,72.55384229366946,79.66666666666667,19.25,0.6203594496455707
2025-11-09 21:00:00,R1,99.73399531956912,117,4,Highway,True,28.2,24.0,31.0,0.0,12.7,1016.2,0,0,59,21,6,1,0,0,0,-0.7071067811865477,0.7071067811865474,75.91595602317871,74.01115906211798,98.66666666666667,29.25,0.9973399531956911
2025-11-09 22:00:00,R1,94.6171487015118,117,4,Highway,True,28.2,24.0,31.0,0.0,12.7,1016.2,0,0,59,22,6,1,0,0,0,-0.5000000000000004,0.8660254037844384,85.46236299521267,73.06040830980668,103.66666666666667,29.25,0.946171487015118
2025-11-09 23:00:00,R1,93.40345658999055,110,4,Highway,True,28.2,24.0,31.0,0.0,12.7,1016.2,0,0,59,23,6,1,0,0,0,-0.2588190451025215,0.965925826289068,95.9182002036905,78.94544099513864,114.66666666666667,27.5,0.9340345658999055
2025-11-10 00:00:00,R1,98.88050772578868,121,4,Highway,True,27.9,24.0,31.0,0.0,10.4,1014.8,0,0,59,0,0,0,0,0,0,0.0,1.0,95.63370433909704,85.77483018113783,116.0,30.25,0.9888050772578868
2025-11-10 01:00:00,R1,95.63995148923948,104,4,Highway,True,27.9,24.0,31.0,0.0,10.4,1014.8,0,0,59,1,0,0,0,0,0,0.2588190451025207,0.9659258262890684,95.97463860167291,90.71850079844278,111.66666666666667,26.0,0.9563995148923948
2025-11-10 02:00:00,R1,101.4803823053443,146,4,Highway,True,27.9,24.0,31.0,0.0,10.4,1014.8,0,0,59,2,0,0,0,0,0,0.4999999999999999,0.8660254037844387,98.66694717345752,97.292573688574,123.66666666666667,36.5,1.014803823053443
2025-11-10 03:00:00,R1,103.5533131262518,140,4,Highway,True,27.9,24.0,31.0,0.0,10.4,1014.8,0,0,59,3,0,0,0,0,0,0.7071067811865476,0.7071067811865476,100.22454897361187,97.92912665635443,130.0,35.0,1.035533131262518
2025-11-10 04:00:00,R1,102.99408575125187,105,4,Highway,True,27.9,24.0,31.0,0.0,10.4,1014.8,0,0,59,4,0,0,0,0,0,0.8660254037844386,0.5000000000000001,102.67592706094933,99.3252828313111,130.33333333333334,26.25,1.0299408575125186
2025-11-10 05:00:00,R1,99.8718810360476,116,4,Highway,True,27.9,24.0,31.0,0.0,10.4,1014.8,0,0,59,5,0,0,0,0,0,0.9659258262890684,0.2588190451025207,102.13975997118378,100.40335357232061,120.33333333333333,29.0,0.9987188103604759
2025-11-10 06:00:00,R1,102.60685679224832,136,4,Highway,True,27.9,24.0,31.0,0.0,10.4,1014.8,0,0,59,6,0,0,0,0,0,1.0,6.123233995736766e-17,101.82427452651594,101.0244117500639,119.0,34.0,1.0260685679224832
2025-11-10 07:00:00,R1,65.60231448446639,66,4,Highway,True,27.9,24.0,31.0,0.0,10.4,1014.8,0,0,59,7,0,0,1,0,1,0.9659258262890684,-0.2588190451025206,89.36035077092079,96.01813891593504,106.0,16.5,0.656023144844664
2025-11-10 08:00:00,R1,67.59658948363821,74,4,Highway,True,27.9,24.0,31.0,0.0,10.4,1014.8,0,0,59,8,0,0,1,0,1,0.8660254037844387,-0.4999999999999998,78.601920253451,90.37084011231737,92.0,18.5,0.6759658948363821
2025-11-10 09:00:00,R1,59.89650569446774,99,4,Highway,True,27.9,24.0,31.0,0.0,10.4,1014.8,0,0,59,9,0,0,1,0,1,0.7071067811865476,-0.7071067811865475,64.3651365541908,83.09470554035336,79.66666666666667,24.75,0.5989650569446774
2025-11-10 10:00:00,R1,58.47736117848033,103,4,Highway,True,27.9,24.0,31.0,0.0,10.4,1014.8,0,0,59,10,0,0,1,0,1,0.4999999999999999,-0.8660254037844387,61.99015211886211,75.67525144489143,92.0,25.75,0.5847736117848032
2025-11-10 11:00:00,R1,113.0288750939122,107,4,Highway,True,27.9,24.0,31.0,0.0,10.4,1014.8,0,0,59,11,0,0,0,0,0,0.258819045102521,-0.9659258262890682,77.13424732228678,77.86808378786887,103.0,26.75,1.130288750939122
2025-11-10 12:00:00,R1,100.4964245822908,146,4,Highway,True,27.9,24.0,31.0,0.0,10.4,1014.8,0,0,59,12,0,0,0,0,0,1.2246467991473532e-16,-1.0,90.66755361822779,77.51634508620928,118.66666666666667,36.5,1.004964245822908
2025-11-10 13:00:00,R1,94.67195735123929,135,4,Highway,True,27.9,24.0,31.0,0.0,10.4,1014.8,0,0,59,13,0,0,0,0,0,-0.2588190451025208,-0.9659258262890684,102.73241900914745,82.36128556400477,129.33333333333334,33.75,0.9467195735123929
2025-11-10 14:00:00,R1,106.3545067465009,118,4,Highway,True,27.9,24.0,31.0,0.0,10.4,1014.8,0,0,59,14,0,0,0,0,0,-0.4999999999999997,-0.8660254037844388,100.50762956001034,88.82093844114854,133.0,29.5,1.063545067465009
2025-11-10 15:00:00,R1,96.3839161641751,135,4,Highway,True,27.9,24.0,31.0,0.0,10.4,1014.8,0,0,59,15,0,0,0,0,0,-0.7071067811865471,-0.7071067811865479,99.13679342063845,94.9021735194331,129.33333333333334,33.75,0.9638391616417511
2025-11-10 16:00:00,R1,102.33928466536553,113,4,Highway,True,27.9,24.0,31.0,0.0,10.4,1014.8,0,0,59,16,0,0,0,0,0,-0.8660254037844384,-0.5000000000000004,101.69256919201386,102.21249410058063,122.0,28.25,1.0233928466536553
2025-11-10 17:00:00,R1,57.73408423712043,65,4,Highway,True,27.9,24.0,31.0,0.0,10.4,1014.8,0,0,59,17,0,0,0,1,1,-0.9659258262890684,-0.2588190451025206,85.48576168888705,92.99669562444866,104.33333333333333,16.25,0.5773408423712043
2025-11-10 18:00:00,R1,58.05645698907665,63,4,Highway,True,27.9,24.0,31.0,0.0,10.4,1014.8,0,0,59,18,0,0,0,1,1,-1.0,-1.8369701987210294e-16,72.70994196385423,85.92336769224632,80.33333333333333,15.75,0.5805645698907665
2025-11-10 19:00:00,R1,55.39008769197373,92,4,Highway,True,27.9,24.0,31.0,0.0,10.4,1014.8,0,0,59,19,0,0,0,1,1,-0.9659258262890684,0.2588190451025203,57.06020963939029,79.37638941570206,73.33333333333333,23.0,0.5539008769197373
2025-11-10 20:00:00,R1,56.24801290808806,95,4,Highway,True,27.9,24.0,31.0,0.0,10.4,1014.8,0,0,59,20,0,0,0,1,1,-0.8660254037844386,0.5000000000000001,56.56485252971283,71.02530710929992,83.33333333333333,23.75,0.5624801290808805
2025-11-10 21:00:00,R1,101.6666818347352,147,4,Highway,True,27.9,24.0,31.0,0.0,10.4,1014.8,0,0,59,21,0,0,0,0,0,-0.7071067811865477,0.7071067811865474,71.10159414493235,71.90576805439326,111.33333333333333,36.75,1.016666818347352
2025-11-10 22:00:00,R1,102.57163777368062,106,4,Highway,True,27.9,24.0,31.0,0.0,10.4,1014.8,0,0,59,22,0,0,0,0,0,-0.5000000000000004,0.8660254037844384,86.82877750550131,71.94449357244578,116.0,26.5,1.0257163777368061
2025-11-10 23:00:00,R1,91.53302920338986,126,4,Highway,True,27.9,24.0,31.0,0.0,10.4,1014.8,0,0,59,23,0,0,0,0,0,-0.2588190451025215,0.965925826289068,98.59044960393526,77.57765106682402,126.33333333333333,31.5,0.9153302920338986
2025-11-11 00:00:00,R1,100.04813668832352,132,4,Highway,True,27.7,24.0,31.0,0.0,10.9,1014.8,0,0,59,0,1,0,0,0,0,0.0,1.0,98.05093455513135,84.57626435003183,121.33333333333333,33.0,1.0004813668832353
2025-11-11 01:00:00,R1,101.01332910316708,142,4,Highway,True,27.7,24.0,31.0,0.0,10.9,1014.8,0,0,59,1,1,0,0,0,0,0.2588190451025207,0.9659258262890684,97.53149833162684,92.18013791856406,133.33333333333334,35.5,1.0101332910316707
2025-11-11 02:00:00,R1,97.63649959798046,137,4,Highway,True,27.7,24.0,31.0,0.0,10.9,1014.8,0,0,59,2,1,0,0,0,0,0.4999999999999999,0.8660254037844387,99.56598846315705,99.07821903354613,137.0,34.25,0.9763649959798046
2025-11-11 03:00:00,R1,96.75702969719774,114,4,Highway,True,27.7,24.0,31.0,0.0,10.9,1014.8,0,0,59,3,1,0,0,0,0,0.7071067811865476,0.7071067811865476,98.46895279944845,98.25994367728988,131.0,28.5,0.9675702969719774
2025-11-11 04:00:00,R1,101.29975083500312,140,4,Highway,True,27.7,24.0,31.0,0.0,10.9,1014.8,0,0,59,4,1,0,0,0,0,0.8660254037844386,0.5000000000000001,98.56442671006046,98.04796252084363,130.33333333333334,35.0,1.0129975083500313
2025-11-11 05:00:00,R1,103.30558351314156,132,4,Highway,True,27.7,24.0,31.0,0.0,10.9,1014.8,0,0,59,5,1,0,0,0,0,0.9659258262890684,0.2588190451025207,100.45412134844749,100.01005490580224,128.66666666666666,33.0,1.0330558351314156
2025-11-11 06:00:00,R1,96.43837924090872,137,4,Highway,True,27.7,24.0,31.0,0.0,10.9,1014.8,0,0,59,6,1,0,0,0,0,1.0,6.123233995736766e-17,100.3479045296845,99.40842866456644,136.33333333333334,34.25,0.9643837924090871
2025-11-11 07:00:00,R1,65.32558349321074,82,4,Highway,True,27.7,24.0,31.0,0.0,10.9,1014.8,0,0,59,7,1,0,1,0,1,0.9659258262890684,-0.2588190451025206,88.35651541575369,93.46047106290706,117.0,20.5,0.6532558349321075
2025-11-11 08:00:00,R1,58.70234410699493,98,4,Highway,True,27.7,24.0,31.0,0.0,10.9,1014.8,0,0,59,8,1,0,1,0,1,0.8660254037844387,-0.4999999999999998,73.48876894703814,86.97144514774281,105.66666666666667,24.5,0.5870234410699493
2025-11-11 09:00:00,R1,54.62579090958134,60,4,Highway,True,27.7,24.0,31.0,0.0,10.9,1014.8,0,0,59,9,1,0,1,0,1,0.7071067811865476,-0.7071067811865475,59.55123950326236,79.9495720164734,80.0,15.0,0.5462579090958134
2025-11-11 10:00:00,R1,63.00873170202488,93,4,Highway,True,27.7,24.0,31.0,0.0,10.9,1014.8,0,0,59,10,1,0,1,0,1,0.4999999999999999,-0.8660254037844387,58.77895557286707,73.56773549431037,83.66666666666667,23.25,0.6300873170202488
2025-11-11 11:00:00,R1,92.81164621658736,122,4,Highway,True,27.7,24.0,31.0,0.0,10.9,1014.8,0,0,59,11,1,0,0,0,0,0.258819045102521,-0.9659258262890682,70.14872294273121,71.81874594488467,91.66666666666667,30.5,0.9281164621658736
2025-11-11 12:00:00,R1,93.92200755656349,132,4,Highway,True,27.7,24.0,31.0,0.0,10.9,1014.8,0,0,59,12,1,0,0,0,0,1.2246467991473532e-16,-1.0,83.24746182505858,71.39935066416045,115.66666666666667,33.0,0.9392200755656348
2025-11-11 13:00:00,R1,104.15492301961856,119,4,Highway,True,27.7,24.0,31.0,0.0,10.9,1014.8,0,0,59,13,1,0,0,0,0,-0.2588190451025208,-0.9659258262890684,96.96285893092316,77.8709072518951,124.33333333333333,29.75,1.0415492301961857
2025-11-11 14:00:00,R1,108.93696078478408,126,4,Highway,True,27.7,24.0,31.0,0.0,10.9,1014.8,0,0,59,14,1,0,0,0,0,-0.4999999999999997,-0.8660254037844388,102.33796378698872,86.24334336485997,125.66666666666667,31.5,1.0893696078478408
2025-11-11 15:00:00,R1,106.48020336504791,146,4,Highway,True,27.7,24.0,31.0,0.0,10.9,1014.8,0,0,59,15,1,0,0,0,0,-0.7071067811865471,-0.7071067811865479,106.52402905648354,94.88574544077103,130.33333333333334,36.5,1.064802033650479
2025-11-11 16:00:00,R1,98.27948321810956,134,4,Highway,True,27.7,24.0,31.0,0.0,10.9,1014.8,0,0,59,16,1,0,0,0,0,-0.8660254037844384,-0.5000000000000004,104.5655491226472,100.76420402678515,135.33333333333334,33.5,0.9827948321810956
2025-11-11 17:00:00,R1,61.78894407517608,92,4,Highway,True,27.7,24.0,31.0,0.0,10.9,1014.8,0,0,59,17,1,0,0,1,1,-0.9659258262890684,-0.2588190451025206,88.84954355277789,95.59375366988327,124.0,23.0,0.6178894407517608
2025-11-11 18:00:00,R1,64.38109256782344,70,4,Highway,True,27.7,24.0,31.0,0.0,10.9,1014.8,0,0,59,18,1,0,0,1,1,-1.0,-1.8369701987210294e-16,74.81650662036971,90.6702678384266,98.66666666666667,17.5,0.6438109256782344
2025-11-11 19:00:00,R1,57.69196684636825,102,4,Highway,True,27.7,24.0,31.0,0.0,10.9,1014.8,0,0,59,19,1,0,0,1,1,-0.9659258262890684,0.2588190451025203,61.28733449645595,82.92644180955155,88.0,25.5,0.5769196684636825
2025-11-11 20:00:00,R1,65.14712372289057,83,4,Highway,True,27.7,24.0,31.0,0.0,10.9,1014.8,0,0,59,20,1,0,0,1,1,-0.8660254037844386,0.5000000000000001,62.40672771236078,75.62813563256931,85.0,20.75,0.6514712372289057
2025-11-11 21:00:00,R1,96.99172870992084,133,4,Highway,True,27.7,24.0,31.0,0.0,10.9,1014.8,0,0,59,21,1,0,0,0,0,-0.7071067811865477,0.7071067811865474,73.27693975972657,74.04672319004813,106.0,33.25,0.9699172870992083
2025-11-11 22:00:00,R1,101.2682059981702,143,4,Highway,True,27.7,24.0,31.0,0.0,10.9,1014.8,0,0,59,22,1,0,0,0,0,-0.5000000000000004,0.8660254037844384,87.80235281032724,74.54484365339157,119.66666666666667,35.75,1.0126820599817021
2025-11-11 23:00:00,R1,98.2114444357814,132,4,Highway,True,27.7,24.0,31.0,0.0,10.9,1014.8,0,0,59,23,1,0,0,0,0,-0.2588190451025215,0.965925826289068,98.82379304795751,80.61526038015911,136.0,33.0,0.982114444357814
2025-11-12 00:00:00,R1,101.19307972530456,131,4,Highway,True,27.9,23.0,33.0,0.0,10.5,1016.3,0,0,59,0,2,0,0,0,0,0.0,1.0,100.22424338641876,86.75059157307264,135.33333333333334,32.75,1.0119307972530456
2025-11-12 01:00:00,R1,98.62704443706136,115,4,Highway,True,27.9,23.0,33.0,0.0,10.5,1016.3,0,0,59,1,2,0,0,0,0,0.2588190451025207,0.9659258262890684,99.34385619938246,93.57310450485483,126.0,28.75,0.9862704443706136
2025-11-12 02:00:00,R1,98.22343166394658,145,4,Highway,True,27.9,23.0,33.0,0.0,10.5,1016.3,0,0,59,2,2,0,0,0,0,0.4999999999999999,0.8660254037844387,99.34785194210419,99.08582249503083,130.33333333333334,36.25,0.9822343166394658
2025-11-12 03:00:00,R1,105.70048807735806,137,4,Highway,True,27.9,23.0,33.0,0.0,10.5,1016.3,0,0,59,3,2,0,0,0,0,0.7071067811865476,0.7071067811865476,100.8503213927887,100.5372823896037,132.33333333333334,34.25,1.0570048807735806
2025-11-12 04:00:00,R1,98.85618145983916,102,4,Highway,True,27.9,23.0,33.0,0.0,10.5,1016.3,0,0,59,4,2,0,0,0,0,0.8660254037844386,0.5000000000000001,100.9267004003813,100.13527829988186,128.0,25.5,0.9885618145983917
2025-11-12 05:00:00,R1,95.66892970366212,138,4,Highway,True,27.9,23.0,33.0,0.0,10.5,1016.3,0,0,59,5,2,0,0,0,0,0.9659258262890684,0.2588190451025207,100.07519974695315,99.71152584452864,125.66666666666667,34.5,0.9566892970366212
2025-11-12 06:00:00,R1,105.2638622602046,131,4,Highway,True,27.9,23.0,33.0,0.0,10.5,1016.3,0,0,59,6,2,0,0,0,0,1.0,6.123233995736766e-17,99.92965780790199,100.38998960034532,123.66666666666667,32.75,1.052638622602046
2025-11-12 07:00:00,R1,73.25900401082745,75,4,Highway,True,27.9,23.0,33.0,0.0,10.5,1016.3,0,0,59,7,2,0,1,0,1,0.9659258262890684,-0.2588190451025206,91.3972653248981,96.16198286263966,114.66666666666667,18.75,0.7325900401082746
2025-11-12 08:00:00,R1,62.19680079340348,75,4,Highway,True,27.9,23.0,33.0,0.0,10.5,1016.3,0,0,59,8,2,0,1,0,1,0.8660254037844387,-0.4999999999999998,80.23988902147855,90.15754438421583,93.66666666666667,18.75,0.6219680079340348
2025-11-12 09:00:00,R1,53.0636645500168,93,4,Highway,True,27.9,23.0,33.0,0.0,10.5,1016.3,0,0,59,9,2,0,1,0,1,0.7071067811865476,-0.7071067811865475,62.83982311808261,81.38474046299227,81.0,23.25,0.530636645500168
2025-11-12 10:00:00,R1,54.89532668228672,70,4,Highway,True,27.9,23.0,33.0,0.0,10.5,1016.3,0,0,59,10,2,0,1,0,1,0.4999999999999999,-0.8660254037844387,56.71859734190236,74.05793133340019,79.33333333333333,17.5,0.5489532668228673
2025-11-12 11:00:00,R1,100.924777438311,125,4,Highway,True,27.9,23.0,33.0,0.0,10.5,1016.3,0,0,59,11,2,0,0,0,0,0.258819045102521,-0.9659258262890682,69.62792289020486,74.93390595584168,96.0,31.25,1.0092477743831099
2025-11-12 12:00:00,R1,108.32985219246544,108,4,Highway,True,27.9,23.0,33.0,0.0,10.5,1016.3,0,0,59,12,2,0,0,0,0,1.2246467991473532e-16,-1.0,88.04998543768774,75.44490427788516,101.0,27.0,1.0832985219246545
2025-11-12 13:00:00,R1,104.58781864162192,124,4,Highway,True,27.9,23.0,33.0,0.0,10.5,1016.3,0,0,59,13,2,0,0,0,0,-0.2588190451025208,-0.9659258262890684,104.6141494241328,80.66637338301756,119.0,31.0,1.0458781864162192
2025-11-12 14:00:00,R1,95.0457732663439,120,4,Highway,True,27.9,23.0,33.0,0.0,10.5,1016.3,0,0,59,14,2,0,0,0,0,-0.4999999999999997,-0.8660254037844388,102.65448136681044,86.14120212850763,117.33333333333333,30.0,0.950457732663439
2025-11-12 15:00:00,R1,99.31542355466232,124,4,Highway,True,27.9,23.0,33.0,0.0,10.5,1016.3,0,0,59,15,2,0,0,0,0,-0.7071067811865471,-0.7071067811865479,99.64967182087607,93.84982862928189,122.66666666666667,31.0,0.9931542355466232
2025-11-12 16:00:00,R1,88.88458334794241,100,4,Highway,True,27.9,23.0,33.0,0.0,10.5,1016.3,0,0,59,16,2,0,0,0,0,-0.8660254037844384,-0.5000000000000004,94.41526005631623,99.51470474022449,114.66666666666667,25.0,0.8888458334794241
2025-11-12 17:00:00,R1,63.87649368756186,93,4,Highway,True,27.9,23.0,33.0,0.0,10.5,1016.3,0,0,59,17,2,0,0,1,1,-0.9659258262890684,-0.2588190451025206,84.02550019672223,93.3399907817663,105.66666666666667,23.25,0.6387649368756186
2025-11-12 18:00:00,R1,55.49735379278229,81,4,Highway,True,27.9,23.0,33.0,0.0,10.5,1016.3,0,0,59,18,2,0,0,1,1,-1.0,-1.8369701987210294e-16,69.41947694276222,84.53457438181913,91.33333333333333,20.25,0.5549735379278229
2025-11-12 19:00:00,R1,53.67609222954975,65,4,Highway,True,27.9,23.0,33.0,0.0,10.5,1016.3,0,0,59,19,2,0,0,1,1,-0.9659258262890684,0.2588190451025203,57.68331323663133,76.04928664647376,79.66666666666667,16.25,0.5367609222954975
2025-11-12 20:00:00,R1,61.39853761213904,67,4,Highway,True,27.9,23.0,33.0,0.0,10.5,1016.3,0,0,59,20,2,0,0,1,1,-0.8660254037844386,0.5000000000000001,56.85732787815706,70.44141403743961,71.0,16.75,0.6139853761213904
2025-11-12 21:00:00,R1,97.61343851471158,133,4,Highway,True,27.9,23.0,33.0,0.0,10.5,1016.3,0,0,59,21,2,0,0,0,0,-0.7071067811865477,0.7071067811865474,70.89602278546681,70.15774986411448,88.33333333333333,33.25,0.9761343851471157
2025-11-12 22:00:00,R1,95.92494218031769,128,4,Highway,True,27.9,23.0,33.0,0.0,10.5,1016.3,0,0,59,22,2,0,0,0,0,-0.5000000000000004,0.8660254037844384,84.97897276905613,71.3311430028437,109.33333333333333,32.0,0.9592494218031768
2025-11-12 23:00:00,R1,100.11312080856568,144,4,Highway,True,27.9,23.0,33.0,0.0,10.5,1016.3,0,0,59,23,2,0,0,0,0,-0.2588190451025215,0.965925826289068,97.88383383453167,77.37058085634435,135.0,36.0,1.001131208085657
2025-11-13 00:00:00,R1,101.97710901435606,129,4,Highway,True,27.6,23.0,31.0,0.0,11.5,1017.7,0,0,59,0,3,0,0,0,0,0.0,1.0,99.33839066774651,85.11720672660664,133.66666666666666,32.25,1.0197710901435606
2025-11-13 01:00:00,R1,98.69602490369287,128,4,Highway,True,27.6,23.0,31.0,0.0,11.5,1017.7,0,0,59,1,3,0,0,0,0,0.2588190451025207,0.9659258262890684,100.26208490887156,92.62052883896382,133.66666666666666,32.0,0.9869602490369287
2025-11-13 02:00:00,R1,97.73833594114896,122,4,Highway,True,27.6,23.0,31.0,0.0,11.5,1017.7,0,0,59,2,3,0,0,0,0,0.4999999999999999,0.8660254037844387,99.47048995306598,98.67716189379881,126.33333333333333,30.5,0.9773833594114896
2025-11-13 03:00:00,R1,91.79349629150887,125,4,Highway,True,27.6,23.0,31.0,0.0,11.5,1017.7,0,0,59,3,3,0,0,0,0,0.7071067811865476,0.7071067811865476,96.07595237878358,97.70717152326502,125.0,31.25,0.9179349629150887
2025-11-13 04:00:00,R1,98.89474516739898,103,4,Highway,True,27.6,23.0,31.0,0.0,11.5,1017.7,0,0,59,4,3,0,0,0,0,0.8660254037844386,0.5000000000000001,96.14219246668563,98.20213868777857,116.66666666666667,25.75,0.9889474516739898
2025-11-13 05:00:00,R1,109.25009025350433,148,4,Highway,True,27.6,23.0,31.0,0.0,11.5,1017.7,0,0,59,5,3,0,0,0,0,0.9659258262890684,0.2588190451025207,99.97944390413743,99.72496692860169,125.33333333333333,37.0,1.0925009025350432
2025-11-13 06:00:00,R1,96.78578406617454,128,4,Highway,True,27.6,23.0,31.0,0.0,11.5,1017.7,0,0,59,6,3,0,0,0,0,1.0,6.123233995736766e-17,101.64353982902598,98.85974610390475,126.33333333333333,32.0,0.9678578406617454
2025-11-13 07:00:00,R1,52.31002922246698,81,4,Highway,True,27.6,23.0,31.0,0.0,11.5,1017.7,0,0,59,7,3,0,1,0,1,0.9659258262890684,-0.2588190451025206,86.11530118071532,91.12874682370044,119.0,20.25,0.5231002922246698
2025-11-13 08:00:00,R1,57.69106963226149,80,4,Highway,True,27.6,23.0,31.0,0.0,11.5,1017.7,0,0,59,8,3,0,1,0,1,0.8660254037844387,-0.4999999999999998,68.92896097363436,84.45420243888587,96.33333333333333,20.0,0.5769106963226149
2025-11-13 09:00:00,R1,53.70918723268928,106,4,Highway,True,27.6,23.0,31.0,0.0,11.5,1017.7,0,0,59,9,3,0,1,0,1,0.7071067811865476,-0.7071067811865475,54.57009536247261,78.10681759574926,89.0,26.5,0.5370918723268928
2025-11-13 10:00:00,R1,60.97394757257681,104,4,Highway,True,27.6,23.0,31.0,0.0,11.5,1017.7,0,0,59,10,3,0,1,0,1,0.4999999999999999,-0.8660254037844387,57.45806814584255,71.7866846632789,96.66666666666667,26.0,0.6097394757257681
2025-11-13 11:00:00,R1,104.6685850937324,142,4,Highway,True,27.6,23.0,31.0,0.0,11.5,1017.7,0,0,59,11,3,0,0,0,0,0.258819045102521,-0.9659258262890682,73.11723996633286,71.02310046998359,117.33333333333333,35.5,1.046685850937324
2025-11-13 12:00:00,R1,96.48821428996114,143,4,Highway,True,27.6,23.0,31.0,0.0,11.5,1017.7,0,0,59,12,3,0,0,0,0,1.2246467991473532e-16,-1.0,87.37691565209013,70.97350550728135,129.66666666666666,35.75,0.9648821428996114
2025-11-13 13:00:00,R1,105.5880200386594,121,4,Highway,True,27.6,23.0,31.0,0.0,11.5,1017.7,0,0,59,13,3,0,0,0,0,-0.2588190451025208,-0.9659258262890684,102.24827314078432,79.85317064331342,135.33333333333334,30.25,1.055880200386594
2025-11-13 14:00:00,R1,96.00697338061372,142,4,Highway,True,27.6,23.0,31.0,0.0,11.5,1017.7,0,0,59,14,3,0,0,0,0,-0.4999999999999997,-0.8660254037844388,99.36106923641144,86.23915460137214,135.33333333333334,35.5,0.9600697338061371
2025-11-13 15:00:00,R1,94.982757920643,109,4,Highway,True,27.6,23.0,31.0,0.0,11.5,1017.7,0,0,59,15,3,0,0,0,0,-0.7071067811865471,-0.7071067811865479,98.85925044663873,93.11808304936442,124.0,27.25,0.9498275792064299
2025-11-13 16:00:00,R1,93.4505348636826,125,4,Highway,True,27.6,23.0,31.0,0.0,11.5,1017.7,0,0,59,16,3,0,0,0,0,-0.8660254037844384,-0.5000000000000004,94.8134220549798,98.53084759788203,125.33333333333333,31.25,0.9345053486368261
2025-11-13 17:00:00,R1,63.1280716529128,98,4,Highway,True,27.6,23.0,31.0,0.0,11.5,1017.7,0,0,59,17,3,0,0,1,1,-0.9659258262890684,-0.2588190451025206,83.85378814574615,91.60742869107877,110.66666666666667,24.5,0.631280716529128
2025-11-13 18:00:00,R1,61.09405769243737,65,4,Highway,True,27.6,23.0,31.0,0.0,11.5,1017.7,0,0,59,18,3,0,0,1,1,-1.0,-1.8369701987210294e-16,72.55755473634427,85.70840259149149,96.0,16.25,0.6109405769243736
2025-11-13 19:00:00,R1,63.77658177245261,86,4,Highway,True,27.6,23.0,31.0,0.0,11.5,1017.7,0,0,59,19,3,0,0,1,1,-0.9659258262890684,0.2588190451025203,62.66623703926762,78.73982954712368,83.0,21.5,0.6377658177245261
2025-11-13 20:00:00,R1,62.6406926529578,71,4,Highway,True,27.6,23.0,31.0,0.0,11.5,1017.7,0,0,59,20,3,0,0,1,1,-0.8660254037844386,0.5000000000000001,62.50377737261595,73.17878275918103,74.0,17.75,0.6264069265295781
2025-11-13 21:00:00,R1,100.99732121644206,111,4,Highway,True,27.6,23.0,31.0,0.0,11.5,1017.7,0,0,59,21,3,0,0,0,0,-0.7071067811865477,0.7071067811865474,75.80486521395085,74.18120997514754,89.33333333333333,27.75,1.0099732121644207
2025-11-13 22:00:00,R1,95.4970853564261,120,4,Highway,True,27.6,23.0,31.0,0.0,11.5,1017.7,0,0,59,22,3,0,0,0,0,-0.5000000000000004,0.8660254037844384,86.37836640860867,74.52230172393813,100.66666666666667,30.0,0.9549708535642609
2025-11-13 23:00:00,R1,103.98504931111798,109,4,Highway,True,27.6,23.0,31.0,0.0,11.5,1017.7,0,0,59,23,3,0,0,0,0,-0.2588190451025215,0.965925826289068,100.15981862799542,81.33179800030565,113.33333333333333,27.25,1.0398504931111798
2025-11-14 00:00:00,R1,93.60677873181292,144,4,Highway,True,27.4,23.0,31.0,0.0,11.5,1017.0,0,0,59,0,4,0,0,0,0,0.0,1.0,97.69630446645236,86.75058484020157,124.33333333333333,36.0,0.9360677873181292
2025-11-14 01:00:00,R1,99.50549549981346,106,4,Highway,True,27.4,23.0,31.0,0.0,11.5,1017.0,0,0,59,1,4,0,0,0,0,0.2588190451025207,0.9659258262890684,99.03244118091482,92.70540379476172,119.66666666666667,26.5,0.9950549549981347
2025-11-14 02:00:00,R1,98.49119699956609,138,4,Highway,True,27.4,23.0,31.0,0.0,11.5,1017.0,0,0,59,2,4,0,0,0,0,0.4999999999999999,0.8660254037844387,97.20115707706418,98.68048785252977,129.33333333333334,34.5,0.9849119699956609
2025-11-14 03:00:00,R1,99.07774473607466,129,4,Highway,True,27.4,23.0,31.0,0.0,11.5,1017.0,0,0,59,3,4,0,0,0,0,0.7071067811865476,0.7071067811865476,99.0248124118181,98.3605584391352,124.33333333333333,32.25,0.9907774473607467
2025-11-14 04:00:00,R1,96.856496652987,122,4,Highway,True,27.4,23.0,31.0,0.0,11.5,1017.0,0,0,59,4,4,0,0,0,0,0.8660254037844386,0.5000000000000001,98.14181279620927,98.58712698856202,129.66666666666666,30.5,0.96856496652987
2025-11-14 05:00:00,R1,95.749657255735,145,4,Highway,True,27.4,23.0,31.0,0.0,11.5,1017.0,0,0,59,5,4,0,0,0,0,0.9659258262890684,0.2588190451025207,97.22796621493224,97.21456164599819,132.0,36.25,0.95749657255735
2025-11-14 06:00:00,R1,103.1394981578794,105,4,Highway,True,27.4,23.0,31.0,0.0,11.5,1017.0,0,0,59,6,4,0,0,0,0,1.0,6.123233995736766e-17,98.58188402220048,98.80334821700927,124.0,26.25,1.031394981578794
2025-11-14 07:00:00,R1,61.90516660748577,64,4,Highway,True,27.4,23.0,31.0,0.0,11.5,1017.0,0,0,59,7,4,0,1,0,1,0.9659258262890684,-0.2588190451025206,86.93144067370008,92.53662673495465,104.66666666666667,16.0,0.6190516660748577
2025-11-14 08:00:00,R1,48.24133687079579,104,4,Highway,True,27.4,23.0,31.0,0.0,11.5,1017.0,0,0,59,8,4,0,1,0,1,0.8660254037844387,-0.4999999999999998,71.09533387872034,84.16165004682627,91.0,26.0,0.4824133687079579
2025-11-14 09:00:00,R1,63.99009625296782,68,4,Highway,True,27.4,23.0,31.0,0.0,11.5,1017.0,0,0,59,9,4,0,1,0,1,0.7071067811865476,-0.7071067811865475,58.045533243749816,78.31370863297512,78.66666666666667,17.0,0.6399009625296782
2025-11-14 10:00:00,R1,53.1067921156594,62,4,Highway,True,27.4,23.0,31.0,0.0,11.5,1017.0,0,0,59,10,4,0,1,0,1,0.4999999999999999,-0.8660254037844387,55.11274174647436,71.0220912100872,78.0,15.5,0.5310679211565941
2025-11-14 11:00:00,R1,95.14785109517224,136,4,Highway,True,27.4,23.0,31.0,0.0,11.5,1017.0,0,0,59,11,4,0,0,0,0,0.258819045102521,-0.9659258262890682,70.74824648793317,70.92179018332673,88.66666666666667,34.0,0.9514785109517224
2025-11-14 12:00:00,R1,99.08851994163312,124,4,Highway,True,27.4,23.0,31.0,0.0,11.5,1017.0,0,0,59,12,4,0,0,0,0,1.2246467991473532e-16,-1.0,82.44772105082161,70.24662714728568,107.33333333333333,31.0,0.9908851994163312
2025-11-14 13:00:00,R1,97.90767973697383,114,4,Highway,True,27.4,23.0,31.0,0.0,11.5,1017.0,0,0,59,13,4,0,0,0,0,-0.2588190451025208,-0.9659258262890684,97.38135025792643,76.24704600220038,124.66666666666667,28.5,0.9790767973697383
2025-11-14 14:00:00,R1,111.7512340794014,135,4,Highway,True,27.4,23.0,31.0,0.0,11.5,1017.0,0,0,59,14,4,0,0,0,0,-0.4999999999999997,-0.8660254037844388,102.91581125266947,86.8320288703013,124.33333333333333,33.75,1.117512340794014
2025-11-14 15:00:00,R1,108.56650540516593,121,4,Highway,True,27.4,23.0,31.0,0.0,11.5,1017.0,0,0,59,15,4,0,0,0,0,-0.7071067811865471,-0.7071067811865479,106.07513974051375,94.26143039566766,123.33333333333333,30.25,1.0856650540516593
2025-11-14 16:00:00,R1,107.33272536170747,134,4,Highway,True,27.4,23.0,31.0,0.0,11.5,1017.0,0,0,59,16,4,0,0,0,0,-0.8660254037844384,-0.5000000000000004,109.21682161542496,103.29908593667568,130.0,33.5,1.0733272536170748
2025-11-14 17:00:00,R1,59.163590515979735,62,4,Highway,True,27.4,23.0,31.0,0.0,11.5,1017.0,0,0,59,17,4,0,0,1,1,-0.9659258262890684,-0.2588190451025206,91.68760709428442,97.30170917347691,105.66666666666667,15.5,0.5916359051597974
2025-11-14 18:00:00,R1,71.0584087413577,75,4,Highway,True,27.4,23.0,31.0,0.0,11.5,1017.0,0,0,59,18,4,0,0,1,1,-1.0,-1.8369701987210294e-16,79.18490820634833,92.63002397343102,90.33333333333333,18.75,0.7105840874135769
2025-11-14 19:00:00,R1,59.84852447162711,91,4,Highway,True,27.4,23.0,31.0,0.0,11.5,1017.0,0,0,59,19,4,0,0,1,1,-0.9659258262890684,0.2588190451025203,63.3568412429882,86.28683142920654,76.0,22.75,0.5984852447162711
2025-11-14 20:00:00,R1,67.95654833398093,83,4,Highway,True,27.4,23.0,31.0,0.0,11.5,1017.0,0,0,59,20,4,0,0,1,1,-0.8660254037844386,0.5000000000000001,66.28782718232193,78.98771713830314,83.0,20.75,0.6795654833398094
2025-11-14 21:00:00,R1,84.33717508430216,126,4,Highway,True,27.4,23.0,31.0,0.0,11.5,1017.0,0,0,59,21,4,0,0,0,0,-0.7071067811865477,0.7071067811865474,70.7140826299701,74.94949541815919,100.0,31.5,0.8433717508430216
2025-11-14 22:00:00,R1,98.19091478821711,148,4,Highway,True,27.4,23.0,31.0,0.0,11.5,1017.0,0,0,59,22,4,0,0,0,0,-0.5000000000000004,0.8660254037844384,83.49487940216676,73.42586032257746,119.0,37.0,0.9819091478821711
2025-11-14 23:00:00,R1,92.56354325681704,106,4,Highway,True,27.4,23.0,31.0,0.0,11.5,1017.0,0,0,59,23,4,0,0,0,0,-0.2588190451025215,0.965925826289068,91.69721104311213,78.992519112717,126.66666666666667,26.5,0.9256354325681704
2025-11-15 00:00:00,R1,88.36988476320498,125,4,Highway,True,27.1,23.0,31.0,0.0,11.1,1016.6,0,0,59,0,5,1,0,0,0,0.0,1.0,93.04144760274642,81.87776511635822,126.33333333333333,31.25,0.8836988476320498
2025-11-15 01:00:00,R1,99.59994479486774,114,4,Highway,True,27.1,23.0,31.0,0.0,11.1,1016.6,0,0,59,1,5,1,0,0,0,0.2588190451025207,0.9659258262890684,93.51112427162995,88.50300183689832,115.0,28.5,0.9959994479486773
2025-11-15 02:00:00,R1,99.23195010210324,111,4,Highway,True,27.1,23.0,31.0,0.0,11.1,1016.6,0,0,59,2,5,1,0,0,0,0.4999999999999999,0.8660254037844387,95.73392655339201,93.71556879825205,116.66666666666667,27.75,0.9923195010210324
2025-11-15 03:00:00,R1,96.71762838834702,144,4,Highway,True,27.1,23.0,31.0,0.0,11.1,1016.6,0,0,59,3,5,1,0,0,0,0.7071067811865476,0.7071067811865476,98.51650776177269,95.77897768225951,123.0,36.0,0.9671762838834702
2025-11-15 04:00:00,R1,102.81418388880827,129,4,Highway,True,27.1,23.0,31.0,0.0,11.1,1016.6,0,0,59,4,5,1,0,0,0,0.8660254037844386,0.5000000000000001,99.5879207930862,96.54952253235804,128.0,32.25,1.0281418388880827
2025-11-15 05:00:00,R1,106.67165434227296,118,4,Highway,True,27.1,23.0,31.0,0.0,11.1,1016.6,0,0,59,5,5,1,0,0,0,0.9659258262890684,0.2588190451025207,102.06782220647612,98.90087437993402,130.33333333333334,29.5,1.0667165434227295
2025-11-15 06:00:00,R1,106.92770500416472,129,4,Highway,True,27.1,23.0,31.0,0.0,11.1,1016.6,0,0,59,6,5,1,0,0,0,1.0,6.123233995736766e-17,105.47118107841534,101.99384442009399,125.33333333333333,32.25,1.0692770500416473
2025-11-15 07:00:00,R1,66.31540637629114,103,4,Highway,True,27.1,23.0,31.0,0.0,11.1,1016.6,0,0,59,7,5,1,1,0,1,0.9659258262890684,-0.2588190451025206,93.30492190757629,96.44642135033122,116.66666666666667,25.75,0.6631540637629114
2025-11-15 08:00:00,R1,55.21865122051023,82,4,Highway,True,27.1,23.0,31.0,0.0,11.1,1016.6,0,0,59,8,5,1,1,0,1,0.8660254037844387,-0.4999999999999998,76.15392086698871,89.11087153673238,104.66666666666667,20.5,0.5521865122051023
2025-11-15 09:00:00,R1,61.75976084048601,104,4,Highway,True,27.1,23.0,31.0,0.0,11.1,1016.6,0,0,59,9,5,1,1,0,1,0.7071067811865476,-0.7071067811865475,61.09793947909582,83.28456027875555,96.33333333333333,26.0,0.6175976084048601
2025-11-15 10:00:00,R1,62.34710981652879,86,4,Highway,True,27.1,23.0,31.0,0.0,11.1,1016.6,0,0,59,10,5,1,1,0,1,0.4999999999999999,-0.8660254037844387,59.77517395917503,76.54004793337565,90.66666666666667,21.5,0.6234710981652879
2025-11-15 11:00:00,R1,101.118950606497,116,4,Highway,True,27.1,23.0,31.0,0.0,11.1,1016.6,0,0,59,11,5,1,0,0,0,0.258819045102521,-0.9659258262890682,75.07527375450395,75.6145973107463,102.0,29.0,1.01118950606497
2025-11-15 12:00:00,R1,96.96055944218978,125,4,Highway,True,27.1,23.0,31.0,0.0,11.1,1016.6,0,0,59,12,5,1,0,0,0,1.2246467991473532e-16,-1.0,86.80887328840521,73.95340638375049,109.0,31.25,0.9696055944218978
2025-11-15 13:00:00,R1,106.99684627501692,144,4,Highway,True,27.1,23.0,31.0,0.0,11.1,1016.6,0,0,59,13,5,1,0,0,0,-0.2588190451025208,-0.9659258262890684,101.69211877456792,80.73364636687145,128.33333333333334,36.0,1.069968462750169
2025-11-15 14:00:00,R1,98.13581857918015,135,4,Highway,True,27.1,23.0,31.0,0.0,11.1,1016.6,0,0,59,14,5,1,0,0,0,-0.4999999999999997,-0.8660254037844388,100.69774143212898,87.88650759331644,134.66666666666666,33.75,0.9813581857918016
2025-11-15 15:00:00,R1,102.81815174226408,110,4,Highway,True,27.1,23.0,31.0,0.0,11.1,1016.6,0,0,59,15,5,1,0,0,0,-0.7071067811865471,-0.7071067811865479,102.6502721988204,94.72957274361279,129.66666666666666,27.5,1.0281815174226407
2025-11-15 16:00:00,R1,97.16866904059631,111,4,Highway,True,27.1,23.0,31.0,0.0,11.1,1016.6,0,0,59,16,5,1,0,0,0,-0.8660254037844384,-0.5000000000000004,99.37421312068021,100.53316594762403,118.66666666666667,27.75,0.9716866904059631
2025-11-15 17:00:00,R1,68.35821302631709,71,4,Highway,True,27.1,23.0,31.0,0.0,11.1,1016.6,0,0,59,17,5,1,0,1,1,-0.9659258262890684,-0.2588190451025206,89.44834460305918,95.07304301759406,97.33333333333333,17.75,0.6835821302631708
2025-11-15 18:00:00,R1,63.33653971768116,97,4,Highway,True,27.1,23.0,31.0,0.0,11.1,1016.6,0,0,59,18,5,1,0,1,1,-1.0,-1.8369701987210294e-16,76.28780726153154,89.46903973017595,93.0,24.25,0.6333653971768116
2025-11-15 19:00:00,R1,53.47481205485168,72,4,Highway,True,27.1,23.0,31.0,0.0,11.1,1016.6,0,0,59,19,5,1,0,1,1,-0.9659258262890684,0.2588190451025203,61.72318826628334,80.54870069348175,80.0,18.0,0.5347481205485168
2025-11-15 20:00:00,R1,60.18979483277493,79,4,Highway,True,27.1,23.0,31.0,0.0,11.1,1016.6,0,0,59,20,5,1,0,1,1,-0.8660254037844386,0.5000000000000001,59.00038220176928,74.2243634024142,82.66666666666667,19.75,0.6018979483277493
2025-11-15 21:00:00,R1,101.31541775624162,135,4,Highway,True,27.1,23.0,31.0,0.0,11.1,1016.6,0,0,59,21,5,1,0,0,0,-0.7071067811865477,0.7071067811865474,71.66000821462278,73.97390773807713,95.33333333333333,33.75,1.0131541775624162
2025-11-15 22:00:00,R1,106.7923433907864,144,4,Highway,True,27.1,23.0,31.0,0.0,11.1,1016.6,0,0,59,22,5,1,0,0,0,-0.5000000000000004,0.8660254037844384,89.43251865993436,75.57785346310881,119.33333333333333,36.0,1.067923433907864
2025-11-15 23:00:00,R1,103.15246311466107,131,4,Highway,True,27.1,23.0,31.0,0.0,11.1,1016.6,0,0,59,23,5,1,0,0,0,-0.2588190451025215,0.965925826289068,103.75340808722973,81.37689514449949,136.66666666666666,32.75,1.0315246311466106
2025-11-16 00:00:00,R1,101.34130379672293,134,4,Highway,True,27.4,23.0,33.0,0.0,11.2,1018.4,0,0,59,0,6,1,0,0,0,0.0,1.0,103.76203676739016,87.71102249100643,136.33333333333334,33.5,1.0134130379672293
2025-11-16 01:00:00,R1,84.3215436674513,100,4,Highway,True,27.4,23.0,33.0,0.0,11.2,1018.4,0,0,59,1,6,1,0,0,0,0.2588190451025207,0.9659258262890684,96.27177019294511,92.8521444264397,121.66666666666667,25.0,0.8432154366745129
2025-11-16 02:00:00,R1,104.41197217985422,133,4,Highway,True,27.4,23.0,33.0,0.0,11.2,1018.4,0,0,59,2,6,1,0,0,0,0.4999999999999999,0.8660254037844387,96.69160654800949,100.22250731761959,122.33333333333333,33.25,1.044119721798542
2025-11-16 03:00:00,R1,101.81369516951632,124,4,Highway,True,27.4,23.0,33.0,0.0,11.2,1018.4,0,0,59,3,6,1,0,0,0,0.7071067811865476,0.7071067811865476,96.84907033894063,100.30555355316538,119.0,31.0,1.0181369516951633
2025-11-16 04:00:00,R1,110.17097670415578,111,4,Highway,True,27.4,23.0,33.0,0.0,11.2,1018.4,0,0,59,4,6,1,0,0,0,0.8660254037844386,0.5000000000000001,105.46554801784214,100.86865910539359,122.66666666666667,27.75,1.1017097670415579
2025-11-16 05:00:00,R1,99.67913077258552,143,4,Highway,True,27.4,23.0,33.0,0.0,11.2,1018.4,0,0,59,5,6,1,0,0,0,0.9659258262890684,0.2588190451025207,103.88793421541924,100.28977038171435,126.0,35.75,0.9967913077258552
2025-11-16 06:00:00,R1,98.27370014799386,108,4,Highway,True,27.4,23.0,33.0,0.0,11.2,1018.4,0,0,59,6,6,1,0,0,0,1.0,6.123233995736766e-17,102.70793587491175,99.77850310692617,120.66666666666667,27.0,0.9827370014799386
2025-11-16 07:00:00,R1,53.385353594713685,93,4,Highway,True,27.4,23.0,33.0,0.0,11.2,1018.4,0,0,59,7,6,1,1,0,1,0.9659258262890684,-0.2588190451025206,83.77939483843105,94.62247142813658,114.66666666666667,23.25,0.5338535359471368
2025-11-16 08:00:00,R1,59.84704770226516,69,4,Highway,True,27.4,23.0,33.0,0.0,11.2,1018.4,0,0,59,8,6,1,1,0,1,0.8660254037844387,-0.4999999999999998,70.50203381499092,87.19498401520507,90.0,17.25,0.5984704770226515
2025-11-16 09:00:00,R1,55.45308860434509,76,4,Highway,True,27.4,23.0,33.0,0.0,11.2,1018.4,0,0,59,9,6,1,1,0,1,0.7071067811865476,-0.7071067811865475,56.22849663377466,79.46821625434318,79.33333333333333,19.0,0.5545308860434509
2025-11-16 10:00:00,R1,59.16775745555162,106,4,Highway,True,27.4,23.0,33.0,0.0,11.2,1018.4,0,0,59,10,6,1,1,0,1,0.4999999999999999,-0.8660254037844387,58.155964587387324,70.96767971290916,83.66666666666667,26.5,0.5916775745555163
2025-11-16 11:00:00,R1,93.56949283620185,118,4,Highway,True,27.4,23.0,33.0,0.0,11.2,1018.4,0,0,59,11,6,1,0,0,0,0.258819045102521,-0.9659258262890682,69.39677963203287,69.94940672351188,100.0,29.5,0.9356949283620185
2025-11-16 12:00:00,R1,99.54845578954613,139,4,Highway,True,27.4,23.0,33.0,0.0,11.2,1018.4,0,0,59,12,6,1,0,0,0,1.2246467991473532e-16,-1.0,84.09523536043322,70.16186599710392,121.0,34.75,0.9954845578954612
2025-11-16 13:00:00,R1,101.6205142732424,116,4,Highway,True,27.4,23.0,33.0,0.0,11.2,1018.4,0,0,59,13,6,1,0,0,0,-0.2588190451025208,-0.9659258262890684,98.24615429966349,78.20105944352538,124.33333333333333,29.0,1.0162051427324241
2025-11-16 14:00:00,R1,98.66680674975994,127,4,Highway,True,27.4,23.0,33.0,0.0,11.2,1018.4,0,0,59,14,6,1,0,0,0,-0.4999999999999997,-0.8660254037844388,99.94525893751619,84.6710192847745,127.33333333333333,31.75,0.9866680674975994
2025-11-16 15:00:00,R1,91.19829206937086,127,4,Highway,True,27.4,23.0,33.0,0.0,11.2,1018.4,0,0,59,15,6,1,0,0,0,-0.7071067811865471,-0.7071067811865479,97.16187103079109,90.62855319561213,123.33333333333333,31.75,0.9119829206937087
2025-11-16 16:00:00,R1,98.23304913209154,101,4,Highway,True,27.4,23.0,33.0,0.0,11.2,1018.4,0,0,59,16,6,1,0,0,0,-0.8660254037844384,-0.5000000000000004,96.0327159837408,97.13943514170212,118.33333333333333,25.25,0.9823304913209153
2025-11-16 17:00:00,R1,57.90587539594664,105,4,Highway,True,27.4,23.0,33.0,0.0,11.2,1018.4,0,0,59,17,6,1,0,1,1,-0.9659258262890684,-0.2588190451025206,82.44573886580304,91.19549890165958,111.0,26.25,0.5790587539594664
2025-11-16 18:00:00,R1,55.12744268343029,73,4,Highway,True,27.4,23.0,33.0,0.0,11.2,1018.4,0,0,59,18,6,1,0,1,1,-1.0,-1.8369701987210294e-16,70.42212240382284,83.79199671730696,93.0,18.25,0.5512744268343028
2025-11-16 19:00:00,R1,62.54424748005426,68,4,Highway,True,27.4,23.0,33.0,0.0,11.2,1018.4,0,0,59,19,6,1,0,1,1,-0.9659258262890684,0.2588190451025203,58.52585518647709,77.27928558510892,82.0,17.0,0.6254424748005426
2025-11-16 20:00:00,R1,61.35782466506013,97,4,Highway,True,27.4,23.0,33.0,0.0,11.2,1018.4,0,0,59,20,6,1,0,1,1,-0.8660254037844386,0.5000000000000001,59.67650494284825,71.06112190432562,79.33333333333333,24.25,0.6135782466506012
2025-11-16 21:00:00,R1,99.6464848756986,110,4,Highway,True,27.4,23.0,33.0,0.0,11.2,1018.4,0,0,59,21,6,1,0,0,0,-0.7071067811865477,0.7071067811865474,74.51618567360435,72.46915403871357,91.66666666666667,27.5,0.996464848756986
2025-11-16 22:00:00,R1,92.53331228399716,122,4,Highway,True,27.4,23.0,33.0,0.0,11.2,1018.4,0,0,59,22,6,1,0,0,0,-0.5000000000000004,0.8660254037844384,84.512540608252,71.51919789736452,109.66666666666667,30.5,0.9253331228399716
2025-11-16 23:00:00,R1,105.07036352556965,142,4,Highway,True,27.4,23.0,33.0,0.0,11.2,1018.4,0,0,59,23,6,1,0,0,0,-0.2588190451025215,0.965925826289068,99.0833868950885,79.37994591896835,124.66666666666667,35.5,1.0507036352556964
2025-11-17 00:00:00,R1,105.36292704266042,123,4,Highway,True,27.1,23.0,31.0,0.0,11.5,1018.9,0,0,59,0,0,0,0,0,0,0.0,1.0,100.9888676174091,87.7525266455067,129.0,30.75,1.0536292704266041
2025-11-17 01:00:00,R1,99.61735535832464,123,4,Highway,True,27.1,23.0,31.0,0.0,11.5,1018.9,0,0,59,1,0,0,0,0,0,0.2588190451025207,0.9659258262890684,103.35021530885159,93.93137795855176,129.33333333333334,30.75,0.9961735535832464
2025-11-17 02:00:00,R1,99.47231295643272,107,4,Highway,True,27.1,23.0,31.0,0.0,11.5,1018.9,0,0,59,2,0,0,0,0,0,0.4999999999999999,0.8660254037844387,101.48419845247263,100.28379267378052,117.66666666666667,26.75,0.9947231295643272
2025-11-17 03:00:00,R1,104.19557251728943,100,4,Highway,True,27.1,23.0,31.0,0.0,11.5,1018.9,0,0,59,3,0,0,0,0,0,0.7071067811865476,0.7071067811865476,101.09508027734894,101.041973947379,110.0,25.0,1.0419557251728944
2025-11-17 04:00:00,R1,95.7696849823143,121,4,Highway,True,27.1,23.0,31.0,0.0,11.5,1018.9,0,0,59,4,0,0,0,0,0,0.8660254037844386,0.5000000000000001,99.8125234853455,101.58136939709853,109.33333333333333,30.25,0.9576968498231431
2025-11-17 05:00:00,R1,98.56862015939144,119,4,Highway,True,27.1,23.0,31.0,0.0,11.5,1018.9,0,0,59,5,0,0,0,0,0,0.9659258262890684,0.2588190451025207,99.51129255299843,100.49774550273548,113.33333333333333,29.75,0.9856862015939144
2025-11-17 06:00:00,R1,99.31694408617062,120,4,Highway,True,27.1,23.0,31.0,0.0,11.5,1018.9,0,0,59,6,0,0,0,0,0,1.0,6.123233995736766e-17,97.8850830759588,99.49008167665386,120.0,30.0,0.9931694408617062
2025-11-17 07:00:00,R1,57.86150118639237,76,4,Highway,True,27.1,23.0,31.0,0.0,11.5,1018.9,0,0,59,7,0,0,1,0,1,0.9659258262890684,-0.2588190451025206,85.24902181065151,92.53077264799849,105.0,19.0,0.5786150118639237
2025-11-17 08:00:00,R1,59.62692291543305,74,4,Highway,True,27.1,23.0,31.0,0.0,11.5,1018.9,0,0,59,8,0,0,1,0,1,0.8660254037844387,-0.4999999999999998,72.26845606266538,85.88987430783187,90.0,18.5,0.5962692291543304
2025-11-17 09:00:00,R1,64.04773181858945,101,4,Highway,True,27.1,23.0,31.0,0.0,11.5,1018.9,0,0,59,9,0,0,1,0,1,0.7071067811865476,-0.7071067811865475,60.51205197347165,79.1985675247152,83.66666666666667,25.25,0.6404773181858946
2025-11-17 10:00:00,R1,60.5273005151172,69,4,Highway,True,27.1,23.0,31.0,0.0,11.5,1018.9,0,0,59,10,0,0,1,0,1,0.4999999999999999,-0.8660254037844387,61.40065174971326,73.32483678018237,81.33333333333333,17.25,0.605273005151172
2025-11-17 11:00:00,R1,101.69547539958982,108,4,Highway,True,27.1,23.0,31.0,0.0,11.5,1018.9,0,0,59,11,0,0,0,0,0,0.258819045102521,-0.9659258262890682,75.42350257776552,73.84597932021542,92.66666666666667,27.0,1.0169547539958983
2025-11-17 12:00:00,R1,109.58050278953988,123,4,Highway,True,27.1,23.0,31.0,0.0,11.5,1018.9,0,0,59,12,0,0,0,0,0,1.2246467991473532e-16,-1.0,90.60109290141565,75.55657243744362,100.0,30.75,1.0958050278953988
2025-11-17 13:00:00,R1,100.41657010124194,140,4,Highway,True,27.1,23.0,31.0,0.0,11.5,1018.9,0,0,59,13,0,0,0,0,0,-0.2588190451025208,-0.9659258262890684,103.89751609679058,82.6490839232519,123.66666666666667,35.0,1.0041657010124194
2025-11-17 14:00:00,R1,103.5895771564531,140,4,Highway,True,27.1,23.0,31.0,0.0,11.5,1018.9,0,0,59,14,0,0,0,0,0,-0.4999999999999997,-0.8660254037844388,104.52888334907833,89.9761929634219,134.33333333333334,35.0,1.035895771564531
2025-11-17 15:00:00,R1,104.0890165359006,135,4,Highway,True,27.1,23.0,31.0,0.0,11.5,1018.9,0,0,59,15,0,0,0,0,0,-0.7071067811865471,-0.7071067811865479,102.69838793119857,96.6497404163071,138.33333333333334,33.75,1.040890165359006
2025-11-17 16:00:00,R1,99.30552116149003,115,4,Highway,True,27.1,23.0,31.0,0.0,11.5,1018.9,0,0,59,16,0,0,0,0,0,-0.8660254037844384,-0.5000000000000004,102.32803828461459,103.11277719070256,130.0,28.75,0.9930552116149003
2025-11-17 17:00:00,R1,49.030744738196326,105,4,Highway,True,27.1,23.0,31.0,0.0,11.5,1018.9,0,0,59,17,0,0,0,1,1,-0.9659258262890684,-0.2588190451025206,84.14176081186234,94.3353220804703,118.33333333333333,26.25,0.49030744738196325
2025-11-17 18:00:00,R1,63.56681610642501,62,4,Highway,True,27.1,23.0,31.0,0.0,11.5,1018.9,0,0,59,18,0,0,0,1,1,-1.0,-1.8369701987210294e-16,70.6343606687038,86.66637429995119,94.0,15.5,0.6356681610642501
2025-11-17 19:00:00,R1,62.25538503587645,92,4,Highway,True,27.1,23.0,31.0,0.0,11.5,1018.9,0,0,59,19,0,0,0,1,1,-0.9659258262890684,0.2588190451025203,58.284315293499276,80.30617678905692,86.33333333333333,23.0,0.6225538503587645
2025-11-17 20:00:00,R1,54.65374380455504,91,4,Highway,True,27.1,23.0,31.0,0.0,11.5,1018.9,0,0,59,20,0,0,0,1,1,-0.8660254037844386,0.5000000000000001,60.158648315618855,72.15020456374057,81.66666666666667,22.75,0.5465374380455504
2025-11-17 21:00:00,R1,84.80246908839125,100,4,Highway,True,27.1,23.0,31.0,0.0,11.5,1018.9,0,0,59,21,0,0,0,0,0,-0.7071067811865477,0.7071067811865474,67.23719930960759,68.93577998915568,94.33333333333333,25.0,0.8480246908839125
2025-11-17 22:00:00,R1,100.48638881838902,128,4,Highway,True,27.1,23.0,31.0,0.0,11.5,1018.9,0,0,59,22,0,0,0,0,0,-0.5000000000000004,0.8660254037844384,79.98086723711178,69.13259126530552,106.33333333333333,32.0,1.0048638881838903
2025-11-17 23:00:00,R1,106.50357365677893,124,4,Highway,True,27.1,23.0,31.0,0.0,11.5,1018.9,0,0,59,23,0,0,0,0,0,-0.2588190451025215,0.965925826289068,97.26414385451976,78.71139608506928,117.33333333333333,31.0,1.0650357365677892
2025-11-18 00:00:00,R1,108.77188854970592,145,4,Highway,True,26.8,23.0,31.0,0.0,10.4,1016.3,0,0,59,0,1,0,0,0,0,0.0,1.0,105.25395034162464,86.24557482561609,132.33333333333334,36.25,1.0877188854970592
2025-11-18 01:00:00,R1,106.3681990264958,122,4,Highway,True,26.8,23.0,31.0,0.0,10.4,1016.3,0,0,59,1,1,0,0,0,0,0.2588190451025207,0.9659258262890684,107.2145537443269,93.59771049071934,130.33333333333334,30.5,1.063681990264958
2025-11-18 02:00:00,R1,105.79279987719266,121,4,Highway,True,26.8,23.0,31.0,0.0,10.4,1016.3,0,0,59,2,1,0,0,0,0,0.4999999999999999,0.8660254037844387,106.97762915113147,102.1208865028256,129.33333333333334,30.25,1.0579279987719266
2025-11-18 03:00:00,R1,103.51591541482432,105,4,Highway,True,26.8,23.0,31.0,0.0,10.4,1016.3,0,0,59,3,1,0,0,0,0,0.7071067811865476,0.7071067811865476,105.22563810617095,105.23979422389777,116.0,26.25,1.0351591541482432
2025-11-18 04:00:00,R1,99.7415900339518,144,4,Highway,True,26.8,23.0,31.0,0.0,10.4,1016.3,0,0,59,4,1,0,0,0,0,0.8660254037844386,0.5000000000000001,103.01676844198961,105.11566109315822,123.33333333333333,36.0,0.997415900339518
2025-11-18 05:00:00,R1,101.27026466764502,134,4,Highway,True,26.8,23.0,31.0,0.0,10.4,1016.3,0,0,59,5,1,0,0,0,0,0.9659258262890684,0.2588190451025207,101.50925670547373,104.2434429283026,127.66666666666667,33.5,1.0127026466764502
2025-11-18 06:00:00,R1,92.93237416639114,140,4,Highway,True,26.8,23.0,31.0,0.0,10.4,1016.3,0,0,59,6,1,0,0,0,0,1.0,6.123233995736766e-17,97.98140962266268,101.60352386441679,139.33333333333334,35.0,0.9293237416639114
2025-11-18 07:00:00,R1,55.34578574642682,65,4,Highway,True,26.8,23.0,31.0,0.0,10.4,1016.3,0,0,59,7,1,0,1,0,1,0.9659258262890684,-0.2588190451025206,83.18280819348767,93.09978831773863,113.0,16.25,0.5534578574642682
2025-11-18 08:00:00,R1,69.97778068724799,71,4,Highway,True,26.8,23.0,31.0,0.0,10.4,1016.3,0,0,59,8,1,0,1,0,1,0.8660254037844387,-0.4999999999999998,72.751980200022,87.13061845274785,92.0,17.75,0.6997778068724798
2025-11-18 09:00:00,R1,60.50881258955789,96,4,Highway,True,26.8,23.0,31.0,0.0,10.4,1016.3,0,0,59,9,1,0,1,0,1,0.7071067811865476,-0.7071067811865475,61.944126341077585,79.96276798187012,77.33333333333333,24.0,0.6050881258955789
2025-11-18 10:00:00,R1,58.196590465487176,101,4,Highway,True,26.8,23.0,31.0,0.0,10.4,1016.3,0,0,59,10,1,0,1,0,1,0.4999999999999999,-0.8660254037844387,62.89439458076438,73.03860138712601,89.33333333333333,25.25,0.5819659046548717
2025-11-18 11:00:00,R1,102.30612384825008,131,4,Highway,True,26.8,23.0,31.0,0.0,10.4,1016.3,0,0,59,11,1,0,0,0,0,0.258819045102521,-0.9659258262890682,73.67050896776506,73.21124458389352,109.33333333333333,32.75,1.0230612384825009
2025-11-18 12:00:00,R1,111.56450177526702,147,4,Highway,True,26.8,23.0,31.0,0.0,10.4,1016.3,0,0,59,12,1,0,0,0,0,1.2246467991473532e-16,-1.0,90.68907202966811,76.31659918537284,126.33333333333333,36.75,1.1156450177526702
2025-11-18 13:00:00,R1,104.51235523644922,103,4,Highway,True,26.8,23.0,31.0,0.0,10.4,1016.3,0,0,59,13,1,0,0,0,0,-0.2588190451025208,-0.9659258262890684,106.12766028665546,84.5110274337099,127.0,25.75,1.0451235523644922
2025-11-18 14:00:00,R1,91.61962047858296,129,4,Highway,True,26.8,23.0,31.0,0.0,10.4,1016.3,0,0,59,14,1,0,0,0,0,-0.4999999999999997,-0.8660254037844388,102.56549249676641,88.11800073226573,126.33333333333333,32.25,0.9161962047858296
2025-11-18 15:00:00,R1,103.46436990018968,111,4,Highway,True,26.8,23.0,31.0,0.0,10.4,1016.3,0,0,59,15,1,0,0,0,0,-0.7071067811865471,-0.7071067811865479,99.8654485384073,95.2772602840377,114.33333333333333,27.75,1.0346436990018968
2025-11-18 16:00:00,R1,99.85881204255404,104,4,Highway,True,26.8,23.0,31.0,0.0,10.4,1016.3,0,0,59,16,1,0,0,0,0,-0.8660254037844384,-0.5000000000000004,98.31426747377559,102.2209638802155,114.66666666666667,26.0,0.9985881204255403
2025-11-18 17:00:00,R1,61.338477212081806,77,4,Highway,True,26.8,23.0,31.0,0.0,10.4,1016.3,0,0,59,17,1,0,0,1,1,-0.9659258262890684,-0.2588190451025206,88.22055305160853,95.39302277418746,97.33333333333333,19.25,0.6133847721208181
2025-11-18 18:00:00,R1,61.21485942058764,66,4,Highway,True,26.8,23.0,31.0,0.0,10.4,1016.3,0,0,59,18,1,0,0,1,1,-1.0,-1.8369701987210294e-16,74.13738289174118,87.00141571507423,82.33333333333333,16.5,0.6121485942058764
2025-11-18 19:00:00,R1,66.54367465076486,80,4,Highway,True,26.8,23.0,31.0,0.0,10.4,1016.3,0,0,59,19,1,0,0,1,1,-0.9659258262890684,0.2588190451025203,63.03233709447812,80.67330228412683,74.33333333333333,20.0,0.6654367465076486
2025-11-18 20:00:00,R1,70.25313220942505,70,4,Highway,True,26.8,23.0,31.0,0.0,10.4,1016.3,0,0,59,20,1,0,0,1,1,-0.8660254037844386,0.5000000000000001,66.0038887602592,77.11222090593384,72.0,17.5,0.7025313220942505
2025-11-18 21:00:00,R1,92.3900214538856,147,4,Highway,True,26.8,23.0,31.0,0.0,10.4,1016.3,0,0,59,21,1,0,0,0,0,-0.7071067811865477,0.7071067811865474,76.39560943802519,75.26649616488316,99.0,36.75,0.923900214538856
2025-11-18 22:00:00,R1,97.9141016830444,103,4,Highway,True,26.8,23.0,31.0,0.0,10.4,1016.3,0,0,59,22,1,0,0,0,0,-0.5000000000000004,0.8660254037844384,86.85241844878503,74.94237777163156,106.66666666666667,25.75,0.979141016830444
2025-11-18 23:00:00,R1,101.08576932919487,130,4,Highway,True,26.8,23.0,31.0,0.0,10.4,1016.3,0,0,59,23,1,0,0,0,0,-0.2588190451025215,0.965925826289068,97.12996415537498,81.56692645781708,126.66666666666667,32.5,1.0108576932919489
2025-11-19 00:00:00,R1,108.52783007018292,127,4,Highway,True,27.2,23.0,33.0,0.0,9.9,1015.0,0,0,59,0,2,0,0,0,0,0.0,1.0,102.50923369414075,89.45242156608295,120.0,31.75,1.0852783007018292
2025-11-19 01:00:00,R1,110.83752970352342,131,4,Highway,True,27.2,23.0,33.0,0.0,9.9,1015.0,0,0,59,1,2,0,0,0,0,0.2588190451025207,0.9659258262890684,106.81704303430041,96.83473074154271,129.33333333333334,32.75,1.108375297035234
2025-11-19 02:00:00,R1,99.72749642091432,102,4,Highway,True,27.2,23.0,33.0,0.0,9.9,1015.0,0,0,59,2,2,0,0,0,0,0.4999999999999999,0.8660254037844387,106.3642853982069,101.74712477679093,120.0,25.5,0.9972749642091432
2025-11-19 03:00:00,R1,99.3095285430218,139,4,Highway,True,27.2,23.0,33.0,0.0,9.9,1015.0,0,0,59,3,2,0,0,0,0,0.7071067811865476,0.7071067811865476,103.29151822248652,102.90037595831363,124.0,34.75,0.993095285430218
2025-11-19 04:00:00,R1,100.67934447173452,104,4,Highway,True,27.2,23.0,33.0,0.0,9.9,1015.0,0,0,59,4,2,0,0,0,0,0.8660254037844386,0.5000000000000001,99.9054564785569,103.36124975642865,115.0,26.0,1.0067934447173452
2025-11-19 05:00:00,R1,94.6609452819743,127,4,Highway,True,27.2,23.0,33.0,0.0,9.9,1015.0,0,0,59,5,2,0,0,0,0,0.9659258262890684,0.2588190451025207,98.21660609891023,102.29044574855855,123.33333333333333,31.75,0.9466094528197431
2025-11-19 06:00:00,R1,99.11209562157173,132,4,Highway,True,27.2,23.0,33.0,0.0,9.9,1015.0,0,0,59,6,2,0,0,0,0,1.0,6.123233995736766e-17,98.15079512509355,100.72115667379002,121.0,33.0,0.9911209562157173
2025-11-19 07:00:00,R1,69.63732404665755,88,4,Highway,True,27.2,23.0,33.0,0.0,9.9,1015.0,0,0,59,7,2,0,1,0,1,0.9659258262890684,-0.2588190451025206,87.80345498340121,93.85445573097904,115.66666666666667,22.0,0.6963732404665756
2025-11-19 08:00:00,R1,64.84949554090532,64,4,Highway,True,27.2,23.0,33.0,0.0,9.9,1015.0,0,0,59,8,2,0,1,0,1,0.8660254037844387,-0.4999999999999998,77.86630506971154,88.04145558431088,94.66666666666667,16.0,0.6484949554090532
2025-11-19 09:00:00,R1,64.58200435908704,74,4,Highway,True,27.2,23.0,33.0,0.0,9.9,1015.0,0,0,59,9,2,0,1,0,1,0.7071067811865476,-0.7071067811865475,66.35627464888333,82.2535348869884,75.33333333333333,18.5,0.6458200435908704
2025-11-19 10:00:00,R1,62.02075324746695,94,4,Highway,True,27.2,23.0,33.0,0.0,9.9,1015.0,0,0,59,10,2,0,1,0,1,0.4999999999999999,-0.8660254037844387,63.81741771581979,75.81043634961048,77.33333333333333,23.5,0.6202075324746695
2025-11-19 11:00:00,R1,105.88346548115328,133,4,Highway,True,27.2,23.0,33.0,0.0,9.9,1015.0,0,0,59,11,2,0,0,0,0,0.258819045102521,-0.9659258262890682,77.49540769590244,77.68085638280698,100.33333333333333,33.25,1.0588346548115328
2025-11-19 12:00:00,R1,101.64818525454564,107,4,Highway,True,27.2,23.0,33.0,0.0,9.9,1015.0,0,0,59,12,2,0,0,0,0,1.2246467991473532e-16,-1.0,89.85080132772198,78.10353798830263,111.33333333333333,26.75,1.0164818525454564
2025-11-19 13:00:00,R1,96.38462983077426,122,4,Highway,True,27.2,23.0,33.0,0.0,9.9,1015.0,0,0,59,13,2,0,0,0,0,-0.2588190451025208,-0.9659258262890684,101.30542685549108,82.56142228565541,120.66666666666667,30.5,0.9638462983077426
2025-11-19 14:00:00,R1,101.21067398531008,147,4,Highway,True,27.2,23.0,33.0,0.0,9.9,1015.0,0,0,59,14,2,0,0,0,0,-0.4999999999999997,-0.8660254037844388,99.74782969021003,88.62161869305622,125.33333333333333,36.75,1.0121067398531007
2025-11-19 15:00:00,R1,86.7533304972673,148,4,Highway,True,27.2,23.0,33.0,0.0,9.9,1015.0,0,0,59,15,2,0,0,0,0,-0.7071067811865471,-0.7071067811865479,94.78287810445056,92.31683971608625,139.0,37.0,0.867533304972673
2025-11-19 16:00:00,R1,101.5417119476828,105,4,Highway,True,27.2,23.0,33.0,0.0,9.9,1015.0,0,0,59,16,2,0,0,0,0,-0.8660254037844384,-0.5000000000000004,96.50190547675341,98.90366616612222,133.33333333333334,26.25,1.015417119476828
2025-11-19 17:00:00,R1,61.90961685236758,67,4,Highway,True,27.2,23.0,33.0,0.0,9.9,1015.0,0,0,59,17,2,0,0,1,1,-0.9659258262890684,-0.2588190451025206,83.40155309910591,91.57469139465793,106.66666666666667,16.75,0.6190961685236758
2025-11-19 18:00:00,R1,66.5461858295148,89,4,Highway,True,27.2,23.0,33.0,0.0,9.9,1015.0,0,0,59,18,2,0,0,1,1,-1.0,-1.8369701987210294e-16,76.66583820985507,85.72435815715279,87.0,22.25,0.6654618582951479
2025-11-19 19:00:00,R1,61.45475085566895,72,4,Highway,True,27.2,23.0,33.0,0.0,9.9,1015.0,0,0,59,19,2,0,0,1,1,-0.9659258262890684,0.2588190451025203,63.30351784585046,79.90271166130192,76.0,18.0,0.6145475085566895
2025-11-19 20:00:00,R1,59.501357879079656,86,4,Highway,True,27.2,23.0,33.0,0.0,9.9,1015.0,0,0,59,20,2,0,0,1,1,-0.8660254037844386,0.5000000000000001,62.50076485475449,72.95115897693019,82.33333333333333,21.5,0.5950135787907965
2025-11-19 21:00:00,R1,101.48127662249652,114,4,Highway,True,27.2,23.0,33.0,0.0,9.9,1015.0,0,0,59,21,2,0,0,0,0,-0.7071067811865477,0.7071067811865474,74.14579511908174,75.40581666446839,90.66666666666667,28.5,1.0148127662249653
2025-11-19 22:00:00,R1,101.8477277504848,100,4,Highway,True,27.2,23.0,33.0,0.0,9.9,1015.0,0,0,59,22,2,0,0,0,0,-0.5000000000000004,0.8660254037844384,87.61012075068702,75.45681929826871,100.0,25.0,1.0184772775048478
2025-11-19 23:00:00,R1,98.49090289371286,110,4,Highway,True,27.2,23.0,33.0,0.0,9.9,1015.0,0,0,59,23,2,0,0,0,0,-0.2588190451025215,0.965925826289068,100.60663575556475,81.55370030515958,108.0,27.5,0.9849090289371286
2025-11-20 00:00:00,R1,96.44461124266265,146,4,Highway,True,26.4,20.0,31.0,0.0,11.3,1016.5,0,0,59,0,3,0,0,0,0,0.0,1.0,98.92774729562012,86.5367712073509,118.66666666666667,36.5,0.9644461124266265
2025-11-20 01:00:00,R1,92.1543234004656,147,4,Highway,True,26.4,20.0,31.0,0.0,11.3,1016.5,0,0,59,1,3,0,0,0,0,0.2588190451025207,0.9659258262890684,95.6966125122804,91.65336663148368,134.33333333333334,36.75,0.921543234004656
2025-11-20 02:00:00,R1,103.13766277992607,110,4,Highway,True,26.4,20.0,31.0,0.0,11.3,1016.5,0,0,59,2,3,0,0,0,0,0.4999999999999999,0.8660254037844387,97.24553247435146,98.92608411495809,134.33333333333334,27.5,1.0313766277992606
2025-11-20 03:00:00,R1,99.44595943729983,106,4,Highway,True,26.4,20.0,31.0,0.0,11.3,1016.5,0,0,59,3,3,0,0,0,0,0.7071067811865476,0.7071067811865476,98.24598187256386,98.58686458409197,121.0,26.5,0.9944595943729984
2025-11-20 04:00:00,R1,93.09140612013852,133,4,Highway,True,26.4,20.0,31.0,0.0,11.3,1016.5,0,0,59,4,3,0,0,0,0,0.8660254037844386,0.5000000000000001,98.5583427791215,97.12747764570092,116.33333333333333,33.25,0.9309140612013852
2025-11-20 05:00:00,R1,107.50685675836772,118,4,Highway,True,26.4,20.0,31.0,0.0,11.3,1016.5,0,0,59,5,3,0,0,0,0,0.9659258262890684,0.2588190451025207,100.0147407719354,98.6301366231434,119.0,29.5,1.075068567583677
2025-11-20 06:00:00,R1,102.5379005138155,137,4,Highway,True,26.4,20.0,31.0,0.0,11.3,1016.5,0,0,59,6,3,0,0,0,0,1.0,6.123233995736766e-17,101.0453877974406,99.6456848350022,129.33333333333334,34.25,1.025379005138155
2025-11-20 07:00:00,R1,65.66580968356493,95,4,Highway,True,26.4,20.0,31.0,0.0,11.3,1016.5,0,0,59,7,3,0,1,0,1,0.9659258262890684,-0.2588190451025206,91.90352231858274,95.2309325488521,116.66666666666667,23.75,0.6566580968356494
2025-11-20 08:00:00,R1,58.22041863081873,94,4,Highway,True,26.4,20.0,31.0,0.0,11.3,1016.5,0,0,59,8,3,0,1,0,1,0.8660254037844387,-0.4999999999999998,75.47470960939975,87.74472519066755,108.66666666666667,23.5,0.5822041863081873
2025-11-20 09:00:00,R1,57.55226194464844,84,4,Highway,True,26.4,20.0,31.0,0.0,11.3,1016.5,0,0,59,9,3,0,1,0,1,0.7071067811865476,-0.7071067811865475,60.47949675301073,80.76244227522564,91.0,21.0,0.5755226194464844
2025-11-20 10:00:00,R1,60.56482984840135,64,4,Highway,True,26.4,20.0,31.0,0.0,11.3,1016.5,0,0,59,10,3,0,1,0,1,0.4999999999999999,-0.8660254037844387,58.77917014128953,75.34134622993612,80.66666666666667,16.0,0.6056482984840135
2025-11-20 11:00:00,R1,102.31561406472552,102,4,Highway,True,26.4,20.0,31.0,0.0,11.3,1016.5,0,0,59,11,3,0,0,0,0,0.258819045102521,-0.9659258262890682,73.47756861925846,74.47613911432909,83.33333333333333,25.5,1.0231561406472551
2025-11-20 12:00:00,R1,98.592117689954,117,4,Highway,True,26.4,20.0,31.0,0.0,11.3,1016.5,0,0,59,12,3,0,0,0,0,1.2246467991473532e-16,-1.0,87.15752053436033,73.81850864368549,94.33333333333333,29.25,0.98592117689954
2025-11-20 13:00:00,R1,108.81557816330994,115,4,Highway,True,26.4,20.0,31.0,0.0,11.3,1016.5,0,0,59,13,3,0,0,0,0,-0.2588190451025208,-0.9659258262890684,103.2411033059965,81.01013672364299,111.33333333333333,28.75,1.0881557816330993
2025-11-20 14:00:00,R1,98.57596745869668,136,4,Highway,True,26.4,20.0,31.0,0.0,11.3,1016.5,0,0,59,14,3,0,0,0,0,-0.4999999999999997,-0.8660254037844388,101.99455443732023,87.73606152828933,122.66666666666667,34.0,0.9857596745869668
2025-11-20 15:00:00,R1,101.02419264806753,147,4,Highway,True,26.4,20.0,31.0,0.0,11.3,1016.5,0,0,59,15,3,0,0,0,0,-0.7071067811865471,-0.7071067811865479,102.80524609002475,94.9813833121925,132.66666666666666,36.75,1.0102419264806752
2025-11-20 16:00:00,R1,98.92220532886344,117,4,Highway,True,26.4,20.0,31.0,0.0,11.3,1016.5,0,0,59,16,3,0,0,0,0,-0.8660254037844384,-0.5000000000000004,99.50745514520925,101.37427922560285,133.33333333333334,29.25,0.9892220532886344
2025-11-20 17:00:00,R1,60.75570614448863,69,4,Highway,True,26.4,20.0,31.0,0.0,11.3,1016.5,0,0,59,17,3,0,0,1,1,-0.9659258262890684,-0.2588190451025206,86.90070137380656,94.44762790556337,111.0,17.25,0.6075570614448863
2025-11-20 18:00:00,R1,67.62284422853577,97,4,Highway,True,26.4,20.0,31.0,0.0,11.3,1016.5,0,0,59,18,3,0,0,1,1,-1.0,-1.8369701987210294e-16,75.76691856729597,89.28608232866033,94.33333333333333,24.25,0.6762284422853577
2025-11-20 19:00:00,R1,75.97775237201449,105,4,Highway,True,26.4,20.0,31.0,0.0,11.3,1016.5,0,0,59,19,3,0,0,1,1,-0.9659258262890684,0.2588190451025203,68.11876758167966,83.81311136344442,90.33333333333333,26.25,0.759777523720145
2025-11-20 20:00:00,R1,57.764610572314,106,4,Highway,True,26.4,20.0,31.0,0.0,11.3,1016.5,0,0,59,20,3,0,0,1,1,-0.8660254037844386,0.5000000000000001,67.12173572428811,77.01121854904731,102.66666666666667,26.5,0.57764610572314
2025-11-20 21:00:00,R1,91.77649944789523,102,4,Highway,True,26.4,20.0,31.0,0.0,11.3,1016.5,0,0,59,21,3,0,0,0,0,-0.7071067811865477,0.7071067811865474,75.17295413074127,75.4699363490186,104.33333333333333,25.5,0.9177649944789523
2025-11-20 22:00:00,R1,107.42259174339138,149,4,Highway,True,26.4,20.0,31.0,0.0,11.3,1016.5,0,0,59,22,3,0,0,0,0,-0.5000000000000004,0.8660254037844384,85.65456725453357,76.88666741810658,119.0,37.25,1.0742259174339137
2025-11-20 23:00:00,R1,95.17043235901724,123,4,Highway,True,26.4,20.0,31.0,0.0,11.3,1016.5,0,0,59,23,3,0,0,0,0,-0.2588190451025215,0.965925826289068,98.12317451676797,82.62245512052802,124.66666666666667,30.75,0.9517043235901724
2025-11-21 00:00:00,R1,104.11754419360508,136,4,Highway,True,27.2,22.0,31.0,0.0,9.5,1017.4,0,0,59,0,4,0,0,0,0,0.0,1.0,102.23685609867125,88.70490511470625,136.0,34.0,1.0411754419360508
2025-11-21 01:00:00,R1,105.69089694581768,124,4,Highway,True,27.2,22.0,31.0,0.0,9.5,1017.4,0,0,59,1,4,0,0,0,0,0.2588190451025207,0.9659258262890684,101.65962449948002,93.65709587700677,127.66666666666667,31.0,1.0569089694581768
2025-11-21 02:00:00,R1,110.70119325204304,148,4,Highway,True,27.2,22.0,31.0,0.0,9.5,1017.4,0,0,59,2,4,0,0,0,0,0.4999999999999999,0.8660254037844387,106.8365447971553,102.47985965696161,136.0,37.0,1.1070119325204304
2025-11-21 03:00:00,R1,98.8798118947415,141,4,Highway,True,27.2,22.0,31.0,0.0,9.5,1017.4,0,0,59,3,4,0,0,0,0,0.7071067811865476,0.7071067811865476,105.09063403086743,103.66374506476932,137.66666666666666,35.25,0.988798118947415
2025-11-21 04:00:00,R1,107.54261567109316,102,4,Highway,True,27.2,22.0,31.0,0.0,9.5,1017.4,0,0,59,4,4,0,0,0,0,0.8660254037844386,0.5000000000000001,105.70787360595926,103.68374905271962,130.33333333333334,25.5,1.0754261567109316
2025-11-21 05:00:00,R1,98.91387176660692,122,4,Highway,True,27.2,22.0,31.0,0.0,9.5,1017.4,0,0,59,5,4,0,0,0,0,0.9659258262890684,0.2588190451025207,101.77876644414722,104.30765562065123,121.66666666666667,30.5,0.9891387176660692
2025-11-21 06:00:00,R1,99.29538077993382,116,4,Highway,True,27.2,22.0,31.0,0.0,9.5,1017.4,0,0,59,6,4,0,0,0,0,1.0,6.123233995736766e-17,101.91728940587798,103.5039617183727,113.33333333333333,29.0,0.9929538077993382
2025-11-21 07:00:00,R1,63.22580467649534,96,4,Highway,True,27.2,22.0,31.0,0.0,9.5,1017.4,0,0,59,7,4,0,1,0,1,0.9659258262890684,-0.2588190451025206,87.1450190743454,96.42644634015228,111.33333333333333,24.0,0.6322580467649535
2025-11-21 08:00:00,R1,59.25911429190175,107,4,Highway,True,27.2,22.0,31.0,0.0,9.5,1017.4,0,0,59,8,4,0,1,0,1,0.8660254037844387,-0.4999999999999998,73.926766582777,87.85276651346209,106.33333333333333,26.75,0.5925911429190175
2025-11-21 09:00:00,R1,55.64209435804746,91,4,Highway,True,27.2,22.0,31.0,0.0,9.5,1017.4,0,0,59,9,4,0,1,0,1,0.7071067811865476,-0.7071067811865475,59.37567110881488,80.64648025734641,98.0,22.75,0.5564209435804746
2025-11-21 10:00:00,R1,62.39885286499442,102,4,Highway,True,27.2,22.0,31.0,0.0,9.5,1017.4,0,0,59,10,4,0,1,0,1,0.4999999999999999,-0.8660254037844387,59.10002050498124,73.12251978966329,100.0,25.5,0.6239885286499441
2025-11-21 11:00:00,R1,101.64341809878232,138,4,Highway,True,27.2,22.0,31.0,0.0,9.5,1017.4,0,0,59,11,4,0,0,0,0,0.258819045102521,-0.9659258262890682,73.22812177394142,73.57744417835919,110.33333333333333,34.5,1.0164341809878232
2025-11-21 12:00:00,R1,101.37798501294432,147,4,Highway,True,27.2,22.0,31.0,0.0,9.5,1017.4,0,0,59,12,4,0,0,0,0,1.2246467991473532e-16,-1.0,88.47341865890705,73.92454488386095,129.0,36.75,1.0137798501294433
2025-11-21 13:00:00,R1,92.54036557760443,146,4,Highway,True,27.2,22.0,31.0,0.0,9.5,1017.4,0,0,59,13,4,0,0,0,0,-0.2588190451025208,-0.9659258262890684,98.52058956311038,78.81030503404578,143.66666666666666,36.5,0.9254036557760443
2025-11-21 14:00:00,R1,95.32347447885138,113,4,Highway,True,27.2,22.0,31.0,0.0,9.5,1017.4,0,0,59,14,4,0,0,0,0,-0.4999999999999997,-0.8660254037844388,96.41394168980007,84.82103173187072,135.33333333333334,28.25,0.9532347447885138
2025-11-21 15:00:00,R1,102.29229722620126,121,4,Highway,True,27.2,22.0,31.0,0.0,9.5,1017.4,0,0,59,15,4,0,0,0,0,-0.7071067811865471,-0.7071067811865479,96.71871242755238,92.5960655432297,126.66666666666667,30.25,1.0229229722620126
2025-11-21 16:00:00,R1,100.16089391855596,117,4,Highway,True,27.2,22.0,31.0,0.0,9.5,1017.4,0,0,59,16,4,0,0,0,0,-0.8660254037844384,-0.5000000000000004,99.2588885412029,98.8897390521566,117.0,29.25,1.0016089391855596
2025-11-21 17:00:00,R1,53.09448907104149,76,4,Highway,True,27.2,22.0,31.0,0.0,9.5,1017.4,0,0,59,17,4,0,0,1,1,-0.9659258262890684,-0.2588190451025206,85.18256007193293,90.79825088086648,104.66666666666667,19.0,0.5309448907104148
2025-11-21 18:00:00,R1,73.15056946041629,88,4,Highway,True,27.2,22.0,31.0,0.0,9.5,1017.4,0,0,59,18,4,0,0,1,1,-1.0,-1.8369701987210294e-16,75.46865081667127,86.09368162211179,93.66666666666667,22.0,0.7315056946041629
2025-11-21 19:00:00,R1,54.28169429366108,96,4,Highway,True,27.2,22.0,31.0,0.0,9.5,1017.4,0,0,59,19,4,0,0,1,1,-0.9659258262890684,0.2588190451025203,60.17558427503965,79.71723640812125,86.66666666666667,24.0,0.5428169429366109
2025-11-21 20:00:00,R1,57.18191469794513,70,4,Highway,True,27.2,22.0,31.0,0.0,9.5,1017.4,0,0,59,20,4,0,0,1,1,-0.8660254037844386,0.5000000000000001,61.538059484007526,73.3603097779702,84.66666666666667,17.5,0.5718191469794514
2025-11-21 21:00:00,R1,101.92590562671352,143,4,Highway,True,27.2,22.0,31.0,0.0,9.5,1017.4,0,0,59,21,4,0,0,0,0,-0.7071067811865477,0.7071067811865474,71.1298382061066,73.29924451138892,103.0,35.75,1.019259056267135
2025-11-21 22:00:00,R1,97.4461815137132,106,4,Highway,True,27.2,22.0,31.0,0.0,9.5,1017.4,0,0,59,22,4,0,0,0,0,-0.5000000000000004,0.8660254037844384,85.51800061279063,72.84679244391512,106.33333333333333,26.5,0.974461815137132
2025-11-21 23:00:00,R1,104.64544557931492,122,4,Highway,True,27.2,22.0,31.0,0.0,9.5,1017.4,0,0,59,23,4,0,0,0,0,-0.2588190451025215,0.965925826289068,101.33917757324724,81.43861852862736,123.66666666666667,30.5,1.0464544557931492
2025-11-22 00:00:00,R1,107.90985267495692,117,4,Highway,True,26.9,21.0,33.0,0.0,9.1,1017.3,0,0,59,0,5,1,0,0,0,0.0,1.0,103.33382658932835,87.23183239771747,115.0,29.25,1.0790985267495692
2025-11-22 01:00:00,R1,97.96436951719068,111,4,Highway,True,26.9,21.0,33.0,0.0,9.1,1017.3,0,0,59,1,5,1,0,0,0,0.2588190451025207,0.9659258262890684,103.50655592382084,94.51227826830574,116.66666666666667,27.75,0.9796436951719067
2025-11-22 02:00:00,R1,98.36816632684008,104,4,Highway,True,26.9,21.0,33.0,0.0,9.1,1017.3,0,0,59,2,5,1,0,0,0,0.4999999999999999,0.8660254037844387,101.41412950632923,101.37665353978822,110.66666666666667,26.0,0.9836816632684008
2025-11-22 03:00:00,R1,96.56775120821696,112,4,Highway,True,26.9,21.0,33.0,0.0,9.1,1017.3,0,0,59,3,5,1,0,0,0,0.7071067811865476,0.7071067811865476,97.63342901741593,100.48362780337213,109.0,28.0,0.9656775120821696
2025-11-22 04:00:00,R1,110.48096053499133,117,4,Highway,True,26.9,21.0,33.0,0.0,9.1,1017.3,0,0,59,4,5,1,0,0,0,0.8660254037844386,0.5000000000000001,101.80562602334948,102.65609097358515,111.0,29.25,1.1048096053499132
2025-11-22 05:00:00,R1,101.67536365430628,121,4,Highway,True,26.9,21.0,33.0,0.0,9.1,1017.3,0,0,59,5,5,1,0,0,0,0.9659258262890684,0.2588190451025207,102.90802513250487,102.16107731941703,116.66666666666667,30.25,1.0167536365430627
2025-11-22 06:00:00,R1,102.73918382348592,103,4,Highway,True,26.9,21.0,33.0,0.0,9.1,1017.3,0,0,59,6,5,1,0,0,0,1.0,6.123233995736766e-17,104.96516933759453,101.2992991775052,113.66666666666667,25.75,1.0273918382348592
2025-11-22 07:00:00,R1,60.58355680963822,96,4,Highway,True,26.9,21.0,33.0,0.0,9.1,1017.3,0,0,59,7,5,1,1,0,1,0.9659258262890684,-0.2588190451025206,88.33270142914348,95.06916372624646,106.66666666666667,24.0,0.6058355680963822
2025-11-22 08:00:00,R1,56.309898194187845,79,4,Highway,True,26.9,21.0,33.0,0.0,9.1,1017.3,0,0,59,8,5,1,1,0,1,0.8660254037844387,-0.4999999999999998,73.210879609104,88.05945237080442,92.66666666666667,19.75,0.5630989819418785
2025-11-22 09:00:00,R1,64.26323517155912,96,4,Highway,True,26.9,21.0,33.0,0.0,9.1,1017.3,0,0,59,9,5,1,1,0,1,0.7071067811865476,-0.7071067811865475,60.385563391795074,82.6753663646948,90.33333333333333,24.0,0.6426323517155912
2025-11-22 10:00:00,R1,55.2248591905809,69,4,Highway,True,26.9,21.0,33.0,0.0,9.1,1017.3,0,0,59,10,5,1,1,0,1,0.4999999999999999,-0.8660254037844387,58.59933085210931,73.46601614062638,81.33333333333333,17.25,0.552248591905809
2025-11-22 11:00:00,R1,96.84741004816335,101,4,Highway,True,26.9,21.0,33.0,0.0,9.1,1017.3,0,0,59,11,5,1,0,0,0,0.258819045102521,-0.9659258262890682,72.11183480343448,72.66135720626923,88.66666666666667,25.25,0.9684741004816335
2025-11-22 12:00:00,R1,98.77060304774837,123,4,Highway,True,26.9,21.0,33.0,0.0,9.1,1017.3,0,0,59,12,5,1,0,0,0,1.2246467991473532e-16,-1.0,83.61429076216422,71.99992707697963,97.66666666666667,30.75,0.9877060304774836
2025-11-22 13:00:00,R1,100.58326393153762,126,4,Highway,True,26.9,21.0,33.0,0.0,9.1,1017.3,0,0,59,13,5,1,0,0,0,-0.2588190451025208,-0.9659258262890684,98.73375900914978,78.66654493062953,116.66666666666667,31.5,1.0058326393153763
2025-11-22 14:00:00,R1,106.19669521879284,132,4,Highway,True,26.9,21.0,33.0,0.0,9.1,1017.3,0,0,59,14,5,1,0,0,0,-0.4999999999999997,-0.8660254037844388,101.85018739935963,86.98101110139703,127.0,33.0,1.0619669521879285
2025-11-22 15:00:00,R1,90.93996523107651,134,4,Highway,True,26.9,21.0,33.0,0.0,9.1,1017.3,0,0,59,15,5,1,0,0,0,-0.7071067811865471,-0.7071067811865479,99.23997479380235,91.42713277798326,130.66666666666666,33.5,0.9093996523107651
2025-11-22 16:00:00,R1,100.3560115493419,125,4,Highway,True,26.9,21.0,33.0,0.0,9.1,1017.3,0,0,59,16,5,1,0,0,0,-0.8660254037844384,-0.5000000000000004,99.1642239997371,98.94899150444343,130.33333333333334,31.25,1.003560115493419
2025-11-22 17:00:00,R1,62.625741504456514,69,4,Highway,True,26.9,21.0,33.0,0.0,9.1,1017.3,0,0,59,17,5,1,0,1,1,-0.9659258262890684,-0.2588190451025206,84.640572761625,93.24538008049228,109.33333333333333,17.25,0.6262574150445651
2025-11-22 18:00:00,R1,60.72357561951108,79,4,Highway,True,26.9,21.0,33.0,0.0,9.1,1017.3,0,0,59,18,5,1,0,1,1,-1.0,-1.8369701987210294e-16,74.56844289110317,86.90420884245275,91.0,19.75,0.6072357561951108
2025-11-22 19:00:00,R1,58.17465354808044,75,4,Highway,True,26.9,21.0,33.0,0.0,9.1,1017.3,0,0,59,19,5,1,0,1,1,-0.9659258262890684,0.2588190451025203,60.507990224016034,79.83610711187656,74.33333333333333,18.75,0.5817465354808045
2025-11-22 20:00:00,R1,59.62548769530128,96,4,Highway,True,26.9,21.0,33.0,0.0,9.1,1017.3,0,0,59,20,5,1,0,1,1,-0.8660254037844386,0.5000000000000001,59.50790562096429,72.07423919129462,83.33333333333333,24.0,0.5962548769530128
2025-11-22 21:00:00,R1,94.56500651613138,128,4,Highway,True,26.9,21.0,33.0,0.0,9.1,1017.3,0,0,59,21,5,1,0,0,0,-0.7071067811865477,0.7071067811865474,70.78838258650438,72.67841273880377,99.66666666666667,32.0,0.9456500651613138
2025-11-22 22:00:00,R1,92.32584372516868,144,4,Highway,True,26.9,21.0,33.0,0.0,9.1,1017.3,0,0,59,22,5,1,0,0,0,-0.5000000000000004,0.8660254037844384,82.1721126455338,71.3400514347749,122.66666666666667,36.0,0.9232584372516868
2025-11-22 23:00:00,R1,96.5399514846868,103,4,Highway,True,26.9,21.0,33.0,0.0,9.1,1017.3,0,0,59,23,5,1,0,0,0,-0.2588190451025215,0.965925826289068,94.4769339086623,76.99241976481328,125.0,25.75,0.9653995148468679
2025-11-23 00:00:00,R1,100.42865821199342,111,4,Highway,True,26.6,21.0,32.0,0.0,8.8,1016.9,0,0,59,0,6,1,0,0,0,0.0,1.0,96.43148447394965,83.609933530227,119.33333333333333,27.75,1.0042865821199343
2025-11-23 01:00:00,R1,99.0178071356279,106,4,Highway,True,26.6,21.0,32.0,0.0,8.8,1016.9,0,0,59,1,6,1,0,0,0,0.2588190451025207,0.9659258262890684,98.66213894410272,90.41712579481823,106.66666666666667,26.5,0.990178071356279
2025-11-23 02:00:00,R1,97.86954528987688,122,4,Highway,True,26.6,21.0,32.0,0.0,8.8,1016.9,0,0,59,2,6,1,0,0,0,0.4999999999999999,0.8660254037844387,99.10533687916609,96.79113539391419,113.0,30.5,0.9786954528987688
2025-11-23 03:00:00,R1,100.03801826224556,146,4,Highway,True,26.6,21.0,32.0,0.0,8.8,1016.9,0,0,59,3,6,1,0,0,0,0.7071067811865476,0.7071067811865476,98.97512356258346,97.70330401826654,124.66666666666667,36.5,1.0003801826224556
2025-11-23 04:00:00,R1,92.22265343859708,129,4,Highway,True,26.6,21.0,32.0,0.0,8.8,1016.9,0,0,59,4,6,1,0,0,0,0.8660254037844386,0.5000000000000001,96.71007233023987,97.68610563717128,132.33333333333334,32.25,0.9222265343859708
2025-11-23 05:00:00,R1,100.19661477045908,148,4,Highway,True,26.6,21.0,32.0,0.0,8.8,1016.9,0,0,59,5,6,1,0,0,0,0.9659258262890684,0.2588190451025207,97.48576215710058,98.29554951813333,141.0,37.0,1.0019661477045907
2025-11-23 06:00:00,R1,97.62527526368848,125,4,Highway,True,26.6,21.0,32.0,0.0,8.8,1016.9,0,0,59,6,6,1,0,0,0,1.0,6.123233995736766e-17,96.68151449091489,97.82831902674917,134.0,31.25,0.9762527526368848
2025-11-23 07:00:00,R1,56.45158055510676,66,4,Highway,True,26.6,21.0,32.0,0.0,8.8,1016.9,0,0,59,7,6,1,1,0,1,0.9659258262890684,-0.2588190451025206,84.75782352975146,90.73394792999564,113.0,16.5,0.5645158055510676
2025-11-23 08:00:00,R1,59.05189986165943,79,4,Highway,True,26.6,21.0,32.0,0.0,8.8,1016.9,0,0,59,8,6,1,1,0,1,0.8660254037844387,-0.4999999999999998,71.04291856015158,84.26434035862606,90.0,19.75,0.5905189986165943
2025-11-23 09:00:00,R1,61.94733702144592,91,4,Highway,True,26.6,21.0,32.0,0.0,8.8,1016.9,0,0,59,9,6,1,1,0,1,0.7071067811865476,-0.7071067811865475,59.15027247940406,77.91589348515946,78.66666666666667,22.75,0.6194733702144591
2025-11-23 10:00:00,R1,59.55422931556517,105,4,Highway,True,26.6,21.0,32.0,0.0,8.8,1016.9,0,0,59,10,6,1,1,0,1,0.4999999999999999,-0.8660254037844387,60.184488732890195,72.47115613132081,91.66666666666667,26.25,0.5955422931556518
2025-11-23 11:00:00,R1,91.77699727721432,143,4,Highway,True,26.6,21.0,32.0,0.0,8.8,1016.9,0,0,59,11,6,1,0,0,0,0.258819045102521,-0.9659258262890682,71.09285453807516,71.06788654911335,113.0,35.75,0.9177699727721432
2025-11-23 12:00:00,R1,100.93459349524184,105,4,Highway,True,26.6,21.0,32.0,0.0,8.8,1016.9,0,0,59,12,6,1,0,0,0,1.2246467991473532e-16,-1.0,84.08860669600713,71.61943958770557,117.66666666666667,26.25,1.0093459349524183
2025-11-23 13:00:00,R1,101.29976460593902,142,4,Highway,True,26.6,21.0,32.0,0.0,8.8,1016.9,0,0,59,13,6,1,0,0,0,-0.2588190451025208,-0.9659258262890684,98.00378512613175,79.09413692951095,130.0,35.5,1.0129976460593901
2025-11-23 14:00:00,R1,99.33757698951588,110,4,Highway,True,26.6,21.0,32.0,0.0,8.8,1016.9,0,0,59,14,6,1,0,0,0,-0.4999999999999997,-0.8660254037844388,100.5239783635656,85.80841645082036,119.0,27.5,0.9933757698951589
2025-11-23 15:00:00,R1,101.0601693297178,139,4,Highway,True,26.6,21.0,32.0,0.0,8.8,1016.9,0,0,59,15,6,1,0,0,0,-0.7071067811865471,-0.7071067811865479,100.5658369750576,92.32722183553233,130.33333333333334,34.75,1.010601693297178
2025-11-23 16:00:00,R1,90.3760843450836,126,4,Highway,True,26.6,21.0,32.0,0.0,8.8,1016.9,0,0,59,16,6,1,0,0,0,-0.8660254037844384,-0.5000000000000004,96.92461022143912,97.4641976737854,125.0,31.5,0.903760843450836
2025-11-23 17:00:00,R1,51.64429919894808,69,4,Highway,True,26.6,21.0,32.0,0.0,8.8,1016.9,0,0,59,17,6,1,0,1,1,-0.9659258262890684,-0.2588190451025206,81.02685095791651,90.77541466074103,111.33333333333333,17.25,0.5164429919894808
2025-11-23 18:00:00,R1,54.97208736554043,101,4,Highway,True,26.6,21.0,32.0,0.0,8.8,1016.9,0,0,59,18,6,1,0,1,1,-1.0,-1.8369701987210294e-16,65.66415696985739,83.11499697245746,98.66666666666667,25.25,0.5497208736554043
2025-11-23 19:00:00,R1,58.46665244057768,66,4,Highway,True,26.6,21.0,32.0,0.0,8.8,1016.9,0,0,59,19,6,1,0,1,1,-0.9659258262890684,0.2588190451025203,55.027679668355425,75.97614494489726,78.66666666666667,16.5,0.5846665244057768
2025-11-23 20:00:00,R1,58.52469049098461,109,4,Highway,True,26.6,21.0,32.0,0.0,8.8,1016.9,0,0,59,20,6,1,0,1,1,-0.8660254037844386,0.5000000000000001,57.32114343236759,69.17399719514204,92.0,27.25,0.5852469049098461
2025-11-23 21:00:00,R1,105.58039304604875,107,4,Highway,True,26.6,21.0,32.0,0.0,8.8,1016.9,0,0,59,21,6,1,0,0,0,-0.7071067811865477,0.7071067811865474,74.1905786592037,69.92736781453053,94.0,26.75,1.0558039304604876
2025-11-23 22:00:00,R1,102.35238837475536,136,4,Highway,True,26.6,21.0,32.0,0.0,8.8,1016.9,0,0,59,22,6,1,0,0,0,-0.5000000000000004,0.8660254037844384,88.8191573039296,71.9234184861425,117.33333333333333,34.0,1.0235238837475535
2025-11-23 23:00:00,R1,94.14171638725192,133,4,Highway,True,26.6,21.0,32.0,0.0,8.8,1016.9,0,0,59,23,6,1,0,0,0,-0.2588190451025215,0.965925826289068,100.69149926935204,79.00632135085979,125.33333333333333,33.25,0.9414171638725192
2025-11-24 00:00:00,R1,100.13852359688786,135,4,Highway,True,26.5,22.0,31.0,0.0,10.0,1016.7,0,0,59,0,0,0,0,0,0,0.0,1.0,98.8775427862984,86.53406072275102,134.66666666666666,33.75,1.0013852359688786
2025-11-24 01:00:00,R1,103.95685475606064,117,4,Highway,True,26.5,22.0,31.0,0.0,10.0,1016.7,0,0,59,1,0,0,0,0,0,0.2588190451025207,0.9659258262890684,99.41236491340015,94.11576110866486,128.33333333333334,29.25,1.0395685475606065
2025-11-24 02:00:00,R1,95.0627105317185,133,4,Highway,True,26.5,22.0,31.0,0.0,10.0,1016.7,0,0,59,2,0,0,0,0,0,0.4999999999999999,0.8660254037844387,99.71936296155569,100.20543111545385,128.33333333333334,33.25,0.950627105317185
2025-11-24 03:00:00,R1,101.52408330340816,142,4,Highway,True,26.5,22.0,31.0,0.0,10.0,1016.7,0,0,59,3,0,0,0,0,0,0.7071067811865476,0.7071067811865476,100.18121619706244,99.5293794916804,130.66666666666666,35.5,1.0152408330340816
2025-11-24 04:00:00,R1,104.6796526428735,101,4,Highway,True,26.5,22.0,31.0,0.0,10.0,1016.7,0,0,59,4,0,0,0,0,0,0.8660254037844386,0.5000000000000001,100.42214882600007,99.9172568697001,125.33333333333333,25.25,1.046796526428735
2025-11-24 05:00:00,R1,104.21907316534366,104,4,Highway,True,26.5,22.0,31.0,0.0,10.0,1016.7,0,0,59,5,0,0,0,0,0,0.9659258262890684,0.2588190451025207,103.47426970387512,101.59681633271539,115.66666666666667,26.0,1.0421907316534367
2025-11-24 06:00:00,R1,89.42597267107158,125,4,Highway,True,26.5,22.0,31.0,0.0,10.0,1016.7,0,0,59,6,0,0,0,0,0,1.0,6.123233995736766e-17,99.44156615976294,99.81139117841268,110.0,31.25,0.8942597267107157
2025-11-24 07:00:00,R1,56.81680900273585,70,4,Highway,True,26.5,22.0,31.0,0.0,10.0,1016.7,0,0,59,7,0,0,1,0,1,0.9659258262890684,-0.2588190451025206,83.48728494638371,91.95471688619187,99.66666666666667,17.5,0.5681680900273585
2025-11-24 08:00:00,R1,67.56157827875815,78,4,Highway,True,26.5,22.0,31.0,0.0,10.0,1016.7,0,0,59,8,0,0,1,0,1,0.8660254037844387,-0.4999999999999998,71.26811998418854,87.37119484403182,91.0,19.5,0.6756157827875815
2025-11-24 09:00:00,R1,63.3141694860236,102,4,Highway,True,26.5,22.0,31.0,0.0,10.0,1016.7,0,0,59,9,0,0,1,0,1,0.7071067811865476,-0.7071067811865475,62.56418558917255,81.00287587446773,83.33333333333333,25.5,0.633141694860236
2025-11-24 10:00:00,R1,62.5575151625606,103,4,Highway,True,26.5,22.0,31.0,0.0,10.0,1016.7,0,0,59,10,0,0,1,0,1,0.4999999999999999,-0.8660254037844387,64.47775430911413,73.98251962774891,94.33333333333333,25.75,0.625575151625606
2025-11-24 11:00:00,R1,106.52466136586035,144,4,Highway,True,26.5,22.0,31.0,0.0,10.0,1016.7,0,0,59,11,0,0,0,0,0,0.258819045102521,-0.9659258262890682,77.46544867148152,74.36678432783502,116.33333333333333,36.0,1.0652466136586036
2025-11-24 12:00:00,R1,101.76794134242569,141,4,Highway,True,26.5,22.0,31.0,0.0,10.0,1016.7,0,0,59,12,0,0,0,0,0,1.2246467991473532e-16,-1.0,90.28337262361556,76.42377910639404,129.33333333333334,35.25,1.0176794134242568
2025-11-24 13:00:00,R1,95.87578298344232,133,4,Highway,True,26.5,22.0,31.0,0.0,10.0,1016.7,0,0,59,13,0,0,0,0,0,-0.2588190451025208,-0.9659258262890684,101.38946189724281,82.93360810317846,139.33333333333334,33.25,0.9587578298344233
2025-11-24 14:00:00,R1,96.82153964526414,132,4,Highway,True,26.5,22.0,31.0,0.0,10.0,1016.7,0,0,59,14,0,0,0,0,0,-0.4999999999999997,-0.8660254037844388,98.1550879903774,87.81026833092945,135.33333333333334,33.0,0.9682153964526414
2025-11-24 15:00:00,R1,96.0236896211208,113,4,Highway,True,26.5,22.0,31.0,0.0,10.0,1016.7,0,0,59,15,0,0,0,0,0,-0.7071067811865471,-0.7071067811865479,96.24033741660911,93.2618550201123,126.0,28.25,0.960236896211208
2025-11-24 16:00:00,R1,99.52257077564478,142,4,Highway,True,26.5,22.0,31.0,0.0,10.0,1016.7,0,0,59,16,0,0,0,0,0,-0.8660254037844384,-0.5000000000000004,97.45593334734326,99.42269762229301,129.0,35.5,0.9952257077564478
2025-11-24 17:00:00,R1,58.73448316217755,88,4,Highway,True,26.5,22.0,31.0,0.0,10.0,1016.7,0,0,59,17,0,0,0,1,1,-0.9659258262890684,-0.2588190451025206,84.76024785298105,91.45766792167922,114.33333333333333,22.0,0.5873448316217754
2025-11-24 18:00:00,R1,53.903087466153885,97,4,Highway,True,26.5,22.0,31.0,0.0,10.0,1016.7,0,0,59,18,0,0,0,1,1,-1.0,-1.8369701987210294e-16,70.72004713465876,83.48019227563391,109.0,24.25,0.5390308746615389
2025-11-24 19:00:00,R1,53.5635701549483,74,4,Highway,True,26.5,22.0,31.0,0.0,10.0,1016.7,0,0,59,19,0,0,0,1,1,-0.9659258262890684,0.2588190451025203,55.40038026109326,76.42815680421823,86.33333333333333,18.5,0.535635701549483
2025-11-24 20:00:00,R1,56.14974467483951,63,4,Highway,True,26.5,22.0,31.0,0.0,10.0,1016.7,0,0,59,20,0,0,0,1,1,-0.8660254037844386,0.5000000000000001,54.53880076531391,69.64952430914747,78.0,15.75,0.5614974467483951
2025-11-24 21:00:00,R1,86.09004989865115,107,4,Highway,True,26.5,22.0,31.0,0.0,10.0,1016.7,0,0,59,21,0,0,0,0,0,-0.7071067811865477,0.7071067811865474,65.26778824281301,67.99391768873586,81.33333333333333,26.75,0.8609004989865114
2025-11-24 22:00:00,R1,97.03240299565668,106,4,Highway,True,26.5,22.0,31.0,0.0,10.0,1016.7,0,0,59,22,0,0,0,0,0,-0.5000000000000004,0.8660254037844384,79.7573991897158,67.57888972540452,92.0,26.5,0.9703240299565669
2025-11-24 23:00:00,R1,97.20091762876352,108,4,Highway,True,26.5,22.0,31.0,0.0,10.0,1016.7,0,0,59,23,0,0,0,0,0,-0.2588190451025215,0.965925826289068,93.44112350769046,73.98996213650217,107.0,27.0,0.9720091762876352
2025-11-25 00:00:00,R1,106.33083688759956,105,4,Highway,True,25.6,21.0,31.0,0.0,10.4,1017.2,0,0,59,0,1,0,0,0,0,0.0,1.0,100.18805250400659,82.72792037340979,106.33333333333333,26.25,1.0633083688759957
2025-11-25 01:00:00,R1,96.34960574044894,134,4,Highway,True,25.6,21.0,31.0,0.0,10.4,1017.2,0,0,59,1,1,0,0,0,0,0.2588190451025207,0.9659258262890684,99.96045341893735,89.85892630432654,115.66666666666667,33.5,0.9634960574044894
2025-11-25 02:00:00,R1,97.77396844197943,115,4,Highway,True,25.6,21.0,31.0,0.0,10.4,1017.2,0,0,59,2,1,0,0,0,0,0.4999999999999999,0.8660254037844387,100.15147035667599,96.79629693218321,118.0,28.75,0.9777396844197943
2025-11-25 03:00:00,R1,107.7921718551514,143,4,Highway,True,25.6,21.0,31.0,0.0,10.4,1017.2,0,0,59,3,1,0,0,0,0,0.7071067811865476,0.7071067811865476,100.63858201252661,100.41331725826659,130.66666666666666,35.75,1.077921718551514
2025-11-25 04:00:00,R1,107.77414513538812,123,4,Highway,True,25.6,21.0,31.0,0.0,10.4,1017.2,0,0,59,4,1,0,0,0,0,0.8660254037844386,0.5000000000000001,104.44676181083967,102.20360761488848,127.0,30.75,1.0777414513538812
2025-11-25 05:00:00,R1,90.34236263204882,135,4,Highway,True,25.6,21.0,31.0,0.0,10.4,1017.2,0,0,59,5,1,0,0,0,0,0.9659258262890684,0.2588190451025207,101.96955987419612,101.06051511543605,133.66666666666666,33.75,0.9034236263204882
2025-11-25 06:00:00,R1,105.81756220300268,148,4,Highway,True,25.6,21.0,31.0,0.0,10.4,1017.2,0,0,59,6,1,0,0,0,0,1.0,6.123233995736766e-17,101.31135665681323,100.9749693346699,135.33333333333334,37.0,1.058175622030027
2025-11-25 07:00:00,R1,58.1133478548004,105,4,Highway,True,25.6,21.0,31.0,0.0,10.4,1017.2,0,0,59,7,1,0,1,0,1,0.9659258262890684,-0.2588190451025206,84.75775756328399,94.6022596870618,129.33333333333334,26.25,0.581133478548004
2025-11-25 08:00:00,R1,46.16378421025655,74,4,Highway,True,25.6,21.0,31.0,0.0,10.4,1017.2,0,0,59,8,1,0,1,0,1,0.8660254037844387,-0.4999999999999998,70.0315647560199,86.00056231510798,109.0,18.5,0.46163784210256553
2025-11-25 09:00:00,R1,57.508922241485465,65,4,Highway,True,25.6,21.0,31.0,0.0,10.4,1017.2,0,0,59,9,1,0,1,0,1,0.7071067811865476,-0.7071067811865475,53.92868476884749,77.62002071283034,81.33333333333333,16.25,0.5750892224148546
2025-11-25 10:00:00,R1,63.365249428581606,86,4,Highway,True,25.6,21.0,31.0,0.0,10.4,1017.2,0,0,59,10,1,0,1,0,1,0.4999999999999999,-0.8660254037844387,55.67931862677455,70.21853809502925,75.0,21.5,0.633652494285816
2025-11-25 11:00:00,R1,103.30087314751565,119,4,Highway,True,25.6,21.0,31.0,0.0,10.4,1017.2,0,0,59,11,1,0,0,0,0,0.258819045102521,-0.9659258262890682,74.72501493919425,72.37828984760705,90.0,29.75,1.0330087314751564
2025-11-25 12:00:00,R1,94.00793994035348,148,4,Highway,True,25.6,21.0,31.0,0.0,10.4,1017.2,0,0,59,12,1,0,0,0,0,1.2246467991473532e-16,-1.0,86.89135417215027,70.41001947049885,117.66666666666667,37.0,0.9400793994035348
2025-11-25 13:00:00,R1,101.11879389818756,102,4,Highway,True,25.6,21.0,31.0,0.0,10.4,1017.2,0,0,59,13,1,0,0,0,0,-0.2588190451025208,-0.9659258262890684,99.47586899535224,77.57759381106338,123.0,25.5,1.0111879389818756
2025-11-25 14:00:00,R1,91.78267631751709,105,4,Highway,True,25.6,21.0,31.0,0.0,10.4,1017.2,0,0,59,14,1,0,0,0,0,-0.4999999999999997,-0.8660254037844388,95.63647005201939,85.18074249560681,118.33333333333333,26.25,0.9178267631751709
2025-11-25 15:00:00,R1,105.4766760885164,128,4,Highway,True,25.6,21.0,31.0,0.0,10.4,1017.2,0,0,59,15,1,0,0,0,0,-0.7071067811865471,-0.7071067811865479,99.45938210140703,93.17536813677863,111.66666666666667,32.0,1.054766760885164
2025-11-25 16:00:00,R1,92.41638696092537,146,4,Highway,True,25.6,21.0,31.0,0.0,10.4,1017.2,0,0,59,16,1,0,0,0,0,-0.8660254037844384,-0.5000000000000004,96.55857978898631,98.01722439216927,126.33333333333333,36.5,0.9241638696092537
2025-11-25 17:00:00,R1,63.23032150471418,74,4,Highway,True,25.6,21.0,31.0,0.0,10.4,1017.2,0,0,59,17,1,0,0,1,1,-0.9659258262890684,-0.2588190451025206,87.04112818471867,91.33879911836902,116.0,18.5,0.6323032150471418
2025-11-25 18:00:00,R1,52.84003549519865,85,4,Highway,True,25.6,21.0,31.0,0.0,10.4,1017.2,0,0,59,18,1,0,0,1,1,-1.0,-1.8369701987210294e-16,69.49558132027941,84.47748171084321,101.66666666666667,21.25,0.5284003549519865
2025-11-25 19:00:00,R1,67.60100872937872,76,4,Highway,True,25.6,21.0,31.0,0.0,10.4,1017.2,0,0,59,19,1,0,0,1,1,-0.9659258262890684,0.2588190451025203,61.223788576430536,78.8911841827084,78.33333333333333,19.0,0.6760100872937872
2025-11-25 20:00:00,R1,47.80141358033576,69,4,Highway,True,25.6,21.0,31.0,0.0,10.4,1017.2,0,0,59,20,1,0,0,1,1,-0.8660254037844386,0.5000000000000001,56.080819268304396,71.5609737265115,76.66666666666667,17.25,0.4780141358033576
2025-11-25 21:00:00,R1,104.52535453900964,115,4,Highway,True,25.6,21.0,31.0,0.0,10.4,1017.2,0,0,59,21,1,0,0,0,0,-0.7071067811865477,0.7071067811865474,73.30925894957473,71.40242013492706,86.66666666666667,28.75,1.0452535453900964
2025-11-25 22:00:00,R1,108.67644591221875,113,4,Highway,True,25.6,21.0,31.0,0.0,10.4,1017.2,0,0,59,22,1,0,0,0,0,-0.5000000000000004,0.8660254037844384,87.00107134385473,74.11242996014262,99.0,28.25,1.0867644591221874
2025-11-25 23:00:00,R1,101.70735840702962,119,4,Highway,True,25.6,21.0,31.0,0.0,10.4,1017.2,0,0,59,23,1,0,0,0,0,-0.2588190451025215,0.965925826289068,104.96971961941937,80.52526944386186,115.66666666666667,29.75,1.0170735840702962
2025-11-26 00:00:00,R1,97.22534104675351,121,4,Highway,True,25.3,20.0,30.0,0.0,9.7,1016.5,0,0,59,0,2,0,0,0,0,0.0,1.0,102.53638178866731,87.922820369121,117.66666666666667,30.25,0.9722534104675351
2025-11-26 01:00:00,R1,97.1536283006487,119,4,Highway,True,25.3,20.0,30.0,0.0,9.7,1016.5,0,0,59,1,2,0,0,0,0,0.2588190451025207,0.9659258262890684,98.69544258481064,92.84825696433268,119.66666666666667,29.75,0.9715362830064871
2025-11-26 02:00:00,R1,92.79761246233994,100,4,Highway,True,25.3,20.0,30.0,0.0,9.7,1016.5,0,0,59,2,2,0,0,0,0,0.4999999999999999,0.8660254037844387,95.72552726991408,100.3476234446667,113.33333333333333,25.0,0.9279761246233994
2025-11-26 03:00:00,R1,98.80122203460236,113,4,Highway,True,25.3,20.0,30.0,0.0,9.7,1016.5,0,0,59,3,2,0,0,0,0,0.7071067811865476,0.7071067811865476,96.25082093253036,99.39360136059882,110.66666666666667,28.25,0.9880122203460237
2025-11-26 04:00:00,R1,110.963769760581,101,4,Highway,True,25.3,20.0,30.0,0.0,9.7,1016.5,0,0,59,4,2,0,0,0,0,0.8660254037844386,0.5000000000000001,100.85420141917444,99.77482200199252,104.66666666666667,25.25,1.10963769760581
2025-11-26 05:00:00,R1,100.60130272591913,141,4,Highway,True,25.3,20.0,30.0,0.0,9.7,1016.5,0,0,59,5,2,0,0,0,0,0.9659258262890684,0.2588190451025207,103.45543150703418,99.59047938847412,118.33333333333333,35.25,1.0060130272591912
2025-11-26 06:00:00,R1,100.12204255710417,115,4,Highway,True,25.3,20.0,30.0,0.0,9.7,1016.5,0,0,59,6,2,0,0,0,0,1.0,6.123233995736766e-17,103.89570501453478,100.07326297353255,119.0,28.75,1.0012204255710417
2025-11-26 07:00:00,R1,61.20616233313341,79,4,Highway,True,25.3,20.0,30.0,0.0,9.7,1016.5,0,0,59,7,2,0,1,0,1,0.9659258262890684,-0.2588190451025206,87.30983587205226,94.08201864561335,111.66666666666667,19.75,0.6120616233313342
2025-11-26 08:00:00,R1,63.21603142945074,71,4,Highway,True,25.3,20.0,30.0,0.0,9.7,1016.5,0,0,59,8,2,0,1,0,1,0.8660254037844387,-0.4999999999999998,74.84807877322946,89.1517551401318,88.33333333333333,17.75,0.6321603142945074
2025-11-26 09:00:00,R1,55.51957903017272,69,4,Highway,True,25.3,20.0,30.0,0.0,9.7,1016.5,0,0,59,9,2,0,1,0,1,0.7071067811865476,-0.7071067811865475,59.98059093091897,81.93814797272687,73.0,17.25,0.5551957903017272
2025-11-26 10:00:00,R1,68.9096107731576,66,4,Highway,True,25.3,20.0,30.0,0.0,9.7,1016.5,0,0,59,10,2,0,1,0,1,0.4999999999999999,-0.8660254037844387,62.5484070775937,74.92912147482296,68.66666666666667,16.5,0.6890961077315759
2025-11-26 11:00:00,R1,102.89309288257012,113,4,Highway,True,25.3,20.0,30.0,0.0,9.7,1016.5,0,0,59,11,2,0,0,0,0,0.258819045102521,-0.9659258262890682,75.77409422863349,75.31108650093145,82.66666666666667,28.25,1.0289309288257011
2025-11-26 12:00:00,R1,101.91507120315998,122,4,Highway,True,25.3,20.0,30.0,0.0,9.7,1016.5,0,0,59,12,2,0,0,0,0,1.2246467991473532e-16,-1.0,91.23925828629592,75.60992460860743,100.33333333333333,30.5,1.0191507120316
2025-11-26 13:00:00,R1,106.13808668189944,118,4,Highway,True,25.3,20.0,30.0,0.0,9.7,1016.5,0,0,59,13,2,0,0,0,0,-0.2588190451025208,-0.9659258262890684,103.64875025587652,83.0985786667351,117.66666666666667,29.5,1.0613808668189944
2025-11-26 14:00:00,R1,98.26484413454212,115,4,Highway,True,25.3,20.0,30.0,0.0,9.7,1016.5,0,0,59,14,2,0,0,0,0,-0.4999999999999997,-0.8660254037844388,102.10600067320054,88.94004745091699,118.33333333333333,28.75,0.9826484413454212
2025-11-26 15:00:00,R1,95.10641763215924,107,4,Highway,True,25.3,20.0,30.0,0.0,9.7,1016.5,0,0,59,15,2,0,0,0,0,-0.7071067811865471,-0.7071067811865479,99.83644948286695,95.53785388458141,113.33333333333333,26.75,0.9510641763215923
2025-11-26 16:00:00,R1,107.71980858999426,149,4,Highway,True,25.3,20.0,30.0,0.0,9.7,1016.5,0,0,59,16,2,0,0,0,0,-0.8660254037844384,-0.5000000000000004,100.36369011889856,102.00622018738751,123.66666666666667,37.25,1.0771980858999426
2025-11-26 17:00:00,R1,59.14907401843804,97,4,Highway,True,25.3,20.0,30.0,0.0,9.7,1016.5,0,0,59,17,2,0,0,1,1,-0.9659258262890684,-0.2588190451025206,87.3251000801972,94.71555037669884,117.66666666666667,24.25,0.5914907401843804
2025-11-26 18:00:00,R1,62.86121628069058,63,4,Highway,True,25.3,20.0,30.0,0.0,9.7,1016.5,0,0,59,18,2,0,0,1,1,-1.0,-1.8369701987210294e-16,76.57669962970765,88.2065745562873,103.0,15.75,0.6286121628069058
2025-11-26 19:00:00,R1,56.44519129416508,96,4,Highway,True,25.3,20.0,30.0,0.0,9.7,1016.5,0,0,59,19,2,0,0,1,1,-0.9659258262890684,0.2588190451025203,59.485160531097925,79.92442532499821,85.33333333333333,24.0,0.5644519129416508
2025-11-26 20:00:00,R1,54.80762172286433,87,4,Highway,True,25.3,20.0,30.0,0.0,9.7,1016.5,0,0,59,20,2,0,0,1,1,-0.8660254037844386,0.5000000000000001,58.03800976590668,72.68155492305192,82.0,21.75,0.5480762172286433
2025-11-26 21:00:00,R1,104.67055095619456,135,4,Highway,True,25.3,20.0,30.0,0.0,9.7,1016.5,0,0,59,21,2,0,0,0,0,-0.7071067811865477,0.7071067811865474,71.97445465774135,74.27557714372448,106.0,33.75,1.0467055095619455
2025-11-26 22:00:00,R1,96.55448194200616,122,4,Highway,True,25.3,20.0,30.0,0.0,9.7,1016.5,0,0,59,22,2,0,0,0,0,-0.5000000000000004,0.8660254037844384,85.34421820702171,72.41468936905979,114.66666666666667,30.5,0.9655448194200617
2025-11-26 23:00:00,R1,99.16429968411082,130,4,Highway,True,25.3,20.0,30.0,0.0,9.7,1016.5,0,0,59,23,2,0,0,0,0,-0.2588190451025215,0.965925826289068,100.12977752743721,79.08389364667192,129.0,32.5,0.9916429968411081
2025-11-27 00:00:00,R1,93.85034791299556,141,4,Highway,True,25.2,21.0,29.0,0.0,8.8,1016.8,0,0,59,0,3,0,0,0,0,0.0,1.0,96.5230431797042,84.24874891872275,131.0,35.25,0.9385034791299556
2025-11-27 01:00:00,R1,107.0999300006806,140,4,Highway,True,25.2,21.0,29.0,0.0,8.8,1016.8,0,0,59,1,3,0,0,0,0,0.2588190451025207,0.9659258262890684,100.03819253259569,92.69120536980869,137.0,35.0,1.070999300006806
2025-11-27 02:00:00,R1,104.79247248406406,138,4,Highway,True,25.2,21.0,29.0,0.0,8.8,1016.8,0,0,59,2,3,0,0,0,0,0.4999999999999999,0.8660254037844387,101.9142501325801,101.02201383000863,139.66666666666666,34.5,1.0479247248406407
2025-11-27 03:00:00,R1,92.18691958665298,137,4,Highway,True,25.2,21.0,29.0,0.0,8.8,1016.8,0,0,59,3,3,0,0,0,0,0.7071067811865476,0.7071067811865476,101.35977402379923,98.94140860175169,138.33333333333334,34.25,0.9218691958665297
2025-11-27 04:00:00,R1,100.07743410405386,117,4,Highway,True,25.2,21.0,29.0,0.0,8.8,1016.8,0,0,59,4,3,0,0,0,0,0.8660254037844386,0.5000000000000001,99.01894205825698,99.5285672954263,130.66666666666666,29.25,1.0007743410405388
2025-11-27 05:00:00,R1,106.08808257306168,118,4,Highway,True,25.2,21.0,29.0,0.0,8.8,1016.8,0,0,59,5,3,0,0,0,0,0.9659258262890684,0.2588190451025207,99.45081208792287,100.68253111025145,124.0,29.5,1.0608808257306168
2025-11-27 06:00:00,R1,109.97270604376445,132,4,Highway,True,25.2,21.0,29.0,0.0,8.8,1016.8,0,0,59,6,3,0,0,0,0,1.0,6.123233995736766e-17,105.37940757362668,103.36959079871293,122.33333333333333,33.0,1.0997270604376446
2025-11-27 07:00:00,R1,52.67920537201771,91,4,Highway,True,25.2,21.0,29.0,0.0,8.8,1016.8,0,0,59,7,3,0,1,0,1,0.9659258262890684,-0.2588190451025206,89.57999799628129,94.29947002726912,113.66666666666667,22.75,0.5267920537201771
2025-11-27 08:00:00,R1,55.01179277892331,70,4,Highway,True,25.2,21.0,29.0,0.0,8.8,1016.8,0,0,59,8,3,0,1,0,1,0.8660254037844387,-0.4999999999999998,72.55456806490184,86.00269007641232,97.66666666666667,17.5,0.5501179277892331
2025-11-27 09:00:00,R1,54.94529359768632,74,4,Highway,True,25.2,21.0,29.0,0.0,8.8,1016.8,0,0,59,9,3,0,1,0,1,0.7071067811865476,-0.7071067811865475,54.21209724954247,79.79575241158456,78.33333333333333,18.5,0.5494529359768632
2025-11-27 10:00:00,R1,51.95944056747641,101,4,Highway,True,25.2,21.0,29.0,0.0,8.8,1016.8,0,0,59,10,3,0,1,0,1,0.4999999999999999,-0.8660254037844387,53.972175648028696,71.77608682215498,81.66666666666667,25.25,0.5195944056747641
2025-11-27 11:00:00,R1,99.98269100973393,128,4,Highway,True,25.2,21.0,29.0,0.0,8.8,1016.8,0,0,59,11,3,0,0,0,0,0.258819045102521,-0.9659258262890682,68.9624750582989,70.75852156160035,101.0,32.0,0.9998269100973393
2025-11-27 12:00:00,R1,97.52784814228788,126,4,Highway,True,25.2,21.0,29.0,0.0,8.8,1016.8,0,0,59,12,3,0,0,0,0,1.2246467991473532e-16,-1.0,83.15665990649943,68.68437857802093,118.33333333333333,31.5,0.9752784814228788
2025-11-27 13:00:00,R1,100.63673438550018,125,4,Highway,True,25.2,21.0,29.0,0.0,8.8,1016.8,0,0,59,13,3,0,0,0,0,-0.2588190451025208,-0.9659258262890684,99.38242451250734,76.67730008026801,126.33333333333333,31.25,1.0063673438550018
2025-11-27 14:00:00,R1,97.76388481105016,127,4,Highway,True,25.2,21.0,29.0,0.0,8.8,1016.8,0,0,59,14,3,0,0,0,0,-0.4999999999999997,-0.8660254037844388,98.64282244627942,83.80264875228914,126.0,31.75,0.9776388481105016
2025-11-27 15:00:00,R1,96.9115556763116,116,4,Highway,True,25.2,21.0,29.0,0.0,8.8,1016.8,0,0,59,15,3,0,0,0,0,-0.7071067811865471,-0.7071067811865479,98.43739162428733,90.79702576539336,122.66666666666667,29.0,0.9691155567631159
2025-11-27 16:00:00,R1,100.79398907166296,147,4,Highway,True,25.2,21.0,29.0,0.0,8.8,1016.8,0,0,59,16,3,0,0,0,0,-0.8660254037844384,-0.5000000000000004,98.48980985300825,98.9361171827578,130.0,36.75,1.0079398907166297
2025-11-27 17:00:00,R1,63.02577231200012,72,4,Highway,True,25.2,21.0,29.0,0.0,8.8,1016.8,0,0,59,17,3,0,0,1,1,-0.9659258262890684,-0.2588190451025206,86.91043901999159,92.77663073313549,111.66666666666667,18.0,0.6302577231200012
2025-11-27 18:00:00,R1,56.68863983655626,69,4,Highway,True,25.2,21.0,29.0,0.0,8.8,1016.8,0,0,59,18,3,0,0,1,1,-1.0,-1.8369701987210294e-16,73.5028004067398,85.97009601551355,96.0,17.25,0.5668863983655626
2025-11-27 19:00:00,R1,61.8587026590032,102,4,Highway,True,25.2,21.0,29.0,0.0,8.8,1016.8,0,0,59,19,3,0,0,1,1,-0.9659258262890684,0.2588190451025203,60.524371602519885,79.50709072776405,81.0,25.5,0.618587026590032
2025-11-27 20:00:00,R1,59.89565840628287,97,4,Highway,True,25.2,21.0,29.0,0.0,8.8,1016.8,0,0,59,20,3,0,0,1,1,-0.8660254037844386,0.5000000000000001,59.48100030061412,73.19571966030283,89.33333333333333,24.25,0.5989565840628287
2025-11-27 21:00:00,R1,93.58710501035696,138,4,Highway,True,25.2,21.0,29.0,0.0,8.8,1016.8,0,0,59,21,3,0,0,0,0,-0.7071067811865477,0.7071067811865474,71.78048869188103,72.6416445493104,112.33333333333333,34.5,0.9358710501035696
2025-11-27 22:00:00,R1,94.60924479671375,110,4,Highway,True,25.2,21.0,29.0,0.0,8.8,1016.8,0,0,59,22,3,0,0,0,0,-0.5000000000000004,0.8660254037844384,82.69733607111787,71.61085383681886,115.0,27.5,0.9460924479671375
2025-11-27 23:00:00,R1,101.605831439172,145,4,Highway,True,25.2,21.0,29.0,0.0,8.8,1016.8,0,0,59,23,3,0,0,0,0,-0.2588190451025215,0.965925826289068,96.60072708208092,78.04086369134751,131.0,36.25,1.01605831439172
2025-11-28 00:00:00,R1,98.57497832450248,146,4,Highway,True,25.1,22.0,28.0,0.0,9.6,1017.8,0,0,59,0,4,0,0,0,0,0.0,1.0,98.26335152012943,85.02192010600521,133.66666666666666,36.5,0.9857497832450248
2025-11-28 01:00:00,R1,97.18247642830616,146,4,Highway,True,25.1,22.0,28.0,0.0,9.6,1017.8,0,0,59,1,4,0,0,0,0,0.2588190451025207,0.9659258262890684,99.1210953973269,90.90921573422237,145.66666666666666,36.5,0.9718247642830616
2025-11-28 02:00:00,R1,99.61934755145649,143,4,Highway,True,25.1,22.0,28.0,0.0,9.6,1017.8,0,0,59,2,4,0,0,0,0,0.4999999999999999,0.8660254037844387,98.45893410142173,97.5298305917513,145.0,35.75,0.9961934755145648
2025-11-28 03:00:00,R1,103.9466605868744,136,4,Highway,True,25.1,22.0,28.0,0.0,9.6,1017.8,0,0,59,3,4,0,0,0,0,0.7071067811865476,0.7071067811865476,100.2494948555457,99.25642318783754,141.66666666666666,34.0,1.039466605868744
2025-11-28 04:00:00,R1,104.5758224458778,125,4,Highway,True,25.1,22.0,28.0,0.0,9.6,1017.8,0,0,59,4,4,0,0,0,0,0.8660254037844386,0.5000000000000001,102.71394352806958,100.91751946269822,134.66666666666666,31.25,1.045758224458778
2025-11-28 05:00:00,R1,95.76676963805636,116,4,Highway,True,25.1,22.0,28.0,0.0,9.6,1017.8,0,0,59,5,4,0,0,0,0,0.9659258262890684,0.2588190451025207,101.42975089026953,99.9443424958456,125.66666666666667,29.0,0.9576676963805636
2025-11-28 06:00:00,R1,92.38417834944116,122,4,Highway,True,25.1,22.0,28.0,0.0,9.6,1017.8,0,0,59,6,4,0,0,0,0,1.0,6.123233995736766e-17,97.57559014445847,98.91254250000206,121.0,30.5,0.9238417834944116
2025-11-28 07:00:00,R1,60.66341094794309,77,4,Highway,True,25.1,22.0,28.0,0.0,9.6,1017.8,0,0,59,7,4,0,1,0,1,0.9659258262890684,-0.2588190451025206,82.9381196451469,92.82603158660822,105.0,19.25,0.606634109479431
2025-11-28 08:00:00,R1,67.59580851227287,75,4,Highway,True,25.1,22.0,28.0,0.0,9.6,1017.8,0,0,59,8,4,0,1,0,1,0.8660254037844387,-0.4999999999999998,73.54779926988573,87.48877508007762,91.33333333333333,18.75,0.6759580851227287
2025-11-28 09:00:00,R1,66.5945158769303,63,4,Highway,True,25.1,22.0,28.0,0.0,9.6,1017.8,0,0,59,9,4,0,1,0,1,0.7071067811865476,-0.7071067811865475,64.9512451123821,81.26341762842027,71.66666666666667,15.75,0.665945158769303
2025-11-28 10:00:00,R1,62.7176468806276,95,4,Highway,True,25.1,22.0,28.0,0.0,9.6,1017.8,0,0,59,10,4,0,1,0,1,0.4999999999999999,-0.8660254037844387,65.63599042327694,74.28705503421189,77.66666666666667,23.75,0.627176468806276
2025-11-28 11:00:00,R1,86.87082813480627,136,4,Highway,True,25.1,22.0,28.0,0.0,9.6,1017.8,0,0,59,11,4,0,0,0,0,0.258819045102521,-0.9659258262890682,72.0609969641214,72.80439811700354,98.0,34.0,0.8687082813480628
2025-11-28 12:00:00,R1,96.54892603781757,142,4,Highway,True,25.1,22.0,28.0,0.0,9.6,1017.8,0,0,59,12,4,0,0,0,0,1.2246467991473532e-16,-1.0,82.04580035108383,73.49852273173295,124.33333333333333,35.5,0.9654892603781756
2025-11-28 13:00:00,R1,101.34712634732604,114,4,Highway,True,25.1,22.0,28.0,0.0,9.6,1017.8,0,0,59,13,4,0,0,0,0,-0.2588190451025208,-0.9659258262890684,94.92229350664998,80.27914196496344,130.66666666666666,28.5,1.0134712634732603
2025-11-28 14:00:00,R1,96.58865212285106,126,4,Highway,True,25.1,22.0,28.0,0.0,9.6,1017.8,0,0,59,14,4,0,0,0,0,-0.4999999999999997,-0.8660254037844388,98.16156816933157,85.11128256672647,127.33333333333333,31.5,0.9658865212285106
2025-11-28 15:00:00,R1,95.05578401562728,144,4,Highway,True,25.1,22.0,28.0,0.0,9.6,1017.8,0,0,59,15,4,0,0,0,0,-0.7071067811865471,-0.7071067811865479,97.66385416193481,89.8548272565093,128.0,36.0,0.9505578401562729
2025-11-28 16:00:00,R1,95.97328584387742,119,4,Highway,True,25.1,22.0,28.0,0.0,9.6,1017.8,0,0,59,16,4,0,0,0,0,-0.8660254037844384,-0.5000000000000004,95.87257399411861,95.39743375038427,129.66666666666666,29.75,0.9597328584387742
2025-11-28 17:00:00,R1,55.13021860748223,109,4,Highway,True,25.1,22.0,28.0,0.0,9.6,1017.8,0,0,59,17,4,0,0,1,1,-0.9659258262890684,-0.2588190451025206,82.05309615566233,90.10733216249695,124.0,27.25,0.5513021860748223
2025-11-28 18:00:00,R1,54.58496855052692,72,4,Highway,True,25.1,22.0,28.0,0.0,9.6,1017.8,0,0,59,18,4,0,0,1,1,-1.0,-1.8369701987210294e-16,68.56282433396221,83.11333924794849,100.0,18.0,0.5458496855052692
2025-11-28 19:00:00,R1,56.39623998250779,67,4,Highway,True,25.1,22.0,28.0,0.0,9.6,1017.8,0,0,59,19,4,0,0,1,1,-0.9659258262890684,0.2588190451025203,55.37047571350566,75.62152485381212,82.66666666666667,16.75,0.5639623998250779
2025-11-28 20:00:00,R1,60.86952537320667,87,4,Highway,True,25.1,22.0,28.0,0.0,9.6,1017.8,0,0,59,20,4,0,0,1,1,-0.8660254037844386,0.5000000000000001,57.283577968747146,69.66833706220471,75.33333333333333,21.75,0.6086952537320667
2025-11-28 21:00:00,R1,91.02639790342684,141,4,Highway,True,25.1,22.0,28.0,0.0,9.6,1017.8,0,0,59,21,4,0,0,0,0,-0.7071067811865477,0.7071067811865474,69.43072108638046,68.99677271017131,98.33333333333333,35.25,0.9102639790342684
2025-11-28 22:00:00,R1,103.14208655624329,101,4,Highway,True,25.1,22.0,28.0,0.0,9.6,1017.8,0,0,59,22,4,0,0,0,0,-0.5000000000000004,0.8660254037844384,85.01266994429228,70.19157282889896,109.66666666666667,25.25,1.0314208655624328
2025-11-28 23:00:00,R1,105.20541259424652,131,4,Highway,True,25.1,22.0,28.0,0.0,9.6,1017.8,0,0,59,23,4,0,0,0,0,-0.2588190451025215,0.965925826289068,99.79129901797224,78.53743849335967,124.33333333333333,32.75,1.0520541259424652
2025-11-29 00:00:00,R1,105.53587598971632,113,4,Highway,True,25.4,22.0,28.0,0.0,10.8,1016.8,0,0,59,0,5,1,0,0,0,0.0,1.0,104.62779171340206,87.02925639989125,115.0,28.25,1.0553587598971632
2025-11-29 01:00:00,R1,99.1324618671934,138,4,Highway,True,25.4,22.0,28.0,0.0,10.8,1016.8,0,0,59,1,5,1,0,0,0,0.2588190451025207,0.9659258262890684,103.29125015038544,94.15196004733885,127.33333333333333,34.5,0.991324618671934
2025-11-29 02:00:00,R1,94.03166526022652,125,4,Highway,True,25.4,22.0,28.0,0.0,10.8,1016.8,0,0,59,2,5,1,0,0,0,0.4999999999999999,0.8660254037844387,99.5666677057121,99.67898336184214,125.33333333333333,31.25,0.9403166526022652
2025-11-29 03:00:00,R1,104.12652191676516,122,4,Highway,True,25.4,22.0,28.0,0.0,10.8,1016.8,0,0,59,3,5,1,0,0,0,0.7071067811865476,0.7071067811865476,99.09688301472836,101.8623373640652,128.33333333333334,30.5,1.0412652191676515
2025-11-29 04:00:00,R1,103.3381690789384,134,4,Highway,True,25.4,22.0,28.0,0.0,10.8,1016.8,0,0,59,4,5,1,0,0,0,0.8660254037844386,0.5000000000000001,100.49878541864338,101.89501778451438,127.0,33.5,1.033381690789384
2025-11-29 05:00:00,R1,97.77028945854671,113,4,Highway,True,25.4,22.0,28.0,0.0,10.8,1016.8,0,0,59,5,5,1,0,0,0,0.9659258262890684,0.2588190451025207,101.74499348475011,100.65583059523108,123.0,28.25,0.9777028945854671
2025-11-29 06:00:00,R1,103.33657849490022,106,4,Highway,True,25.4,22.0,28.0,0.0,10.8,1016.8,0,0,59,6,5,1,0,0,0,1.0,6.123233995736766e-17,101.48167901079513,100.28928101276175,117.66666666666667,26.5,1.0333657849490023
2025-11-29 07:00:00,R1,56.12122698534432,93,4,Highway,True,25.4,22.0,28.0,0.0,10.8,1016.8,0,0,59,7,5,1,1,0,1,0.9659258262890684,-0.2588190451025206,85.74269831293044,93.1207418657869,104.0,23.25,0.5612122698534432
2025-11-29 08:00:00,R1,59.90543807636944,104,4,Highway,True,25.4,22.0,28.0,0.0,10.8,1016.8,0,0,59,8,5,1,1,0,1,0.8660254037844387,-0.4999999999999998,73.12108118553802,87.43303733514404,101.0,26.0,0.5990543807636944
2025-11-29 09:00:00,R1,65.13964031431227,73,4,Highway,True,25.4,22.0,28.0,0.0,10.8,1016.8,0,0,59,9,5,1,1,0,1,0.7071067811865476,-0.7071067811865475,60.38876845867537,80.93522373473523,90.0,18.25,0.6513964031431227
2025-11-29 10:00:00,R1,60.80402737934016,106,4,Highway,True,25.4,22.0,28.0,0.0,10.8,1016.8,0,0,59,10,5,1,1,0,1,0.4999999999999999,-0.8660254037844387,61.94970192334065,73.84620011813551,94.33333333333333,26.5,0.6080402737934016
2025-11-29 11:00:00,R1,98.05515560143812,113,4,Highway,True,25.4,22.0,28.0,0.0,10.8,1016.8,0,0,59,11,5,1,0,0,0,0.258819045102521,-0.9659258262890682,74.66627443169686,73.89367780861743,97.33333333333333,28.25,0.9805515560143812
2025-11-29 12:00:00,R1,105.11302015497996,121,4,Highway,True,25.4,22.0,28.0,0.0,10.8,1016.8,0,0,59,12,5,1,0,0,0,1.2246467991473532e-16,-1.0,87.99073437858611,74.18975141863072,113.33333333333333,30.25,1.0511302015497996
2025-11-29 13:00:00,R1,93.95940806056788,102,4,Highway,True,25.4,22.0,28.0,0.0,10.8,1016.8,0,0,59,13,5,1,0,0,0,-0.2588190451025208,-0.9659258262890684,99.04252793899535,80.49611493116798,112.0,25.5,0.9395940806056788
2025-11-29 14:00:00,R1,98.38995995677672,105,4,Highway,True,25.4,22.0,28.0,0.0,10.8,1016.8,0,0,59,14,5,1,0,0,0,-0.4999999999999997,-0.8660254037844388,99.15412939077487,86.91020191123584,109.33333333333333,26.25,0.9838995995677672
2025-11-29 15:00:00,R1,92.82884775521244,111,4,Highway,True,25.4,22.0,28.0,0.0,10.8,1016.8,0,0,59,15,5,1,0,0,0,-0.7071067811865471,-0.7071067811865479,95.05940525751903,91.52506981805254,106.0,27.75,0.9282884775521244
2025-11-29 16:00:00,R1,106.53489801960664,122,4,Highway,True,25.4,22.0,28.0,0.0,10.8,1016.8,0,0,59,16,5,1,0,0,0,-0.8660254037844384,-0.5000000000000004,99.25123524386528,99.1468815914303,112.66666666666667,30.5,1.0653489801960665
2025-11-29 17:00:00,R1,48.51470994943561,92,4,Highway,True,25.4,22.0,28.0,0.0,10.8,1016.8,0,0,59,17,5,1,0,1,1,-0.9659258262890684,-0.2588190451025206,82.62615190808492,90.89014064942988,108.33333333333333,23.0,0.48514709949435614
2025-11-29 18:00:00,R1,53.25841898325649,61,4,Highway,True,25.4,22.0,28.0,0.0,10.8,1016.8,0,0,59,18,5,1,0,1,1,-1.0,-1.8369701987210294e-16,69.4360089840996,82.2477071208093,91.66666666666667,15.25,0.532584189832565
2025-11-29 19:00:00,R1,63.78333728274442,108,4,Highway,True,25.4,22.0,28.0,0.0,10.8,1016.8,0,0,59,19,5,1,0,1,1,-0.9659258262890684,0.2588190451025203,55.18548873847886,77.21836199117206,87.0,27.0,0.6378333728274442
2025-11-29 20:00:00,R1,66.4372147868586,101,4,Highway,True,25.4,22.0,28.0,0.0,10.8,1016.8,0,0,59,20,5,1,0,1,1,-0.8660254037844386,0.5000000000000001,61.15965701761985,71.89290446285237,90.0,25.25,0.664372147868586
2025-11-29 21:00:00,R1,103.07583931798966,123,4,Highway,True,25.4,22.0,28.0,0.0,10.8,1016.8,0,0,59,21,5,1,0,0,0,-0.7071067811865477,0.7071067811865474,77.76546379586425,73.60073638998192,110.66666666666667,30.75,1.0307583931798967
2025-11-29 22:00:00,R1,95.25521163549212,138,4,Highway,True,25.4,22.0,28.0,0.0,10.8,1016.8,0,0,59,22,5,1,0,0,0,-0.5000000000000004,0.8660254037844384,88.25608858011348,71.72078865929616,120.66666666666667,34.5,0.9525521163549212
2025-11-29 23:00:00,R1,101.5947109174686,131,4,Highway,True,25.4,22.0,28.0,0.0,10.8,1016.8,0,0,59,23,5,1,0,0,0,-0.2588190451025215,0.965925826289068,99.97525395698347,80.56745548730166,130.66666666666666,32.75,1.0159471091746861
2025-11-30 00:00:00,R1,105.45443641351228,120,4,Highway,True,25.0,20.0,29.0,0.0,9.0,1016.2,0,0,59,0,6,1,0,0,0,0.0,1.0,100.76811965549102,89.2667917256776,129.66666666666666,30.0,1.0545443641351229
2025-11-30 01:00:00,R1,93.41745446435657,123,4,Highway,True,25.0,20.0,29.0,0.0,9.0,1016.2,0,0,59,1,6,1,0,0,0,0.2588190451025207,0.9659258262890684,100.15553393177917,94.2058112559463,124.66666666666667,30.75,0.9341745446435656
2025-11-30 02:00:00,R1,94.12351340982704,120,4,Highway,True,25.0,20.0,29.0,0.0,9.0,1016.2,0,0,59,2,6,1,0,0,0,0.4999999999999999,0.8660254037844387,97.6651347625653,98.82019435977439,121.0,30.0,0.9412351340982704
2025-11-30 03:00:00,R1,111.48849231873162,143,4,Highway,True,25.0,20.0,29.0,0.0,9.0,1016.2,0,0,59,3,6,1,0,0,0,0.7071067811865476,0.7071067811865476,99.67648673097176,100.22230319323137,128.66666666666666,35.75,1.1148849231873161
2025-11-30 04:00:00,R1,89.58726195246433,126,4,Highway,True,25.0,20.0,29.0,0.0,9.0,1016.2,0,0,59,4,6,1,0,0,0,0.8660254037844386,0.5000000000000001,98.39975589367434,99.27764491272673,129.66666666666666,31.5,0.8958726195246434
2025-11-30 05:00:00,R1,103.8340067056843,136,4,Highway,True,25.0,20.0,29.0,0.0,9.0,1016.2,0,0,59,5,6,1,0,0,0,0.9659258262890684,0.2588190451025207,101.63658699229343,99.65086087742935,135.0,34.0,1.038340067056843
2025-11-30 06:00:00,R1,107.76015372613146,107,4,Highway,True,25.0,20.0,29.0,0.0,9.0,1016.2,0,0,59,6,6,1,0,0,0,1.0,6.123233995736766e-17,100.39380746142672,100.03514709619922,123.0,26.75,1.0776015372613146
2025-11-30 07:00:00,R1,60.02692229820091,74,4,Highway,True,25.0,20.0,29.0,0.0,9.0,1016.2,0,0,59,7,6,1,1,0,1,0.9659258262890684,-0.2588190451025206,90.54036091000557,94.47005840183994,105.66666666666667,18.5,0.6002692229820091
2025-11-30 08:00:00,R1,57.08630881932822,96,4,Highway,True,25.0,20.0,29.0,0.0,9.0,1016.2,0,0,59,8,6,1,1,0,1,0.8660254037844387,-0.4999999999999998,74.95779494788688,88.29719097009014,92.33333333333333,24.0,0.5708630881932821
2025-11-30 09:00:00,R1,48.99782654476773,74,4,Highway,True,25.0,20.0,29.0,0.0,9.0,1016.2,0,0,59,9,6,1,1,0,1,0.7071067811865476,-0.7071067811865475,55.370352554098965,77.88208000776282,81.33333333333333,18.5,0.4899782654476773
2025-11-30 10:00:00,R1,60.336160598956056,74,4,Highway,True,25.0,20.0,29.0,0.0,9.0,1016.2,0,0,59,10,6,1,1,0,1,0.4999999999999999,-0.8660254037844387,55.47343198768402,73.00689644884478,81.33333333333333,18.5,0.6033616059895606
2025-11-30 11:00:00,R1,107.77315636178028,133,4,Highway,True,25.0,20.0,29.0,0.0,9.0,1016.2,0,0,59,11,6,1,0,0,0,0.258819045102521,-0.9659258262890682,72.36904783516803,73.66342139152745,93.66666666666667,33.25,1.0777315636178029
2025-11-30 12:00:00,R1,103.43218606737464,102,4,Highway,True,25.0,20.0,29.0,0.0,9.0,1016.2,0,0,59,12,6,1,0,0,0,1.2246467991473532e-16,-1.0,90.51383434270367,72.94209344840131,103.0,25.5,1.0343218606737465
2025-11-30 13:00:00,R1,96.73492739175344,120,4,Highway,True,25.0,20.0,29.0,0.0,9.0,1016.2,0,0,59,13,6,1,0,0,0,-0.2588190451025208,-0.9659258262890684,102.64675660696946,79.06009429732673,118.33333333333333,30.0,0.9673492739175344
2025-11-30 14:00:00,R1,115.03889688279509,136,4,Highway,True,25.0,20.0,29.0,0.0,9.0,1016.2,0,0,59,14,6,1,0,0,0,-0.4999999999999997,-0.8660254037844388,105.0686701139744,88.71885897457122,119.33333333333333,34.0,1.150388968827951
2025-11-30 15:00:00,R1,99.16136182065698,147,4,Highway,True,25.0,20.0,29.0,0.0,9.0,1016.2,0,0,59,15,6,1,0,0,0,-0.7071067811865471,-0.7071067811865479,103.64506203173518,97.07944818721943,134.33333333333334,36.75,0.9916136182065698
2025-11-30 16:00:00,R1,96.88584552600662,149,4,Highway,True,25.0,20.0,29.0,0.0,9.0,1016.2,0,0,59,16,6,1,0,0,0,-0.8660254037844384,-0.5000000000000004,103.69536807648625,103.17106234172785,144.0,37.25,0.9688584552600662
2025-11-30 17:00:00,R1,59.48639952688354,78,4,Highway,True,25.0,20.0,29.0,0.0,9.0,1016.2,0,0,59,17,6,1,0,1,1,-0.9659258262890684,-0.2588190451025206,85.17786895784907,95.12326953591172,124.66666666666667,19.5,0.5948639952688354
2025-11-30 18:00:00,R1,59.64973652337907,77,4,Highway,True,25.0,20.0,29.0,0.0,9.0,1016.2,0,0,59,18,6,1,0,1,1,-1.0,-1.8369701987210294e-16,72.00732719208976,87.82619461191246,101.33333333333333,19.25,0.5964973652337907
2025-11-30 19:00:00,R1,56.05012376879432,77,4,Highway,True,25.0,20.0,29.0,0.0,9.0,1016.2,0,0,59,19,6,1,0,1,1,-0.9659258262890684,0.2588190451025203,58.39541993968566,81.04539400808594,77.33333333333333,19.25,0.5605012376879432
2025-11-30 20:00:00,R1,59.37395387684664,109,4,Highway,True,25.0,20.0,29.0,0.0,9.0,1016.2,0,0,59,20,6,1,0,1,1,-0.8660254037844386,0.5000000000000001,58.357938056340025,71.76790350709453,87.66666666666667,27.25,0.5937395387684664
2025-11-30 21:00:00,R1,88.8667317547448,123,4,Highway,True,25.0,20.0,29.0,0.0,9.0,1016.2,0,0,59,21,6,1,0,0,0,-0.7071067811865477,0.7071067811865474,68.09693646679527,70.0521318294425,103.0,30.75,0.8886673175474481
2025-11-30 22:00:00,R1,99.38237790951298,103,4,Highway,True,25.0,20.0,29.0,0.0,9.0,1016.2,0,0,59,22,6,1,0,0,0,-0.5000000000000004,0.8660254037844384,82.54102118036816,70.4682205600269,111.66666666666667,25.75,0.9938237790951299
2025-11-30 23:00:00,R1,107.13407402542325,125,4,Highway,True,25.0,20.0,29.0,0.0,9.0,1016.2,0,0,59,23,6,1,0,0,0,-0.2588190451025215,0.965925826289068,98.4610612298937,78.40949964311683,117.0,31.25,1.0713407402542325
2025-11-01 00:00:00,R2,70.76214144350085,132,3,Arterial,True,30.5,26.0,34.0,0.0,14.0,1013.0,0,0,59,0,5,1,0,0,0,0.0,1.0,70.76214144350085,70.76214144350085,132.0,44.0,1.1793690240583474
2025-11-01 01:00:00,R2,65.54392897352096,127,3,Arterial,True,30.5,26.0,34.0,0.0,14.0,1013.0,0,0,59,1,5,1,0,0,0,0.2588190451025207,0.9659258262890684,68.15303520851091,68.15303520851091,129.5,42.333333333333336,1.0923988162253493
2025-11-01 02:00:00,R2,65.68164767299379,148,3,Arterial,True,30.5,26.0,34.0,0.0,14.0,1013.0,0,0,59,2,5,1,0,0,0,0.4999999999999999,0.8660254037844387,67.32923936333854,67.32923936333854,135.66666666666666,49.333333333333336,1.0946941278832298
2025-11-01 03:00:00,R2,64.46768648605581,107,3,Arterial,True,30.5,26.0,34.0,0.0,14.0,1013.0,0,0,59,3,5,1,0,0,0,0.7071067811865476,0.7071067811865476,65.23108771085685,66.61385114401786,127.33333333333333,35.666666666666664,1.0744614414342635
2025-11-01 04:00:00,R2,60.64942316610467,125,3,Arterial,True,30.5,26.0,34.0,0.0,14.0,1013.0,0,0,59,4,5,1,0,0,0,0.8660254037844386,0.5000000000000001,63.59958577505142,65.42096554843522,126.66666666666667,41.666666666666664,1.0108237194350778
2025-11-01 05:00:00,R2,58.23610533245245,137,3,Arterial,True,30.5,26.0,34.0,0.0,14.0,1013.0,0,0,59,5,5,1,0,0,0,0.9659258262890684,0.2588190451025207,61.117738328204304,64.22348884577143,123.0,45.666666666666664,0.9706017555408742
2025-11-01 06:00:00,R2,67.4457277798403,109,3,Arterial,True,30.5,26.0,34.0,0.0,14.0,1013.0,0,0,59,6,5,1,0,0,0,1.0,6.123233995736766e-17,62.1104187594658,63.67075323516133,123.66666666666667,36.333333333333336,1.1240954629973383
2025-11-01 07:00:00,R2,35.56223871317369,99,3,Arterial,True,30.5,26.0,34.0,0.0,14.0,1013.0,0,0,59,7,5,1,1,0,1,0.9659258262890684,-0.2588190451025206,53.74802394182215,58.67380485843679,115.0,33.0,0.5927039785528948
2025-11-01 08:00:00,R2,43.9175114779177,73,3,Arterial,True,30.5,26.0,34.0,0.0,14.0,1013.0,0,0,59,8,5,1,1,0,1,0.8660254037844387,-0.4999999999999998,48.9751593236439,55.0464488259241,93.66666666666667,24.333333333333332,0.7319585246319616
2025-11-01 09:00:00,R2,35.79595702298067,61,3,Arterial,True,30.5,26.0,34.0,0.0,14.0,1013.0,0,0,59,9,5,1,1,0,1,0.7071067811865476,-0.7071067811865475,38.42523573802402,50.26782724874491,77.66666666666667,20.333333333333332,0.5965992837163445
2025-11-01 10:00:00,R2,36.80818453612222,86,3,Arterial,True,30.5,26.0,34.0,0.0,14.0,1013.0,0,0,59,10,5,1,1,0,1,0.4999999999999999,-0.8660254037844387,38.8405510123402,46.29428747708116,73.33333333333333,28.666666666666668,0.6134697422687037
2025-11-01 11:00:00,R2,65.25651907596198,138,3,Arterial,True,30.5,26.0,34.0,0.0,14.0,1013.0,0,0,59,11,5,1,0,0,0,0.258819045102521,-0.9659258262890682,45.95355354502161,47.46435643433276,95.0,46.0,1.087608651266033
2025-11-01 12:00:00,R2,51.29672611993893,112,3,Arterial,True,30.5,26.0,34.0,0.0,14.0,1013.0,0,0,59,12,5,1,0,0,0,1.2246467991473532e-16,-1.0,51.12047657734104,44.77285615768253,112.0,37.333333333333336,0.8549454353323155
2025-11-01 13:00:00,R2,55.97999269235336,124,3,Arterial,True,30.5,26.0,34.0,0.0,14.0,1013.0,0,0,59,13,5,1,0,0,0,-0.2588190451025208,-0.9659258262890684,57.51107929608475,48.17581515421248,124.66666666666667,41.333333333333336,0.9329998782058894
2025-11-01 14:00:00,R2,51.82522290205222,110,3,Arterial,True,30.5,26.0,34.0,0.0,14.0,1013.0,0,0,59,14,5,1,0,0,0,-0.4999999999999997,-0.8660254037844388,53.033980571448176,49.4937670582349,115.33333333333333,36.666666666666664,0.8637537150342036
2025-11-01 15:00:00,R2,65.9728122837868,123,3,Arterial,True,30.5,26.0,34.0,0.0,14.0,1013.0,0,0,59,15,5,1,0,0,0,-0.7071067811865471,-0.7071067811865479,57.92600929273079,54.52324293503592,119.0,41.0,1.0995468713964465
2025-11-01 16:00:00,R2,61.74092085773036,148,3,Arterial,True,30.5,26.0,34.0,0.0,14.0,1013.0,0,0,59,16,5,1,0,0,0,-0.8660254037844384,-0.5000000000000004,59.84631868118979,58.67869898863727,127.0,49.333333333333336,1.0290153476288393
2025-11-01 17:00:00,R2,37.33861818131629,103,3,Arterial,True,30.5,26.0,34.0,0.0,14.0,1013.0,0,0,59,17,5,1,0,1,1,-0.9659258262890684,-0.2588190451025206,55.01745044094448,54.02571550619633,124.66666666666667,34.333333333333336,0.6223103030219382
2025-11-01 18:00:00,R2,32.74971292811048,108,3,Arterial,True,30.5,26.0,34.0,0.0,14.0,1013.0,0,0,59,18,5,1,0,1,1,-1.0,-1.8369701987210294e-16,43.943083989052376,50.934546640891575,119.66666666666667,36.0,0.5458285488018414
2025-11-01 19:00:00,R2,39.34342340517557,82,3,Arterial,True,30.5,26.0,34.0,0.0,14.0,1013.0,0,0,59,19,5,1,0,1,1,-0.9659258262890684,0.2588190451025203,36.477251504867446,48.16178509302862,97.66666666666667,27.333333333333332,0.6557237234195928
2025-11-01 20:00:00,R2,45.32428859516733,69,3,Arterial,True,30.5,26.0,34.0,0.0,14.0,1013.0,0,0,59,20,5,1,0,1,1,-0.8660254037844386,0.5000000000000001,39.1391416428178,47.07829604188114,86.33333333333333,23.0,0.7554048099194556
2025-11-01 21:00:00,R2,64.47403018551196,108,3,Arterial,True,30.5,26.0,34.0,0.0,14.0,1013.0,0,0,59,21,5,1,0,0,0,-0.7071067811865477,0.7071067811865474,49.71391406195162,46.828499025502,86.33333333333333,36.0,1.0745671697585328
2025-11-01 22:00:00,R2,59.80596467457551,123,3,Arterial,True,30.5,26.0,34.0,0.0,14.0,1013.0,0,0,59,22,5,1,0,0,0,-0.5000000000000004,0.8660254037844384,56.5347611517516,46.506006328309525,100.0,41.0,0.9967660779095919
2025-11-01 23:00:00,R2,61.09113567755365,105,3,Arterial,True,30.5,26.0,34.0,0.0,14.0,1013.0,0,0,59,23,5,1,0,0,0,-0.2588190451025215,0.965925826289068,61.79037684588038,50.46475924434909,112.0,35.0,1.0181855946258942
2025-11-02 00:00:00,R2,63.26381966895448,143,3,Arterial,True,29.8,26.0,33.0,0.0,11.4,1013.6,0,0,59,0,6,1,0,0,0,0.0,1.0,61.386973340361216,55.55044370115642,123.66666666666667,47.666666666666664,1.0543969944825746
2025-11-02 01:00:00,R2,47.48050083386028,110,3,Arterial,True,29.8,26.0,33.0,0.0,11.4,1013.6,0,0,59,1,6,1,0,0,0,0.2588190451025207,0.9659258262890684,57.278485393456144,56.906623272603866,119.33333333333333,36.666666666666664,0.7913416805643381
2025-11-02 02:00:00,R2,62.42804310287666,100,3,Arterial,True,29.8,26.0,33.0,0.0,11.4,1013.6,0,0,59,2,6,1,0,0,0,0.4999999999999999,0.8660254037844387,57.72412120189714,59.757249023888754,117.66666666666667,33.333333333333336,1.0404673850479442
2025-11-02 03:00:00,R2,67.32183289248627,117,3,Arterial,True,29.8,26.0,33.0,0.0,11.4,1013.6,0,0,59,3,6,1,0,0,0,0.7071067811865476,0.7071067811865476,59.07679227640773,60.231882808384476,109.0,39.0,1.1220305482081046
2025-11-02 04:00:00,R2,59.546816158542455,125,3,Arterial,True,29.8,26.0,33.0,0.0,11.4,1013.6,0,0,59,4,6,1,0,0,0,0.8660254037844386,0.5000000000000001,63.09889738463513,60.18869138904563,114.0,41.666666666666664,0.9924469359757075
2025-11-02 05:00:00,R2,62.31836723864044,111,3,Arterial,True,29.8,26.0,33.0,0.0,11.4,1013.6,0,0,59,5,6,1,0,0,0,0.9659258262890684,0.2588190451025207,63.06233876322306,60.393229982560094,117.66666666666667,37.0,1.0386394539773407
2025-11-02 06:00:00,R2,62.81245231580713,135,3,Arterial,True,29.8,26.0,33.0,0.0,11.4,1013.6,0,0,59,6,6,1,0,0,0,1.0,6.123233995736766e-17,61.559211904330006,60.31800209036887,123.66666666666667,45.0,1.046874205263452
2025-11-02 07:00:00,R2,36.787606617799625,85,3,Arterial,True,29.8,26.0,33.0,0.0,11.4,1013.6,0,0,59,7,6,1,1,0,1,0.9659258262890684,-0.2588190451025206,53.9728087240824,58.53585305435877,110.33333333333333,28.333333333333332,0.6131267769633271
2025-11-02 08:00:00,R2,27.797935918466063,102,3,Arterial,True,29.8,26.0,33.0,0.0,11.4,1013.6,0,0,59,8,6,1,1,0,1,0.8660254037844387,-0.4999999999999998,42.46599828402427,52.76416852362366,107.33333333333333,34.0,0.4632989319744344
2025-11-02 09:00:00,R2,41.45720291307123,97,3,Arterial,True,29.8,26.0,33.0,0.0,11.4,1013.6,0,0,59,9,6,1,1,0,1,0.7071067811865476,-0.7071067811865475,35.34758181644564,48.45339686038782,94.66666666666667,32.333333333333336,0.6909533818845205
2025-11-02 10:00:00,R2,34.48587514443259,100,3,Arterial,True,29.8,26.0,33.0,0.0,11.4,1013.6,0,0,59,10,6,1,1,0,1,0.4999999999999999,-0.8660254037844387,34.58033799198996,44.27657335803618,99.66666666666667,33.333333333333336,0.5747645857405431
2025-11-02 11:00:00,R2,62.54186009479882,100,3,Arterial,True,29.8,26.0,33.0,0.0,11.4,1013.6,0,0,59,11,6,1,0,0,0,0.258819045102521,-0.9659258262890682,46.16164605076755,44.313822167395905,99.0,33.333333333333336,1.0423643349133136
2025-11-02 12:00:00,R2,60.4450765003671,113,3,Arterial,True,29.8,26.0,33.0,0.0,11.4,1013.6,0,0,59,12,6,1,0,0,0,1.2246467991473532e-16,-1.0,52.49093724653284,43.91925953148924,104.33333333333333,37.666666666666664,1.007417941672785
2025-11-02 13:00:00,R2,64.87867799582281,121,3,Arterial,True,29.8,26.0,33.0,0.0,11.4,1013.6,0,0,59,13,6,1,0,0,0,-0.2588190451025208,-0.9659258262890684,62.62187153032958,48.601104761159775,111.33333333333333,40.333333333333336,1.0813112999303802
2025-11-02 14:00:00,R2,59.4296346611884,119,3,Arterial,True,29.8,26.0,33.0,0.0,11.4,1013.6,0,0,59,14,6,1,0,0,0,-0.4999999999999997,-0.8660254037844388,61.584463052459434,53.8730545516135,117.66666666666667,39.666666666666664,0.9904939110198067
2025-11-02 15:00:00,R2,56.24495986305637,127,3,Arterial,True,29.8,26.0,33.0,0.0,11.4,1013.6,0,0,59,15,6,1,0,0,0,-0.7071067811865471,-0.7071067811865479,60.184424173355865,56.33768070994435,122.33333333333333,42.333333333333336,0.9374159977176062
2025-11-02 16:00:00,R2,55.72692295501688,131,3,Arterial,True,29.8,26.0,33.0,0.0,11.4,1013.6,0,0,59,16,6,1,0,0,0,-0.8660254037844384,-0.5000000000000004,57.13383915975388,59.87785534504173,125.66666666666667,43.666666666666664,0.9287820492502814
2025-11-02 17:00:00,R2,30.413170391460344,85,3,Arterial,True,29.8,26.0,33.0,0.0,11.4,1013.6,0,0,59,17,6,1,0,1,1,-0.9659258262890684,-0.2588190451025206,47.46168440317786,54.52307372781865,114.33333333333333,28.333333333333332,0.5068861731910057
2025-11-02 18:00:00,R2,41.42470755871359,102,3,Arterial,True,29.8,26.0,33.0,0.0,11.4,1013.6,0,0,59,18,6,1,0,1,1,-1.0,-1.8369701987210294e-16,42.52160030173027,51.353012237543076,106.0,34.0,0.6904117926452266
2025-11-02 19:00:00,R2,31.542650817708296,74,3,Arterial,True,29.8,26.0,33.0,0.0,11.4,1013.6,0,0,59,19,6,1,0,1,1,-0.9659258262890684,0.2588190451025203,34.46017625596074,45.79700770785731,87.0,24.666666666666668,0.5257108469618049
2025-11-02 20:00:00,R2,34.33051024423868,92,3,Arterial,True,29.8,26.0,33.0,0.0,11.4,1013.6,0,0,59,20,6,1,0,1,1,-0.8660254037844386,0.5000000000000001,35.765956206886855,41.613820305032355,89.33333333333333,30.666666666666668,0.5721751707373114
2025-11-02 21:00:00,R2,61.116514516584,104,3,Arterial,True,29.8,26.0,33.0,0.0,11.4,1013.6,0,0,59,21,6,1,0,0,0,-0.7071067811865477,0.7071067811865474,42.329891859510326,42.4257460806203,90.0,34.666666666666664,1.0186085752764
2025-11-02 22:00:00,R2,65.78725347115876,118,3,Arterial,True,29.8,26.0,33.0,0.0,11.4,1013.6,0,0,59,22,6,1,0,0,0,-0.5000000000000004,0.8660254037844384,53.74475941066047,44.10246783331061,104.66666666666667,39.333333333333336,1.0964542245193127
2025-11-02 23:00:00,R2,63.90891063401121,126,3,Arterial,True,29.8,26.0,33.0,0.0,11.4,1013.6,0,0,59,23,6,1,0,0,0,-0.2588190451025215,0.965925826289068,63.604226207251315,49.685091207069085,116.0,42.0,1.0651485105668534
2025-11-03 00:00:00,R2,61.921167652986696,131,3,Arterial,True,29.1,25.0,32.0,0.0,13.3,1012.9,0,0,59,0,0,0,0,0,0,0.0,1.0,63.872443919385546,53.101167889447936,125.0,43.666666666666664,1.0320194608831117
2025-11-03 01:00:00,R2,57.08314532105386,126,3,Arterial,True,29.1,25.0,32.0,0.0,13.3,1012.9,0,0,59,1,0,0,0,0,0,0.2588190451025207,0.9659258262890684,60.971074536017255,57.35791697333887,127.66666666666667,42.0,0.9513857553508978
2025-11-03 02:00:00,R2,58.43004319202191,137,3,Arterial,True,29.1,25.0,32.0,0.0,13.3,1012.9,0,0,59,2,0,0,0,0,0,0.4999999999999999,0.8660254037844387,59.14478538868749,61.37450579796941,131.33333333333334,45.666666666666664,0.9738340532003652
2025-11-03 03:00:00,R2,57.861412063828666,106,3,Arterial,True,29.1,25.0,32.0,0.0,13.3,1012.9,0,0,59,3,0,0,0,0,0,0.7071067811865476,0.7071067811865476,57.79153352563481,60.83198872251018,123.0,35.333333333333336,0.9643568677304778
2025-11-03 04:00:00,R2,63.06632428325246,131,3,Arterial,True,29.1,25.0,32.0,0.0,13.3,1012.9,0,0,59,4,0,0,0,0,0,0.8660254037844386,0.5000000000000001,59.78592651303435,60.378500524525805,124.66666666666667,43.666666666666664,1.0511054047208743
2025-11-03 05:00:00,R2,48.70493449152898,145,3,Arterial,True,29.1,25.0,32.0,0.0,13.3,1012.9,0,0,59,5,0,0,0,0,0,0.9659258262890684,0.2588190451025207,56.54422361287004,57.84450450077876,127.33333333333333,48.333333333333336,0.8117489081921497
2025-11-03 06:00:00,R2,59.64557650953144,102,3,Arterial,True,29.1,25.0,32.0,0.0,13.3,1012.9,0,0,59,6,0,0,0,0,0,1.0,6.123233995736766e-17,57.13894509477095,57.46523931020289,126.0,34.0,0.994092941825524
2025-11-03 07:00:00,R2,42.50086669680084,106,3,Arterial,True,29.1,25.0,32.0,0.0,13.3,1012.9,0,0,59,7,0,0,1,0,1,0.9659258262890684,-0.2588190451025206,50.28379256595375,55.03485953949405,117.66666666666667,35.333333333333336,0.708347778280014
2025-11-03 08:00:00,R2,39.37935129038999,66,3,Arterial,True,29.1,25.0,32.0,0.0,13.3,1012.9,0,0,59,8,0,0,1,0,1,0.8660254037844387,-0.4999999999999998,47.17526483224075,51.8597442225554,91.33333333333333,22.0,0.6563225215064998
2025-11-03 09:00:00,R2,39.166033209674254,83,3,Arterial,True,29.1,25.0,32.0,0.0,13.3,1012.9,0,0,59,9,0,0,1,0,1,0.7071067811865476,-0.7071067811865475,40.348750398955026,48.74384774686299,85.0,27.666666666666668,0.6527672201612376
2025-11-03 10:00:00,R2,33.2779537796968,72,3,Arterial,True,29.1,25.0,32.0,0.0,13.3,1012.9,0,0,59,10,0,0,1,0,1,0.4999999999999999,-0.8660254037844387,37.27444609325368,43.77911932960372,73.66666666666667,24.0,0.5546325629949467
2025-11-03 11:00:00,R2,60.10015940185038,146,3,Arterial,True,29.1,25.0,32.0,0.0,13.3,1012.9,0,0,59,11,0,0,0,0,0,0.258819045102521,-0.9659258262890682,44.181382130407144,45.67832348132395,100.33333333333333,48.666666666666664,1.001669323364173
2025-11-03 12:00:00,R2,58.280366751891606,137,3,Arterial,True,29.1,25.0,32.0,0.0,13.3,1012.9,0,0,59,12,0,0,0,0,0,1.2246467991473532e-16,-1.0,50.5528266444796,45.45078852171731,118.33333333333333,45.666666666666664,0.9713394458648601
2025-11-03 13:00:00,R2,53.83558938655971,111,3,Arterial,True,29.1,25.0,32.0,0.0,13.3,1012.9,0,0,59,13,0,0,0,0,0,-0.2588190451025208,-0.9659258262890684,57.40537184676723,47.33990897001046,131.33333333333334,37.0,0.8972598231093285
2025-11-03 14:00:00,R2,61.97389356915724,102,3,Arterial,True,29.1,25.0,32.0,0.0,13.3,1012.9,0,0,59,14,0,0,0,0,0,-0.4999999999999997,-0.8660254037844388,58.02994990253618,51.105666016471666,116.66666666666667,34.0,1.0328982261526207
2025-11-03 15:00:00,R2,59.95293476726762,117,3,Arterial,True,29.1,25.0,32.0,0.0,13.3,1012.9,0,0,59,15,0,0,0,0,0,-0.7071067811865471,-0.7071067811865479,58.58747257432819,54.57014960940389,110.0,39.0,0.9992155794544604
2025-11-03 16:00:00,R2,50.25832680118795,108,3,Arterial,True,29.1,25.0,32.0,0.0,13.3,1012.9,0,0,59,16,0,0,0,0,0,-0.8660254037844384,-0.5000000000000004,57.3950517125376,57.400211779652416,109.0,36.0,0.8376387800197992
2025-11-03 17:00:00,R2,25.52819345097916,68,3,Arterial,True,29.1,25.0,32.0,0.0,13.3,1012.9,0,0,59,17,0,0,0,1,1,-0.9659258262890684,-0.2588190451025206,45.246485006478245,51.63821745450721,97.66666666666667,22.666666666666668,0.42546989084965264
2025-11-03 18:00:00,R2,40.06067367577688,104,3,Arterial,True,29.1,25.0,32.0,0.0,13.3,1012.9,0,0,59,18,0,0,0,1,1,-1.0,-1.8369701987210294e-16,38.61573130931467,48.60160194182143,93.33333333333333,34.666666666666664,0.6676778945962814
2025-11-03 19:00:00,R2,37.46426080205338,101,3,Arterial,True,29.1,25.0,32.0,0.0,13.3,1012.9,0,0,59,19,0,0,0,1,1,-0.9659258262890684,0.2588190451025203,34.35104264293647,45.87304717773704,91.0,33.666666666666664,0.6244043467008897
2025-11-03 20:00:00,R2,34.468379863455176,89,3,Arterial,True,29.1,25.0,32.0,0.0,13.3,1012.9,0,0,59,20,0,0,0,1,1,-0.8660254037844386,0.5000000000000001,37.33110478042848,41.288794893453364,98.0,29.666666666666668,0.574472997724253
2025-11-03 21:00:00,R2,62.82135588134605,133,3,Arterial,True,29.1,25.0,32.0,0.0,13.3,1012.9,0,0,59,21,0,0,0,0,0,-0.7071067811865477,0.7071067811865474,44.917998848951534,41.7668650791331,107.66666666666667,44.333333333333336,1.0470225980224341
2025-11-03 22:00:00,R2,48.8730157227352,122,3,Arterial,True,29.1,25.0,32.0,0.0,13.3,1012.9,0,0,59,22,0,0,0,0,0,-0.5000000000000004,0.8660254037844384,48.72091715584548,41.53597989939097,114.66666666666667,40.666666666666664,0.8145502620455866
2025-11-03 23:00:00,R2,50.96562758987554,136,3,Arterial,True,29.1,25.0,32.0,0.0,13.3,1012.9,0,0,59,23,0,0,0,0,0,-0.2588190451025215,0.965925826289068,54.21999973131893,45.7755522558737,130.33333333333334,45.333333333333336,0.8494271264979256
2025-11-04 00:00:00,R2,55.03364156004302,109,3,Arterial,True,29.5,25.0,33.0,0.0,12.4,1013.6,0,0,59,0,1,0,0,0,0,0.0,1.0,51.62409495755126,48.271046903251396,122.33333333333333,36.333333333333336,0.9172273593340504
2025-11-04 01:00:00,R2,59.18316503378662,137,3,Arterial,True,29.5,25.0,33.0,0.0,12.4,1013.6,0,0,59,1,1,0,0,0,0,0.2588190451025207,0.9659258262890684,55.0608113945684,51.89086427520693,127.33333333333333,45.666666666666664,0.9863860838964437
2025-11-04 02:00:00,R2,67.33763269394052,138,3,Arterial,True,29.5,25.0,33.0,0.0,12.4,1013.6,0,0,59,2,1,0,0,0,0,0.4999999999999999,0.8660254037844387,60.51814642925672,57.36907308028782,128.0,46.0,1.122293878232342
2025-11-04 03:00:00,R2,52.10115806389422,103,3,Arterial,True,29.5,25.0,33.0,0.0,12.4,1013.6,0,0,59,3,1,0,0,0,0,0.7071067811865476,0.7071067811865476,59.540651930540456,55.58237344404585,126.0,34.333333333333336,0.868352634398237
2025-11-04 04:00:00,R2,53.51411406596861,105,3,Arterial,True,29.5,25.0,33.0,0.0,12.4,1013.6,0,0,59,4,1,0,0,0,0,0.8660254037844386,0.5000000000000001,57.65096827460112,56.35588983458476,115.33333333333333,35.0,0.8919019010994769
2025-11-04 05:00:00,R2,57.8253058312886,138,3,Arterial,True,29.5,25.0,33.0,0.0,12.4,1013.6,0,0,59,5,1,0,0,0,0,0.9659258262890684,0.2588190451025207,54.48019265371715,57.499169541486935,115.33333333333333,46.0,0.9637550971881433
2025-11-04 06:00:00,R2,70.10534301710567,134,3,Arterial,True,29.5,25.0,33.0,0.0,12.4,1013.6,0,0,59,6,1,0,0,0,0,1.0,6.123233995736766e-17,60.48158763812096,60.01111978433071,125.66666666666667,44.666666666666664,1.1684223836184278
2025-11-04 07:00:00,R2,31.258082826801942,104,3,Arterial,True,29.5,25.0,33.0,0.0,12.4,1013.6,0,0,59,7,1,0,1,0,1,0.9659258262890684,-0.2588190451025206,53.062910558398734,55.35693941649993,125.33333333333333,34.666666666666664,0.5209680471133658
2025-11-04 08:00:00,R2,38.93505138514191,83,3,Arterial,True,29.5,25.0,33.0,0.0,12.4,1013.6,0,0,59,8,1,0,1,0,1,0.8660254037844387,-0.4999999999999998,46.766159076349844,50.623175865033495,107.0,27.666666666666668,0.6489175230856985
2025-11-04 09:00:00,R2,40.10065937294561,101,3,Arterial,True,29.5,25.0,33.0,0.0,12.4,1013.6,0,0,59,9,1,0,1,0,1,0.7071067811865476,-0.7071067811865475,36.764597861629824,48.62309274987539,96.0,33.666666666666664,0.6683443228824267
2025-11-04 10:00:00,R2,40.355895291315775,86,3,Arterial,True,29.5,25.0,33.0,0.0,12.4,1013.6,0,0,59,10,1,0,1,0,1,0.4999999999999999,-0.8660254037844387,39.797202016467764,46.43005628743325,90.0,28.666666666666668,0.6725982548552629
2025-11-04 11:00:00,R2,65.32634875306955,122,3,Arterial,True,29.5,25.0,33.0,0.0,12.4,1013.6,0,0,59,11,1,0,0,0,0,0.258819045102521,-0.9659258262890682,48.594301139110314,47.680230107730075,103.0,40.666666666666664,1.088772479217826
2025-11-04 12:00:00,R2,68.90602692745783,132,3,Arterial,True,29.5,25.0,33.0,0.0,12.4,1013.6,0,0,59,12,1,0,0,0,0,1.2246467991473532e-16,-1.0,58.196090323947715,47.48034409278876,113.33333333333333,44.0,1.1484337821242971
2025-11-04 13:00:00,R2,64.49354818223532,130,3,Arterial,True,29.5,25.0,33.0,0.0,12.4,1013.6,0,0,59,13,1,0,0,0,0,-0.2588190451025208,-0.9659258262890684,66.24197462092091,53.01958831869433,128.0,43.333333333333336,1.074892469703922
2025-11-04 14:00:00,R2,61.50950097576972,130,3,Arterial,True,29.5,25.0,33.0,0.0,12.4,1013.6,0,0,59,14,1,0,0,0,0,-0.4999999999999997,-0.8660254037844388,64.96969202848761,56.781996583798964,130.66666666666666,43.333333333333336,1.025158349596162
2025-11-04 15:00:00,R2,63.26574246256254,132,3,Arterial,True,29.5,25.0,33.0,0.0,12.4,1013.6,0,0,59,15,1,0,0,0,0,-0.7071067811865471,-0.7071067811865479,63.08959720685586,60.642843765401786,130.66666666666666,44.0,1.054429041042709
2025-11-04 16:00:00,R2,65.156337023265,110,3,Arterial,True,29.5,25.0,33.0,0.0,12.4,1013.6,0,0,59,16,1,0,0,0,0,-0.8660254037844384,-0.5000000000000004,63.310526820532424,64.77625072072665,124.0,36.666666666666664,1.08593895038775
2025-11-04 17:00:00,R2,31.51369770215125,98,3,Arterial,True,29.5,25.0,33.0,0.0,12.4,1013.6,0,0,59,17,1,0,0,1,1,-0.9659258262890684,-0.2588190451025206,53.31192572932627,59.14080887890694,113.33333333333333,32.666666666666664,0.5252282950358542
2025-11-04 18:00:00,R2,45.16615914888587,92,3,Arterial,True,29.5,25.0,33.0,0.0,12.4,1013.6,0,0,59,18,1,0,0,1,1,-1.0,-1.8369701987210294e-16,47.27873129143404,55.18416424914494,100.0,30.666666666666668,0.7527693191480977
2025-11-04 19:00:00,R2,33.10129491699097,85,3,Arterial,True,29.5,25.0,33.0,0.0,12.4,1013.6,0,0,59,19,1,0,0,1,1,-0.9659258262890684,0.2588190451025203,36.59371725600936,49.952122038270886,91.66666666666667,28.333333333333332,0.5516882486165162
2025-11-04 20:00:00,R2,31.63057524531517,67,3,Arterial,True,29.5,25.0,33.0,0.0,12.4,1013.6,0,0,59,20,1,0,0,1,1,-0.8660254037844386,0.5000000000000001,36.632676437064,44.972301083195134,81.33333333333333,22.333333333333332,0.5271762540885861
2025-11-04 21:00:00,R2,58.40596653702016,108,3,Arterial,True,29.5,25.0,33.0,0.0,12.4,1013.6,0,0,59,21,1,0,0,0,0,-0.7071067811865477,0.7071067811865474,41.0459455664421,44.162338428938064,86.66666666666667,36.0,0.9734327756170027
2025-11-04 22:00:00,R2,54.274152987047806,102,3,Arterial,True,29.5,25.0,33.0,0.0,12.4,1013.6,0,0,59,22,1,0,0,0,0,-0.5000000000000004,0.8660254037844384,48.10356492312771,42.34864108956854,92.33333333333333,34.0,0.9045692164507968
2025-11-04 23:00:00,R2,61.44165983336351,117,3,Arterial,True,29.5,25.0,33.0,0.0,12.4,1013.6,0,0,59,23,1,0,0,0,0,-0.2588190451025215,0.965925826289068,58.04059311914383,47.33663477810391,109.0,39.0,1.024027663889392
2025-11-05 00:00:00,R2,59.80404733323068,132,3,Arterial,True,29.7,26.0,33.0,0.0,12.2,1013.3,0,0,59,0,2,0,0,0,0,0.0,1.0,58.50662005121401,49.77628280882805,117.0,44.0,0.9967341222205113
2025-11-05 01:00:00,R2,65.46375735610354,115,3,Arterial,True,29.7,26.0,33.0,0.0,12.2,1013.3,0,0,59,1,2,0,0,0,0,0.2588190451025207,0.9659258262890684,62.23648817423257,55.17002654868014,121.33333333333333,38.333333333333336,1.0910626226017257
2025-11-05 02:00:00,R2,71.8603308234093,123,3,Arterial,True,29.7,26.0,33.0,0.0,12.2,1013.3,0,0,59,2,2,0,0,0,0,0.4999999999999999,0.8660254037844387,65.70937850424785,61.874985811695836,123.33333333333333,41.0,1.1976721803901549
2025-11-05 03:00:00,R2,48.74216324265124,147,3,Arterial,True,29.7,26.0,33.0,0.0,12.2,1013.3,0,0,59,3,2,0,0,0,0,0.7071067811865476,0.7071067811865476,62.02208380738802,60.26435192930102,128.33333333333334,49.0,0.8123693873775206
2025-11-05 04:00:00,R2,57.98779473709694,125,3,Arterial,True,29.7,26.0,33.0,0.0,12.2,1013.3,0,0,59,4,2,0,0,0,0,0.8660254037844386,0.5000000000000001,59.53009626771916,60.88329222097587,131.66666666666666,41.666666666666664,0.9664632456182823
2025-11-05 05:00:00,R2,61.96256390584385,136,3,Arterial,True,29.7,26.0,33.0,0.0,12.2,1013.3,0,0,59,5,2,0,0,0,0,0.9659258262890684,0.2588190451025207,56.23084062853068,60.97010956638926,136.0,45.333333333333336,1.032709398430731
2025-11-05 06:00:00,R2,61.18075412165235,125,3,Arterial,True,29.7,26.0,33.0,0.0,12.2,1013.3,0,0,59,6,2,0,0,0,0,1.0,6.123233995736766e-17,60.377037588197716,61.19956069779287,128.66666666666666,41.666666666666664,1.0196792353608726
2025-11-05 07:00:00,R2,39.28340340373728,85,3,Arterial,True,29.7,26.0,33.0,0.0,12.2,1013.3,0,0,59,7,2,0,1,0,1,0.9659258262890684,-0.2588190451025206,54.14224047707783,56.8361683723985,115.33333333333333,28.333333333333332,0.6547233900622881
2025-11-05 08:00:00,R2,34.125777275487856,97,3,Arterial,True,29.7,26.0,33.0,0.0,12.2,1013.3,0,0,59,8,2,0,1,0,1,0.8660254037844387,-0.4999999999999998,44.86331160029249,50.54707611441159,102.33333333333333,32.333333333333336,0.5687629545914643
2025-11-05 09:00:00,R2,29.972771910550208,100,3,Arterial,True,29.7,26.0,33.0,0.0,12.2,1013.3,0,0,59,9,2,0,1,0,1,0.7071067811865476,-0.7071067811865475,34.46065086325845,47.41884422572809,94.0,33.333333333333336,0.49954619850917015
2025-11-05 10:00:00,R2,43.66882841804421,103,3,Arterial,True,29.7,26.0,33.0,0.0,12.2,1013.3,0,0,59,10,2,0,1,0,1,0.4999999999999999,-0.8660254037844387,35.92245920136076,45.032349839219286,100.0,34.333333333333336,0.7278138069674035
2025-11-05 11:00:00,R2,57.5974918305154,108,3,Arterial,True,29.7,26.0,33.0,0.0,12.2,1013.3,0,0,59,11,2,0,0,0,0,0.258819045102521,-0.9659258262890682,43.74636405303661,44.304837826664546,103.66666666666667,36.0,0.9599581971752567
2025-11-05 12:00:00,R2,59.95057731438852,114,3,Arterial,True,29.7,26.0,33.0,0.0,12.2,1013.3,0,0,59,12,2,0,0,0,0,1.2246467991473532e-16,-1.0,53.73896585431604,44.09980835878724,108.33333333333333,38.0,0.999176288573142
2025-11-05 13:00:00,R2,57.25843957044154,116,3,Arterial,True,29.7,26.0,33.0,0.0,12.2,1013.3,0,0,59,13,2,0,0,0,0,-0.2588190451025208,-0.9659258262890684,58.26883623844849,47.095647719904626,112.66666666666667,38.666666666666664,0.9543073261740257
2025-11-05 14:00:00,R2,59.34718353521034,107,3,Arterial,True,29.7,26.0,33.0,0.0,12.2,1013.3,0,0,59,14,2,0,0,0,0,-0.4999999999999997,-0.8660254037844388,58.852066806680135,51.29921542985837,112.33333333333333,35.666666666666664,0.989119725586839
2025-11-05 15:00:00,R2,67.29278917460647,138,3,Arterial,True,29.7,26.0,33.0,0.0,12.2,1013.3,0,0,59,15,2,0,0,0,0,-0.7071067811865471,-0.7071067811865479,61.299470760086116,57.51921830720108,120.33333333333333,46.0,1.1215464862434412
2025-11-05 16:00:00,R2,60.68386118104253,104,3,Arterial,True,29.7,26.0,33.0,0.0,12.2,1013.3,0,0,59,16,2,0,0,0,0,-0.8660254037844384,-0.5000000000000004,62.44127796361979,60.355057101034134,116.33333333333333,34.666666666666664,1.0113976863507088
2025-11-05 17:00:00,R2,42.06748250098716,63,3,Arterial,True,29.7,26.0,33.0,0.0,12.2,1013.3,0,0,59,17,2,0,0,1,1,-0.9659258262890684,-0.2588190451025206,56.68137761887872,57.76672221277943,101.66666666666667,21.0,0.701124708349786
2025-11-05 18:00:00,R2,35.29581946722807,93,3,Arterial,True,29.7,26.0,33.0,0.0,12.2,1013.3,0,0,59,18,2,0,0,1,1,-1.0,-1.8369701987210294e-16,46.015721049752585,53.657595904919354,86.66666666666667,31.0,0.5882636577871345
2025-11-05 19:00:00,R2,26.29788315623428,61,3,Arterial,True,29.7,26.0,33.0,0.0,12.2,1013.3,0,0,59,19,2,0,0,1,1,-0.9659258262890684,0.2588190451025203,34.55372837481651,48.497503169218135,72.33333333333333,20.333333333333332,0.4382980526039047
2025-11-05 20:00:00,R2,27.68428260210701,75,3,Arterial,True,29.7,26.0,33.0,0.0,12.2,1013.3,0,0,59,20,2,0,0,1,1,-0.8660254037844386,0.5000000000000001,29.75932840852312,43.22035301370092,76.33333333333333,25.0,0.46140471003511685
2025-11-05 21:00:00,R2,60.61162629016389,110,3,Arterial,True,29.7,26.0,33.0,0.0,12.2,1013.3,0,0,59,21,2,0,0,0,0,-0.7071067811865477,0.7071067811865474,38.19793068283506,42.106825866293825,82.0,36.666666666666664,1.0101937715027316
2025-11-05 22:00:00,R2,59.81805618714808,117,3,Arterial,True,29.7,26.0,33.0,0.0,12.2,1013.3,0,0,59,22,2,0,0,0,0,-0.5000000000000004,0.8660254037844384,49.37132169313966,41.96252503397809,100.66666666666667,39.0,0.9969676031191347
2025-11-05 23:00:00,R2,67.67489697076937,141,3,Arterial,True,29.7,26.0,33.0,0.0,12.2,1013.3,0,0,59,23,2,0,0,0,0,-0.2588190451025215,0.965925826289068,62.70152648269377,46.23042744560845,122.66666666666667,47.0,1.127914949512823
2025-11-06 00:00:00,R2,64.70142163245629,102,3,Arterial,True,29.1,26.0,34.0,0.0,11.4,1013.0,0,0,59,0,3,0,0,0,0,0.0,1.0,64.06479159679124,51.13136113981316,120.0,34.0,1.0783570272076048
2025-11-06 01:00:00,R2,58.698538105374446,123,3,Arterial,True,29.1,26.0,34.0,0.0,11.4,1013.0,0,0,59,1,3,0,0,0,0,0.2588190451025207,0.9659258262890684,63.69161890286671,56.53147029800319,122.0,41.0,0.9783089684229075
2025-11-06 02:00:00,R2,66.94803961215,121,3,Arterial,True,29.1,26.0,34.0,0.0,11.4,1013.0,0,0,59,2,3,0,0,0,0,0.4999999999999999,0.8660254037844387,63.44933311666025,63.07542979967701,115.33333333333333,40.333333333333336,1.1158006602025
2025-11-06 03:00:00,R2,57.20630893191922,145,3,Arterial,True,29.1,26.0,34.0,0.0,11.4,1013.0,0,0,59,3,3,0,0,0,0,0.7071067811865476,0.7071067811865476,60.95096221648122,62.507876906636234,129.66666666666666,48.333333333333336,0.9534384821986536
2025-11-06 04:00:00,R2,63.99881269610789,140,3,Arterial,True,29.1,26.0,34.0,0.0,11.4,1013.0,0,0,59,4,3,0,0,0,0,0.8660254037844386,0.5000000000000001,62.71772041339238,63.20466965812954,135.33333333333334,46.666666666666664,1.0666468782684648
2025-11-06 05:00:00,R2,61.394180726508765,119,3,Arterial,True,29.1,26.0,34.0,0.0,11.4,1013.0,0,0,59,5,3,0,0,0,0,0.9659258262890684,0.2588190451025207,60.866434118178624,62.15788361741944,134.66666666666666,39.666666666666664,1.0232363454418127
2025-11-06 06:00:00,R2,62.93449614027613,132,3,Arterial,True,29.1,26.0,34.0,0.0,11.4,1013.0,0,0,59,6,3,0,0,0,0,1.0,6.123233995736766e-17,62.7758298542976,61.86339603538941,130.33333333333334,44.0,1.048908269004602
2025-11-06 07:00:00,R2,39.14110994441722,88,3,Arterial,True,29.1,26.0,34.0,0.0,11.4,1013.0,0,0,59,7,3,0,1,0,1,0.9659258262890684,-0.2588190451025206,54.48992893706737,58.603824675229866,113.0,29.333333333333332,0.6523518324069536
2025-11-06 08:00:00,R2,27.464070291241377,82,3,Arterial,True,29.1,26.0,34.0,0.0,11.4,1013.0,0,0,59,8,3,0,1,0,1,0.8660254037844387,-0.4999999999999998,43.179892125311575,52.02316312174509,100.66666666666667,27.333333333333332,0.45773450485402295
2025-11-06 09:00:00,R2,25.11482055846488,80,3,Arterial,True,29.1,26.0,34.0,0.0,11.4,1013.0,0,0,59,9,3,0,1,0,1,0.7071067811865476,-0.7071067811865475,30.57333359804116,46.67458172616938,83.33333333333333,26.666666666666668,0.41858034264108135
2025-11-06 10:00:00,R2,37.63972213467854,87,3,Arterial,True,29.1,26.0,34.0,0.0,11.4,1013.0,0,0,59,10,3,0,1,0,1,0.4999999999999999,-0.8660254037844387,30.072870994794936,42.28139996593115,83.0,29.0,0.6273287022446424
2025-11-06 11:00:00,R2,60.63696424644844,100,3,Arterial,True,29.1,26.0,34.0,0.0,11.4,1013.0,0,0,59,11,3,0,0,0,0,0.258819045102521,-0.9659258262890682,41.13050231319729,42.15519721925443,89.0,33.333333333333336,1.0106160707741407
2025-11-06 12:00:00,R2,64.16150079576573,115,3,Arterial,True,29.1,26.0,34.0,0.0,11.4,1013.0,0,0,59,12,3,0,0,0,0,1.2246467991473532e-16,-1.0,54.14606239229757,42.35969799516936,100.66666666666667,38.333333333333336,1.0693583465960956
2025-11-06 13:00:00,R2,54.7009443240534,138,3,Arterial,True,29.1,26.0,34.0,0.0,11.4,1013.0,0,0,59,13,3,0,0,0,0,-0.2588190451025208,-0.9659258262890684,59.833136455422526,44.95300372510872,117.66666666666667,46.0,0.9116824054008901
2025-11-06 14:00:00,R2,60.83416056195478,115,3,Arterial,True,29.1,26.0,34.0,0.0,11.4,1013.0,0,0,59,14,3,0,0,0,0,-0.4999999999999997,-0.8660254037844388,59.8988685605913,50.5146854368943,122.66666666666667,38.333333333333336,1.0139026760325798
2025-11-06 15:00:00,R2,58.29322814877102,109,3,Arterial,True,29.1,26.0,34.0,0.0,11.4,1013.0,0,0,59,15,3,0,0,0,0,-0.7071067811865471,-0.7071067811865479,57.94277767825974,56.044420035278655,120.66666666666667,36.333333333333336,0.9715538024795171
2025-11-06 16:00:00,R2,69.97702230420991,131,3,Arterial,True,29.1,26.0,34.0,0.0,11.4,1013.0,0,0,59,16,3,0,0,0,0,-0.8660254037844384,-0.5000000000000004,63.03480367164523,61.43397006353388,118.33333333333333,43.666666666666664,1.166283705070165
2025-11-06 17:00:00,R2,43.26881292834601,81,3,Arterial,True,29.1,26.0,34.0,0.0,11.4,1013.0,0,0,59,17,3,0,0,1,1,-0.9659258262890684,-0.2588190451025206,57.17968779377565,58.53927817718348,107.0,27.0,0.7211468821391002
2025-11-06 18:00:00,R2,39.514404759497694,101,3,Arterial,True,29.1,26.0,34.0,0.0,11.4,1013.0,0,0,59,18,3,0,0,1,1,-1.0,-1.8369701987210294e-16,50.9200799973512,54.43142883780547,104.33333333333333,33.666666666666664,0.6585734126582949
2025-11-06 19:00:00,R2,29.19981427221656,71,3,Arterial,True,29.1,26.0,34.0,0.0,11.4,1013.0,0,0,59,19,3,0,0,1,1,-0.9659258262890684,0.2588190451025203,37.327677320020086,50.18124049583266,84.33333333333333,23.666666666666668,0.4866635712036093
2025-11-06 20:00:00,R2,33.87766927449978,90,3,Arterial,True,29.1,26.0,34.0,0.0,11.4,1013.0,0,0,59,20,3,0,0,1,1,-0.8660254037844386,0.5000000000000001,34.19729610207134,45.688491947923495,87.33333333333333,30.0,0.564627821241663
2025-11-06 21:00:00,R2,61.09674253750405,138,3,Arterial,True,29.1,26.0,34.0,0.0,11.4,1013.0,0,0,59,21,3,0,0,0,0,-0.7071067811865477,0.7071067811865474,41.39140869474013,46.15574434604567,99.66666666666667,46.0,1.018279042291734
2025-11-06 22:00:00,R2,61.74039113963807,142,3,Arterial,True,29.1,26.0,34.0,0.0,11.4,1013.0,0,0,59,22,3,0,0,0,0,-0.5000000000000004,0.8660254037844384,52.2382676505473,44.78297248528369,123.33333333333333,47.333333333333336,1.029006518993968
2025-11-06 23:00:00,R2,60.08208971219321,101,3,Arterial,True,29.1,26.0,34.0,0.0,11.4,1013.0,0,0,59,23,3,0,0,0,0,-0.2588190451025215,0.965925826289068,60.97307446311178,47.58518528259156,127.0,33.666666666666664,1.0013681618698869
2025-11-07 00:00:00,R2,55.52882064741809,121,3,Arterial,True,27.9,24.0,32.0,0.0,11.0,1014.8,0,0,59,0,4,0,0,0,0,0.0,1.0,59.11710049974979,50.25425459724496,121.33333333333333,40.333333333333336,0.9254803441236348
2025-11-07 01:00:00,R2,68.22579840167573,122,3,Arterial,True,27.9,24.0,32.0,0.0,11.0,1014.8,0,0,59,1,4,0,0,0,0,0.2588190451025207,0.9659258262890684,61.278902920429005,56.75858528548815,114.66666666666667,40.666666666666664,1.1370966400279288
2025-11-07 02:00:00,R2,58.79793969780301,140,3,Arterial,True,27.9,24.0,32.0,0.0,11.0,1014.8,0,0,59,2,4,0,0,0,0,0.4999999999999999,0.8660254037844387,60.85085291563228,60.91196368937202,127.66666666666667,46.666666666666664,0.9799656616300502
2025-11-07 03:00:00,R2,57.2307877623145,131,3,Arterial,True,27.9,24.0,32.0,0.0,11.0,1014.8,0,0,59,3,4,0,0,0,0,0.7071067811865476,0.7071067811865476,61.41817528726441,60.2676378935071,131.0,43.666666666666664,0.9538464627052416
2025-11-07 04:00:00,R2,49.90480757649842,133,3,Arterial,True,27.9,24.0,32.0,0.0,11.0,1014.8,0,0,59,4,4,0,0,0,0,0.8660254037844386,0.5000000000000001,55.31117834553864,58.295040632983834,134.66666666666666,44.333333333333336,0.8317467929416403
2025-11-07 05:00:00,R2,66.27650138104079,123,3,Arterial,True,27.9,24.0,32.0,0.0,11.0,1014.8,0,0,59,5,4,0,0,0,0,0.9659258262890684,0.2588190451025207,57.80403223995123,59.32744257779175,129.0,41.0,1.1046083563506799
2025-11-07 06:00:00,R2,53.60690288978416,109,3,Arterial,True,27.9,24.0,32.0,0.0,11.0,1014.8,0,0,59,6,4,0,0,0,0,1.0,6.123233995736766e-17,56.59607061577446,59.00712295151944,121.66666666666667,36.333333333333336,0.8934483814964026
2025-11-07 07:00:00,R2,31.92877008561311,94,3,Arterial,True,27.9,24.0,32.0,0.0,11.0,1014.8,0,0,59,7,4,0,1,0,1,0.9659258262890684,-0.2588190451025206,50.60405811881268,52.95761823217566,108.66666666666667,31.333333333333332,0.5321461680935519
2025-11-07 08:00:00,R2,27.734177366520747,69,3,Arterial,True,27.9,24.0,32.0,0.0,11.0,1014.8,0,0,59,8,4,0,1,0,1,0.8660254037844387,-0.4999999999999998,37.756616780639334,47.78032451029529,90.66666666666667,23.0,0.46223628944201245
2025-11-07 09:00:00,R2,30.5264893338948,105,3,Arterial,True,27.9,24.0,32.0,0.0,11.0,1014.8,0,0,59,9,4,0,1,0,1,0.7071067811865476,-0.7071067811865475,30.063145595342878,43.32960810555867,89.33333333333333,35.0,0.50877482223158
2025-11-07 10:00:00,R2,31.19855762786058,85,3,Arterial,True,27.9,24.0,32.0,0.0,11.0,1014.8,0,0,59,10,4,0,1,0,1,0.4999999999999999,-0.8660254037844387,29.81974144275871,40.2118997807857,86.33333333333333,28.333333333333332,0.519975960464343
2025-11-07 11:00:00,R2,65.55706900561758,128,3,Arterial,True,27.9,24.0,32.0,0.0,11.0,1014.8,0,0,59,11,4,0,0,0,0,0.258819045102521,-0.9659258262890682,42.42737198912431,40.09199438488183,106.0,42.666666666666664,1.092617816760293
2025-11-07 12:00:00,R2,59.93591992676558,101,3,Arterial,True,27.9,24.0,32.0,0.0,11.0,1014.8,0,0,59,12,4,0,0,0,0,1.2246467991473532e-16,-1.0,52.230515520081234,41.146830557712065,104.66666666666667,33.666666666666664,0.9989319987794263
2025-11-07 13:00:00,R2,57.86328358894535,118,3,Arterial,True,27.9,24.0,32.0,0.0,11.0,1014.8,0,0,59,13,4,0,0,0,0,-0.2588190451025208,-0.9659258262890684,61.1187575071095,45.46924947493411,115.66666666666667,39.333333333333336,0.9643880598157558
2025-11-07 14:00:00,R2,60.55972611182521,128,3,Arterial,True,27.9,24.0,32.0,0.0,11.0,1014.8,0,0,59,14,4,0,0,0,0,-0.4999999999999997,-0.8660254037844388,59.45297654251203,50.94017426581818,115.66666666666667,42.666666666666664,1.0093287685304202
2025-11-07 15:00:00,R2,65.77067676819075,145,3,Arterial,True,27.9,24.0,32.0,0.0,11.0,1014.8,0,0,59,15,4,0,0,0,0,-0.7071067811865471,-0.7071067811865479,61.39789548965376,56.81420550486751,130.33333333333334,48.333333333333336,1.0961779461365126
2025-11-07 16:00:00,R2,57.6225644603917,105,3,Arterial,True,27.9,24.0,32.0,0.0,11.0,1014.8,0,0,59,16,4,0,0,0,0,-0.8660254037844384,-0.5000000000000004,61.31765578013588,61.21820664362269,126.0,35.0,0.9603760743398617
2025-11-07 17:00:00,R2,32.04890207257027,92,3,Arterial,True,27.9,24.0,32.0,0.0,11.0,1014.8,0,0,59,17,4,0,0,1,1,-0.9659258262890684,-0.2588190451025206,51.8140477670509,55.63351215478148,114.0,30.666666666666668,0.5341483678761711
2025-11-07 18:00:00,R2,39.69904987904111,66,3,Arterial,True,27.9,24.0,32.0,0.0,11.0,1014.8,0,0,59,18,4,0,0,1,1,-1.0,-1.8369701987210294e-16,43.12350547066768,52.26070048016073,87.66666666666667,22.0,0.6616508313173519
2025-11-07 19:00:00,R2,26.787706003623544,74,3,Arterial,True,27.9,24.0,32.0,0.0,11.0,1014.8,0,0,59,19,4,0,0,1,1,-0.9659258262890684,0.2588190451025203,32.84521931841163,47.081437549273765,77.33333333333333,24.666666666666668,0.44646176672705906
2025-11-07 20:00:00,R2,32.89970838820741,66,3,Arterial,True,27.9,24.0,32.0,0.0,11.0,1014.8,0,0,59,20,4,0,0,1,1,-0.8660254037844386,0.5000000000000001,33.12882142362401,42.47143459533746,68.66666666666667,22.0,0.5483284731367901
2025-11-07 21:00:00,R2,51.09232226709117,128,3,Arterial,True,27.9,24.0,32.0,0.0,11.0,1014.8,0,0,59,21,4,0,0,0,0,-0.7071067811865477,0.7071067811865474,36.92657888630737,40.02504217848753,89.33333333333333,42.666666666666664,0.8515387044515195
2025-11-07 22:00:00,R2,60.70915538673265,149,3,Arterial,True,27.9,24.0,32.0,0.0,11.0,1014.8,0,0,59,22,4,0,0,0,0,-0.5000000000000004,0.8660254037844384,48.23372868067707,40.53947399954436,114.33333333333333,49.666666666666664,1.0118192564455442
2025-11-07 23:00:00,R2,57.21605427786261,108,3,Arterial,True,27.9,24.0,32.0,0.0,11.0,1014.8,0,0,59,23,4,0,0,0,0,-0.2588190451025215,0.965925826289068,56.33917731056213,44.733999367093084,128.33333333333334,36.0,0.9536009046310435
2025-11-08 00:00:00,R2,58.06383087636434,111,3,Arterial,True,27.9,23.0,32.0,0.0,11.0,1016.7,0,0,59,0,5,1,0,0,0,0.0,1.0,58.6630135136532,47.79479619998028,122.66666666666667,37.0,0.9677305146060724
2025-11-08 01:00:00,R2,69.94198287904986,128,3,Arterial,True,27.9,23.0,32.0,0.0,11.0,1016.7,0,0,59,1,5,1,0,0,0,0.2588190451025207,0.9659258262890684,61.74062267775893,54.987175679218005,115.66666666666667,42.666666666666664,1.165699714650831
2025-11-08 02:00:00,R2,64.14548539479587,142,3,Arterial,True,27.9,23.0,32.0,0.0,11.0,1016.7,0,0,59,2,5,1,0,0,0,0.4999999999999999,0.8660254037844387,64.05043305007001,60.19480518031609,127.0,47.333333333333336,1.0690914232465978
2025-11-08 03:00:00,R2,55.692885684178776,124,3,Arterial,True,27.9,23.0,32.0,0.0,11.0,1016.7,0,0,59,3,5,1,0,0,0,0.7071067811865476,0.7071067811865476,63.26011798600816,60.96156574983069,131.33333333333334,41.333333333333336,0.9282147614029796
2025-11-08 04:00:00,R2,54.13953661746339,101,3,Arterial,True,27.9,23.0,32.0,0.0,11.0,1016.7,0,0,59,4,5,1,0,0,0,0.8660254037844386,0.5000000000000001,57.99263589881267,59.8666292882858,122.33333333333333,33.666666666666664,0.9023256102910565
2025-11-08 05:00:00,R2,59.6000549013704,112,3,Arterial,True,27.9,23.0,32.0,0.0,11.0,1016.7,0,0,59,5,5,1,0,0,0,0.9659258262890684,0.2588190451025207,56.47749240100418,60.263962725537105,112.33333333333333,37.333333333333336,0.9933342483561733
2025-11-08 06:00:00,R2,56.59704978368867,112,3,Arterial,True,27.9,23.0,32.0,0.0,11.0,1016.7,0,0,59,6,5,1,0,0,0,1.0,6.123233995736766e-17,56.77888043417414,60.01949921009117,108.33333333333333,37.333333333333336,0.9432841630614778
2025-11-08 07:00:00,R2,40.58789263999876,91,3,Arterial,True,27.9,23.0,32.0,0.0,11.0,1016.7,0,0,59,7,5,1,1,0,1,0.9659258262890684,-0.2588190451025206,52.261665775019274,55.12715083691598,105.0,30.333333333333332,0.6764648773333127
2025-11-08 08:00:00,R2,38.33035482636726,81,3,Arterial,True,27.9,23.0,32.0,0.0,11.0,1016.7,0,0,59,8,5,1,1,0,1,0.8660254037844387,-0.4999999999999998,45.17176575001822,50.824629075511204,94.66666666666667,27.0,0.638839247106121
2025-11-08 09:00:00,R2,38.75428364069947,77,3,Arterial,True,27.9,23.0,32.0,0.0,11.0,1016.7,0,0,59,9,5,1,1,0,1,0.7071067811865476,-0.7071067811865475,39.224177035688484,48.00152873493133,83.0,25.666666666666668,0.6459047273449912
2025-11-08 10:00:00,R2,37.01608179838084,97,3,Arterial,True,27.9,23.0,32.0,0.0,11.0,1016.7,0,0,59,10,5,1,1,0,1,0.4999999999999999,-0.8660254037844387,38.033573421815845,45.14761959841757,85.0,32.333333333333336,0.6169346966396806
2025-11-08 11:00:00,R2,63.29105985276964,139,3,Arterial,True,27.9,23.0,32.0,0.0,11.0,1016.7,0,0,59,11,5,1,0,0,0,0.258819045102521,-0.9659258262890682,46.353808430616645,45.76278709031744,104.33333333333333,46.333333333333336,1.0548509975461606
2025-11-08 12:00:00,R2,57.56936190600352,106,3,Arterial,True,27.9,23.0,32.0,0.0,11.0,1016.7,0,0,59,12,5,1,0,0,0,1.2246467991473532e-16,-1.0,52.62550118571799,45.92483911070325,114.0,35.333333333333336,0.9594893651000587
2025-11-08 13:00:00,R2,52.49300313203996,148,3,Arterial,True,27.9,23.0,32.0,0.0,11.0,1016.7,0,0,59,13,5,1,0,0,0,-0.2588190451025208,-0.9659258262890684,57.78447496360437,47.90902419271012,131.0,49.333333333333336,0.8748833855339994
2025-11-08 14:00:00,R2,54.26601175791613,121,3,Arterial,True,27.9,23.0,32.0,0.0,11.0,1016.7,0,0,59,14,5,1,0,0,0,-0.4999999999999997,-0.8660254037844388,54.77612559865319,50.56496701463493,125.0,40.333333333333336,0.9044335292986022
2025-11-08 15:00:00,R2,55.05930024930196,101,3,Arterial,True,27.9,23.0,32.0,0.0,11.0,1016.7,0,0,59,15,5,1,0,0,0,-0.7071067811865471,-0.7071067811865479,53.93943837975268,53.28246978273535,123.33333333333333,33.666666666666664,0.9176550041550328
2025-11-08 16:00:00,R2,53.14003672766815,131,3,Arterial,True,27.9,23.0,32.0,0.0,11.0,1016.7,0,0,59,16,5,1,0,0,0,-0.8660254037844384,-0.5000000000000004,54.15511624496207,55.96979560428323,117.66666666666667,43.666666666666664,0.8856672787944692
2025-11-08 17:00:00,R2,38.90924952720772,104,3,Arterial,True,27.9,23.0,32.0,0.0,11.0,1016.7,0,0,59,17,5,1,0,1,1,-0.9659258262890684,-0.2588190451025206,49.0361955013926,51.90616055002291,112.0,34.666666666666664,0.6484874921201287
2025-11-08 18:00:00,R2,30.284793283669973,61,3,Arterial,True,27.9,23.0,32.0,0.0,11.0,1016.7,0,0,59,18,5,1,0,1,1,-1.0,-1.8369701987210294e-16,40.778026512848605,47.35873244630065,98.66666666666667,20.333333333333332,0.5047465547278329
2025-11-08 19:00:00,R2,35.99260567430704,67,3,Arterial,True,27.9,23.0,32.0,0.0,11.0,1016.7,0,0,59,19,5,1,0,1,1,-0.9659258262890684,0.2588190451025203,35.06221616172824,44.60866620334516,77.33333333333333,22.333333333333332,0.5998767612384507
2025-11-08 20:00:00,R2,34.21031980952099,62,3,Arterial,True,27.9,23.0,32.0,0.0,11.0,1016.7,0,0,59,20,5,1,0,1,1,-0.8660254037844386,0.5000000000000001,33.495906255832665,41.26605087861264,63.333333333333336,20.666666666666668,0.5701719968253498
2025-11-08 21:00:00,R2,68.10708972940571,100,3,Arterial,True,27.9,23.0,32.0,0.0,11.0,1016.7,0,0,59,21,5,1,0,0,0,-0.7071067811865477,0.7071067811865474,46.10333840441124,43.44068245862993,76.33333333333333,33.333333333333336,1.1351181621567619
2025-11-08 22:00:00,R2,57.84261216386185,136,3,Arterial,True,27.9,23.0,32.0,0.0,11.0,1016.7,0,0,59,22,5,1,0,0,0,-0.5000000000000004,0.8660254037844384,53.38667390092951,44.224445031328884,99.33333333333333,45.333333333333336,0.9640435360643642
2025-11-08 23:00:00,R2,60.86751964129105,145,3,Arterial,True,27.9,23.0,32.0,0.0,11.0,1016.7,0,0,59,23,5,1,0,0,0,-0.2588190451025215,0.965925826289068,62.2724071781862,47.88415671700944,127.0,48.333333333333336,1.014458660688184
2025-11-09 00:00:00,R2,62.28380215997913,145,3,Arterial,True,28.2,24.0,31.0,0.0,12.7,1016.2,0,0,59,0,6,1,0,0,0,0.0,1.0,60.331311321710665,53.21732486306097,142.0,48.333333333333336,1.0380633693329855
2025-11-09 01:00:00,R2,53.0853126422282,130,3,Arterial,True,28.2,24.0,31.0,0.0,12.7,1016.2,0,0,59,1,6,1,0,0,0,0.2588190451025207,0.9659258262890684,58.74554481449945,56.06610935771449,140.0,43.333333333333336,0.8847552107038034
2025-11-09 02:00:00,R2,52.96798254775391,114,3,Arterial,True,28.2,24.0,31.0,0.0,12.7,1016.2,0,0,59,2,6,1,0,0,0,0.4999999999999999,0.8660254037844387,56.112365783320406,59.19238648075332,129.66666666666666,38.0,0.8827997091292319
2025-11-09 03:00:00,R2,63.15103842304558,107,3,Arterial,True,28.2,24.0,31.0,0.0,12.7,1016.2,0,0,59,3,6,1,0,0,0,0.7071067811865476,0.7071067811865476,56.40144453767589,58.36637792969329,117.0,35.666666666666664,1.0525173070507596
2025-11-09 04:00:00,R2,61.198354557844354,112,3,Arterial,True,28.2,24.0,31.0,0.0,12.7,1016.2,0,0,59,4,6,1,0,0,0,0.8660254037844386,0.5000000000000001,59.105791842881274,58.925668328690364,111.0,37.333333333333336,1.0199725759640725
2025-11-09 05:00:00,R2,60.95339991265592,111,3,Arterial,True,28.2,24.0,31.0,0.0,12.7,1016.2,0,0,59,5,6,1,0,0,0,0.9659258262890684,0.2588190451025207,61.767597631181935,58.93998170725118,110.0,37.0,1.0158899985442653
2025-11-09 06:00:00,R2,61.21918172604037,149,3,Arterial,True,28.2,24.0,31.0,0.0,12.7,1016.2,0,0,59,6,6,1,0,0,0,1.0,6.123233995736766e-17,61.12364539884687,58.76254496826139,124.0,49.666666666666664,1.0203196954340061
2025-11-09 07:00:00,R2,32.52308355362106,99,3,Arterial,True,28.2,24.0,31.0,0.0,12.7,1016.2,0,0,59,7,6,1,1,0,1,0.9659258262890684,-0.2588190451025206,51.565221730772436,55.33550678682687,119.66666666666667,33.0,0.5420513925603511
2025-11-09 08:00:00,R2,29.13066412462303,99,3,Arterial,True,28.2,24.0,31.0,0.0,12.7,1016.2,0,0,59,8,6,1,1,0,1,0.8660254037844387,-0.4999999999999998,40.957643134761476,51.36262038297172,115.66666666666667,33.0,0.4855110687437172
2025-11-09 09:00:00,R2,32.157410990386325,109,3,Arterial,True,28.2,24.0,31.0,0.0,12.7,1016.2,0,0,59,9,6,1,1,0,1,0.7071067811865476,-0.7071067811865475,31.270386222876795,46.19701581086184,102.33333333333333,36.333333333333336,0.5359568498397721
2025-11-09 10:00:00,R2,33.778891408770654,107,3,Arterial,True,28.2,24.0,31.0,0.0,12.7,1016.2,0,0,59,10,6,1,1,0,1,0.4999999999999999,-0.8660254037844387,31.688988841259995,41.627105286016224,105.0,35.666666666666664,0.5629815234795109
2025-11-09 11:00:00,R2,62.87876396853898,100,3,Arterial,True,28.2,24.0,31.0,0.0,12.7,1016.2,0,0,59,11,6,1,0,0,0,0.258819045102521,-0.9659258262890682,42.93835545589864,41.94799929533007,105.33333333333333,33.333333333333336,1.0479793994756497
2025-11-09 12:00:00,R2,58.95091107918138,118,3,Arterial,True,28.2,24.0,31.0,0.0,12.7,1016.2,0,0,59,12,6,1,0,0,0,1.2246467991473532e-16,-1.0,51.86952215216366,41.56995418752024,108.33333333333333,39.333333333333336,0.982515184653023
2025-11-09 13:00:00,R2,59.67455256943304,106,3,Arterial,True,28.2,24.0,31.0,0.0,12.7,1016.2,0,0,59,13,6,1,0,0,0,-0.2588190451025208,-0.9659258262890684,60.5014092057178,46.0951990234889,108.0,35.333333333333336,0.9945758761572173
2025-11-09 14:00:00,R2,56.05197273927244,110,3,Arterial,True,28.2,24.0,31.0,0.0,12.7,1016.2,0,0,59,14,6,1,0,0,0,-0.4999999999999997,-0.8660254037844388,58.22581212929561,50.58208379259714,111.33333333333333,36.666666666666664,0.9341995456545408
2025-11-09 15:00:00,R2,55.27336678326457,111,3,Arterial,True,28.2,24.0,31.0,0.0,12.7,1016.2,0,0,59,15,6,1,0,0,0,-0.7071067811865471,-0.7071067811865479,56.99996403065668,54.43474309141018,109.0,37.0,0.9212227797210761
2025-11-09 16:00:00,R2,69.12902103722006,125,3,Arterial,True,28.2,24.0,31.0,0.0,12.7,1016.2,0,0,59,16,6,1,0,0,0,-0.8660254037844384,-0.5000000000000004,60.151453519919016,60.326431362818404,115.33333333333333,41.666666666666664,1.1521503506203343
2025-11-09 17:00:00,R2,26.77653982879317,73,3,Arterial,True,28.2,24.0,31.0,0.0,12.7,1016.2,0,0,59,17,6,1,0,1,1,-0.9659258262890684,-0.2588190451025206,50.39297588309259,54.30939400619411,103.0,24.333333333333332,0.4462756638132195
2025-11-09 18:00:00,R2,48.04148315803765,74,3,Arterial,True,28.2,24.0,31.0,0.0,12.7,1016.2,0,0,59,18,6,1,0,1,1,-1.0,-1.8369701987210294e-16,47.98234800801694,52.49115601933682,90.66666666666667,24.666666666666668,0.8006913859672942
2025-11-09 19:00:00,R2,39.8754433518356,87,3,Arterial,True,28.2,24.0,31.0,0.0,12.7,1016.2,0,0,59,19,6,1,0,1,1,-0.9659258262890684,0.2588190451025203,38.231155446222125,49.19130448307058,78.0,29.0,0.6645907225305934
2025-11-09 20:00:00,R2,39.89063220614811,95,3,Arterial,True,28.2,24.0,31.0,0.0,12.7,1016.2,0,0,59,20,6,1,0,1,1,-0.8660254037844386,0.5000000000000001,42.60251957200711,46.49774772754986,85.33333333333333,31.666666666666668,0.6648438701024685
2025-11-09 21:00:00,R2,52.390317722367286,106,3,Arterial,True,28.2,24.0,31.0,0.0,12.7,1016.2,0,0,59,21,6,1,0,0,0,-0.7071067811865477,0.7071067811865474,44.05213109345033,46.01723955073364,96.0,35.333333333333336,0.8731719620394548
2025-11-09 22:00:00,R2,54.73829824429698,132,3,Arterial,True,28.2,24.0,31.0,0.0,12.7,1016.2,0,0,59,22,6,1,0,0,0,-0.5000000000000004,0.8660254037844384,49.00641605760412,43.61878575191313,111.0,44.0,0.912304970738283
2025-11-09 23:00:00,R2,59.72414918501133,144,3,Arterial,True,28.2,24.0,31.0,0.0,12.7,1016.2,0,0,59,23,6,1,0,0,0,-0.2588190451025215,0.965925826289068,55.61758838389185,49.11005397794949,127.33333333333333,48.0,0.9954024864168555
2025-11-10 00:00:00,R2,69.75046010467469,140,3,Arterial,True,27.9,24.0,31.0,0.0,10.4,1014.8,0,0,59,0,0,0,0,0,0,0.0,1.0,61.40430251132765,52.728216802389,138.66666666666666,46.666666666666664,1.1625076684112448
2025-11-10 01:00:00,R2,64.0167728866059,130,3,Arterial,True,27.9,24.0,31.0,0.0,10.4,1014.8,0,0,59,1,0,0,0,0,0,0.2588190451025207,0.9659258262890684,64.4971273920973,56.75177172485072,138.0,43.333333333333336,1.0669462147767652
2025-11-10 02:00:00,R2,67.62707492709502,100,3,Arterial,True,27.9,24.0,31.0,0.0,10.4,1014.8,0,0,59,2,0,0,0,0,0,0.4999999999999999,0.8660254037844387,67.13143597279186,61.37451217834187,123.33333333333333,33.333333333333336,1.1271179154515838
2025-11-10 03:00:00,R2,61.17958729999745,127,3,Arterial,True,27.9,24.0,31.0,0.0,10.4,1014.8,0,0,59,3,0,0,0,0,0,0.7071067811865476,0.7071067811865476,64.27447837123277,62.83939044128024,119.0,42.333333333333336,1.0196597883332907
2025-11-10 04:00:00,R2,50.56113701630793,136,3,Arterial,True,27.9,24.0,31.0,0.0,10.4,1014.8,0,0,59,4,0,0,0,0,0,0.8660254037844386,0.5000000000000001,59.789266414466795,62.14319690328205,121.0,45.333333333333336,0.8426856169384656
2025-11-10 05:00:00,R2,70.61024392827981,108,3,Arterial,True,27.9,24.0,31.0,0.0,10.4,1014.8,0,0,59,5,0,0,0,0,0,0.9659258262890684,0.2588190451025207,60.783656081528385,63.957546027160134,123.66666666666667,36.0,1.1768373988046636
2025-11-10 06:00:00,R2,59.04967593906464,146,3,Arterial,True,27.9,24.0,31.0,0.0,10.4,1014.8,0,0,59,6,0,0,0,0,0,1.0,6.123233995736766e-17,60.07368562788412,62.17408199955846,130.0,48.666666666666664,0.9841612656510773
2025-11-10 07:00:00,R2,22.73086922334871,72,3,Arterial,True,27.9,24.0,31.0,0.0,10.4,1014.8,0,0,59,7,0,0,1,0,1,0.9659258262890684,-0.2588190451025206,50.79692969689771,55.293098055682265,108.66666666666667,24.0,0.37884782038914516
2025-11-10 08:00:00,R2,37.21927771970863,107,3,Arterial,True,27.9,24.0,31.0,0.0,10.4,1014.8,0,0,59,8,0,0,1,0,1,0.8660254037844387,-0.4999999999999998,39.66660762737398,50.2251318544512,108.33333333333333,35.666666666666664,0.6203212953284771
2025-11-10 09:00:00,R2,32.4692027163356,71,3,Arterial,True,27.9,24.0,31.0,0.0,10.4,1014.8,0,0,59,9,0,0,1,0,1,0.7071067811865476,-0.7071067811865475,30.806449886464296,45.44006775717421,83.33333333333333,23.666666666666668,0.5411533786055933
2025-11-10 10:00:00,R2,38.15848121626308,87,3,Arterial,True,27.9,24.0,31.0,0.0,10.4,1014.8,0,0,59,10,0,0,1,0,1,0.4999999999999999,-0.8660254037844387,35.94898721743576,43.37295845716674,88.33333333333333,29.0,0.635974686937718
2025-11-10 11:00:00,R2,61.54995570056099,104,3,Arterial,True,27.9,24.0,31.0,0.0,10.4,1014.8,0,0,59,11,0,0,0,0,0,0.258819045102521,-0.9659258262890682,44.05921321105321,41.86291041921361,87.33333333333333,34.666666666666664,1.0258325950093499
2025-11-10 12:00:00,R2,65.19758104324538,102,3,Arterial,True,27.9,24.0,31.0,0.0,10.4,1014.8,0,0,59,12,0,0,0,0,0,1.2246467991473532e-16,-1.0,54.968672653356464,42.8875612699104,97.66666666666667,34.0,1.0866263507207563
2025-11-10 13:00:00,R2,54.011235758523895,149,3,Arterial,True,27.9,24.0,31.0,0.0,10.4,1014.8,0,0,59,13,0,0,0,0,0,-0.2588190451025208,-0.9659258262890684,60.2529241674434,48.10095569243959,118.33333333333333,49.666666666666664,0.900187262642065
2025-11-10 14:00:00,R2,56.99346176956529,134,3,Arterial,True,27.9,24.0,31.0,0.0,10.4,1014.8,0,0,59,14,0,0,0,0,0,-0.4999999999999997,-0.8660254037844388,58.734092857111506,51.39665303408237,128.33333333333334,44.666666666666664,0.9498910294927548
2025-11-10 15:00:00,R2,60.07985361006567,145,3,Arterial,True,27.9,24.0,31.0,0.0,10.4,1014.8,0,0,59,15,0,0,0,0,0,-0.7071067811865471,-0.7071067811865479,57.02818371271827,55.99842818303739,142.66666666666666,48.333333333333336,1.0013308935010945
2025-11-10 16:00:00,R2,61.767656694533365,146,3,Arterial,True,27.9,24.0,31.0,0.0,10.4,1014.8,0,0,59,16,0,0,0,0,0,-0.8660254037844384,-0.5000000000000004,59.61365735805476,59.933290762749095,141.66666666666666,48.666666666666664,1.0294609449088894
2025-11-10 17:00:00,R2,37.84650136637518,62,3,Arterial,True,27.9,24.0,31.0,0.0,10.4,1014.8,0,0,59,17,0,0,0,1,1,-0.9659258262890684,-0.2588190451025206,53.23133722365805,55.98271504038479,117.66666666666667,20.666666666666668,0.6307750227729196
2025-11-10 18:00:00,R2,34.7682197586884,68,3,Arterial,True,27.9,24.0,31.0,0.0,10.4,1014.8,0,0,59,18,0,0,0,1,1,-1.0,-1.8369701987210294e-16,44.79412593986564,50.91115482629197,92.0,22.666666666666668,0.5794703293114734
2025-11-10 19:00:00,R2,40.82874347977571,79,3,Arterial,True,27.9,24.0,31.0,0.0,10.4,1014.8,0,0,59,19,0,0,0,1,1,-0.9659258262890684,0.2588190451025203,37.81448820161308,48.714072779833934,69.66666666666667,26.333333333333332,0.6804790579962618
2025-11-10 20:00:00,R2,38.64072249931062,84,3,Arterial,True,27.9,24.0,31.0,0.0,10.4,1014.8,0,0,59,20,0,0,0,1,1,-0.8660254037844386,0.5000000000000001,38.07922857925823,45.65528290145816,77.0,28.0,0.644012041655177
2025-11-10 21:00:00,R2,67.76901692265652,128,3,Arterial,True,27.9,24.0,31.0,0.0,10.4,1014.8,0,0,59,21,0,0,0,0,0,-0.7071067811865477,0.7071067811865474,49.07949430058094,46.9368101202233,97.0,42.666666666666664,1.1294836153776087
2025-11-10 22:00:00,R2,60.31174741198849,123,3,Arterial,True,27.9,24.0,31.0,0.0,10.4,1014.8,0,0,59,22,0,0,0,0,0,-0.5000000000000004,0.8660254037844384,55.573828944651865,46.69415857313248,111.66666666666667,41.0,1.005195790199808
2025-11-10 23:00:00,R2,68.73908130856036,119,3,Arterial,True,27.9,24.0,31.0,0.0,10.4,1014.8,0,0,59,23,0,0,0,0,0,-0.2588190451025215,0.965925826289068,65.60661521440177,51.84292189683001,123.33333333333333,39.666666666666664,1.1456513551426726
2025-11-11 00:00:00,R2,59.22230985028722,103,3,Arterial,True,27.7,24.0,31.0,0.0,10.9,1014.8,0,0,59,0,1,0,0,0,0,0.0,1.0,62.75771285694534,55.91860357876315,115.0,34.333333333333336,0.987038497504787
2025-11-11 01:00:00,R2,51.79683374487677,142,3,Arterial,True,27.7,24.0,31.0,0.0,10.9,1014.8,0,0,59,1,1,0,0,0,0,0.2588190451025207,0.9659258262890684,59.91940830124144,57.74661862294666,121.33333333333333,47.333333333333336,0.8632805624146128
2025-11-11 02:00:00,R2,60.60249626146254,134,3,Arterial,True,27.7,24.0,31.0,0.0,10.9,1014.8,0,0,59,2,1,0,0,0,0,0.4999999999999999,0.8660254037844387,57.20721328554216,61.40691424997198,126.33333333333333,44.666666666666664,1.010041604357709
2025-11-11 03:00:00,R2,57.29670483441632,111,3,Arterial,True,27.7,24.0,31.0,0.0,10.9,1014.8,0,0,59,3,1,0,0,0,0,0.7071067811865476,0.7071067811865476,56.565344946918536,59.661528901931945,129.0,37.0,0.9549450805736053
2025-11-11 04:00:00,R2,55.00289212560864,135,3,Arterial,True,27.7,24.0,31.0,0.0,10.9,1014.8,0,0,59,4,1,0,0,0,0,0.8660254037844386,0.5000000000000001,57.634031073829156,58.7767196875353,126.66666666666667,45.0,0.916714868760144
2025-11-11 05:00:00,R2,60.50124909760592,127,3,Arterial,True,27.7,24.0,31.0,0.0,10.9,1014.8,0,0,59,5,1,0,0,0,0,0.9659258262890684,0.2588190451025207,57.60028201921028,57.40374765237624,124.33333333333333,42.333333333333336,1.0083541516267653
2025-11-11 06:00:00,R2,60.16569636026895,127,3,Arterial,True,27.7,24.0,31.0,0.0,10.9,1014.8,0,0,59,6,1,0,0,0,0,1.0,6.123233995736766e-17,58.55661252782782,57.56097873737318,129.66666666666666,42.333333333333336,1.0027616060044826
2025-11-11 07:00:00,R2,32.91756291342786,86,3,Arterial,True,27.7,24.0,31.0,0.0,10.9,1014.8,0,0,59,7,1,0,1,0,1,0.9659258262890684,-0.2588190451025206,51.194836123767566,54.414433598798375,113.33333333333333,28.666666666666668,0.5486260485571309
2025-11-11 08:00:00,R2,50.878842844203945,64,3,Arterial,True,27.7,24.0,31.0,0.0,10.9,1014.8,0,0,59,8,1,0,1,0,1,0.8660254037844387,-0.4999999999999998,47.98736737263357,52.793824695921934,92.33333333333333,21.333333333333332,0.8479807140700657
2025-11-11 09:00:00,R2,39.79106519352824,96,3,Arterial,True,27.7,24.0,31.0,0.0,10.9,1014.8,0,0,59,9,1,0,1,0,1,0.7071067811865476,-0.7071067811865475,41.195823650386664,49.876218089107255,82.0,32.0,0.6631844198921374
2025-11-11 10:00:00,R2,33.650549432692976,103,3,Arterial,True,27.7,24.0,31.0,0.0,10.9,1014.8,0,0,59,10,1,0,1,0,1,0.4999999999999999,-0.8660254037844387,41.440152490141706,46.31749430695465,87.66666666666667,34.333333333333336,0.5608424905448829
2025-11-11 11:00:00,R2,61.30414400972848,129,3,Arterial,True,27.7,24.0,31.0,0.0,10.9,1014.8,0,0,59,11,1,0,0,0,0,0.258819045102521,-0.9659258262890682,44.91525287864988,46.45131012564175,109.33333333333333,43.0,1.0217357334954746
2025-11-11 12:00:00,R2,62.58027816479392,118,3,Arterial,True,27.7,24.0,31.0,0.0,10.9,1014.8,0,0,59,12,1,0,0,0,0,1.2246467991473532e-16,-1.0,52.51165720240511,46.85374042639591,116.66666666666667,39.333333333333336,1.0430046360798986
2025-11-11 13:00:00,R2,60.93298140642424,129,3,Arterial,True,27.7,24.0,31.0,0.0,10.9,1014.8,0,0,59,13,1,0,0,0,0,-0.2588190451025208,-0.9659258262890684,61.605801193648865,51.52297684189531,125.33333333333333,43.0,1.0155496901070706
2025-11-11 14:00:00,R2,66.53976536972746,145,3,Arterial,True,27.7,24.0,31.0,0.0,10.9,1014.8,0,0,59,14,1,0,0,0,0,-0.4999999999999997,-0.8660254037844388,63.35100831364853,54.133130596149215,130.66666666666666,48.333333333333336,1.1089960894954578
2025-11-11 15:00:00,R2,62.68467267543047,144,3,Arterial,True,27.7,24.0,31.0,0.0,10.9,1014.8,0,0,59,15,1,0,0,0,0,-0.7071067811865471,-0.7071067811865479,63.385806483860705,57.948731843132926,139.33333333333334,48.0,1.044744544590508
2025-11-11 16:00:00,R2,58.07658502455839,135,3,Arterial,True,27.7,24.0,31.0,0.0,10.9,1014.8,0,0,59,16,1,0,0,0,0,-0.8660254037844384,-0.5000000000000004,62.43367435657209,62.01973777511049,141.33333333333334,45.0,0.9679430837426398
2025-11-11 17:00:00,R2,41.59717546717204,87,3,Arterial,True,27.7,24.0,31.0,0.0,10.9,1014.8,0,0,59,17,1,0,0,1,1,-0.9659258262890684,-0.2588190451025206,54.119477722386954,58.73524301801775,122.0,29.0,0.6932862577862007
2025-11-11 18:00:00,R2,43.22651691568905,74,3,Arterial,True,27.7,24.0,31.0,0.0,10.9,1014.8,0,0,59,18,1,0,0,1,1,-1.0,-1.8369701987210294e-16,47.63342580247314,55.50961614316694,98.66666666666667,24.666666666666668,0.7204419485948175
2025-11-11 19:00:00,R2,35.72622892287562,67,3,Arterial,True,27.7,24.0,31.0,0.0,10.9,1014.8,0,0,59,19,1,0,0,1,1,-0.9659258262890684,0.2588190451025203,40.18330710191222,51.30849072924217,76.0,22.333333333333332,0.5954371487145936
2025-11-11 20:00:00,R2,42.69575065166088,85,3,Arterial,True,27.7,24.0,31.0,0.0,10.9,1014.8,0,0,59,20,1,0,0,1,1,-0.8660254037844386,0.5000000000000001,40.54949883007517,47.33448827623108,75.33333333333333,28.333333333333332,0.711595844194348
2025-11-11 21:00:00,R2,61.82954775279208,112,3,Arterial,True,27.7,24.0,31.0,0.0,10.9,1014.8,0,0,59,21,1,0,0,0,0,-0.7071067811865477,0.7071067811865474,46.750509109109515,47.19196745579134,88.0,37.333333333333336,1.0304924625465346
2025-11-11 22:00:00,R2,59.70953762387085,107,3,Arterial,True,27.7,24.0,31.0,0.0,10.9,1014.8,0,0,59,22,1,0,0,0,0,-0.5000000000000004,0.8660254037844384,54.74494534277459,47.464126222343424,101.33333333333333,35.666666666666664,0.9951589603978476
2025-11-11 23:00:00,R2,54.06630893817617,132,3,Arterial,True,27.7,24.0,31.0,0.0,10.9,1014.8,0,0,59,23,1,0,0,0,0,-0.2588190451025215,0.965925826289068,58.535131438279684,49.54231513417744,117.0,44.0,0.9011051489696028
2025-11-12 00:00:00,R2,62.09146593949591,138,3,Arterial,True,27.9,23.0,33.0,0.0,10.5,1016.3,0,0,59,0,2,0,0,0,0,0.0,1.0,58.6224375005143,52.68647330481192,125.66666666666667,46.0,1.0348577656582651
2025-11-12 01:00:00,R2,64.83434518437272,117,3,Arterial,True,27.9,23.0,33.0,0.0,10.5,1016.3,0,0,59,1,2,0,0,0,0,0.2588190451025207,0.9659258262890684,60.330706687348254,57.537826015061434,129.0,39.0,1.0805724197395454
2025-11-12 02:00:00,R2,57.76082977502384,119,3,Arterial,True,27.9,23.0,33.0,0.0,10.5,1016.3,0,0,59,2,2,0,0,0,0,0.4999999999999999,0.8660254037844387,61.56221363296415,60.04867253562193,124.66666666666667,39.666666666666664,0.9626804962503974
2025-11-12 03:00:00,R2,60.713000764938585,143,3,Arterial,True,27.9,23.0,33.0,0.0,10.5,1016.3,0,0,59,3,2,0,0,0,0,0.7071067811865476,0.7071067811865476,61.102725241445036,59.86258137097968,126.33333333333333,47.666666666666664,1.0118833460823098
2025-11-12 04:00:00,R2,59.61595596812175,111,3,Arterial,True,27.9,23.0,33.0,0.0,10.5,1016.3,0,0,59,4,2,0,0,0,0,0.8660254037844386,0.5000000000000001,59.36326216936138,59.84698442835483,124.33333333333333,37.0,0.9935992661353625
2025-11-12 05:00:00,R2,69.29705099124594,132,3,Arterial,True,27.9,23.0,33.0,0.0,10.5,1016.3,0,0,59,5,2,0,0,0,0,0.9659258262890684,0.2588190451025207,63.208669241435416,62.385441437199795,128.66666666666666,44.0,1.154950849854099
2025-11-12 06:00:00,R2,62.42347995669858,105,3,Arterial,True,27.9,23.0,33.0,0.0,10.5,1016.3,0,0,59,6,2,0,0,0,0,1.0,6.123233995736766e-17,63.778828972022076,62.44077710673358,116.0,35.0,1.040391332611643
2025-11-12 07:00:00,R2,41.50494399509435,77,3,Arterial,True,27.9,23.0,33.0,0.0,10.5,1016.3,0,0,59,7,2,0,1,0,1,0.9659258262890684,-0.2588190451025206,57.74182498101294,58.55254357518717,104.66666666666667,25.666666666666668,0.6917490665849059
2025-11-12 08:00:00,R2,29.46883525768116,82,3,Arterial,True,27.9,23.0,33.0,0.0,10.5,1016.3,0,0,59,8,2,0,1,0,1,0.8660254037844387,-0.4999999999999998,44.46575306982469,53.83721115563006,88.0,27.333333333333332,0.49114725429468603
2025-11-12 09:00:00,R2,29.783046362322697,109,3,Arterial,True,27.9,23.0,33.0,0.0,10.5,1016.3,0,0,59,9,2,0,1,0,1,0.7071067811865476,-0.7071067811865475,33.58560853836607,48.68221875519408,89.33333333333333,36.333333333333336,0.49638410603871164
2025-11-12 10:00:00,R2,32.80939941732958,108,3,Arterial,True,27.9,23.0,33.0,0.0,10.5,1016.3,0,0,59,10,2,0,1,0,1,0.4999999999999999,-0.8660254037844387,30.687093679111133,44.21445933006205,99.66666666666667,36.0,0.5468233236221597
2025-11-12 11:00:00,R2,52.6584088695365,123,3,Arterial,True,27.9,23.0,33.0,0.0,10.5,1016.3,0,0,59,11,2,0,0,0,0,0.258819045102521,-0.9659258262890682,38.41695154972958,41.441352309777145,113.33333333333333,41.0,0.8776401478256084
2025-11-12 12:00:00,R2,70.69679123029726,117,3,Arterial,True,27.9,23.0,33.0,0.0,10.5,1016.3,0,0,59,12,2,0,0,0,0,1.2246467991473532e-16,-1.0,52.0548665057211,42.82023752204359,116.0,39.0,1.1782798538382877
2025-11-12 13:00:00,R2,61.24334932536641,105,3,Arterial,True,27.9,23.0,33.0,0.0,10.5,1016.3,0,0,59,13,2,0,0,0,0,-0.2588190451025208,-0.9659258262890684,61.532849808400044,46.1099717437556,115.0,35.0,1.0207224887561068
2025-11-12 14:00:00,R2,50.0275047889368,133,3,Arterial,True,27.9,23.0,33.0,0.0,10.5,1016.3,0,0,59,14,2,0,0,0,0,-0.4999999999999997,-0.8660254037844388,60.65588178153348,49.53641666563154,118.33333333333333,44.333333333333336,0.83379174648228
2025-11-12 15:00:00,R2,63.55304598831353,107,3,Arterial,True,27.9,23.0,33.0,0.0,10.5,1016.3,0,0,59,15,2,0,0,0,0,-0.7071067811865471,-0.7071067811865479,58.274633367538904,55.16474993663002,115.0,35.666666666666664,1.0592174331385589
2025-11-12 16:00:00,R2,64.61719713024216,109,3,Arterial,True,27.9,23.0,33.0,0.0,10.5,1016.3,0,0,59,16,2,0,0,0,0,-0.8660254037844384,-0.5000000000000004,59.39924930249749,60.466049555448784,116.33333333333333,36.333333333333336,1.076953285504036
2025-11-12 17:00:00,R2,28.259939914202235,90,3,Arterial,True,27.9,23.0,33.0,0.0,10.5,1016.3,0,0,59,17,2,0,0,1,1,-0.9659258262890684,-0.2588190451025206,52.143394344252634,56.39963806289307,102.0,30.0,0.47099899857003724
2025-11-12 18:00:00,R2,36.31680584518708,93,3,Arterial,True,27.9,23.0,33.0,0.0,10.5,1016.3,0,0,59,18,2,0,0,1,1,-1.0,-1.8369701987210294e-16,43.06464762987716,50.66964049870803,97.33333333333333,31.0,0.6052800974197847
2025-11-12 19:00:00,R2,35.8374829638427,75,3,Arterial,True,27.9,23.0,33.0,0.0,10.5,1016.3,0,0,59,19,2,0,0,1,1,-0.9659258262890684,0.2588190451025203,33.471409574410664,46.43532943845409,86.0,25.0,0.5972913827307117
2025-11-12 20:00:00,R2,36.650621548039,108,3,Arterial,True,27.9,23.0,33.0,0.0,10.5,1016.3,0,0,59,20,2,0,0,1,1,-0.8660254037844386,0.5000000000000001,36.26830345235626,44.20584889830445,92.0,36.0,0.6108436924673166
2025-11-12 21:00:00,R2,52.0170546606601,136,3,Arterial,True,27.9,23.0,33.0,0.0,10.5,1016.3,0,0,59,21,2,0,0,0,0,-0.7071067811865477,0.7071067811865474,41.501719724180596,42.28318367702888,106.33333333333333,45.333333333333336,0.8669509110110016
2025-11-12 22:00:00,R2,64.00176642727372,137,3,Arterial,True,27.9,23.0,33.0,0.0,10.5,1016.3,0,0,59,22,2,0,0,0,0,-0.5000000000000004,0.8660254037844384,50.88981421199094,42.18061189320081,127.0,45.666666666666664,1.0666961071212286
2025-11-12 23:00:00,R2,58.2747643512718,106,3,Arterial,True,27.9,23.0,33.0,0.0,10.5,1016.3,0,0,59,23,2,0,0,0,0,-0.2588190451025215,0.965925826289068,58.09786181306853,47.1830826327124,126.33333333333333,35.333333333333336,0.9712460725211967
2025-11-13 00:00:00,R2,52.28497862446181,133,3,Arterial,True,27.6,23.0,31.0,0.0,11.5,1017.7,0,0,59,0,3,0,0,0,0,0.0,1.0,58.18716980100243,49.844444762591515,125.33333333333333,44.333333333333336,0.8714163104076967
2025-11-13 01:00:00,R2,66.39050899770518,120,3,Arterial,True,27.6,23.0,31.0,0.0,11.5,1017.7,0,0,59,1,3,0,0,0,0,0.2588190451025207,0.9659258262890684,58.98341732447958,54.936615768235264,119.66666666666667,40.0,1.1065084832950864
2025-11-13 02:00:00,R2,57.95730546999366,116,3,Arterial,True,27.6,23.0,31.0,0.0,11.5,1017.7,0,0,59,2,3,0,0,0,0,0.4999999999999999,0.8660254037844387,58.877597697386875,58.48772975522771,123.0,38.666666666666664,0.9659550911665611
2025-11-13 03:00:00,R2,59.60988498625353,129,3,Arterial,True,27.6,23.0,31.0,0.0,11.5,1017.7,0,0,59,3,3,0,0,0,0,0.7071067811865476,0.7071067811865476,61.319233151317455,59.75320147615995,121.66666666666667,43.0,0.9934980831042256
2025-11-13 04:00:00,R2,63.39377774801929,117,3,Arterial,True,27.6,23.0,31.0,0.0,11.5,1017.7,0,0,59,4,3,0,0,0,0,0.8660254037844386,0.5000000000000001,60.320322734755486,59.65187002961755,120.66666666666667,39.0,1.056562962466988
2025-11-13 05:00:00,R2,70.62960390932619,141,3,Arterial,True,27.6,23.0,31.0,0.0,11.5,1017.7,0,0,59,5,3,0,0,0,0,0.9659258262890684,0.2588190451025207,64.544422214533,61.711009955959945,129.0,47.0,1.1771600651554366
2025-11-13 06:00:00,R2,59.26107928027498,109,3,Arterial,True,27.6,23.0,31.0,0.0,11.5,1017.7,0,0,59,6,3,0,0,0,0,1.0,6.123233995736766e-17,64.42815364587348,62.873693398595485,122.33333333333333,36.333333333333336,0.9876846546712497
2025-11-13 07:00:00,R2,33.26720067190009,78,3,Arterial,True,27.6,23.0,31.0,0.0,11.5,1017.7,0,0,59,7,3,0,1,0,1,0.9659258262890684,-0.2588190451025206,54.38596128716708,57.353142010961285,109.33333333333333,26.0,0.5544533445316682
2025-11-13 08:00:00,R2,32.20978032870956,80,3,Arterial,True,27.6,23.0,31.0,0.0,11.5,1017.7,0,0,59,8,3,0,1,0,1,0.8660254037844387,-0.4999999999999998,41.57935342696154,53.06188782074727,89.0,26.666666666666668,0.5368296721451594
2025-11-13 09:00:00,R2,37.35369330396803,108,3,Arterial,True,27.6,23.0,31.0,0.0,11.5,1017.7,0,0,59,9,3,0,1,0,1,0.7071067811865476,-0.7071067811865475,34.276891434859216,49.35252254036636,88.66666666666667,36.0,0.6225615550661339
2025-11-13 10:00:00,R2,44.8741669411797,64,3,Arterial,True,27.6,23.0,31.0,0.0,11.5,1017.7,0,0,59,10,3,0,1,0,1,0.4999999999999999,-0.8660254037844387,38.145880191285755,46.26592073922643,84.0,21.333333333333332,0.747902782352995
2025-11-13 11:00:00,R2,53.85910463142472,133,3,Arterial,True,27.6,23.0,31.0,0.0,11.5,1017.7,0,0,59,11,3,0,0,0,0,0.258819045102521,-0.9659258262890682,45.36232162552414,43.47083752624285,101.66666666666667,44.333333333333336,0.8976517438570787
2025-11-13 12:00:00,R2,66.49681530925272,141,3,Arterial,True,27.6,23.0,31.0,0.0,11.5,1017.7,0,0,59,12,3,0,0,0,0,1.2246467991473532e-16,-1.0,55.07669562728571,44.67679353107247,112.66666666666667,47.0,1.1082802551542121
2025-11-13 13:00:00,R2,52.54744076858046,130,3,Arterial,True,27.6,23.0,31.0,0.0,11.5,1017.7,0,0,59,13,3,0,0,0,0,-0.2588190451025208,-0.9659258262890684,57.63445356975262,47.890166880519196,134.66666666666666,43.333333333333336,0.8757906794763409
2025-11-13 14:00:00,R2,48.26609825407238,145,3,Arterial,True,27.6,23.0,31.0,0.0,11.5,1017.7,0,0,59,14,3,0,0,0,0,-0.4999999999999997,-0.8660254037844388,55.770118110635174,50.56621986807966,138.66666666666666,48.333333333333336,0.8044349709012064
2025-11-13 15:00:00,R2,60.59271855961886,119,3,Arterial,True,27.6,23.0,31.0,0.0,11.5,1017.7,0,0,59,15,3,0,0,0,0,-0.7071067811865471,-0.7071067811865479,53.802085860757224,54.439390744021466,131.33333333333334,39.666666666666664,1.0098786426603144
2025-11-13 16:00:00,R2,58.30373002705199,119,3,Arterial,True,27.6,23.0,31.0,0.0,11.5,1017.7,0,0,59,16,3,0,0,0,0,-0.8660254037844384,-0.5000000000000004,55.7208489469144,56.677651258333526,127.66666666666667,39.666666666666664,0.9717288337841998
2025-11-13 17:00:00,R2,36.95248590636378,104,3,Arterial,True,27.6,23.0,31.0,0.0,11.5,1017.7,0,0,59,17,3,0,0,1,1,-0.9659258262890684,-0.2588190451025206,51.94964483101154,53.85988147082336,114.0,34.666666666666664,0.6158747651060631
2025-11-13 18:00:00,R2,42.70062910953695,80,3,Arterial,True,27.6,23.0,31.0,0.0,11.5,1017.7,0,0,59,18,3,0,0,1,1,-1.0,-1.8369701987210294e-16,45.98561501431757,49.8938504375374,101.0,26.666666666666668,0.7116771518256158
2025-11-13 19:00:00,R2,30.399949322128137,95,3,Arterial,True,27.6,23.0,31.0,0.0,11.5,1017.7,0,0,59,19,3,0,0,1,1,-0.9659258262890684,0.2588190451025203,36.68435477934295,46.202601863128685,93.0,31.666666666666668,0.506665822035469
2025-11-13 20:00:00,R2,32.27615095467162,107,3,Arterial,True,27.6,23.0,31.0,0.0,11.5,1017.7,0,0,59,20,3,0,0,1,1,-0.8660254037844386,0.5000000000000001,35.12557646211223,43.53761064656189,94.0,35.666666666666664,0.537935849244527
2025-11-13 21:00:00,R2,66.97190317232948,135,3,Arterial,True,27.6,23.0,31.0,0.0,11.5,1017.7,0,0,59,21,3,0,0,0,0,-0.7071067811865477,0.7071067811865474,43.21600114970973,44.60080808201366,112.33333333333333,45.0,1.1161983862054912
2025-11-13 22:00:00,R2,60.41671514337581,145,3,Arterial,True,27.6,23.0,31.0,0.0,11.5,1017.7,0,0,59,22,3,0,0,0,0,-0.5000000000000004,0.8660254037844384,53.22158975679229,44.95297226806763,129.0,48.333333333333336,1.0069452523895968
2025-11-13 23:00:00,R2,61.82412044780373,133,3,Arterial,True,27.6,23.0,31.0,0.0,11.5,1017.7,0,0,59,23,3,0,0,0,0,-0.2588190451025215,0.965925826289068,63.07091292116966,49.09824469164095,137.66666666666666,44.333333333333336,1.0304020074633955
2025-11-14 00:00:00,R2,62.91659065397805,131,3,Arterial,True,27.4,23.0,31.0,0.0,11.5,1017.0,0,0,59,0,4,0,0,0,0,0.0,1.0,61.719142081719184,52.46757161571447,136.33333333333334,43.666666666666664,1.0486098442329674
2025-11-14 01:00:00,R2,65.81539684787796,117,3,Arterial,True,27.4,23.0,31.0,0.0,11.5,1017.0,0,0,59,1,4,0,0,0,0,0.2588190451025207,0.9659258262890684,63.51870264988656,58.37014620333944,127.0,39.0,1.096923280797966
2025-11-14 02:00:00,R2,60.57281349277381,114,3,Arterial,True,27.4,23.0,31.0,0.0,11.5,1017.0,0,0,59,2,4,0,0,0,0,0.4999999999999999,0.8660254037844387,63.10160033154327,63.08625662635648,120.66666666666667,38.0,1.0095468915462302
2025-11-14 03:00:00,R2,62.15316008556387,113,3,Arterial,True,27.4,23.0,31.0,0.0,11.5,1017.0,0,0,59,3,4,0,0,0,0,0.7071067811865476,0.7071067811865476,62.8471234754052,62.2831327785622,114.66666666666667,37.666666666666664,1.0358860014260645
2025-11-14 04:00:00,R2,51.21494580425431,113,3,Arterial,True,27.4,23.0,31.0,0.0,11.5,1017.0,0,0,59,4,4,0,0,0,0,0.8660254037844386,0.5000000000000001,57.98030646086398,60.74950455537529,113.33333333333333,37.666666666666664,0.8535824300709052
2025-11-14 05:00:00,R2,55.76282740453246,147,3,Arterial,True,27.4,23.0,31.0,0.0,11.5,1017.0,0,0,59,5,4,0,0,0,0,0.9659258262890684,0.2588190451025207,56.37697776478353,59.73928904816341,124.33333333333333,49.0,0.9293804567422076
2025-11-14 06:00:00,R2,59.06867011793304,144,3,Arterial,True,27.4,23.0,31.0,0.0,11.5,1017.0,0,0,59,6,4,0,0,0,0,1.0,6.123233995736766e-17,55.34881444223992,59.09796895882257,134.66666666666666,48.0,0.984477835298884
2025-11-14 07:00:00,R2,39.224555206972816,67,3,Arterial,True,27.4,23.0,31.0,0.0,11.5,1017.0,0,0,59,7,4,0,1,0,1,0.9659258262890684,-0.2588190451025206,51.35201757647942,54.66616201867172,119.33333333333333,22.333333333333332,0.6537425867828802
2025-11-14 08:00:00,R2,31.984253035459588,90,3,Arterial,True,27.4,23.0,31.0,0.0,11.5,1017.0,0,0,59,8,4,0,1,0,1,0.8660254037844387,-0.4999999999999998,43.4258261201218,49.90140194245268,100.33333333333333,30.0,0.5330708839243264
2025-11-14 09:00:00,R2,44.97925571149081,88,3,Arterial,True,27.4,23.0,31.0,0.0,11.5,1017.0,0,0,59,9,4,0,1,0,1,0.7071067811865476,-0.7071067811865475,38.72935465130772,47.039084546773836,81.66666666666667,29.333333333333332,0.7496542618581802
2025-11-14 10:00:00,R2,40.26805343542352,85,3,Arterial,True,27.4,23.0,31.0,0.0,11.5,1017.0,0,0,59,10,4,0,1,0,1,0.4999999999999999,-0.8660254037844387,39.07718739412462,45.21460248530204,87.66666666666667,28.333333333333332,0.6711342239237253
2025-11-14 11:00:00,R2,55.34685844002155,145,3,Arterial,True,27.4,23.0,31.0,0.0,11.5,1017.0,0,0,59,11,4,0,0,0,0,0.258819045102521,-0.9659258262890682,46.86472252897861,45.14527432455022,106.0,48.333333333333336,0.9224476406670258
2025-11-14 12:00:00,R2,60.6265352987476,133,3,Arterial,True,27.4,23.0,31.0,0.0,11.5,1017.0,0,0,59,12,4,0,0,0,0,1.2246467991473532e-16,-1.0,52.08048239139754,45.40491852135264,121.0,44.333333333333336,1.0104422549791265
2025-11-14 13:00:00,R2,61.19101040110201,123,3,Arterial,True,27.4,23.0,31.0,0.0,11.5,1017.0,0,0,59,13,4,0,0,0,0,-0.2588190451025208,-0.9659258262890684,59.05480137995704,49.06599438704084,133.66666666666666,41.0,1.0198501733517003
2025-11-14 14:00:00,R2,63.53631594463842,133,3,Arterial,True,27.4,23.0,31.0,0.0,11.5,1017.0,0,0,59,14,4,0,0,0,0,-0.4999999999999997,-0.8660254037844388,61.78462054816266,54.32467153857065,129.66666666666666,44.333333333333336,1.058938599077307
2025-11-14 15:00:00,R2,61.49114287583799,107,3,Arterial,True,27.4,23.0,31.0,0.0,11.5,1017.0,0,0,59,15,4,0,0,0,0,-0.7071067811865471,-0.7071067811865479,62.07282307385946,57.07665273262851,121.0,35.666666666666664,1.0248523812639665
2025-11-14 16:00:00,R2,58.02631667875246,101,3,Arterial,True,27.4,23.0,31.0,0.0,11.5,1017.0,0,0,59,16,4,0,0,0,0,-0.8660254037844384,-0.5000000000000004,61.01792516640961,60.03636327318333,113.66666666666667,33.666666666666664,0.9671052779792076
2025-11-14 17:00:00,R2,33.37363960694713,67,3,Arterial,True,27.4,23.0,31.0,0.0,11.5,1017.0,0,0,59,17,4,0,0,1,1,-0.9659258262890684,-0.2588190451025206,50.963699720512516,56.37416013433759,91.66666666666667,22.333333333333332,0.5562273267824521
2025-11-14 18:00:00,R2,35.46096141639287,79,3,Arterial,True,27.4,23.0,31.0,0.0,11.5,1017.0,0,0,59,18,4,0,0,1,1,-1.0,-1.8369701987210294e-16,42.28697256736414,52.179897820611814,82.33333333333333,26.333333333333332,0.5910160236065478
2025-11-14 19:00:00,R2,37.99786855944832,80,3,Arterial,True,27.4,23.0,31.0,0.0,11.5,1017.0,0,0,59,19,4,0,0,1,1,-0.9659258262890684,0.2588190451025203,35.61082319426276,48.314374180336195,75.33333333333333,26.666666666666668,0.6332978093241387
2025-11-14 20:00:00,R2,36.24823225702182,90,3,Arterial,True,27.4,23.0,31.0,0.0,11.5,1017.0,0,0,59,20,4,0,0,1,1,-0.8660254037844386,0.5000000000000001,36.569020744287656,43.766360232400096,83.0,30.0,0.604137204283697
2025-11-14 21:00:00,R2,58.77619469265228,142,3,Arterial,True,27.4,23.0,31.0,0.0,11.5,1017.0,0,0,59,21,4,0,0,0,0,-0.7071067811865477,0.7071067811865474,44.34076516970746,43.31386886853581,104.0,47.333333333333336,0.979603244877538
2025-11-14 22:00:00,R2,63.93529030642556,136,3,Arterial,True,27.4,23.0,31.0,0.0,11.5,1017.0,0,0,59,22,4,0,0,0,0,-0.5000000000000004,0.8660254037844384,52.98657241869987,44.29869780648133,122.66666666666667,45.333333333333336,1.0655881717737592
2025-11-14 23:00:00,R2,57.03036745526658,123,3,Arterial,True,27.4,23.0,31.0,0.0,11.5,1017.0,0,0,59,23,4,0,0,0,0,-0.2588190451025215,0.965925826289068,59.91395081811479,48.24148578120124,133.66666666666666,41.0,0.9505061242544429
2025-11-15 00:00:00,R2,55.85366167964492,124,3,Arterial,True,27.1,23.0,31.0,0.0,11.1,1016.6,0,0,59,0,5,1,0,0,0,0.0,1.0,58.939773147112334,51.640269158409914,127.66666666666667,41.333333333333336,0.9308943613274153
2025-11-15 01:00:00,R2,61.95432044207602,134,3,Arterial,True,27.1,23.0,31.0,0.0,11.1,1016.6,0,0,59,1,5,1,0,0,0,0.2588190451025207,0.9659258262890684,58.279449858995825,55.63301113884787,127.0,44.666666666666664,1.0325720073679336
2025-11-15 02:00:00,R2,60.6212499058384,121,3,Arterial,True,27.1,23.0,31.0,0.0,11.1,1016.6,0,0,59,2,5,1,0,0,0,0.4999999999999999,0.8660254037844387,59.476410675853096,59.695180746983965,126.33333333333333,40.333333333333336,1.0103541650973067
2025-11-15 03:00:00,R2,56.653530702097534,119,3,Arterial,True,27.1,23.0,31.0,0.0,11.1,1016.6,0,0,59,3,5,1,0,0,0,0.7071067811865476,0.7071067811865476,59.7430336833373,59.34140341522484,124.66666666666667,39.666666666666664,0.9442255117016256
2025-11-15 04:00:00,R2,56.27060848445411,103,3,Arterial,True,27.1,23.0,31.0,0.0,11.1,1016.6,0,0,59,4,5,1,0,0,0,0.8660254037844386,0.5000000000000001,57.848463030796665,58.063956444896256,114.33333333333333,34.333333333333336,0.9378434747409018
2025-11-15 05:00:00,R2,65.12248022503712,146,3,Arterial,True,27.1,23.0,31.0,0.0,11.1,1016.6,0,0,59,5,5,1,0,0,0,0.9659258262890684,0.2588190451025207,59.34887313719624,59.41264190652468,122.66666666666667,48.666666666666664,1.0853746704172853
2025-11-15 06:00:00,R2,60.74876305724575,100,3,Arterial,True,27.1,23.0,31.0,0.0,11.1,1016.6,0,0,59,6,5,1,0,0,0,1.0,6.123233995736766e-17,60.71395058891232,60.22849213612482,116.33333333333333,33.333333333333336,1.0124793842874291
2025-11-15 07:00:00,R2,31.852775345020632,99,3,Arterial,True,27.1,23.0,31.0,0.0,11.1,1016.6,0,0,59,7,5,1,1,0,1,0.9659258262890684,-0.2588190451025206,52.57467287576782,55.21156795328225,115.0,33.0,0.5308795890836772
2025-11-15 08:00:00,R2,25.94488814706687,69,3,Arterial,True,27.1,23.0,31.0,0.0,11.1,1016.6,0,0,59,8,5,1,1,0,1,0.8660254037844387,-0.4999999999999998,39.515475516444404,49.43217432682034,89.33333333333333,23.0,0.43241480245111447
2025-11-15 09:00:00,R2,39.19608021292317,71,3,Arterial,True,27.1,23.0,31.0,0.0,11.1,1016.6,0,0,59,9,5,1,1,0,1,0.7071067811865476,-0.7071067811865475,32.33124790167021,46.522599245291275,79.66666666666667,23.666666666666668,0.6532680035487195
2025-11-15 10:00:00,R2,32.929459962955505,83,3,Arterial,True,27.1,23.0,31.0,0.0,11.1,1016.6,0,0,59,10,5,1,1,0,1,0.4999999999999999,-0.8660254037844387,32.69014277431517,42.63240782504151,74.33333333333333,27.666666666666668,0.5488243327159251
2025-11-15 11:00:00,R2,54.6612848848999,128,3,Arterial,True,27.1,23.0,31.0,0.0,11.1,1016.6,0,0,59,11,5,1,0,0,0,0.258819045102521,-0.9659258262890682,42.26227502025951,40.88887526835197,94.0,42.666666666666664,0.9110214147483316
2025-11-15 12:00:00,R2,62.99352647687996,119,3,Arterial,True,27.1,23.0,31.0,0.0,11.1,1016.6,0,0,59,12,5,1,0,0,0,1.2246467991473532e-16,-1.0,50.194757108245106,41.26300250495767,110.0,39.666666666666664,1.0498921079479993
2025-11-15 13:00:00,R2,67.3061135438106,143,3,Arterial,True,27.1,23.0,31.0,0.0,11.1,1016.6,0,0,59,13,5,1,0,0,0,-0.2588190451025208,-0.9659258262890684,61.6536416351968,47.171892204756,130.0,47.666666666666664,1.12176855906351
2025-11-15 14:00:00,R2,57.75381384680063,136,3,Arterial,True,27.1,23.0,31.0,0.0,11.1,1016.6,0,0,59,14,5,1,0,0,0,-0.4999999999999997,-0.8660254037844388,62.68448462249705,52.473379821378295,132.66666666666666,45.333333333333336,0.9625635641133439
2025-11-15 15:00:00,R2,57.24453776665431,134,3,Arterial,True,27.1,23.0,31.0,0.0,11.1,1016.6,0,0,59,15,5,1,0,0,0,-0.7071067811865471,-0.7071067811865479,60.76815505242183,55.48145608033349,137.66666666666666,44.666666666666664,0.9540756294442385
2025-11-15 16:00:00,R2,59.24307882358051,122,3,Arterial,True,27.1,23.0,31.0,0.0,11.1,1016.6,0,0,59,16,5,1,0,0,0,-0.8660254037844384,-0.5000000000000004,58.08047681234513,59.86705922377098,130.66666666666666,40.666666666666664,0.9873846470596752
2025-11-15 17:00:00,R2,39.947832561678986,68,3,Arterial,True,27.1,23.0,31.0,0.0,11.1,1016.6,0,0,59,17,5,1,0,1,1,-0.9659258262890684,-0.2588190451025206,52.145149717304584,57.41481716990083,108.0,22.666666666666668,0.6657972093613165
2025-11-15 18:00:00,R2,34.04291303818069,87,3,Arterial,True,27.1,23.0,31.0,0.0,11.1,1016.6,0,0,59,18,5,1,0,1,1,-1.0,-1.8369701987210294e-16,44.411274807813385,52.58971493011762,92.33333333333333,29.0,0.5673818839696783
2025-11-15 19:00:00,R2,24.58088823047485,91,3,Arterial,True,27.1,23.0,31.0,0.0,11.1,1016.6,0,0,59,19,5,1,0,1,1,-0.9659258262890684,0.2588190451025203,32.857211276778166,45.46884404456167,82.0,30.333333333333332,0.4096814705079142
2025-11-15 20:00:00,R2,36.11188100835696,104,3,Arterial,True,27.1,23.0,31.0,0.0,11.1,1016.6,0,0,59,20,5,1,0,1,1,-0.8660254037844386,0.5000000000000001,31.57856075900415,41.861855238154384,94.0,34.666666666666664,0.601864683472616
2025-11-15 21:00:00,R2,56.408668265008025,112,3,Arterial,True,27.1,23.0,31.0,0.0,11.1,1016.6,0,0,59,21,5,1,0,0,0,-0.7071067811865477,0.7071067811865474,39.03381250127993,41.722543654546676,102.33333333333333,37.333333333333336,0.9401444710834671
2025-11-15 22:00:00,R2,59.952883273921564,135,3,Arterial,True,27.1,23.0,31.0,0.0,11.1,1016.6,0,0,59,22,5,1,0,0,0,-0.5000000000000004,0.8660254037844384,50.82447751576217,41.84084439627018,117.0,45.0,0.999214721232026
2025-11-15 23:00:00,R2,63.66201680303211,142,3,Arterial,True,27.1,23.0,31.0,0.0,11.1,1016.6,0,0,59,23,5,1,0,0,0,-0.2588190451025215,0.965925826289068,60.00785611398722,45.793208436495696,129.66666666666666,47.333333333333336,1.0610336133838685
2025-11-16 00:00:00,R2,60.606844170416245,139,3,Arterial,True,27.4,23.0,33.0,0.0,11.2,1018.4,0,0,59,0,6,1,0,0,0,0.0,1.0,61.40724808245662,50.22053029186829,138.66666666666666,46.333333333333336,1.0101140695069375
2025-11-16 01:00:00,R2,49.61750083147312,147,3,Arterial,True,27.4,23.0,33.0,0.0,11.2,1018.4,0,0,59,1,6,1,0,0,0,0.2588190451025207,0.9659258262890684,57.96212060164047,54.39329905870134,142.66666666666666,49.0,0.8269583471912187
2025-11-16 02:00:00,R2,62.28348021527485,131,3,Arterial,True,27.4,23.0,33.0,0.0,11.2,1018.4,0,0,59,2,6,1,0,0,0,0.4999999999999999,0.8660254037844387,57.50260840572139,58.755232259854324,139.0,43.666666666666664,1.0380580035879141
2025-11-16 03:00:00,R2,60.53489070266153,138,3,Arterial,True,27.4,23.0,33.0,0.0,11.2,1018.4,0,0,59,3,6,1,0,0,0,0.7071067811865476,0.7071067811865476,57.478623916469815,59.44293599946324,138.66666666666666,46.0,1.0089148450443588
2025-11-16 04:00:00,R2,61.8473858781224,116,3,Arterial,True,27.4,23.0,33.0,0.0,11.2,1018.4,0,0,59,4,6,1,0,0,0,0.8660254037844386,0.5000000000000001,61.55525226535291,59.758686433496706,128.33333333333334,38.666666666666664,1.0307897646353734
2025-11-16 05:00:00,R2,63.27502111567546,116,3,Arterial,True,27.4,23.0,33.0,0.0,11.2,1018.4,0,0,59,5,6,1,0,0,0,0.9659258262890684,0.2588190451025207,61.885765898819784,59.69418715227061,123.33333333333333,38.666666666666664,1.0545836852612576
2025-11-16 06:00:00,R2,60.24558985906698,136,3,Arterial,True,27.4,23.0,33.0,0.0,11.2,1018.4,0,0,59,6,6,1,0,0,0,1.0,6.123233995736766e-17,61.789332284288264,59.63397810037906,122.66666666666667,45.333333333333336,1.004093164317783
2025-11-16 07:00:00,R2,35.430200531615924,101,3,Arterial,True,27.4,23.0,33.0,0.0,11.2,1018.4,0,0,59,7,6,1,1,0,1,0.9659258262890684,-0.2588190451025206,52.983603835452776,57.26942805040286,117.66666666666667,33.666666666666664,0.5905033421935987
2025-11-16 08:00:00,R2,32.14363026805928,72,3,Arterial,True,27.4,23.0,33.0,0.0,11.2,1018.4,0,0,59,8,6,1,1,0,1,0.8660254037844387,-0.4999999999999998,42.606473552914046,52.246119725866926,103.0,24.0,0.5357271711343213
2025-11-16 09:00:00,R2,30.78710921299164,108,3,Arterial,True,27.4,23.0,33.0,0.0,11.2,1018.4,0,0,59,9,6,1,1,0,1,0.7071067811865476,-0.7071067811865475,32.786980004222265,47.28815614425528,93.66666666666667,36.0,0.5131184868831941
2025-11-16 10:00:00,R2,39.524437573576,88,3,Arterial,True,27.4,23.0,33.0,0.0,11.2,1018.4,0,0,59,10,6,1,1,0,1,0.4999999999999999,-0.8660254037844387,34.15172568487563,43.56766476016421,89.33333333333333,29.333333333333332,0.6587406262262667
2025-11-16 11:00:00,R2,58.73561347079082,126,3,Arterial,True,27.4,23.0,33.0,0.0,11.2,1018.4,0,0,59,11,6,1,0,0,0,0.258819045102521,-0.9659258262890682,43.01572008578614,42.811096819350105,107.33333333333333,42.0,0.978926891179847
2025-11-16 12:00:00,R2,60.29992932943256,101,3,Arterial,True,27.4,23.0,33.0,0.0,11.2,1018.4,0,0,59,12,6,1,0,0,0,1.2246467991473532e-16,-1.0,52.85332679126645,42.82015339774437,105.0,33.666666666666664,1.0049988221572093
2025-11-16 13:00:00,R2,60.80359180675922,138,3,Arterial,True,27.4,23.0,33.0,0.0,11.2,1018.4,0,0,59,13,6,1,0,0,0,-0.2588190451025208,-0.9659258262890684,59.946378202327516,47.04905194360159,121.66666666666667,46.0,1.0133931967793204
2025-11-16 14:00:00,R2,55.241066462092064,110,3,Arterial,True,27.4,23.0,33.0,0.0,11.2,1018.4,0,0,59,14,6,1,0,0,0,-0.4999999999999997,-0.8660254037844388,58.78152919942793,50.89862464260705,116.33333333333333,36.666666666666664,0.9206844410348677
2025-11-16 15:00:00,R2,66.51534015340154,147,3,Arterial,True,27.4,23.0,33.0,0.0,11.2,1018.4,0,0,59,15,6,1,0,0,0,-0.7071067811865471,-0.7071067811865479,60.853332807417594,56.85332979934203,131.66666666666666,49.0,1.1085890025566922
2025-11-16 16:00:00,R2,61.44826251053146,141,3,Arterial,True,27.4,23.0,33.0,0.0,11.2,1018.4,0,0,59,16,6,1,0,0,0,-0.8660254037844384,-0.5000000000000004,61.068223042008334,60.507300622167946,132.66666666666666,47.0,1.0241377085088577
2025-11-16 17:00:00,R2,38.61480442544878,97,3,Arterial,True,27.4,23.0,33.0,0.0,11.2,1018.4,0,0,59,17,6,1,0,1,1,-0.9659258262890684,-0.2588190451025206,55.52613569646058,57.15383244794427,128.33333333333334,32.333333333333336,0.6435800737574797
2025-11-16 18:00:00,R2,35.289844785148375,78,3,Arterial,True,27.4,23.0,33.0,0.0,11.2,1018.4,0,0,59,18,6,1,0,1,1,-1.0,-1.8369701987210294e-16,45.11763724037619,52.985485023896906,105.33333333333333,26.0,0.5881640797524729
2025-11-16 19:00:00,R2,41.358280366439615,71,3,Arterial,True,27.4,23.0,33.0,0.0,11.2,1018.4,0,0,59,19,6,1,0,1,1,-0.9659258262890684,0.2588190451025203,38.4209765256789,49.74459978384363,82.0,23.666666666666668,0.6893046727739935
2025-11-16 20:00:00,R2,41.3620589052403,65,3,Arterial,True,27.4,23.0,33.0,0.0,11.2,1018.4,0,0,59,20,6,1,0,1,1,-0.8660254037844386,0.5000000000000001,39.33672801894275,47.43143185770168,71.33333333333333,21.666666666666668,0.6893676484206718
2025-11-16 21:00:00,R2,48.50208764110762,119,3,Arterial,True,27.4,23.0,33.0,0.0,11.2,1018.4,0,0,59,21,6,1,0,0,0,-0.7071067811865477,0.7071067811865474,43.74080897092917,44.42922310565269,85.0,39.666666666666664,0.8083681273517936
2025-11-16 22:00:00,R2,66.85753330787098,107,3,Arterial,True,27.4,23.0,33.0,0.0,11.2,1018.4,0,0,59,22,6,1,0,0,0,-0.5000000000000004,0.8660254037844384,52.24055995140628,45.33076823854261,97.0,35.666666666666664,1.1142922217978497
2025-11-16 23:00:00,R2,61.39312648110669,145,3,Arterial,True,27.4,23.0,33.0,0.0,11.2,1018.4,0,0,59,23,6,1,0,0,0,-0.2588190451025215,0.965925826289068,58.91758247669508,49.127155247818926,123.66666666666667,48.333333333333336,1.0232187746851116
2025-11-17 00:00:00,R2,60.94932009071722,129,3,Arterial,True,27.1,23.0,31.0,0.0,11.5,1018.9,0,0,59,0,0,0,0,0,0,0.0,1.0,63.06665995989829,53.40373446541374,127.0,43.0,1.0158220015119537
2025-11-17 01:00:00,R2,55.05068416224863,141,3,Arterial,True,27.1,23.0,31.0,0.0,11.5,1018.9,0,0,59,1,0,0,0,0,0,0.2588190451025207,0.9659258262890684,59.13104357802416,55.685801764715244,138.33333333333334,47.0,0.9175114027041438
2025-11-17 02:00:00,R2,59.41806051758259,145,3,Arterial,True,27.1,23.0,31.0,0.0,11.5,1018.9,0,0,59,2,0,0,0,0,0,0.4999999999999999,0.8660254037844387,58.47268825684946,58.69513536677229,138.33333333333334,48.333333333333336,0.9903010086263765
2025-11-17 03:00:00,R2,66.99046540319196,110,3,Arterial,True,27.1,23.0,31.0,0.0,11.5,1018.9,0,0,59,3,0,0,0,0,0,0.7071067811865476,0.7071067811865476,60.48640336100771,61.77653166045301,132.0,36.666666666666664,1.116507756719866
2025-11-17 04:00:00,R2,59.68066321294105,143,3,Arterial,True,27.1,23.0,31.0,0.0,11.5,1018.9,0,0,59,4,0,0,0,0,0,0.8660254037844386,0.5000000000000001,62.02972971123851,60.58038664463135,132.66666666666666,47.666666666666664,0.9946777202156841
2025-11-17 05:00:00,R2,60.91879169321104,106,3,Arterial,True,27.1,23.0,31.0,0.0,11.5,1018.9,0,0,59,5,0,0,0,0,0,0.9659258262890684,0.2588190451025207,62.529973436447996,60.501330846648756,119.66666666666667,35.333333333333336,1.0153131948868508
2025-11-17 06:00:00,R2,57.59860125357155,102,3,Arterial,True,27.1,23.0,31.0,0.0,11.5,1018.9,0,0,59,6,0,0,0,0,0,1.0,6.123233995736766e-17,59.399352053241195,59.94287770712447,117.0,34.0,0.9599766875595258
2025-11-17 07:00:00,R2,33.98391665867352,83,3,Arterial,True,27.1,23.0,31.0,0.0,11.5,1018.9,0,0,59,7,0,0,1,0,1,0.9659258262890684,-0.2588190451025206,50.83376986848535,56.431749789861954,97.0,27.666666666666668,0.566398610977892
2025-11-17 08:00:00,R2,33.684418872226786,69,3,Arterial,True,27.1,23.0,31.0,0.0,11.5,1018.9,0,0,59,8,0,0,1,0,1,0.8660254037844387,-0.4999999999999998,41.75564559482393,52.14280951563598,84.66666666666667,23.0,0.5614069812037797
2025-11-17 09:00:00,R2,32.45348119134289,95,3,Arterial,True,27.1,23.0,31.0,0.0,11.5,1018.9,0,0,59,9,0,0,1,0,1,0.7071067811865476,-0.7071067811865475,33.37393890741438,46.38664548032781,82.33333333333333,31.666666666666668,0.5408913531890481
2025-11-17 10:00:00,R2,31.08734951055827,100,3,Arterial,True,27.1,23.0,31.0,0.0,11.5,1018.9,0,0,59,10,0,0,1,0,1,0.4999999999999999,-0.8660254037844387,32.4084165247093,41.62109319659734,88.0,33.333333333333336,0.5181224918426378
2025-11-17 11:00:00,R2,63.90240524850254,142,3,Arterial,True,27.1,23.0,31.0,0.0,11.5,1018.9,0,0,59,11,0,0,0,0,0,0.258819045102521,-0.9659258262890682,42.48107865013455,42.118362122479255,112.33333333333333,47.333333333333336,1.0650400874750423
2025-11-17 12:00:00,R2,53.67619380724527,135,3,Arterial,True,27.1,23.0,31.0,0.0,11.5,1018.9,0,0,59,12,0,0,0,0,0,1.2246467991473532e-16,-1.0,49.55531618876867,41.46462754809155,125.66666666666667,45.0,0.8946032301207545
2025-11-17 13:00:00,R2,74.28453011480167,100,3,Arterial,True,27.1,23.0,31.0,0.0,11.5,1018.9,0,0,59,13,0,0,0,0,0,-0.2588190451025208,-0.9659258262890684,63.95437639018314,48.18139645744623,125.66666666666667,33.333333333333336,1.2380755019133611
2025-11-17 14:00:00,R2,49.61697105136337,120,3,Arterial,True,27.1,23.0,31.0,0.0,11.5,1018.9,0,0,59,14,0,0,0,0,0,-0.4999999999999997,-0.8660254037844388,59.19256499113675,50.83682182063566,118.33333333333333,40.0,0.8269495175227228
2025-11-17 15:00:00,R2,55.56196300359943,103,3,Arterial,True,27.1,23.0,31.0,0.0,11.5,1018.9,0,0,59,15,0,0,0,0,0,-0.7071067811865471,-0.7071067811865479,59.8211547232548,54.68823545601176,107.66666666666667,34.333333333333336,0.9260327167266572
2025-11-17 16:00:00,R2,56.45661768063511,131,3,Arterial,True,27.1,23.0,31.0,0.0,11.5,1018.9,0,0,59,16,0,0,0,0,0,-0.8660254037844384,-0.5000000000000004,53.87851724519928,58.91644681769123,118.0,43.666666666666664,0.9409436280105852
2025-11-17 17:00:00,R2,40.519084541029095,64,3,Arterial,True,27.1,23.0,31.0,0.0,11.5,1018.9,0,0,59,17,0,0,0,1,1,-0.9659258262890684,-0.2588190451025206,50.84588840842119,55.01922669977899,99.33333333333333,21.333333333333332,0.6753180756838183
2025-11-17 18:00:00,R2,40.39736547592537,86,3,Arterial,True,27.1,23.0,31.0,0.0,11.5,1018.9,0,0,59,18,0,0,0,1,1,-1.0,-1.8369701987210294e-16,45.791022565863166,52.806088644559004,93.66666666666667,28.666666666666668,0.6732894245987562
2025-11-17 19:00:00,R2,43.955324182967175,82,3,Arterial,True,27.1,23.0,31.0,0.0,11.5,1018.9,0,0,59,19,0,0,0,1,1,-0.9659258262890684,0.2588190451025203,41.623924733307184,47.751220989253255,77.33333333333333,27.333333333333332,0.7325887363827862
2025-11-17 20:00:00,R2,27.17307488617077,105,3,Arterial,True,27.1,23.0,31.0,0.0,11.5,1018.9,0,0,59,20,0,0,0,1,1,-0.8660254037844386,0.5000000000000001,37.17525484835442,44.01057162838782,91.0,35.0,0.4528845814361795
2025-11-17 21:00:00,R2,61.70534467715528,129,3,Arterial,True,27.1,23.0,31.0,0.0,11.5,1018.9,0,0,59,21,0,0,0,0,0,-0.7071067811865477,0.7071067811865474,44.27791458209773,45.03446857398046,105.33333333333333,43.0,1.0284224112859213
2025-11-17 22:00:00,R2,55.65074984513233,118,3,Arterial,True,27.1,23.0,31.0,0.0,11.5,1018.9,0,0,59,22,0,0,0,0,0,-0.5000000000000004,0.8660254037844384,48.176389802819436,44.90015726806334,117.33333333333333,39.333333333333336,0.9275124974188722
2025-11-17 23:00:00,R2,60.67889193843894,105,3,Arterial,True,27.1,23.0,31.0,0.0,11.5,1018.9,0,0,59,23,0,0,0,0,0,-0.2588190451025215,0.965925826289068,59.34499548690883,48.26012516763165,117.33333333333333,35.0,1.011314865640649
2025-11-18 00:00:00,R2,56.09208313016386,143,3,Arterial,True,26.8,23.0,31.0,0.0,10.4,1016.3,0,0,59,0,1,0,0,0,0,0.0,1.0,57.47390830457835,50.87591144333806,122.0,47.666666666666664,0.9348680521693976
2025-11-18 01:00:00,R2,57.87702416632855,145,3,Arterial,True,26.8,23.0,31.0,0.0,10.4,1016.3,0,0,59,1,1,0,0,0,0,0.2588190451025207,0.9659258262890684,58.21599974497709,53.19619477389829,131.0,48.333333333333336,0.9646170694388092
2025-11-18 02:00:00,R2,57.39926830050948,107,3,Arterial,True,26.8,23.0,31.0,0.0,10.4,1016.3,0,0,59,2,1,0,0,0,0,0.4999999999999999,0.8660254037844387,57.122791865667274,58.23389367628807,131.66666666666666,35.666666666666664,0.956654471675158
2025-11-18 03:00:00,R2,61.598956978796345,124,3,Arterial,True,26.8,23.0,31.0,0.0,10.4,1016.3,0,0,59,3,1,0,0,0,0,0.7071067811865476,0.7071067811865476,58.95841648187811,58.21616239322825,125.33333333333333,41.333333333333336,1.0266492829799392
2025-11-18 04:00:00,R2,67.45839825418517,128,3,Arterial,True,26.8,23.0,31.0,0.0,10.4,1016.3,0,0,59,4,1,0,0,0,0,0.8660254037844386,0.5000000000000001,62.15220784449698,60.18410379473706,119.66666666666667,42.666666666666664,1.1243066375697528
2025-11-18 05:00:00,R2,62.84811915835475,137,3,Arterial,True,26.8,23.0,31.0,0.0,10.4,1016.3,0,0,59,5,1,0,0,0,0,0.9659258262890684,0.2588190451025207,63.96849146377874,60.54564166472303,129.66666666666666,45.666666666666664,1.0474686526392458
2025-11-18 06:00:00,R2,59.29358520082231,116,3,Arterial,True,26.8,23.0,31.0,0.0,10.4,1016.3,0,0,59,6,1,0,0,0,0,1.0,6.123233995736766e-17,63.200034204454056,61.079225343166094,127.0,38.666666666666664,0.9882264200137051
2025-11-18 07:00:00,R2,38.6330298687605,92,3,Arterial,True,26.8,23.0,31.0,0.0,10.4,1016.3,0,0,59,7,1,0,1,0,1,0.9659258262890684,-0.2588190451025206,53.591578075979164,57.87189296023809,115.0,30.666666666666668,0.6438838311460083
2025-11-18 08:00:00,R2,37.79815666435793,84,3,Arterial,True,26.8,23.0,31.0,0.0,10.4,1016.3,0,0,59,8,1,0,1,0,1,0.8660254037844387,-0.4999999999999998,45.241590577980226,54.6050410208795,97.33333333333333,28.0,0.6299692777392989
2025-11-18 09:00:00,R2,27.071939465229,65,3,Arterial,True,26.8,23.0,31.0,0.0,10.4,1016.3,0,0,59,9,1,0,1,0,1,0.7071067811865476,-0.7071067811865475,34.50104199944912,48.85053810195161,80.33333333333333,21.666666666666668,0.45119899108715
2025-11-18 10:00:00,R2,40.10408998090324,80,3,Arterial,True,26.8,23.0,31.0,0.0,10.4,1016.3,0,0,59,10,1,0,1,0,1,0.4999999999999999,-0.8660254037844387,34.99139537016337,44.291486723071294,76.33333333333333,26.666666666666668,0.6684014996817207
2025-11-18 11:00:00,R2,55.668561143423815,140,3,Arterial,True,26.8,23.0,31.0,0.0,10.4,1016.3,0,0,59,11,1,0,0,0,0,0.258819045102521,-0.9659258262890682,40.94819686318533,43.0948937205828,95.0,46.666666666666664,0.927809352390397
2025-11-18 12:00:00,R2,53.04650633010269,115,3,Arterial,True,26.8,23.0,31.0,0.0,10.4,1016.3,0,0,59,12,1,0,0,0,0,1.2246467991473532e-16,-1.0,49.606385818143224,42.0537139087962,111.66666666666667,38.333333333333336,0.8841084388350448
2025-11-18 13:00:00,R2,59.89346092210839,145,3,Arterial,True,26.8,23.0,31.0,0.0,10.4,1016.3,0,0,59,13,1,0,0,0,0,-0.2588190451025208,-0.9659258262890684,56.20284279854494,45.597119084354176,133.33333333333334,48.333333333333336,0.9982243487018064
2025-11-18 14:00:00,R2,54.87319445262732,106,3,Arterial,True,26.8,23.0,31.0,0.0,10.4,1016.3,0,0,59,14,1,0,0,0,0,-0.4999999999999997,-0.8660254037844388,55.937720568279445,48.44295871573241,122.0,35.333333333333336,0.914553240877122
2025-11-18 15:00:00,R2,64.06912377986431,106,3,Arterial,True,26.8,23.0,31.0,0.0,10.4,1016.3,0,0,59,15,1,0,0,0,0,-0.7071067811865471,-0.7071067811865479,59.611926384866656,54.60915610150496,119.0,35.333333333333336,1.0678187296644053
2025-11-18 16:00:00,R2,69.544351247368,128,3,Arterial,True,26.8,23.0,31.0,0.0,10.4,1016.3,0,0,59,16,1,0,0,0,0,-0.8660254037844384,-0.5000000000000004,62.828889826619864,59.515866312582425,113.33333333333333,42.666666666666664,1.1590725207894665
2025-11-18 17:00:00,R2,25.449668544894045,99,3,Arterial,True,26.8,23.0,31.0,0.0,10.4,1016.3,0,0,59,17,1,0,0,1,1,-0.9659258262890684,-0.2588190451025206,53.021047857375436,54.47938421282746,111.0,33.0,0.42416114241490077
2025-11-18 18:00:00,R2,34.80940608280514,94,3,Arterial,True,26.8,23.0,31.0,0.0,10.4,1016.3,0,0,59,18,1,0,0,1,1,-1.0,-1.8369701987210294e-16,43.267808625022376,51.43986750494454,107.0,31.333333333333332,0.5801567680467523
2025-11-18 19:00:00,R2,34.23742420175944,108,3,Arterial,True,26.8,23.0,31.0,0.0,10.4,1016.3,0,0,59,19,1,0,0,1,1,-0.9659258262890684,0.2588190451025203,31.49883294315286,47.16386138488638,100.33333333333333,36.0,0.5706237366959906
2025-11-18 20:00:00,R2,35.06017308304276,70,3,Arterial,True,26.8,23.0,31.0,0.0,10.4,1016.3,0,0,59,20,1,0,0,1,1,-0.8660254037844386,0.5000000000000001,34.70233445586909,43.86169115662228,90.66666666666667,23.333333333333332,0.5843362180507127
2025-11-18 21:00:00,R2,61.02777104190464,135,3,Arterial,True,26.8,23.0,31.0,0.0,10.4,1016.3,0,0,59,21,1,0,0,0,0,-0.7071067811865477,0.7071067811865474,43.441789442235596,43.35479903362901,104.33333333333333,45.0,1.0171295173650774
2025-11-18 22:00:00,R2,56.10759599277453,112,3,Arterial,True,26.8,23.0,31.0,0.0,10.4,1016.3,0,0,59,22,1,0,0,0,0,-0.5000000000000004,0.8660254037844384,50.731846705907294,41.11533982453009,105.66666666666667,37.333333333333336,0.9351265998795755
2025-11-18 23:00:00,R2,61.43500571047012,108,3,Arterial,True,26.8,23.0,31.0,0.0,10.4,1016.3,0,0,59,23,1,0,0,0,0,-0.2588190451025215,0.965925826289068,59.52345758171641,47.112896018792775,118.33333333333333,36.0,1.0239167618411686
2025-11-19 00:00:00,R2,55.34633036663852,148,3,Arterial,True,27.2,23.0,33.0,0.0,9.9,1015.0,0,0,59,0,2,0,0,0,0,0.0,1.0,57.62964402329437,50.535716732765,122.66666666666667,49.333333333333336,0.9224388394439753
2025-11-19 01:00:00,R2,55.35897425293769,124,3,Arterial,True,27.2,23.0,33.0,0.0,9.9,1015.0,0,0,59,1,2,0,0,0,0,0.2588190451025207,0.9659258262890684,57.38010344334876,54.055975074628044,126.66666666666667,41.333333333333336,0.9226495708822948
2025-11-19 02:00:00,R2,50.92157377224488,128,3,Arterial,True,27.2,23.0,33.0,0.0,9.9,1015.0,0,0,59,2,2,0,0,0,0,0.4999999999999999,0.8660254037844387,53.87562613060701,56.69954185616174,133.33333333333334,42.666666666666664,0.8486928962040813
2025-11-19 03:00:00,R2,49.84466261469783,131,3,Arterial,True,27.2,23.0,33.0,0.0,9.9,1015.0,0,0,59,3,2,0,0,0,0,0.7071067811865476,0.7071067811865476,52.04173687996012,54.835690451627265,127.66666666666667,43.666666666666664,0.8307443769116305
2025-11-19 04:00:00,R2,63.55836220870627,109,3,Arterial,True,27.2,23.0,33.0,0.0,9.9,1015.0,0,0,59,4,2,0,0,0,0,0.8660254037844386,0.5000000000000001,54.77486619854964,56.07748482094922,122.66666666666667,36.333333333333336,1.0593060368117713
2025-11-19 05:00:00,R2,63.58960225705544,128,3,Arterial,True,27.2,23.0,33.0,0.0,9.9,1015.0,0,0,59,5,2,0,0,0,0,0.9659258262890684,0.2588190451025207,58.99754236015317,56.43658424538011,122.66666666666667,42.666666666666664,1.0598267042842573
2025-11-19 06:00:00,R2,60.64408571623988,139,3,Arterial,True,27.2,23.0,33.0,0.0,9.9,1015.0,0,0,59,6,2,0,0,0,0,1.0,6.123233995736766e-17,62.597350060667175,57.31954347031367,125.33333333333333,46.333333333333336,1.0107347619373312
2025-11-19 07:00:00,R2,30.4537444690118,101,3,Arterial,True,27.2,23.0,33.0,0.0,9.9,1015.0,0,0,59,7,2,0,1,0,1,0.9659258262890684,-0.2588190451025206,51.56247748076902,53.168671839659346,122.66666666666667,33.666666666666664,0.5075624078168633
2025-11-19 08:00:00,R2,31.20521844812305,92,3,Arterial,True,27.2,23.0,33.0,0.0,9.9,1015.0,0,0,59,8,2,0,1,0,1,0.8660254037844387,-0.4999999999999998,40.76768287779156,49.88261261897238,110.66666666666667,30.666666666666668,0.5200869741353842
2025-11-19 09:00:00,R2,39.77327036904976,84,3,Arterial,True,27.2,23.0,33.0,0.0,9.9,1015.0,0,0,59,9,2,0,1,0,1,0.7071067811865476,-0.7071067811865475,33.810744428728185,48.2040472446977,92.33333333333333,28.0,0.6628878394841627
2025-11-19 10:00:00,R2,39.08163683846794,92,3,Arterial,True,27.2,23.0,33.0,0.0,9.9,1015.0,0,0,59,10,2,0,1,0,1,0.4999999999999999,-0.8660254037844387,36.68670855188023,44.12459301632464,89.33333333333333,30.666666666666668,0.6513606139744657
2025-11-19 11:00:00,R2,62.41436381430529,138,3,Arterial,True,27.2,23.0,33.0,0.0,9.9,1015.0,0,0,59,11,2,0,0,0,0,0.258819045102521,-0.9659258262890682,47.08975700727431,43.92871994253295,104.66666666666667,46.0,1.0402393969050883
2025-11-19 12:00:00,R2,54.52740871505203,100,3,Arterial,True,27.2,23.0,33.0,0.0,9.9,1015.0,0,0,59,12,2,0,0,0,0,1.2246467991473532e-16,-1.0,52.0078031226084,42.90927377566831,110.0,33.333333333333336,0.9087901452508672
2025-11-19 13:00:00,R2,56.7839759644761,115,3,Arterial,True,27.2,23.0,33.0,0.0,9.9,1015.0,0,0,59,13,2,0,0,0,0,-0.2588190451025208,-0.9659258262890684,57.90858283127778,47.29764569157903,117.66666666666667,38.333333333333336,0.9463995994079349
2025-11-19 14:00:00,R2,60.5221189775579,105,3,Arterial,True,27.2,23.0,33.0,0.0,9.9,1015.0,0,0,59,14,2,0,0,0,0,-0.4999999999999997,-0.8660254037844388,57.27783455236199,52.18379577981816,106.66666666666667,35.0,1.0087019829592985
2025-11-19 15:00:00,R2,67.1755843289013,113,3,Arterial,True,27.2,23.0,33.0,0.0,9.9,1015.0,0,0,59,15,2,0,0,0,0,-0.7071067811865471,-0.7071067811865479,61.49389309031175,56.75084810646009,111.0,37.666666666666664,1.119593072148355
2025-11-19 16:00:00,R2,56.82163282477024,117,3,Arterial,True,27.2,23.0,33.0,0.0,9.9,1015.0,0,0,59,16,2,0,0,0,0,-0.8660254037844384,-0.5000000000000004,61.50644537707646,59.70751410417714,111.66666666666667,39.0,0.9470272137461707
2025-11-19 17:00:00,R2,35.42657941706396,60,3,Arterial,True,27.2,23.0,33.0,0.0,9.9,1015.0,0,0,59,17,2,0,0,1,1,-0.9659258262890684,-0.2588190451025206,53.14126552357848,55.20955003797025,96.66666666666667,20.0,0.5904429902843994
2025-11-19 18:00:00,R2,31.61800121902052,69,3,Arterial,True,27.2,23.0,33.0,0.0,9.9,1015.0,0,0,59,18,2,0,0,1,1,-1.0,-1.8369701987210294e-16,41.28873782028489,51.39131545529833,82.0,23.0,0.5269666869836753
2025-11-19 19:00:00,R2,39.64480594536074,68,3,Arterial,True,27.2,23.0,33.0,0.0,9.9,1015.0,0,0,59,19,2,0,0,1,1,-0.9659258262890684,0.2588190451025203,35.56312886048172,48.534787118779114,65.66666666666667,22.666666666666668,0.6607467657560123
2025-11-19 20:00:00,R2,32.89464563365041,70,3,Arterial,True,27.2,23.0,33.0,0.0,9.9,1015.0,0,0,59,20,2,0,0,1,1,-0.8660254037844386,0.5000000000000001,34.7191509326772,43.93020822812786,69.0,23.333333333333332,0.5482440938941735
2025-11-19 21:00:00,R2,61.26374982568667,111,3,Arterial,True,27.2,23.0,33.0,0.0,9.9,1015.0,0,0,59,21,2,0,0,0,0,-0.7071067811865477,0.7071067811865474,44.60106713489926,42.94490247759209,83.0,37.0,1.021062497094778
2025-11-19 22:00:00,R2,66.24090734335924,124,3,Arterial,True,27.2,23.0,33.0,0.0,9.9,1015.0,0,0,59,22,2,0,0,0,0,-0.5000000000000004,0.8660254037844384,53.466434267565425,44.51478156402359,101.66666666666667,41.333333333333336,1.1040151223893206
2025-11-19 23:00:00,R2,68.19136945443138,133,3,Arterial,True,27.2,23.0,33.0,0.0,9.9,1015.0,0,0,59,23,2,0,0,0,0,-0.2588190451025215,0.965925826289068,65.23200887449241,49.97557990358482,122.66666666666667,44.333333333333336,1.136522824240523
2025-11-20 00:00:00,R2,64.2503297596798,104,3,Arterial,True,26.4,20.0,31.0,0.0,11.3,1016.5,0,0,59,0,3,0,0,0,0,0.0,1.0,66.22753551915679,55.414301327028035,120.33333333333333,34.666666666666664,1.0708388293279967
2025-11-20 01:00:00,R2,54.6409034918633,144,3,Arterial,True,26.4,20.0,31.0,0.0,11.3,1016.5,0,0,59,1,3,0,0,0,0,0.2588190451025207,0.9659258262890684,62.360867568658136,57.913650918111806,127.0,48.0,0.9106817248643883
2025-11-20 02:00:00,R2,63.20565127382574,147,3,Arterial,True,26.4,20.0,31.0,0.0,11.3,1016.5,0,0,59,2,3,0,0,0,0,0.4999999999999999,0.8660254037844387,60.69896150845626,62.96548519147436,131.66666666666666,49.0,1.053427521230429
2025-11-20 03:00:00,R2,49.183088814630594,142,3,Arterial,True,26.4,20.0,31.0,0.0,11.3,1016.5,0,0,59,3,3,0,0,0,0,0.7071067811865476,0.7071067811865476,55.676547860106524,60.95204168963168,144.33333333333334,47.333333333333336,0.8197181469105099
2025-11-20 04:00:00,R2,62.10089758569934,112,3,Arterial,True,26.4,20.0,31.0,0.0,11.3,1016.5,0,0,59,4,3,0,0,0,0,0.8660254037844386,0.5000000000000001,58.163212558051875,60.26204006335502,133.66666666666666,37.333333333333336,1.0350149597616558
2025-11-20 05:00:00,R2,62.30683447974148,139,3,Arterial,True,26.4,20.0,31.0,0.0,11.3,1016.5,0,0,59,5,3,0,0,0,0,0.9659258262890684,0.2588190451025207,57.86360696002379,59.28128423424005,131.0,46.333333333333336,1.0384472413290247
2025-11-20 06:00:00,R2,61.1666397686056,107,3,Arterial,True,26.4,20.0,31.0,0.0,11.3,1016.5,0,0,59,6,3,0,0,0,0,1.0,6.123233995736766e-17,61.85812394468212,58.76733590239434,119.33333333333333,35.666666666666664,1.0194439961434267
2025-11-20 07:00:00,R2,37.22296103402336,87,3,Arterial,True,26.4,20.0,31.0,0.0,11.3,1016.5,0,0,59,7,3,0,1,0,1,0.9659258262890684,-0.2588190451025206,53.56547842745679,55.86434549275435,111.0,29.0,0.6203826839003894
2025-11-20 08:00:00,R2,36.0218892938896,95,3,Arterial,True,26.4,20.0,31.0,0.0,11.3,1016.5,0,0,59,8,3,0,1,0,1,0.8660254037844387,-0.4999999999999998,44.80383003217283,51.33371849609833,96.33333333333333,31.666666666666668,0.6003648215648266
2025-11-20 09:00:00,R2,47.47117677136052,78,3,Arterial,True,26.4,20.0,31.0,0.0,11.3,1016.5,0,0,59,9,3,0,1,0,1,0.7071067811865476,-0.7071067811865475,40.23867569975781,51.048399822219984,86.66666666666667,26.0,0.7911862795226753
2025-11-20 10:00:00,R2,30.29915865790919,95,3,Arterial,True,26.4,20.0,31.0,0.0,11.3,1016.5,0,0,59,10,3,0,1,0,1,0.4999999999999999,-0.8660254037844387,37.93074157438642,45.74811000092163,89.33333333333333,31.666666666666668,0.5049859776318198
2025-11-20 11:00:00,R2,58.56495652089467,125,3,Arterial,True,26.4,20.0,31.0,0.0,11.3,1016.5,0,0,59,11,3,0,0,0,0,0.258819045102521,-0.9659258262890682,45.445097316721444,45.124463674447156,99.33333333333333,41.666666666666664,0.9760826086815778
2025-11-20 12:00:00,R2,59.64020966878427,149,3,Arterial,True,26.4,20.0,31.0,0.0,11.3,1016.5,0,0,59,12,3,0,0,0,0,1.2246467991473532e-16,-1.0,49.50144161586269,44.87005865781027,123.0,49.666666666666664,0.9940034944797379
2025-11-20 13:00:00,R2,67.7515309561825,130,3,Arterial,True,26.4,20.0,31.0,0.0,11.3,1016.5,0,0,59,13,3,0,0,0,0,-0.2588190451025208,-0.9659258262890684,61.98556571528712,49.95815364483679,134.66666666666666,43.333333333333336,1.1291921826030418
2025-11-20 14:00:00,R2,64.34265694887911,146,3,Arterial,True,26.4,20.0,31.0,0.0,11.3,1016.5,0,0,59,14,3,0,0,0,0,-0.4999999999999997,-0.8660254037844388,63.911465857948606,54.67828158733504,141.66666666666666,48.666666666666664,1.0723776158146519
2025-11-20 15:00:00,R2,52.53035401951549,109,3,Arterial,True,26.4,20.0,31.0,0.0,11.3,1016.5,0,0,59,15,3,0,0,0,0,-0.7071067811865471,-0.7071067811865479,61.541513974859015,55.52147779536088,128.33333333333334,36.333333333333336,0.8755059003252582
2025-11-20 16:00:00,R2,66.03029333037186,119,3,Arterial,True,26.4,20.0,31.0,0.0,11.3,1016.5,0,0,59,16,3,0,0,0,0,-0.8660254037844384,-0.5000000000000004,60.967768099588795,61.47666690743798,124.66666666666667,39.666666666666664,1.100504888839531
2025-11-20 17:00:00,R2,40.5250200035039,90,3,Arterial,True,26.4,20.0,31.0,0.0,11.3,1016.5,0,0,59,17,3,0,0,1,1,-0.9659258262890684,-0.2588190451025206,53.02855578446372,58.47001082120619,106.0,30.0,0.6754170000583983
2025-11-20 18:00:00,R2,36.10586017855265,81,3,Arterial,True,26.4,20.0,31.0,0.0,11.3,1016.5,0,0,59,18,3,0,0,1,1,-1.0,-1.8369701987210294e-16,47.55372450414277,54.54761923950091,96.66666666666667,27.0,0.6017643363092109
2025-11-20 19:00:00,R2,34.40692531815829,96,3,Arterial,True,26.4,20.0,31.0,0.0,11.3,1016.5,0,0,59,19,3,0,0,1,1,-0.9659258262890684,0.2588190451025203,37.01260183340492,48.990184966496884,89.0,32.0,0.5734487553026381
2025-11-20 20:00:00,R2,36.71549633841388,67,3,Arterial,True,26.4,20.0,31.0,0.0,11.3,1016.5,0,0,59,20,3,0,0,1,1,-0.8660254037844386,0.5000000000000001,35.74276061170825,44.38565819808601,81.33333333333333,22.333333333333332,0.6119249389735646
2025-11-20 21:00:00,R2,50.20167682309477,124,3,Arterial,True,26.4,20.0,31.0,0.0,11.3,1016.5,0,0,59,21,3,0,0,0,0,-0.7071067811865477,0.7071067811865474,40.44136615988896,43.997545332015896,95.66666666666667,41.333333333333336,0.8366946137182462
2025-11-20 22:00:00,R2,60.04290188984455,107,3,Arterial,True,26.4,20.0,31.0,0.0,11.3,1016.5,0,0,59,22,3,0,0,0,0,-0.5000000000000004,0.8660254037844384,48.98669168378438,42.99964675859467,99.33333333333333,35.666666666666664,1.0007150314974091
2025-11-20 23:00:00,R2,64.03214176915766,115,3,Arterial,True,26.4,20.0,31.0,0.0,11.3,1016.5,0,0,59,23,3,0,0,0,0,-0.2588190451025215,0.965925826289068,58.092240160698964,46.917500386203635,115.33333333333333,38.333333333333336,1.0672023628192944
2025-11-21 00:00:00,R2,56.47187571503505,123,3,Arterial,True,27.2,22.0,31.0,0.0,9.5,1017.4,0,0,59,0,4,0,0,0,0,0.0,1.0,60.18230645801239,50.311836308950696,115.0,41.0,0.9411979285839175
2025-11-21 01:00:00,R2,61.19327636966778,127,3,Arterial,True,27.2,22.0,31.0,0.0,9.5,1017.4,0,0,59,1,4,0,0,0,0,0.2588190451025207,0.9659258262890684,60.56576461795347,54.776228150868945,121.66666666666667,42.333333333333336,1.0198879394944629
2025-11-21 02:00:00,R2,56.46890442126932,133,3,Arterial,True,27.2,22.0,31.0,0.0,9.5,1017.4,0,0,59,2,4,0,0,0,0,0.4999999999999999,0.8660254037844387,58.04468550199069,58.06846283134485,127.66666666666667,44.333333333333336,0.9411484070211553
2025-11-21 03:00:00,R2,63.03124402348109,126,3,Arterial,True,27.2,22.0,31.0,0.0,9.5,1017.4,0,0,59,3,4,0,0,0,0,0.7071067811865476,0.7071067811865476,60.231141604806034,60.20672403140924,128.66666666666666,42.0,1.0505207337246847
2025-11-21 04:00:00,R2,56.03536381358792,105,3,Arterial,True,27.2,22.0,31.0,0.0,9.5,1017.4,0,0,59,4,4,0,0,0,0,0.8660254037844386,0.5000000000000001,58.51183741944609,59.53880101869981,121.33333333333333,35.0,0.9339227302264653
2025-11-21 05:00:00,R2,60.34890044141845,122,3,Arterial,True,27.2,22.0,31.0,0.0,9.5,1017.4,0,0,59,5,4,0,0,0,0,0.9659258262890684,0.2588190451025207,59.80516942616246,58.924927464076596,117.66666666666667,40.666666666666664,1.0058150073569743
2025-11-21 06:00:00,R2,58.46771113532003,105,3,Arterial,True,27.2,22.0,31.0,0.0,9.5,1017.4,0,0,59,6,4,0,0,0,0,1.0,6.123233995736766e-17,58.283991796775446,59.25756670079076,110.66666666666667,35.0,0.9744618522553339
2025-11-21 07:00:00,R2,41.11739352814577,70,3,Arterial,True,27.2,22.0,31.0,0.0,9.5,1017.4,0,0,59,7,4,0,1,0,1,0.9659258262890684,-0.2588190451025206,53.311335034961395,55.91158622720376,99.0,23.333333333333332,0.6852898921357629
2025-11-21 08:00:00,R2,31.59468652641776,88,3,Arterial,True,27.2,22.0,31.0,0.0,9.5,1017.4,0,0,59,8,4,0,1,0,1,0.8660254037844387,-0.4999999999999998,43.72659706329449,51.765883244728506,87.66666666666667,29.333333333333332,0.5265781087736293
2025-11-21 09:00:00,R2,40.783176125801376,109,3,Arterial,True,27.2,22.0,31.0,0.0,9.5,1017.4,0,0,59,9,4,0,1,0,1,0.7071067811865476,-0.7071067811865475,37.83175206012161,48.05787192844855,89.0,36.333333333333336,0.6797196020966896
2025-11-21 10:00:00,R2,36.61169668454219,97,3,Arterial,True,27.2,22.0,31.0,0.0,9.5,1017.4,0,0,59,10,4,0,1,0,1,0.4999999999999999,-0.8660254037844387,36.32985311225375,44.820594073607595,98.0,32.333333333333336,0.6101949447423698
2025-11-21 11:00:00,R2,62.31136250731308,101,3,Arterial,True,27.2,22.0,31.0,0.0,9.5,1017.4,0,0,59,11,4,0,0,0,0,0.258819045102521,-0.9659258262890682,46.56874510588552,45.14767108459004,102.33333333333333,33.666666666666664,1.038522708455218
2025-11-21 12:00:00,R2,54.48899698192059,134,3,Arterial,True,27.2,22.0,31.0,0.0,9.5,1017.4,0,0,59,12,4,0,0,0,0,1.2246467991473532e-16,-1.0,51.13735205792526,44.484552059023464,110.66666666666667,44.666666666666664,0.9081499496986766
2025-11-21 13:00:00,R2,59.32320710488381,118,3,Arterial,True,27.2,22.0,31.0,0.0,9.5,1017.4,0,0,59,13,4,0,0,0,0,-0.2588190451025208,-0.9659258262890684,58.70785553137247,47.51885432181314,117.66666666666667,39.333333333333336,0.9887201184147301
2025-11-21 14:00:00,R2,56.45799599104328,105,3,Arterial,True,27.2,22.0,31.0,0.0,9.5,1017.4,0,0,59,14,4,0,0,0,0,-0.4999999999999997,-0.8660254037844388,56.75673335928254,51.66273923258405,119.0,35.0,0.9409665998507214
2025-11-21 15:00:00,R2,60.505961881536585,118,3,Arterial,True,27.2,22.0,31.0,0.0,9.5,1017.4,0,0,59,15,4,0,0,0,0,-0.7071067811865471,-0.7071067811865479,58.762388325821206,54.94987019187325,113.66666666666667,39.333333333333336,1.0084326980256098
2025-11-21 16:00:00,R2,61.47354895126514,118,3,Arterial,True,27.2,22.0,31.0,0.0,9.5,1017.4,0,0,59,16,4,0,0,0,0,-0.8660254037844384,-0.5000000000000004,59.47916894128165,59.09351223632708,113.66666666666667,39.333333333333336,1.0245591491877524
2025-11-21 17:00:00,R2,36.7310550913124,95,3,Arterial,True,27.2,22.0,31.0,0.0,9.5,1017.4,0,0,59,17,4,0,0,1,1,-0.9659258262890684,-0.2588190451025206,52.90352197470469,54.83012766699363,110.33333333333333,31.666666666666668,0.6121842515218733
2025-11-21 18:00:00,R2,29.48234051764818,109,3,Arterial,True,27.2,22.0,31.0,0.0,9.5,1017.4,0,0,59,18,4,0,0,1,1,-1.0,-1.8369701987210294e-16,42.562314853408544,50.66235158961489,107.33333333333333,36.333333333333336,0.491372341960803
2025-11-21 19:00:00,R2,38.09691107277526,74,3,Arterial,True,27.2,22.0,31.0,0.0,9.5,1017.4,0,0,59,19,4,0,0,1,1,-0.9659258262890684,0.2588190451025203,34.77010222724525,47.12463558426347,92.66666666666667,24.666666666666668,0.6349485178795876
2025-11-21 20:00:00,R2,41.33408375102467,108,3,Arterial,True,27.2,22.0,31.0,0.0,9.5,1017.4,0,0,59,20,4,0,0,1,1,-0.8660254037844386,0.5000000000000001,36.30444511381601,44.60398354426038,97.0,36.0,0.6889013958504112
2025-11-21 21:00:00,R2,52.968202026347925,127,3,Arterial,True,27.2,22.0,31.0,0.0,9.5,1017.4,0,0,59,21,4,0,0,0,0,-0.7071067811865477,0.7071067811865474,44.133065616715925,43.34769023506226,103.0,42.333333333333336,0.8828033671057988
2025-11-21 22:00:00,R2,52.59125905181594,104,3,Arterial,True,27.2,22.0,31.0,0.0,9.5,1017.4,0,0,59,22,4,0,0,0,0,-0.5000000000000004,0.8660254037844384,48.964514943062824,41.86730858515406,113.0,34.666666666666664,0.8765209841969324
2025-11-21 23:00:00,R2,62.94086050902408,136,3,Arterial,True,27.2,22.0,31.0,0.0,9.5,1017.4,0,0,59,23,4,0,0,0,0,-0.2588190451025215,0.965925826289068,56.16677386239596,46.23560948810601,122.33333333333333,45.333333333333336,1.0490143418170679
2025-11-22 00:00:00,R2,64.16495091820398,149,3,Arterial,True,26.9,21.0,33.0,0.0,9.1,1017.3,0,0,59,0,5,1,0,0,0,0.0,1.0,59.899023493014646,52.01604455486531,129.66666666666666,49.666666666666664,1.0694158486367331
2025-11-22 01:00:00,R2,55.00246997578432,137,3,Arterial,True,26.9,21.0,33.0,0.0,9.1,1017.3,0,0,59,1,5,1,0,0,0,0.2588190451025207,0.9659258262890684,60.70276046767077,54.83363770536682,140.66666666666666,45.666666666666664,0.9167078329297387
2025-11-22 02:00:00,R2,56.8241025986862,111,3,Arterial,True,26.9,21.0,33.0,0.0,9.1,1017.3,0,0,59,2,5,1,0,0,0,0.4999999999999999,0.8660254037844387,58.66384116422481,57.4153075133104,132.33333333333334,37.0,0.9470683766447701
2025-11-22 03:00:00,R2,61.42624861788129,132,3,Arterial,True,26.9,21.0,33.0,0.0,9.1,1017.3,0,0,59,3,5,1,0,0,0,0.7071067811865476,0.7071067811865476,57.750940397450584,58.82498194523263,126.66666666666667,44.0,1.0237708102980216
2025-11-22 04:00:00,R2,60.00175311050443,104,3,Arterial,True,26.9,21.0,33.0,0.0,9.1,1017.3,0,0,59,4,5,1,0,0,0,0.8660254037844386,0.5000000000000001,59.41736810902395,60.060064288347384,115.66666666666667,34.666666666666664,1.0000292185084072
2025-11-22 05:00:00,R2,62.26992812807688,101,3,Arterial,True,26.9,21.0,33.0,0.0,9.1,1017.3,0,0,59,5,5,1,0,0,0,0.9659258262890684,0.2588190451025207,61.232643285487505,59.94824222485619,112.33333333333333,33.666666666666664,1.037832135467948
2025-11-22 06:00:00,R2,55.83515621686251,133,3,Arterial,True,26.9,21.0,33.0,0.0,9.1,1017.3,0,0,59,6,5,1,0,0,0,1.0,6.123233995736766e-17,59.368945818481244,58.55994310796594,112.66666666666667,44.333333333333336,0.9305859369477084
2025-11-22 07:00:00,R2,41.65979059910909,73,3,Arterial,True,26.9,21.0,33.0,0.0,9.1,1017.3,0,0,59,7,5,1,1,0,1,0.9659258262890684,-0.2588190451025206,53.254958314682796,56.3361632118534,102.33333333333333,24.333333333333332,0.6943298433184848
2025-11-22 08:00:00,R2,35.277481735718894,108,3,Arterial,True,26.9,21.0,33.0,0.0,9.1,1017.3,0,0,59,8,5,1,1,0,1,0.8660254037844387,-0.4999999999999998,44.257476183896806,52.745059734692184,104.66666666666667,36.0,0.5879580289286482
2025-11-22 09:00:00,R2,30.390662929751755,99,3,Arterial,True,26.9,21.0,33.0,0.0,9.1,1017.3,0,0,59,9,5,1,1,0,1,0.7071067811865476,-0.7071067811865475,35.77597842152655,47.57246212000393,93.33333333333333,33.0,0.506511048829196
2025-11-22 10:00:00,R2,32.62288331741253,94,3,Arterial,True,26.9,21.0,33.0,0.0,9.1,1017.3,0,0,59,10,5,1,1,0,1,0.4999999999999999,-0.8660254037844387,32.76367599429437,43.009317154488606,100.33333333333333,31.333333333333332,0.5437147219568755
2025-11-22 11:00:00,R2,54.18485495795096,129,3,Arterial,True,26.9,21.0,33.0,0.0,9.1,1017.3,0,0,59,11,5,1,0,0,0,0.258819045102521,-0.9659258262890682,39.066133735038385,41.661804959467624,107.33333333333333,43.0,0.9030809159658494
2025-11-22 12:00:00,R2,68.73734172536734,129,3,Arterial,True,26.9,21.0,33.0,0.0,9.1,1017.3,0,0,59,12,5,1,0,0,0,1.2246467991473532e-16,-1.0,51.84836000024359,43.81216921088509,117.33333333333333,43.0,1.1456223620894557
2025-11-22 13:00:00,R2,55.12138052572261,137,3,Arterial,True,26.9,21.0,33.0,0.0,9.1,1017.3,0,0,59,13,5,1,0,0,0,-0.2588190451025208,-0.9659258262890684,59.347859069680275,46.05576753198735,131.66666666666666,45.666666666666664,0.9186896754287102
2025-11-22 14:00:00,R2,68.95390655337685,133,3,Arterial,True,26.9,21.0,33.0,0.0,9.1,1017.3,0,0,59,14,5,1,0,0,0,-0.4999999999999997,-0.8660254037844388,64.27087626815558,51.668505001597005,133.0,44.333333333333336,1.1492317758896142
2025-11-22 15:00:00,R2,57.76764105877896,149,3,Arterial,True,26.9,21.0,33.0,0.0,9.1,1017.3,0,0,59,15,5,1,0,0,0,-0.7071067811865471,-0.7071067811865479,60.614309379292784,56.23133468976821,139.66666666666666,49.666666666666664,0.962794017646316
2025-11-22 16:00:00,R2,63.66350869920943,110,3,Arterial,True,26.9,21.0,33.0,0.0,9.1,1017.3,0,0,59,16,5,1,0,0,0,-0.8660254037844384,-0.5000000000000004,63.46168543712173,61.40477225340103,130.66666666666666,36.666666666666664,1.061058478320157
2025-11-22 17:00:00,R2,27.11699134948644,74,3,Arterial,True,26.9,21.0,33.0,0.0,9.1,1017.3,0,0,59,17,5,1,0,1,1,-0.9659258262890684,-0.2588190451025206,49.51604703582492,56.893461651990265,111.0,24.666666666666668,0.451949855824774
2025-11-22 18:00:00,R2,41.346194846501774,63,3,Arterial,True,26.9,21.0,33.0,0.0,9.1,1017.3,0,0,59,18,5,1,0,1,1,-1.0,-1.8369701987210294e-16,44.04223163173251,52.328270505512684,82.33333333333333,21.0,0.6891032474416963
2025-11-22 19:00:00,R2,27.87999814775971,72,3,Arterial,True,26.9,21.0,33.0,0.0,9.1,1017.3,0,0,59,19,5,1,0,1,1,-0.9659258262890684,0.2588190451025203,32.11439478124928,47.78804010918552,69.66666666666667,24.0,0.46466663579599515
2025-11-22 20:00:00,R2,27.54528787935149,64,3,Arterial,True,26.9,21.0,33.0,0.0,9.1,1017.3,0,0,59,20,5,1,0,1,1,-0.8660254037844386,0.5000000000000001,32.25716029120429,40.886603663514634,66.33333333333333,21.333333333333332,0.45908813132252485
2025-11-22 21:00:00,R2,53.18516531460738,106,3,Arterial,True,26.9,21.0,33.0,0.0,9.1,1017.3,0,0,59,21,5,1,0,0,0,-0.7071067811865477,0.7071067811865474,36.20348378057283,40.12285770615271,80.66666666666667,35.333333333333336,0.886419421910123
2025-11-22 22:00:00,R2,55.30223555333159,100,3,Arterial,True,26.9,21.0,33.0,0.0,9.1,1017.3,0,0,59,22,5,1,0,0,0,-0.5000000000000004,0.8660254037844384,45.34422958243013,38.72931218183974,90.0,33.333333333333336,0.9217039258888599
2025-11-22 23:00:00,R2,68.15416681289439,136,3,Arterial,True,26.9,21.0,33.0,0.0,9.1,1017.3,0,0,59,23,5,1,0,0,0,-0.2588190451025215,0.965925826289068,58.88052256027776,45.568841425741056,114.0,45.333333333333336,1.1359027802149064
2025-11-23 00:00:00,R2,57.70362686857513,118,3,Arterial,True,26.6,21.0,32.0,0.0,8.8,1016.9,0,0,59,0,6,1,0,0,0,0.0,1.0,60.38667641160034,48.29508009608662,118.0,39.333333333333336,0.9617271144762521
2025-11-23 01:00:00,R2,58.48206814037342,108,3,Arterial,True,26.6,21.0,32.0,0.0,8.8,1016.9,0,0,59,1,6,1,0,0,0,0.2588190451025207,0.9659258262890684,61.44662060728095,53.39542509485556,120.66666666666667,36.0,0.9747011356728904
2025-11-23 02:00:00,R2,54.24613232934367,104,3,Arterial,True,26.6,21.0,32.0,0.0,8.8,1016.9,0,0,59,2,6,1,0,0,0,0.4999999999999999,0.8660254037844387,56.81060911276404,57.84556583652093,110.0,34.666666666666664,0.9041022054890612
2025-11-23 03:00:00,R2,61.96238097189096,108,3,Arterial,True,26.6,21.0,32.0,0.0,8.8,1016.9,0,0,59,3,6,1,0,0,0,0.7071067811865476,0.7071067811865476,58.23019381386933,59.308435112734855,106.66666666666667,36.0,1.032706349531516
2025-11-23 04:00:00,R2,55.83051584233933,131,3,Arterial,True,26.6,21.0,32.0,0.0,8.8,1016.9,0,0,59,4,6,1,0,0,0,0.8660254037844386,0.5000000000000001,57.346343047857964,59.39648182756949,114.33333333333333,43.666666666666664,0.9305085973723222
2025-11-23 05:00:00,R2,53.65878712789279,137,3,Arterial,True,26.6,21.0,32.0,0.0,8.8,1016.9,0,0,59,5,6,1,0,0,0,0.9659258262890684,0.2588190451025207,57.150561314041,56.98058521340255,125.33333333333333,45.666666666666664,0.8943131187982132
2025-11-23 06:00:00,R2,57.787698722017794,142,3,Arterial,True,26.6,21.0,32.0,0.0,8.8,1016.9,0,0,59,6,6,1,0,0,0,1.0,6.123233995736766e-17,55.75900056408327,56.99459718897632,136.66666666666666,47.333333333333336,0.9631283120336299
2025-11-23 07:00:00,R2,27.759135506845293,60,3,Arterial,True,26.6,21.0,32.0,0.0,8.8,1016.9,0,0,59,7,6,1,1,0,1,0.9659258262890684,-0.2588190451025206,46.40187378558526,51.87410841672164,113.0,20.0,0.4626522584474216
2025-11-23 08:00:00,R2,34.597998107904786,106,3,Arterial,True,26.6,21.0,32.0,0.0,8.8,1016.9,0,0,59,8,6,1,1,0,1,0.8660254037844387,-0.4999999999999998,40.048277445589264,48.59941937981515,102.66666666666667,35.333333333333336,0.5766333017984131
2025-11-23 09:00:00,R2,39.99084559920753,69,3,Arterial,True,26.6,21.0,32.0,0.0,8.8,1016.9,0,0,59,9,6,1,1,0,1,0.7071067811865476,-0.7071067811865475,34.115993071319174,44.93749681770125,78.33333333333333,23.0,0.6665140933201256
2025-11-23 10:00:00,R2,37.87233867434536,100,3,Arterial,True,26.6,21.0,32.0,0.0,8.8,1016.9,0,0,59,10,6,1,1,0,1,0.4999999999999999,-0.8660254037844387,37.4870607938192,41.94446728970226,91.66666666666667,33.333333333333336,0.6312056445724227
2025-11-23 11:00:00,R2,54.28710488469414,144,3,Arterial,True,26.6,21.0,32.0,0.0,8.8,1016.9,0,0,59,11,6,1,0,0,0,0.258819045102521,-0.9659258262890682,44.050096386082316,42.04918691583581,104.33333333333333,48.0,0.904785081411569
2025-11-23 12:00:00,R2,56.496467569595794,149,3,Arterial,True,26.6,21.0,32.0,0.0,8.8,1016.9,0,0,59,12,6,1,0,0,0,1.2246467991473532e-16,-1.0,49.551970376211735,41.83398172376548,131.0,49.666666666666664,0.9416077928265966
2025-11-23 13:00:00,R2,56.29569552752654,140,3,Arterial,True,26.6,21.0,32.0,0.0,8.8,1016.9,0,0,59,13,6,1,0,0,0,-0.2588190451025208,-0.9659258262890684,55.693089327272126,46.59007506054569,144.33333333333334,46.666666666666664,0.9382615921254424
2025-11-23 14:00:00,R2,69.26400924235502,113,3,Arterial,True,26.6,21.0,32.0,0.0,8.8,1016.9,0,0,59,14,6,1,0,0,0,-0.4999999999999997,-0.8660254037844388,60.68539077982575,52.36774358295406,134.0,37.666666666666664,1.1544001540392503
2025-11-23 15:00:00,R2,66.44278001479789,145,3,Arterial,True,26.6,21.0,32.0,0.0,8.8,1016.9,0,0,59,15,6,1,0,0,0,-0.7071067811865471,-0.7071067811865479,64.00082826155979,56.77639931888579,132.66666666666666,48.333333333333336,1.1073796669132983
2025-11-23 16:00:00,R2,63.68256103524612,129,3,Arterial,True,26.6,21.0,32.0,0.0,8.8,1016.9,0,0,59,16,6,1,0,0,0,-0.8660254037844384,-0.5000000000000004,66.46311676413298,61.07810304570258,129.0,43.0,1.061376017254102
2025-11-23 17:00:00,R2,43.95709412669109,80,3,Arterial,True,26.6,21.0,32.0,0.0,8.8,1016.9,0,0,59,17,6,1,0,1,1,-0.9659258262890684,-0.2588190451025206,58.027478392245,59.35643458603541,118.0,26.666666666666668,0.7326182354448515
2025-11-23 18:00:00,R2,22.438443477464624,78,3,Arterial,True,26.6,21.0,32.0,0.0,8.8,1016.9,0,0,59,18,6,1,0,1,1,-1.0,-1.8369701987210294e-16,43.35936621313391,53.68009723734688,95.66666666666667,26.0,0.37397405795774374
2025-11-23 19:00:00,R2,33.0112208751062,81,3,Arterial,True,26.6,21.0,32.0,0.0,8.8,1016.9,0,0,59,19,6,1,0,1,1,-0.9659258262890684,0.2588190451025203,33.135586159753935,49.799351461943495,79.66666666666667,27.0,0.5501870145851033
2025-11-23 20:00:00,R2,34.47215061093505,95,3,Arterial,True,26.6,21.0,32.0,0.0,8.8,1016.9,0,0,59,20,6,1,0,1,1,-0.8660254037844386,0.5000000000000001,29.9739383211686,44.00070835670683,84.66666666666667,31.666666666666668,0.5745358435155842
2025-11-23 21:00:00,R2,61.89075503006926,107,3,Arterial,True,26.6,21.0,32.0,0.0,8.8,1016.9,0,0,59,21,6,1,0,0,0,-0.7071067811865477,0.7071067811865474,43.12470883870347,43.242037525918725,94.33333333333333,35.666666666666664,1.0315125838344876
2025-11-23 22:00:00,R2,57.725770178234185,116,3,Arterial,True,26.6,21.0,32.0,0.0,8.8,1016.9,0,0,59,22,6,1,0,0,0,-0.5000000000000004,0.8660254037844384,51.362891939746135,42.24923904975007,106.0,38.666666666666664,0.9620961696372364
2025-11-23 23:00:00,R2,54.18404329544048,125,3,Arterial,True,26.6,21.0,32.0,0.0,8.8,1016.9,0,0,59,23,6,1,0,0,0,-0.2588190451025215,0.965925826289068,57.93352283458128,43.95373057787497,116.0,41.666666666666664,0.9030673882573413
2025-11-24 00:00:00,R2,64.35680904272769,127,3,Arterial,True,26.5,22.0,31.0,0.0,10.0,1016.7,0,0,59,0,0,0,0,0,0,0.0,1.0,58.755540838800755,50.94012483875215,122.66666666666667,42.333333333333336,1.0726134840454615
2025-11-24 01:00:00,R2,56.78475011134985,106,3,Arterial,True,26.5,22.0,31.0,0.0,10.0,1016.7,0,0,59,1,0,0,0,0,0,0.2588190451025207,0.9659258262890684,58.44186748317264,54.90237971145942,119.33333333333333,35.333333333333336,0.9464125018558308
2025-11-24 02:00:00,R2,53.57295428974024,120,3,Arterial,True,26.5,22.0,31.0,0.0,10.0,1016.7,0,0,59,2,0,0,0,0,0,0.4999999999999999,0.8660254037844387,58.23817114793923,58.085846991260276,117.66666666666667,40.0,0.8928825714956706
2025-11-24 03:00:00,R2,60.37925391067711,149,3,Arterial,True,26.5,22.0,31.0,0.0,10.0,1016.7,0,0,59,3,0,0,0,0,0,0.7071067811865476,0.7071067811865476,56.91231943725571,57.83393013802826,125.0,49.666666666666664,1.006320898511285
2025-11-24 04:00:00,R2,61.00390692622519,116,3,Arterial,True,26.5,22.0,31.0,0.0,10.0,1016.7,0,0,59,4,0,0,0,0,0,0.8660254037844386,0.5000000000000001,58.318705042214155,58.38028626269343,128.33333333333334,38.666666666666664,1.0167317821037531
2025-11-24 05:00:00,R2,53.80224885466757,101,3,Arterial,True,26.5,22.0,31.0,0.0,10.0,1016.7,0,0,59,5,0,0,0,0,0,0.9659258262890684,0.2588190451025207,58.395136563856596,58.31665385589793,122.0,33.666666666666664,0.8967041475777928
2025-11-24 06:00:00,R2,52.33390215329444,122,3,Arterial,True,26.5,22.0,31.0,0.0,10.0,1016.7,0,0,59,6,0,0,0,0,0,1.0,6.123233995736766e-17,55.713352644729035,56.3128360409924,113.0,40.666666666666664,0.8722317025549073
2025-11-24 07:00:00,R2,41.31000184616222,89,3,Arterial,True,26.5,22.0,31.0,0.0,10.0,1016.7,0,0,59,7,0,0,1,0,1,0.9659258262890684,-0.2588190451025206,49.14871761804138,53.73371133012779,104.0,29.666666666666668,0.6885000307693704
2025-11-24 08:00:00,R2,35.16680704205323,106,3,Arterial,True,26.5,22.0,31.0,0.0,10.0,1016.7,0,0,59,8,0,0,1,0,1,0.8660254037844387,-0.4999999999999998,42.936903680503264,50.66602012217996,105.66666666666667,35.333333333333336,0.5861134507008872
2025-11-24 09:00:00,R2,31.01230373196925,71,3,Arterial,True,26.5,22.0,31.0,0.0,10.0,1016.7,0,0,59,9,0,0,1,0,1,0.7071067811865476,-0.7071067811865475,35.8297042067282,45.771528425728654,88.66666666666667,23.666666666666668,0.5168717288661542
2025-11-24 10:00:00,R2,36.00085731390823,63,3,Arterial,True,26.5,22.0,31.0,0.0,10.0,1016.7,0,0,59,10,0,0,1,0,1,0.4999999999999999,-0.8660254037844387,34.05998936264354,41.60435349034249,80.0,21.0,0.6000142885651372
2025-11-24 11:00:00,R2,63.20186234716127,118,3,Arterial,True,26.5,22.0,31.0,0.0,10.0,1016.7,0,0,59,11,0,0,0,0,0,0.258819045102521,-0.9659258262890682,43.40500779767955,43.17095573909145,84.0,39.333333333333336,1.0533643724526878
2025-11-24 12:00:00,R2,59.27236875246413,110,3,Arterial,True,26.5,22.0,31.0,0.0,10.0,1016.7,0,0,59,12,0,0,0,0,0,1.2246467991473532e-16,-1.0,52.82502947117785,44.327366838953054,97.0,36.666666666666664,0.9878728125410688
2025-11-24 13:00:00,R2,62.08924431811272,101,3,Arterial,True,26.5,22.0,31.0,0.0,10.0,1016.7,0,0,59,13,0,0,0,0,0,-0.2588190451025208,-0.9659258262890684,61.521158472579344,47.790573917611475,109.66666666666667,33.666666666666664,1.034820738635212
2025-11-24 14:00:00,R2,66.17914195335905,125,3,Arterial,True,26.5,22.0,31.0,0.0,10.0,1016.7,0,0,59,14,0,0,0,0,0,-0.4999999999999997,-0.8660254037844388,62.513585007978605,52.959296402829104,112.0,41.666666666666664,1.1029856992226508
2025-11-24 15:00:00,R2,63.41790008283953,117,3,Arterial,True,26.5,22.0,31.0,0.0,10.0,1016.7,0,0,59,15,0,0,0,0,0,-0.7071067811865471,-0.7071067811865479,63.89542878477041,58.36022912797415,114.33333333333333,39.0,1.0569650013806589
2025-11-24 16:00:00,R2,55.39641484983895,108,3,Arterial,True,26.5,22.0,31.0,0.0,10.0,1016.7,0,0,59,16,0,0,0,0,0,-0.8660254037844384,-0.5000000000000004,61.66448562867915,61.59282205062927,116.66666666666667,36.0,0.9232735808306491
2025-11-24 17:00:00,R2,36.35266540362057,74,3,Arterial,True,26.5,22.0,31.0,0.0,10.0,1016.7,0,0,59,17,0,0,0,1,1,-0.9659258262890684,-0.2588190451025206,51.72232677876632,57.11795589337249,99.66666666666667,24.666666666666668,0.6058777567270095
2025-11-24 18:00:00,R2,35.37723088887556,62,3,Arterial,True,26.5,22.0,31.0,0.0,10.0,1016.7,0,0,59,18,0,0,0,1,1,-1.0,-1.8369701987210294e-16,42.375437047445,53.135432916107725,81.33333333333333,20.666666666666668,0.5896205148145927
2025-11-24 19:00:00,R2,36.59646778108698,67,3,Arterial,True,26.5,22.0,31.0,0.0,10.0,1016.7,0,0,59,19,0,0,0,1,1,-0.9659258262890684,0.2588190451025203,36.108788024527676,48.88663682660344,67.66666666666667,22.333333333333332,0.609941129684783
2025-11-24 20:00:00,R2,36.6484216899016,84,3,Arterial,True,26.5,22.0,31.0,0.0,10.0,1016.7,0,0,59,20,0,0,0,1,1,-0.8660254037844386,0.5000000000000001,36.20737345328802,43.9648501160272,71.0,28.0,0.6108070281650267
2025-11-24 21:00:00,R2,65.75393209841336,102,3,Arterial,True,26.5,22.0,31.0,0.0,10.0,1016.7,0,0,59,21,0,0,0,0,0,-0.7071067811865477,0.7071067811865474,46.33294052313395,44.3541887852895,84.33333333333333,34.0,1.0958988683068893
2025-11-24 22:00:00,R2,58.41230869869118,131,3,Arterial,True,26.5,22.0,31.0,0.0,10.0,1016.7,0,0,59,22,0,0,0,0,0,-0.5000000000000004,0.8660254037844384,53.604887495668684,44.85683776009821,105.66666666666667,43.666666666666664,0.9735384783115196
2025-11-24 23:00:00,R2,60.26374146345403,133,3,Arterial,True,26.5,22.0,31.0,0.0,10.0,1016.7,0,0,59,23,0,0,0,0,0,-0.2588190451025215,0.965925826289068,61.476660753519496,48.84201710340378,122.0,44.333333333333336,1.004395691057567
2025-11-25 00:00:00,R2,53.19974405459762,118,3,Arterial,True,25.6,21.0,31.0,0.0,10.4,1017.2,0,0,59,0,1,0,0,0,0,0.0,1.0,57.29193140558092,51.81243596435746,127.33333333333333,39.333333333333336,0.8866624009099604
2025-11-25 01:00:00,R2,54.81755686842918,142,3,Arterial,True,25.6,21.0,31.0,0.0,10.4,1017.2,0,0,59,1,1,0,0,0,0,0.2588190451025207,0.9659258262890684,56.09368079549358,54.84928414558116,131.0,47.333333333333336,0.913625947807153
2025-11-25 02:00:00,R2,70.94735011341251,122,3,Arterial,True,25.6,21.0,31.0,0.0,10.4,1017.2,0,0,59,2,1,0,0,0,0,0.4999999999999999,0.8660254037844387,59.65488367881307,60.565772216166316,127.33333333333333,40.666666666666664,1.182455835223542
2025-11-25 03:00:00,R2,64.61039493166628,103,3,Arterial,True,25.6,21.0,31.0,0.0,10.4,1017.2,0,0,59,3,1,0,0,0,0,0.7071067811865476,0.7071067811865476,63.45843397116929,60.37518268837513,122.33333333333333,34.333333333333336,1.0768399155277713
2025-11-25 04:00:00,R2,59.33800871570891,140,3,Arterial,True,25.6,21.0,31.0,0.0,10.4,1017.2,0,0,59,4,1,0,0,0,0,0.8660254037844386,0.5000000000000001,64.96525125359587,60.52946602454475,121.66666666666667,46.666666666666664,0.9889668119284818
2025-11-25 05:00:00,R2,63.97470635857199,148,3,Arterial,True,25.6,21.0,31.0,0.0,10.4,1017.2,0,0,59,5,1,0,0,0,0,0.9659258262890684,0.2588190451025207,62.64103666864903,61.147960173731086,130.33333333333334,49.333333333333336,1.0662451059762
2025-11-25 06:00:00,R2,58.905351330037696,102,3,Arterial,True,25.6,21.0,31.0,0.0,10.4,1017.2,0,0,59,6,1,0,0,0,0,1.0,6.123233995736766e-17,60.73935546810617,62.09889471963776,130.0,34.0,0.9817558555006283
2025-11-25 07:00:00,R2,36.52755559444554,77,3,Arterial,True,25.6,21.0,31.0,0.0,10.4,1017.2,0,0,59,7,1,0,1,0,1,0.9659258262890684,-0.2588190451025206,53.13587109435171,59.05056117397382,109.0,25.666666666666668,0.608792593240759
2025-11-25 08:00:00,R2,39.78501580731896,91,3,Arterial,True,25.6,21.0,31.0,0.0,10.4,1017.2,0,0,59,8,1,0,1,0,1,0.8660254037844387,-0.4999999999999998,45.072640910600704,53.856838789624895,90.0,30.333333333333332,0.6630835967886494
2025-11-25 09:00:00,R2,34.321048755814275,86,3,Arterial,True,25.6,21.0,31.0,0.0,10.4,1017.2,0,0,59,9,1,0,1,0,1,0.7071067811865476,-0.7071067811865475,36.877873385859566,48.80861442698289,84.66666666666667,28.666666666666668,0.5720174792635713
2025-11-25 10:00:00,R2,25.39906921884977,80,3,Arterial,True,25.6,21.0,31.0,0.0,10.4,1017.2,0,0,59,10,1,0,1,0,1,0.4999999999999999,-0.8660254037844387,33.16837792732764,43.152124510839705,85.66666666666667,26.666666666666668,0.4233178203141629
2025-11-25 11:00:00,R2,57.16078131715441,128,3,Arterial,True,25.6,21.0,31.0,0.0,10.4,1017.2,0,0,59,11,1,0,0,0,0,0.258819045102521,-0.9659258262890682,38.96029976393945,42.01647033727011,98.0,42.666666666666664,0.9526796886192401
2025-11-25 12:00:00,R2,58.756542747307854,116,3,Arterial,True,25.6,21.0,31.0,0.0,10.4,1017.2,0,0,59,12,1,0,0,0,0,1.2246467991473532e-16,-1.0,47.10546442777065,41.991668906815136,108.0,38.666666666666664,0.9792757124551309
2025-11-25 13:00:00,R2,50.4480721991791,137,3,Arterial,True,25.6,21.0,31.0,0.0,10.4,1017.2,0,0,59,13,1,0,0,0,0,-0.2588190451025208,-0.9659258262890684,55.45513208788043,44.31175500760406,127.0,45.666666666666664,0.8408012033196517
2025-11-25 14:00:00,R2,62.92970788459293,107,3,Arterial,True,25.6,21.0,31.0,0.0,10.4,1017.2,0,0,59,14,1,0,0,0,0,-0.4999999999999997,-0.8660254037844388,57.37810761035993,48.16920368714972,120.0,35.666666666666664,1.0488284647432156
2025-11-25 15:00:00,R2,59.43885652770051,142,3,Arterial,True,25.6,21.0,31.0,0.0,10.4,1017.2,0,0,59,15,1,0,0,0,0,-0.7071067811865471,-0.7071067811865479,57.60554553715749,52.35550498246409,128.66666666666666,47.333333333333336,0.9906476087950085
2025-11-25 16:00:00,R2,57.0354678757701,123,3,Arterial,True,25.6,21.0,31.0,0.0,10.4,1017.2,0,0,59,16,1,0,0,0,0,-0.8660254037844384,-0.5000000000000004,59.801344096021154,57.62823809195081,124.0,41.0,0.950591131262835
2025-11-25 17:00:00,R2,36.32417558176101,83,3,Arterial,True,25.6,21.0,31.0,0.0,10.4,1017.2,0,0,59,17,1,0,0,1,1,-0.9659258262890684,-0.2588190451025206,50.93283332841052,54.15547046938526,116.0,27.666666666666668,0.6054029263626836
2025-11-25 18:00:00,R2,28.739722919457435,106,3,Arterial,True,25.6,21.0,31.0,0.0,10.4,1017.2,0,0,59,18,1,0,0,1,1,-1.0,-1.8369701987210294e-16,40.69978879232949,49.15266716474351,104.0,35.333333333333336,0.47899538199095726
2025-11-25 19:00:00,R2,42.32540762110585,104,3,Arterial,True,25.6,21.0,31.0,0.0,10.4,1017.2,0,0,59,19,1,0,0,1,1,-0.9659258262890684,0.2588190451025203,35.79643537410808,47.79888973506464,97.66666666666667,34.666666666666664,0.7054234603517642
2025-11-25 20:00:00,R2,44.60203633933518,61,3,Arterial,True,25.6,21.0,31.0,0.0,10.4,1017.2,0,0,59,20,1,0,0,1,1,-0.8660254037844386,0.5000000000000001,38.55572229329946,44.74427781085501,90.33333333333333,20.333333333333332,0.743367272322253
2025-11-25 21:00:00,R2,62.76305883054015,107,3,Arterial,True,25.6,21.0,31.0,0.0,10.4,1017.2,0,0,59,21,1,0,0,0,0,-0.7071067811865477,0.7071067811865474,49.89683426366037,45.29831152799495,90.66666666666667,35.666666666666664,1.0460509805090026
2025-11-25 22:00:00,R2,62.35816789956648,125,3,Arterial,True,25.6,21.0,31.0,0.0,10.4,1017.2,0,0,59,22,1,0,0,0,0,-0.5000000000000004,0.8660254037844384,56.57442102314724,46.18542819862768,97.66666666666667,41.666666666666664,1.039302798326108
2025-11-25 23:00:00,R2,54.945722732874565,114,3,Arterial,True,25.6,21.0,31.0,0.0,10.4,1017.2,0,0,59,23,1,0,0,0,0,-0.2588190451025215,0.965925826289068,60.02231648766037,49.28901939047995,115.33333333333333,38.0,0.9157620455479094
2025-11-26 00:00:00,R2,58.86895319977192,122,3,Arterial,True,25.3,20.0,30.0,0.0,9.7,1016.5,0,0,59,0,2,0,0,0,0,0.0,1.0,58.724281277404295,54.31055777053236,120.33333333333333,40.666666666666664,0.9811492199961988
2025-11-26 01:00:00,R2,66.55499344100527,105,3,Arterial,True,25.3,20.0,30.0,0.0,9.7,1016.5,0,0,59,1,2,0,0,0,0,0.2588190451025207,0.9659258262890684,60.123223124550556,58.34882207384893,113.66666666666667,35.0,1.1092498906834212
2025-11-26 02:00:00,R2,51.76778790273025,112,3,Arterial,True,25.3,20.0,30.0,0.0,9.7,1016.5,0,0,59,2,2,0,0,0,0,0.4999999999999999,0.8660254037844387,59.06391151450245,59.54311400108143,113.0,37.333333333333336,0.8627964650455041
2025-11-26 03:00:00,R2,51.82218499705392,121,3,Arterial,True,25.3,20.0,30.0,0.0,9.7,1016.5,0,0,59,3,2,0,0,0,0,0.7071067811865476,0.7071067811865476,56.71498878026312,57.71963502883374,112.66666666666667,40.333333333333336,0.863703083284232
2025-11-26 04:00:00,R2,61.16152583508044,109,3,Arterial,True,25.3,20.0,30.0,0.0,9.7,1016.5,0,0,59,4,2,0,0,0,0,0.8660254037844386,0.5000000000000001,54.91716624495484,57.52019468475272,114.0,36.333333333333336,1.0193587639180073
2025-11-26 05:00:00,R2,56.0941750786899,121,3,Arterial,True,25.3,20.0,30.0,0.0,9.7,1016.5,0,0,59,5,2,0,0,0,0,0.9659258262890684,0.2588190451025207,56.35929530360806,57.71160340905528,117.0,40.333333333333336,0.934902917978165
2025-11-26 06:00:00,R2,65.98575457255764,123,3,Arterial,True,25.3,20.0,30.0,0.0,9.7,1016.5,0,0,59,6,2,0,0,0,0,1.0,6.123233995736766e-17,61.080485162109305,58.89773697118623,117.66666666666667,41.0,1.099762576209294
2025-11-26 07:00:00,R2,31.639604438300548,65,3,Arterial,True,25.3,20.0,30.0,0.0,9.7,1016.5,0,0,59,7,2,0,1,0,1,0.9659258262890684,-0.2588190451025206,51.239844696516,53.07850547073545,103.0,21.666666666666668,0.5273267406383425
2025-11-26 08:00:00,R2,37.13392186434088,91,3,Arterial,True,25.3,20.0,30.0,0.0,9.7,1016.5,0,0,59,8,2,0,1,0,1,0.8660254037844387,-0.4999999999999998,44.919760291733006,50.63952779767055,93.0,30.333333333333332,0.6188986977390146
2025-11-26 09:00:00,R2,35.31074135007453,86,3,Arterial,True,25.3,20.0,30.0,0.0,9.7,1016.5,0,0,59,9,2,0,1,0,1,0.7071067811865476,-0.7071067811865475,34.694755884238624,47.887620523173986,80.66666666666667,28.666666666666668,0.5885123558345755
2025-11-26 10:00:00,R2,34.26254526193905,107,3,Arterial,True,25.3,20.0,30.0,0.0,9.7,1016.5,0,0,59,10,2,0,1,0,1,0.4999999999999999,-0.8660254037844387,35.569069492118125,43.40445709431709,94.66666666666667,35.666666666666664,0.5710424210323175
2025-11-26 11:00:00,R2,63.24686475878183,140,3,Arterial,True,25.3,20.0,30.0,0.0,9.7,1016.5,0,0,59,11,2,0,0,0,0,0.258819045102521,-0.9659258262890682,44.27338379026511,44.596572040999085,111.0,46.666666666666664,1.054114412646364
2025-11-26 12:00:00,R2,59.05308003666399,142,3,Arterial,True,25.3,20.0,30.0,0.0,9.7,1016.5,0,0,59,12,2,0,0,0,0,1.2246467991473532e-16,-1.0,52.18749668579493,43.4411262850168,129.66666666666666,47.333333333333336,0.9842180006110666
2025-11-26 13:00:00,R2,59.651407482161886,128,3,Arterial,True,25.3,20.0,30.0,0.0,9.7,1016.5,0,0,59,13,2,0,0,0,0,-0.2588190451025208,-0.9659258262890684,60.650450759202535,48.10976012566036,136.66666666666666,42.666666666666664,0.9941901247026981
2025-11-26 14:00:00,R2,59.17165662495128,148,3,Arterial,True,25.3,20.0,30.0,0.0,9.7,1016.5,0,0,59,14,2,0,0,0,0,-0.4999999999999997,-0.8660254037844388,59.2920480479257,51.78271591909543,139.33333333333334,49.333333333333336,0.9861942770825214
2025-11-26 15:00:00,R2,52.67663063301875,114,3,Arterial,True,25.3,20.0,30.0,0.0,9.7,1016.5,0,0,59,15,2,0,0,0,0,-0.7071067811865471,-0.7071067811865479,57.16656491337727,54.677030799586134,130.0,38.0,0.8779438438836459
2025-11-26 16:00:00,R2,66.67681600215798,116,3,Arterial,True,25.3,20.0,30.0,0.0,9.7,1016.5,0,0,59,16,2,0,0,0,0,-0.8660254037844384,-0.5000000000000004,59.50836775337598,60.07940925628929,126.0,38.666666666666664,1.111280266702633
2025-11-26 17:00:00,R2,37.519701808092215,86,3,Arterial,True,25.3,20.0,30.0,0.0,9.7,1016.5,0,0,59,17,2,0,0,1,1,-0.9659258262890684,-0.2588190451025206,52.29104948108962,55.79154876450769,105.33333333333333,28.666666666666668,0.6253283634682035
2025-11-26 18:00:00,R2,29.63888533427618,93,3,Arterial,True,25.3,20.0,30.0,0.0,9.7,1016.5,0,0,59,18,2,0,0,1,1,-1.0,-1.8369701987210294e-16,44.61180104817543,50.88918298077638,98.33333333333333,31.0,0.4939814222379363
2025-11-26 19:00:00,R2,40.33926372652595,108,3,Arterial,True,25.3,20.0,30.0,0.0,9.7,1016.5,0,0,59,19,2,0,0,1,1,-0.9659258262890684,0.2588190451025203,35.83261695629809,47.67049235483706,95.66666666666667,36.0,0.6723210621087659
2025-11-26 20:00:00,R2,37.397977883850736,84,3,Arterial,True,25.3,20.0,30.0,0.0,9.7,1016.5,0,0,59,20,2,0,0,1,1,-0.8660254037844386,0.5000000000000001,35.79204231488426,44.041545897986964,95.0,28.0,0.6232996313975122
2025-11-26 21:00:00,R2,66.46391398278008,147,3,Arterial,True,25.3,20.0,30.0,0.0,9.7,1016.5,0,0,59,21,2,0,0,0,0,-0.7071067811865477,0.7071067811865474,48.06705186438557,46.33942645628051,113.0,49.0,1.1077318997130015
2025-11-26 22:00:00,R2,56.709902248268165,134,3,Arterial,True,25.3,20.0,30.0,0.0,9.7,1016.5,0,0,59,22,2,0,0,0,0,-0.5000000000000004,0.8660254037844384,53.523931371632976,44.67827416396555,121.66666666666667,44.666666666666664,0.9451650374711361
2025-11-26 23:00:00,R2,58.74816435799805,132,3,Arterial,True,25.3,20.0,30.0,0.0,9.7,1016.5,0,0,59,23,2,0,0,0,0,-0.2588190451025215,0.965925826289068,60.64066019634874,48.21635125561653,137.66666666666666,44.0,0.9791360726333008
2025-11-27 00:00:00,R2,62.436111775061406,119,3,Arterial,True,25.2,21.0,29.0,0.0,8.8,1016.8,0,0,59,0,3,0,0,0,0,0.0,1.0,59.298059460442516,53.68255566241407,128.33333333333334,39.666666666666664,1.04060186291769
2025-11-27 01:00:00,R2,59.06683627640869,138,3,Arterial,True,25.2,21.0,29.0,0.0,8.8,1016.8,0,0,59,1,3,0,0,0,0,0.2588190451025207,0.9659258262890684,60.08370413648935,56.803817754061185,129.66666666666666,46.0,0.9844472712734781
2025-11-27 02:00:00,R2,53.33105044039294,107,3,Arterial,True,25.2,21.0,29.0,0.0,8.8,1016.8,0,0,59,2,3,0,0,0,0,0.4999999999999999,0.8660254037844387,58.27799949728765,59.459329846818214,121.33333333333333,35.666666666666664,0.8888508406732157
2025-11-27 03:00:00,R2,60.76936022182748,138,3,Arterial,True,25.2,21.0,29.0,0.0,8.8,1016.8,0,0,59,3,3,0,0,0,0,0.7071067811865476,0.7071067811865476,57.722415646209676,58.51023755332613,127.66666666666667,46.0,1.0128226703637915
2025-11-27 04:00:00,R2,56.65494488333768,109,3,Arterial,True,25.2,21.0,29.0,0.0,8.8,1016.8,0,0,59,4,3,0,0,0,0,0.8660254037844386,0.5000000000000001,56.91845184851934,58.50107799250437,118.0,36.333333333333336,0.9442490813889612
2025-11-27 05:00:00,R2,60.62493467820672,137,3,Arterial,True,25.2,21.0,29.0,0.0,8.8,1016.8,0,0,59,5,3,0,0,0,0,0.9659258262890684,0.2588190451025207,59.349746594457265,58.81387304587249,128.0,45.666666666666664,1.010415577970112
2025-11-27 06:00:00,R2,68.45220475139931,132,3,Arterial,True,25.2,21.0,29.0,0.0,8.8,1016.8,0,0,59,6,3,0,0,0,0,1.0,6.123233995736766e-17,61.9106947709812,59.816555208595474,126.0,44.0,1.1408700791899884
2025-11-27 07:00:00,R2,33.218967715095374,85,3,Arterial,True,25.2,21.0,29.0,0.0,8.8,1016.8,0,0,59,7,3,0,1,0,1,0.9659258262890684,-0.2588190451025206,54.09870238156711,55.508577115043245,118.0,28.333333333333332,0.5536494619182563
2025-11-27 08:00:00,R2,49.87512743518226,88,3,Arterial,True,25.2,21.0,29.0,0.0,8.8,1016.8,0,0,59,8,3,0,1,0,1,0.8660254037844387,-0.4999999999999998,50.51543330055895,54.93258994750814,101.66666666666667,29.333333333333332,0.8312521239197043
2025-11-27 09:00:00,R2,40.12952013621498,83,3,Arterial,True,25.2,21.0,29.0,0.0,8.8,1016.8,0,0,59,9,3,0,1,0,1,0.7071067811865476,-0.7071067811865475,41.07453842883084,51.49261659990605,85.33333333333333,27.666666666666668,0.6688253356035829
2025-11-27 10:00:00,R2,37.47552038673263,63,3,Arterial,True,25.2,21.0,29.0,0.0,8.8,1016.8,0,0,59,10,3,0,1,0,1,0.4999999999999999,-0.8660254037844387,42.4933893193766,48.29604585047188,78.0,21.0,0.6245920064455439
2025-11-27 11:00:00,R2,66.43868328634673,113,3,Arterial,True,25.2,21.0,29.0,0.0,8.8,1016.8,0,0,59,11,3,0,0,0,0,0.258819045102521,-0.9659258262890682,48.01457460309808,49.26500395182854,86.33333333333333,37.666666666666664,1.1073113881057788
2025-11-27 12:00:00,R2,61.58639476287779,135,3,Arterial,True,25.2,21.0,29.0,0.0,8.8,1016.8,0,0,59,12,3,0,0,0,0,1.2246467991473532e-16,-1.0,55.16686614531901,48.12070228707497,103.66666666666667,45.0,1.0264399127146298
2025-11-27 13:00:00,R2,59.89415321535436,105,3,Arterial,True,25.2,21.0,29.0,0.0,8.8,1016.8,0,0,59,13,3,0,0,0,0,-0.2588190451025208,-0.9659258262890684,62.6397437548596,52.56656653711812,117.66666666666667,35.0,0.9982358869225726
2025-11-27 14:00:00,R2,58.13512767718992,101,3,Arterial,True,25.2,21.0,29.0,0.0,8.8,1016.8,0,0,59,14,3,0,0,0,0,-0.4999999999999997,-0.8660254037844388,59.871891885140656,53.9432332441194,113.66666666666667,33.666666666666664,0.968918794619832
2025-11-27 15:00:00,R2,60.326751337552366,103,3,Arterial,True,25.2,21.0,29.0,0.0,8.8,1016.8,0,0,59,15,3,0,0,0,0,-0.7071067811865471,-0.7071067811865479,59.45201074336552,57.3094384443423,103.0,34.333333333333336,1.0054458556258727
2025-11-27 16:00:00,R2,60.56097747526587,102,3,Arterial,True,25.2,21.0,29.0,0.0,8.8,1016.8,0,0,59,16,3,0,0,0,0,-0.8660254037844384,-0.5000000000000004,59.67428549666936,61.1570146257645,102.0,34.0,1.0093496245877644
2025-11-27 17:00:00,R2,36.95121088675868,100,3,Arterial,True,25.2,21.0,29.0,0.0,8.8,1016.8,0,0,59,17,3,0,0,1,1,-0.9659258262890684,-0.2588190451025206,52.61297989985894,56.242435892499834,101.66666666666667,33.333333333333336,0.6158535147793114
2025-11-27 18:00:00,R2,40.28683706193906,77,3,Arterial,True,25.2,21.0,29.0,0.0,8.8,1016.8,0,0,59,18,3,0,0,1,1,-1.0,-1.8369701987210294e-16,45.933008474654514,52.692509609010045,93.0,25.666666666666668,0.671447284365651
2025-11-27 19:00:00,R2,39.352256320983486,88,3,Arterial,True,25.2,21.0,29.0,0.0,8.8,1016.8,0,0,59,19,3,0,0,1,1,-0.9659258262890684,0.2588190451025203,38.86343475656038,49.268860126614896,88.33333333333333,29.333333333333332,0.6558709386830581
2025-11-27 20:00:00,R2,29.94249813891776,93,3,Arterial,True,25.2,21.0,29.0,0.0,8.8,1016.8,0,0,59,20,3,0,0,1,1,-0.8660254037844386,0.5000000000000001,36.52719717394674,44.570088536902865,86.0,31.0,0.4990416356486293
2025-11-27 21:00:00,R2,56.703780186604845,111,3,Arterial,True,25.2,21.0,29.0,0.0,8.8,1016.8,0,0,59,21,3,0,0,0,0,-0.7071067811865477,0.7071067811865474,41.999511548835336,43.96626001174494,97.33333333333333,37.0,0.9450630031100807
2025-11-27 22:00:00,R2,56.84982452432354,115,3,Arterial,True,25.2,21.0,29.0,0.0,8.8,1016.8,0,0,59,22,3,0,0,0,0,-0.5000000000000004,0.8660254037844384,47.83203428328202,43.34773451992123,106.33333333333333,38.333333333333336,0.9474970754053923
2025-11-27 23:00:00,R2,65.56081146653776,131,3,Arterial,True,25.2,21.0,29.0,0.0,8.8,1016.8,0,0,59,23,3,0,0,0,0,-0.2588190451025215,0.965925826289068,59.70480539248869,48.11600128321774,119.0,43.666666666666664,1.0926801911089625
2025-11-28 00:00:00,R2,61.70327484321188,129,3,Arterial,True,25.1,22.0,28.0,0.0,9.6,1017.8,0,0,59,0,4,0,0,0,0,0.0,1.0,61.371303611357696,51.685407580096545,125.0,43.0,1.0283879140535312
2025-11-28 01:00:00,R2,72.75522549159837,144,3,Arterial,True,25.1,22.0,28.0,0.0,9.6,1017.8,0,0,59,1,4,0,0,0,0,0.2588190451025207,0.9659258262890684,66.67310393378264,57.252569108532356,134.66666666666666,48.0,1.2125870915266395
2025-11-28 02:00:00,R2,55.03070710338122,116,3,Arterial,True,25.1,22.0,28.0,0.0,9.6,1017.8,0,0,59,2,4,0,0,0,0,0.4999999999999999,0.8660254037844387,63.1630691460638,61.43393726927627,129.66666666666666,38.666666666666664,0.9171784517230203
2025-11-28 03:00:00,R2,59.84445083678518,135,3,Arterial,True,25.1,22.0,28.0,0.0,9.6,1017.8,0,0,59,3,4,0,0,0,0,0.7071067811865476,0.7071067811865476,62.543461143921554,61.957382377639654,131.66666666666666,45.0,0.9974075139464197
2025-11-28 04:00:00,R2,63.79050203112171,137,3,Arterial,True,25.1,22.0,28.0,0.0,9.6,1017.8,0,0,59,4,4,0,0,0,0,0.8660254037844386,0.5000000000000001,59.55521999042934,63.11416196210602,129.33333333333334,45.666666666666664,1.0631750338520285
2025-11-28 05:00:00,R2,54.95299862614911,138,3,Arterial,True,25.1,22.0,28.0,0.0,9.6,1017.8,0,0,59,5,4,0,0,0,0,0.9659258262890684,0.2588190451025207,59.5293171646853,61.34619315537458,136.66666666666666,46.0,0.9158833104358185
2025-11-28 06:00:00,R2,60.79786790202241,107,3,Arterial,True,25.1,22.0,28.0,0.0,9.6,1017.8,0,0,59,6,4,0,0,0,0,1.0,6.123233995736766e-17,59.847122853097716,61.19529199850967,127.33333333333333,35.666666666666664,1.0132977983670401
2025-11-28 07:00:00,R2,33.52250715163111,70,3,Arterial,True,25.1,22.0,28.0,0.0,9.6,1017.8,0,0,59,7,4,0,1,0,1,0.9659258262890684,-0.2588190451025206,49.75779122660085,54.656505608515126,105.0,23.333333333333332,0.5587084525271852
2025-11-28 08:00:00,R2,39.04345156963068,74,3,Arterial,True,25.1,22.0,28.0,0.0,9.6,1017.8,0,0,59,8,4,0,1,0,1,0.8660254037844387,-0.4999999999999998,44.45460887442804,51.99196301955669,83.66666666666667,24.666666666666668,0.6507241928271781
2025-11-28 09:00:00,R2,30.113824443018835,98,3,Arterial,True,25.1,22.0,28.0,0.0,9.6,1017.8,0,0,59,9,4,0,1,0,1,0.7071067811865476,-0.7071067811865475,34.22659438809352,47.036858620595645,80.66666666666667,32.666666666666664,0.5018970740503139
2025-11-28 10:00:00,R2,43.44124085484195,61,3,Arterial,True,25.1,22.0,28.0,0.0,9.6,1017.8,0,0,59,10,4,0,1,0,1,0.4999999999999999,-0.8660254037844387,37.532838955830464,43.645315091215686,77.66666666666667,20.333333333333332,0.7240206809140325
2025-11-28 11:00:00,R2,63.2475571371002,128,3,Arterial,True,25.1,22.0,28.0,0.0,9.6,1017.8,0,0,59,11,4,0,0,0,0,0.258819045102521,-0.9659258262890682,45.60087414498696,45.02774150970753,95.66666666666667,42.666666666666664,1.0541259522850033
2025-11-28 12:00:00,R2,61.16862703366513,116,3,Arterial,True,25.1,22.0,28.0,0.0,9.6,1017.8,0,0,59,12,4,0,0,0,0,1.2246467991473532e-16,-1.0,55.952475008535735,45.08953469831465,101.66666666666667,38.666666666666664,1.0194771172277521
2025-11-28 13:00:00,R2,49.78795940625343,101,3,Arterial,True,25.1,22.0,28.0,0.0,9.6,1017.8,0,0,59,13,4,0,0,0,0,-0.2588190451025208,-0.9659258262890684,58.06804785900622,47.80044340741838,115.0,33.666666666666664,0.8297993234375571
2025-11-28 14:00:00,R2,63.12625004041556,127,3,Arterial,True,25.1,22.0,28.0,0.0,9.6,1017.8,0,0,59,14,4,0,0,0,0,-0.4999999999999997,-0.8660254037844388,58.027612160111346,51.81424315254918,114.66666666666667,42.333333333333336,1.0521041673402594
2025-11-28 15:00:00,R2,59.19871645328416,117,3,Arterial,True,25.1,22.0,28.0,0.0,9.6,1017.8,0,0,59,15,4,0,0,0,0,-0.7071067811865471,-0.7071067811865479,57.37097529998436,56.661725154260075,115.0,39.0,0.9866452742214027
2025-11-28 16:00:00,R2,68.2169851359668,117,3,Arterial,True,25.1,22.0,28.0,0.0,9.6,1017.8,0,0,59,16,4,0,0,0,0,-0.8660254037844384,-0.5000000000000004,63.51398387655547,60.79101586778088,120.33333333333333,39.0,1.1369497522661132
2025-11-28 17:00:00,R2,31.443193646243408,84,3,Arterial,True,25.1,22.0,28.0,0.0,9.6,1017.8,0,0,59,17,4,0,0,1,1,-0.9659258262890684,-0.2588190451025206,52.952965078498096,55.49028861930475,106.0,28.0,0.5240532274373901
2025-11-28 18:00:00,R2,38.73790141754142,99,3,Arterial,True,25.1,22.0,28.0,0.0,9.6,1017.8,0,0,59,18,4,0,0,1,1,-1.0,-1.8369701987210294e-16,46.13269339991718,51.7518343499508,100.0,33.0,0.645631690292357
2025-11-28 19:00:00,R2,27.908532884625355,86,3,Arterial,True,25.1,22.0,28.0,0.0,9.6,1017.8,0,0,59,19,4,0,0,1,1,-0.9659258262890684,0.2588190451025203,32.69654264947003,48.10526326301278,89.66666666666667,28.666666666666668,0.46514221474375594
2025-11-28 20:00:00,R2,32.803802867082666,106,3,Arterial,True,25.1,22.0,28.0,0.0,9.6,1017.8,0,0,59,20,4,0,0,1,1,-0.8660254037844386,0.5000000000000001,33.15007905641645,43.051522067457306,97.0,35.333333333333336,0.5467300477847111
2025-11-28 21:00:00,R2,65.82040637823422,106,3,Arterial,True,25.1,22.0,28.0,0.0,9.6,1017.8,0,0,59,21,4,0,0,0,0,-0.7071067811865477,0.7071067811865474,42.177580709980724,44.15513705494897,99.33333333333333,35.333333333333336,1.0970067729705704
2025-11-28 22:00:00,R2,68.03401749465552,130,3,Arterial,True,25.1,22.0,28.0,0.0,9.6,1017.8,0,0,59,22,4,0,0,0,0,-0.5000000000000004,0.8660254037844384,55.55274224665744,44.12464244806376,114.0,43.333333333333336,1.133900291577592
2025-11-28 23:00:00,R2,56.46652992534191,107,3,Arterial,True,25.1,22.0,28.0,0.0,9.6,1017.8,0,0,59,23,4,0,0,0,0,-0.2588190451025215,0.965925826289068,63.44031793274385,48.295198494580184,114.33333333333333,35.666666666666664,0.9411088320890318
2025-11-29 00:00:00,R2,54.508370714909375,138,3,Arterial,True,25.4,22.0,28.0,0.0,10.8,1016.8,0,0,59,0,5,1,0,0,0,0.0,1.0,59.669639378302236,50.923610044141505,125.0,46.0,0.9084728452484896
2025-11-29 01:00:00,R2,60.36032215067468,106,3,Arterial,True,25.4,22.0,28.0,0.0,10.8,1016.8,0,0,59,1,5,1,0,0,0,0.2588190451025207,0.9659258262890684,57.11174093030863,56.332241588483065,117.0,35.333333333333336,1.0060053691779114
2025-11-29 02:00:00,R2,61.566961053838654,118,3,Arterial,True,25.4,22.0,28.0,0.0,10.8,1016.8,0,0,59,2,5,1,0,0,0,0.4999999999999999,0.8660254037844387,58.811884639807545,61.12610128627572,120.66666666666667,39.333333333333336,1.0261160175639776
2025-11-29 03:00:00,R2,63.59147498531529,112,3,Arterial,True,25.4,22.0,28.0,0.0,10.8,1016.8,0,0,59,3,5,1,0,0,0,0.7071067811865476,0.7071067811865476,61.83958606327618,60.75461272078923,112.0,37.333333333333336,1.0598579164219215
2025-11-29 04:00:00,R2,57.03762885909149,135,3,Arterial,True,25.4,22.0,28.0,0.0,10.8,1016.8,0,0,59,4,5,1,0,0,0,0.8660254037844386,0.5000000000000001,60.73202163274845,58.92188128152856,121.66666666666667,45.0,0.9506271476515249
2025-11-29 05:00:00,R2,60.66312775298261,111,3,Arterial,True,25.4,22.0,28.0,0.0,10.8,1016.8,0,0,59,5,5,1,0,0,0,0.9659258262890684,0.2588190451025207,60.43074386579644,59.621314252802016,119.33333333333333,37.0,1.0110521292163768
2025-11-29 06:00:00,R2,59.469252527804585,143,3,Arterial,True,25.4,22.0,28.0,0.0,10.8,1016.8,0,0,59,6,5,1,0,0,0,1.0,6.123233995736766e-17,59.05666971329287,60.44812788828455,129.66666666666666,47.666666666666664,0.9911542087967431
2025-11-29 07:00:00,R2,34.64718931372035,98,3,Arterial,True,25.4,22.0,28.0,0.0,10.8,1016.8,0,0,59,7,5,1,1,0,1,0.9659258262890684,-0.2588190451025206,51.593189864835814,56.16260574879217,117.33333333333333,32.666666666666664,0.5774531552286725
2025-11-29 08:00:00,R2,38.64229714627007,103,3,Arterial,True,25.4,22.0,28.0,0.0,10.8,1016.8,0,0,59,8,5,1,1,0,1,0.8660254037844387,-0.4999999999999998,44.25291299593164,52.34182843086406,114.66666666666667,34.333333333333336,0.6440382857711678
2025-11-29 09:00:00,R2,38.49594822383877,64,3,Arterial,True,25.4,22.0,28.0,0.0,10.8,1016.8,0,0,59,9,5,1,1,0,1,0.7071067811865476,-0.7071067811865475,37.26181156127637,48.15924063728465,88.33333333333333,21.333333333333332,0.6415991370639794
2025-11-29 10:00:00,R2,30.656628685005835,92,3,Arterial,True,25.4,22.0,28.0,0.0,10.8,1016.8,0,0,59,10,5,1,1,0,1,0.4999999999999999,-0.8660254037844387,35.931624685038194,43.76240727493703,86.33333333333333,30.666666666666668,0.5109438114167639
2025-11-29 11:00:00,R2,58.7171324579523,144,3,Arterial,True,25.4,22.0,28.0,0.0,10.8,1016.8,0,0,59,11,5,1,0,0,0,0.258819045102521,-0.9659258262890682,42.62323645559894,43.43807472576532,100.0,48.0,0.978618874299205
2025-11-29 12:00:00,R2,62.60637304786576,109,3,Arterial,True,25.4,22.0,28.0,0.0,10.8,1016.8,0,0,59,12,5,1,0,0,0,1.2246467991473532e-16,-1.0,50.6600447302746,43.96092814577551,115.0,36.333333333333336,1.0434395507977627
2025-11-29 13:00:00,R2,63.20504945488632,114,3,Arterial,True,25.4,22.0,28.0,0.0,10.8,1016.8,0,0,59,13,5,1,0,0,0,-0.2588190451025208,-0.9659258262890684,61.50951832023477,48.72057150263651,122.33333333333333,38.0,1.053417490914772
2025-11-29 14:00:00,R2,57.25684367440495,145,3,Arterial,True,25.4,22.0,28.0,0.0,10.8,1016.8,0,0,59,14,5,1,0,0,0,-0.4999999999999997,-0.8660254037844388,61.02275539238565,51.82299592399232,122.66666666666667,48.333333333333336,0.9542807279067491
2025-11-29 15:00:00,R2,56.27303782067597,131,3,Arterial,True,25.4,22.0,28.0,0.0,10.8,1016.8,0,0,59,15,5,1,0,0,0,-0.7071067811865471,-0.7071067811865479,58.91164364998905,54.785844190131854,130.0,43.666666666666664,0.9378839636779328
2025-11-29 16:00:00,R2,61.008276618214126,145,3,Arterial,True,25.4,22.0,28.0,0.0,10.8,1016.8,0,0,59,16,5,1,0,0,0,-0.8660254037844384,-0.5000000000000004,58.17938603776498,59.84445217899991,140.33333333333334,48.333333333333336,1.0168046103035688
2025-11-29 17:00:00,R2,45.633864662673815,93,3,Arterial,True,25.4,22.0,28.0,0.0,10.8,1016.8,0,0,59,17,5,1,0,1,1,-0.9659258262890684,-0.2588190451025206,54.30505970052128,57.663907546453494,123.0,31.0,0.7605644110445636
2025-11-29 18:00:00,R2,37.451339216399184,107,3,Arterial,True,25.4,22.0,28.0,0.0,10.8,1016.8,0,0,59,18,5,1,0,1,1,-1.0,-1.8369701987210294e-16,48.031160165762344,53.47140190787573,115.0,35.666666666666664,0.6241889869399864
2025-11-29 19:00:00,R2,36.66124154549002,82,3,Arterial,True,25.4,22.0,28.0,0.0,10.8,1016.8,0,0,59,19,5,1,0,1,1,-0.9659258262890684,0.2588190451025203,39.91548180818765,49.047433922976346,94.0,27.333333333333332,0.6110206924248337
2025-11-29 20:00:00,R2,35.629814027390225,73,3,Arterial,True,25.4,22.0,28.0,0.0,10.8,1016.8,0,0,59,20,5,1,0,1,1,-0.8660254037844386,0.5000000000000001,36.58079826309311,45.44292898180722,87.33333333333333,24.333333333333332,0.5938302337898371
2025-11-29 21:00:00,R2,60.39848430401968,139,3,Arterial,True,25.4,22.0,28.0,0.0,10.8,1016.8,0,0,59,21,5,1,0,0,0,-0.7071067811865477,0.7071067811865474,44.229846625633286,46.13050339569784,98.0,46.333333333333336,1.0066414050669947
2025-11-29 22:00:00,R2,61.33743728182962,129,3,Arterial,True,25.4,22.0,28.0,0.0,10.8,1016.8,0,0,59,22,5,1,0,0,0,-0.5000000000000004,0.8660254037844384,52.45524520441315,46.185363506300426,113.66666666666667,43.0,1.022290621363827
2025-11-29 23:00:00,R2,59.82069074859277,128,3,Arterial,True,25.4,22.0,28.0,0.0,10.8,1016.8,0,0,59,23,5,1,0,0,0,-0.2588190451025215,0.965925826289068,60.518870778147324,48.549834520620244,132.0,42.666666666666664,0.9970115124765461
2025-11-30 00:00:00,R2,58.71513026980997,145,3,Arterial,True,25.0,20.0,29.0,0.0,9.0,1016.2,0,0,59,0,6,1,0,0,0,0.0,1.0,59.957752766744086,52.09379969618871,134.0,48.333333333333336,0.9785855044968328
2025-11-30 01:00:00,R2,55.34185280190274,148,3,Arterial,True,25.0,20.0,29.0,0.0,9.0,1016.2,0,0,59,1,6,1,0,0,0,0.2588190451025207,0.9659258262890684,57.959224606768466,55.20723490559083,140.33333333333334,49.333333333333336,0.9223642133650457
2025-11-30 02:00:00,R2,58.66925660957867,109,3,Arterial,True,25.0,20.0,29.0,0.0,9.0,1016.2,0,0,59,2,6,1,0,0,0,0.4999999999999999,0.8660254037844387,57.5754132270971,59.047142002622245,134.0,36.333333333333336,0.9778209434929778
2025-11-30 03:00:00,R2,56.93773867702164,113,3,Arterial,True,25.0,20.0,29.0,0.0,9.0,1016.2,0,0,59,3,6,1,0,0,0,0.7071067811865476,0.7071067811865476,56.98294936283432,58.470351064789234,123.33333333333333,37.666666666666664,0.948962311283694
2025-11-30 04:00:00,R2,61.45286785519392,128,3,Arterial,True,25.0,20.0,29.0,0.0,9.0,1016.2,0,0,59,4,6,1,0,0,0,0.8660254037844386,0.5000000000000001,59.01995438059805,58.48958949368329,116.66666666666667,42.666666666666664,1.024214464253232
2025-11-30 05:00:00,R2,52.566542245476455,135,3,Arterial,True,25.0,20.0,29.0,0.0,9.0,1016.2,0,0,59,5,6,1,0,0,0,0.9659258262890684,0.2588190451025207,56.98571625923065,57.2805647431639,125.33333333333333,45.0,0.8761090374246076
2025-11-30 06:00:00,R2,62.71217495158759,125,3,Arterial,True,25.0,20.0,29.0,0.0,9.0,1016.2,0,0,59,6,6,1,0,0,0,1.0,6.123233995736766e-17,58.91052835075263,57.9467388567935,129.33333333333334,41.666666666666664,1.0452029158597933
2025-11-30 07:00:00,R2,23.12418104842633,65,3,Arterial,True,25.0,20.0,29.0,0.0,9.0,1016.2,0,0,59,7,6,1,1,0,1,0.9659258262890684,-0.2588190451025206,46.13429941516343,52.57712689788077,108.33333333333333,21.666666666666668,0.38540301747377215
2025-11-30 08:00:00,R2,36.99824457634498,102,3,Arterial,True,25.0,20.0,29.0,0.0,9.0,1016.2,0,0,59,8,6,1,1,0,1,0.8660254037844387,-0.4999999999999998,40.94486685878628,48.965291559008485,97.33333333333333,34.0,0.6166374096057496
2025-11-30 09:00:00,R2,37.59220082797167,78,3,Arterial,True,25.0,20.0,29.0,0.0,9.0,1016.2,0,0,59,9,6,1,1,0,1,0.7071067811865476,-0.7071067811865475,32.5715421509143,45.7410352508335,81.66666666666667,26.0,0.6265366804661946
2025-11-30 10:00:00,R2,32.33763191528883,74,3,Arterial,True,25.0,20.0,29.0,0.0,9.0,1016.2,0,0,59,10,6,1,1,0,1,0.4999999999999999,-0.8660254037844387,35.64269243986847,40.888495927515976,84.66666666666667,24.666666666666668,0.5389605319214805
2025-11-30 11:00:00,R2,65.84049192219867,110,3,Arterial,True,25.0,20.0,29.0,0.0,9.0,1016.2,0,0,59,11,6,1,0,0,0,0.258819045102521,-0.9659258262890682,45.25677488848637,43.100820873636344,87.33333333333333,36.666666666666664,1.0973415320366444
2025-11-30 12:00:00,R2,53.55440532780962,141,3,Arterial,True,25.0,20.0,29.0,0.0,9.0,1016.2,0,0,59,12,6,1,0,0,0,1.2246467991473532e-16,-1.0,50.57750972176567,41.57452593634002,108.33333333333333,47.0,0.8925734221301603
2025-11-30 13:00:00,R2,64.50846868535602,147,3,Arterial,True,25.0,20.0,29.0,0.0,9.0,1016.2,0,0,59,13,6,1,0,0,0,-0.2588190451025208,-0.9659258262890684,61.30112197845474,48.471907209161635,132.66666666666666,49.0,1.0751411447559336
2025-11-30 14:00:00,R2,61.01821868409555,115,3,Arterial,True,25.0,20.0,29.0,0.0,9.0,1016.2,0,0,59,14,6,1,0,0,0,-0.4999999999999997,-0.8660254037844388,59.6936975657537,52.475236227120064,134.33333333333334,38.333333333333336,1.0169703114015924
2025-11-30 15:00:00,R2,61.48025499504105,149,3,Arterial,True,25.0,20.0,29.0,0.0,9.0,1016.2,0,0,59,15,6,1,0,0,0,-0.7071067811865471,-0.7071067811865479,62.33564745483085,56.45657858829829,137.0,49.666666666666664,1.0246709165840175
2025-11-30 16:00:00,R2,74.76776711303772,120,3,Arterial,True,25.0,20.0,29.0,0.0,9.0,1016.2,0,0,59,16,6,1,0,0,0,-0.8660254037844384,-0.5000000000000004,65.75541359739141,63.528267787923106,128.0,40.0,1.246129451883962
2025-11-30 17:00:00,R2,32.456713413720855,72,3,Arterial,True,25.0,20.0,29.0,0.0,9.0,1016.2,0,0,59,17,6,1,0,1,1,-0.9659258262890684,-0.2588190451025206,56.23491184059984,57.9643047031768,113.66666666666667,24.0,0.5409452235620142
2025-11-30 18:00:00,R2,38.99583799069027,98,3,Arterial,True,25.0,20.0,29.0,0.0,9.0,1016.2,0,0,59,18,6,1,0,1,1,-1.0,-1.8369701987210294e-16,48.74010617248292,55.53787681365691,96.66666666666667,32.666666666666664,0.6499306331781711
2025-11-30 19:00:00,R2,29.603286981576844,93,3,Arterial,True,25.0,20.0,29.0,0.0,9.0,1016.2,0,0,59,19,6,1,0,1,1,-0.9659258262890684,0.2588190451025203,33.685279461995954,49.72034652969372,87.66666666666667,31.0,0.49338811635961405
2025-11-30 20:00:00,R2,36.93668944846751,76,3,Arterial,True,25.0,20.0,29.0,0.0,9.0,1016.2,0,0,59,20,6,1,0,1,1,-0.8660254037844386,0.5000000000000001,35.178604806911515,45.70675832375571,89.0,25.333333333333332,0.6156114908077919
2025-11-30 21:00:00,R2,67.43448871965641,140,3,Arterial,True,25.0,20.0,29.0,0.0,9.0,1016.2,0,0,59,21,6,1,0,0,0,-0.7071067811865477,0.7071067811865474,44.65815504990022,46.699130611191606,103.0,46.666666666666664,1.123908145327607
2025-11-30 22:00:00,R2,62.68187971615996,101,3,Arterial,True,25.0,20.0,29.0,0.0,9.0,1016.2,0,0,59,22,6,1,0,0,0,-0.5000000000000004,0.8660254037844384,55.684352628094594,44.68481604504532,105.66666666666667,33.666666666666664,1.0446979952693327
2025-11-30 23:00:00,R2,50.40393426731588,146,3,Arterial,True,25.0,20.0,29.0,0.0,9.0,1016.2,0,0,59,23,6,1,0,0,0,-0.2588190451025215,0.965925826289068,60.173434234377375,47.67601952064448,129.0,48.666666666666664,0.8400655711219314
2025-11-01 00:00:00,R3,46.13404865160109,107,2,Local,True,30.5,26.0,34.0,0.0,14.0,1013.0,0,0,59,0,5,1,0,0,0,0.0,1.0,46.13404865160109,46.13404865160109,107.0,53.5,1.1533512162900272
2025-11-01 01:00:00,R3,43.28462218236862,109,2,Local,True,30.5,26.0,34.0,0.0,14.0,1013.0,0,0,59,1,5,1,0,0,0,0.2588190451025207,0.9659258262890684,44.70933541698486,44.70933541698486,108.0,54.5,1.0821155545592156
2025-11-01 02:00:00,R3,33.06049956476084,143,2,Local,True,30.5,26.0,34.0,0.0,14.0,1013.0,0,0,59,2,5,1,0,0,0,0.4999999999999999,0.8660254037844387,40.826390132910184,40.826390132910184,119.66666666666667,71.5,0.826512489119021
2025-11-01 03:00:00,R3,41.1017075258263,112,2,Local,True,30.5,26.0,34.0,0.0,14.0,1013.0,0,0,59,3,5,1,0,0,0,0.7071067811865476,0.7071067811865476,39.148943090985256,40.895219481139215,121.33333333333333,56.0,1.0275426881456575
2025-11-01 04:00:00,R3,43.89528222070081,105,2,Local,True,30.5,26.0,34.0,0.0,14.0,1013.0,0,0,59,4,5,1,0,0,0,0.8660254037844386,0.5000000000000001,39.352496437095986,41.495232029051536,120.0,52.5,1.0973820555175202
2025-11-01 05:00:00,R3,41.54729554179895,139,2,Local,True,30.5,26.0,34.0,0.0,14.0,1013.0,0,0,59,5,5,1,0,0,0,0.9659258262890684,0.2588190451025207,42.181428429442015,41.5039092811761,118.66666666666667,69.5,1.0386823885449739
2025-11-01 06:00:00,R3,38.56593493178229,149,2,Local,True,30.5,26.0,34.0,0.0,14.0,1013.0,0,0,59,6,5,1,0,0,0,1.0,6.123233995736766e-17,41.33617089809402,40.24255699453963,131.0,74.5,0.9641483732945572
2025-11-01 07:00:00,R3,30.193795042630832,99,2,Local,True,30.5,26.0,34.0,0.0,14.0,1013.0,0,0,59,7,5,1,1,0,1,0.9659258262890684,-0.2588190451025206,36.769008505404024,38.060752471250005,129.0,49.5,0.7548448760657708
2025-11-01 08:00:00,R3,21.160889766788628,61,2,Local,True,30.5,26.0,34.0,0.0,14.0,1013.0,0,0,59,8,5,1,1,0,1,0.8660254037844387,-0.4999999999999998,29.973539913733916,36.07748417158797,103.0,30.5,0.5290222441697157
2025-11-01 09:00:00,R3,22.53902422805736,60,2,Local,True,30.5,26.0,34.0,0.0,14.0,1013.0,0,0,59,9,5,1,1,0,1,0.7071067811865476,-0.7071067811865475,24.63123634582561,32.98370362195981,73.33333333333333,30.0,0.5634756057014341
2025-11-01 10:00:00,R3,24.665673484613347,81,2,Local,True,30.5,26.0,34.0,0.0,14.0,1013.0,0,0,59,10,5,1,1,0,1,0.4999999999999999,-0.8660254037844387,22.788529159819777,29.7787688326119,67.33333333333333,40.5,0.6166418371153337
2025-11-01 11:00:00,R3,35.13389792235031,113,2,Local,True,30.5,26.0,34.0,0.0,14.0,1013.0,0,0,59,11,5,1,0,0,0,0.258819045102521,-0.9659258262890682,27.446198545007007,28.709869229370458,84.66666666666667,56.5,0.8783474480587576
2025-11-01 12:00:00,R3,38.751447830703,131,2,Local,True,30.5,26.0,34.0,0.0,14.0,1013.0,0,0,59,12,5,1,0,0,0,1.2246467991473532e-16,-1.0,32.85033974588888,28.740788045857244,108.33333333333333,65.5,0.968786195767575
2025-11-01 13:00:00,R3,36.84536665416389,116,2,Local,True,30.5,26.0,34.0,0.0,14.0,1013.0,0,0,59,13,5,1,0,0,0,-0.2588190451025208,-0.9659258262890684,36.9102374690724,29.84938331444609,120.0,58.0,0.9211341663540973
2025-11-01 14:00:00,R3,51.08602021480648,131,2,Local,True,30.5,26.0,34.0,0.0,14.0,1013.0,0,0,59,14,5,1,0,0,0,-0.4999999999999997,-0.8660254037844388,42.22761156655779,34.8369050557824,126.0,65.5,1.277150505370162
2025-11-01 15:00:00,R3,47.39736382466571,147,2,Local,True,30.5,26.0,34.0,0.0,14.0,1013.0,0,0,59,15,5,1,0,0,0,-0.7071067811865471,-0.7071067811865479,45.10958356454537,38.979961655217124,131.33333333333334,73.5,1.1849340956166428
2025-11-01 16:00:00,R3,45.89730857077179,104,2,Local,True,30.5,26.0,34.0,0.0,14.0,1013.0,0,0,59,16,5,1,0,0,0,-0.8660254037844384,-0.5000000000000004,48.126897536748,42.518567502910194,127.33333333333333,52.0,1.1474327142692948
2025-11-01 17:00:00,R3,23.36471805454809,66,2,Local,True,30.5,26.0,34.0,0.0,14.0,1013.0,0,0,59,17,5,1,0,1,1,-0.9659258262890684,-0.2588190451025206,38.886463483328534,40.55703752494316,105.66666666666667,33.0,0.5841179513637023
2025-11-01 18:00:00,R3,20.23074601022744,82,2,Local,True,30.5,26.0,34.0,0.0,14.0,1013.0,0,0,59,18,5,1,0,1,1,-1.0,-1.8369701987210294e-16,29.83092421184911,37.470253888197234,84.0,41.0,0.505768650255686
2025-11-01 19:00:00,R3,23.17118903158938,92,2,Local,True,30.5,26.0,34.0,0.0,14.0,1013.0,0,0,59,19,5,1,0,1,1,-0.9659258262890684,0.2588190451025203,22.255551032121634,35.19122428443482,80.0,46.0,0.5792797257897344
2025-11-01 20:00:00,R3,30.90491629209168,83,2,Local,True,30.5,26.0,34.0,0.0,14.0,1013.0,0,0,59,20,5,1,0,1,1,-0.8660254037844386,0.5000000000000001,24.768950444636165,31.827706963982347,85.66666666666667,41.5,0.772622907302292
2025-11-01 21:00:00,R3,40.33778186652596,123,2,Local,True,30.5,26.0,34.0,0.0,14.0,1013.0,0,0,59,21,5,1,0,0,0,-0.7071067811865477,0.7071067811865474,31.471295730069006,30.651109970959055,99.33333333333333,61.5,1.0084445466631489
2025-11-01 22:00:00,R3,38.56533611201847,122,2,Local,True,30.5,26.0,34.0,0.0,14.0,1013.0,0,0,59,22,5,1,0,0,0,-0.5000000000000004,0.8660254037844384,36.60267809021204,29.42911456116684,109.33333333333333,61.0,0.9641334028004618
2025-11-01 23:00:00,R3,43.80716306517264,133,2,Local,True,30.5,26.0,34.0,0.0,14.0,1013.0,0,0,59,23,5,1,0,0,0,-0.2588190451025215,0.965925826289068,40.90342701457235,32.83618872960427,126.0,66.5,1.095179076629316
2025-11-02 00:00:00,R3,34.21922673893609,129,2,Local,True,29.8,26.0,33.0,0.0,11.4,1013.6,0,0,59,0,6,1,0,0,0,0.0,1.0,38.86390863870906,35.16760218438903,128.0,64.5,0.8554806684734022
2025-11-02 01:00:00,R3,34.57765474959388,104,2,Local,True,29.8,26.0,33.0,0.0,11.4,1013.6,0,0,59,1,6,1,0,0,0,0.2588190451025207,0.9659258262890684,37.53468151790087,37.06867980405645,122.0,52.0,0.8644413687398471
2025-11-02 02:00:00,R3,36.25922696429669,134,2,Local,True,29.8,26.0,33.0,0.0,11.4,1013.6,0,0,59,2,6,1,0,0,0,0.4999999999999999,0.8660254037844387,35.01870281760889,37.96106491609063,122.33333333333333,67.0,0.9064806741074172
2025-11-02 03:00:00,R3,27.81459919783048,108,2,Local,True,29.8,26.0,33.0,0.0,11.4,1013.6,0,0,59,3,6,1,0,0,0,0.7071067811865476,0.7071067811865476,32.88382697057368,35.87386780464137,115.33333333333333,54.0,0.695364979945762
2025-11-02 04:00:00,R3,39.453321005455535,105,2,Local,True,29.8,26.0,33.0,0.0,11.4,1013.6,0,0,59,4,6,1,0,0,0,0.8660254037844386,0.5000000000000001,34.5090490558609,36.02186528688089,115.66666666666667,52.5,0.9863330251363884
2025-11-02 05:00:00,R3,38.64834359130793,119,2,Local,True,29.8,26.0,33.0,0.0,11.4,1013.6,0,0,59,5,6,1,0,0,0,0.9659258262890684,0.2588190451025207,35.30542126486464,35.162062041236766,110.66666666666667,59.5,0.9662085897826982
2025-11-02 06:00:00,R3,39.34269173509078,129,2,Local,True,29.8,26.0,33.0,0.0,11.4,1013.6,0,0,59,6,6,1,0,0,0,1.0,6.123233995736766e-17,39.14811877728474,36.015972873929215,117.66666666666667,64.5,0.9835672933772696
2025-11-02 07:00:00,R3,23.52114602922242,64,2,Local,True,29.8,26.0,33.0,0.0,11.4,1013.6,0,0,59,7,6,1,1,0,1,0.9659258262890684,-0.2588190451025206,33.83739378520704,34.17322142053397,104.0,32.0,0.5880286507305605
2025-11-02 08:00:00,R3,31.267597948031263,86,2,Local,True,29.8,26.0,33.0,0.0,11.4,1013.6,0,0,59,8,6,1,1,0,1,0.8660254037844387,-0.4999999999999998,31.377145237448158,33.3412832511564,93.0,43.0,0.7816899487007816
2025-11-02 09:00:00,R3,27.39006028934364,92,2,Local,True,29.8,26.0,33.0,0.0,11.4,1013.6,0,0,59,9,6,1,1,0,1,0.7071067811865476,-0.7071067811865475,27.39293475553244,33.270526766408594,80.66666666666667,46.0,0.684751507233591
2025-11-02 10:00:00,R3,28.622035842767623,83,2,Local,True,29.8,26.0,33.0,0.0,11.4,1013.6,0,0,59,10,6,1,1,0,1,0.4999999999999999,-0.8660254037844387,29.093231360047508,31.465312572627273,87.0,41.5,0.7155508960691905
2025-11-02 11:00:00,R3,29.57626012384955,126,2,Local,True,29.8,26.0,33.0,0.0,11.4,1013.6,0,0,59,11,6,1,0,0,0,0.258819045102521,-0.9659258262890682,28.52945208532027,29.953298661384213,100.33333333333333,63.0,0.7394065030962388
2025-11-02 12:00:00,R3,33.23311643267719,108,2,Local,True,29.8,26.0,33.0,0.0,11.4,1013.6,0,0,59,12,6,1,0,0,0,1.2246467991473532e-16,-1.0,30.477137466431458,28.93503611098195,105.66666666666667,54.0,0.8308279108169299
2025-11-02 13:00:00,R3,46.89658115345589,140,2,Local,True,29.8,26.0,33.0,0.0,11.4,1013.6,0,0,59,13,6,1,0,0,0,-0.2588190451025208,-0.9659258262890684,36.568652569994214,32.83094196502086,124.66666666666667,70.0,1.1724145288363972
2025-11-02 14:00:00,R3,37.03314079768059,104,2,Local,True,29.8,26.0,33.0,0.0,11.4,1013.6,0,0,59,14,6,1,0,0,0,-0.4999999999999997,-0.8660254037844388,39.05427946127122,33.79186577329575,117.33333333333333,52.0,0.9258285199420146
2025-11-02 15:00:00,R3,42.25826911468301,139,2,Local,True,29.8,26.0,33.0,0.0,11.4,1013.6,0,0,59,15,6,1,0,0,0,-0.7071067811865471,-0.7071067811865479,42.0626636886065,36.269900577518975,127.66666666666667,69.5,1.0564567278670753
2025-11-02 16:00:00,R3,41.214448158160536,125,2,Local,True,29.8,26.0,33.0,0.0,11.4,1013.6,0,0,59,16,6,1,0,0,0,-0.8660254037844384,-0.5000000000000004,40.16861935684138,38.368635963417795,122.66666666666667,62.5,1.0303612039540133
2025-11-02 17:00:00,R3,16.665396238024748,97,2,Local,True,29.8,26.0,33.0,0.0,11.4,1013.6,0,0,59,17,6,1,0,1,1,-0.9659258262890684,-0.2588190451025206,33.37937117028943,36.21682531578033,120.33333333333333,48.5,0.4166349059506187
2025-11-02 18:00:00,R3,27.86012065166188,63,2,Local,True,29.8,26.0,33.0,0.0,11.4,1013.6,0,0,59,18,6,1,0,1,1,-1.0,-1.8369701987210294e-16,28.579988349282388,35.32132601894444,95.0,31.5,0.696503016291547
2025-11-02 19:00:00,R3,17.926921720042593,79,2,Local,True,29.8,26.0,33.0,0.0,11.4,1013.6,0,0,59,19,6,1,0,1,1,-0.9659258262890684,0.2588190451025203,20.817479536576407,30.493049446708895,79.66666666666667,39.5,0.4481730430010648
2025-11-02 20:00:00,R3,19.04240420132606,63,2,Local,True,29.8,26.0,33.0,0.0,11.4,1013.6,0,0,59,20,6,1,0,1,1,-0.8660254037844386,0.5000000000000001,21.609815524343514,27.49459334731647,68.33333333333333,31.5,0.47606010503315155
2025-11-02 21:00:00,R3,31.895199909698228,130,2,Local,True,29.8,26.0,33.0,0.0,11.4,1013.6,0,0,59,21,6,1,0,0,0,-0.7071067811865477,0.7071067811865474,22.95484194368896,25.767415146485675,90.66666666666667,65.0,0.7973799977424557
2025-11-02 22:00:00,R3,43.89658889092061,128,2,Local,True,29.8,26.0,33.0,0.0,11.4,1013.6,0,0,59,22,6,1,0,0,0,-0.5000000000000004,0.8660254037844384,31.611397667314964,26.214438601945687,107.0,64.0,1.0974147222730153
2025-11-02 23:00:00,R3,41.64719196568866,132,2,Local,True,29.8,26.0,33.0,0.0,11.4,1013.6,0,0,59,23,6,1,0,0,0,-0.2588190451025215,0.965925826289068,39.1463269221025,30.378071223223003,130.0,66.0,1.0411797991422165
2025-11-03 00:00:00,R3,42.93764256089796,135,2,Local,True,29.1,25.0,32.0,0.0,13.3,1012.9,0,0,59,0,0,0,0,0,0,0.0,1.0,42.82714113916908,32.890991541429024,131.66666666666666,67.5,1.073441064022449
2025-11-03 01:00:00,R3,33.048573324581724,133,2,Local,True,29.1,25.0,32.0,0.0,13.3,1012.9,0,0,59,1,0,0,0,0,0,0.2588190451025207,0.9659258262890684,39.211135950389455,35.41126680885221,133.33333333333334,66.5,0.8262143331145431
2025-11-03 02:00:00,R3,33.33535477971389,104,2,Local,True,29.1,25.0,32.0,0.0,13.3,1012.9,0,0,59,2,0,0,0,0,0,0.4999999999999999,0.8660254037844387,36.44052355506452,37.79342523858352,124.0,52.0,0.8333838694928473
2025-11-03 03:00:00,R3,36.34397944823216,101,2,Local,True,29.1,25.0,32.0,0.0,13.3,1012.9,0,0,59,3,0,0,0,0,0,0.7071067811865476,0.7071067811865476,34.242635850842596,38.53488849500584,112.66666666666667,50.5,0.908599486205804
2025-11-03 04:00:00,R3,46.74278315404466,109,2,Local,True,29.1,25.0,32.0,0.0,13.3,1012.9,0,0,59,4,0,0,0,0,0,0.8660254037844386,0.5000000000000001,38.80737246066357,39.00925420552651,104.66666666666667,54.5,1.1685695788511166
2025-11-03 05:00:00,R3,37.619103740029885,147,2,Local,True,29.1,25.0,32.0,0.0,13.3,1012.9,0,0,59,5,0,0,0,0,0,0.9659258262890684,0.2588190451025207,40.235288780768904,38.337906167916714,119.0,73.5,0.9404775935007471
2025-11-03 06:00:00,R3,38.6938239653892,111,2,Local,True,29.1,25.0,32.0,0.0,13.3,1012.9,0,0,59,6,0,0,0,0,0,1.0,6.123233995736766e-17,41.018570286487915,37.63060306866525,122.33333333333333,55.5,0.96734559913473
2025-11-03 07:00:00,R3,24.75226883290176,93,2,Local,True,29.1,25.0,32.0,0.0,13.3,1012.9,0,0,59,7,0,0,1,0,1,0.9659258262890684,-0.2588190451025206,33.68839884610695,36.24788565338526,117.0,46.5,0.618806720822544
2025-11-03 08:00:00,R3,20.95776797081517,88,2,Local,True,29.1,25.0,32.0,0.0,13.3,1012.9,0,0,59,8,0,0,1,0,1,0.8660254037844387,-0.4999999999999998,28.13462025636871,34.18495451856881,97.33333333333333,44.0,0.5239441992703793
2025-11-03 09:00:00,R3,22.72556812058292,83,2,Local,True,29.1,25.0,32.0,0.0,13.3,1012.9,0,0,59,9,0,0,1,0,1,0.7071067811865476,-0.7071067811865475,22.81186830809995,31.91521929729393,88.0,41.5,0.568139203014573
2025-11-03 10:00:00,R3,20.62703846124573,102,2,Local,True,29.1,25.0,32.0,0.0,13.3,1012.9,0,0,59,10,0,0,1,0,1,0.4999999999999999,-0.8660254037844387,21.43679151754794,27.562595181827444,91.0,51.0,0.5156759615311433
2025-11-03 11:00:00,R3,34.32238304262365,146,2,Local,True,29.1,25.0,32.0,0.0,13.3,1012.9,0,0,59,11,0,0,0,0,0,0.258819045102521,-0.9659258262890682,25.89166320815077,27.013141732259736,110.33333333333333,73.0,0.8580595760655912
2025-11-03 12:00:00,R3,45.8011836577681,144,2,Local,True,29.1,25.0,32.0,0.0,13.3,1012.9,0,0,59,12,0,0,0,0,0,1.2246467991473532e-16,-1.0,33.58353505387916,28.197701680989553,130.66666666666666,72.0,1.1450295914442026
2025-11-03 13:00:00,R3,43.32547865621365,149,2,Local,True,29.1,25.0,32.0,0.0,13.3,1012.9,0,0,59,13,0,0,0,0,0,-0.2588190451025208,-0.9659258262890684,41.14968178553514,31.293236651541534,146.33333333333334,74.5,1.0831369664053412
2025-11-03 14:00:00,R3,34.82698726535,118,2,Local,True,29.1,25.0,32.0,0.0,13.3,1012.9,0,0,59,14,0,0,0,0,0,-0.4999999999999997,-0.8660254037844388,41.31788319311058,33.604773200630675,137.0,59.0,0.87067468163375
2025-11-03 15:00:00,R3,45.26744609555102,123,2,Local,True,29.1,25.0,32.0,0.0,13.3,1012.9,0,0,59,15,0,0,0,0,0,-0.7071067811865471,-0.7071067811865479,41.139970672371554,37.36175286312536,130.0,61.5,1.1316861523887756
2025-11-03 16:00:00,R3,39.19567819785412,109,2,Local,True,29.1,25.0,32.0,0.0,13.3,1012.9,0,0,59,16,0,0,0,0,0,-0.8660254037844384,-0.5000000000000004,39.76337051958505,40.45652615256009,116.66666666666667,54.5,0.9798919549463531
2025-11-03 17:00:00,R3,29.305607516647346,93,2,Local,True,29.1,25.0,32.0,0.0,13.3,1012.9,0,0,59,17,0,0,0,1,1,-0.9659258262890684,-0.2588190451025206,37.92291060335083,39.6203968982307,108.33333333333333,46.5,0.7326401879161837
2025-11-03 18:00:00,R3,25.00394762650324,63,2,Local,True,29.1,25.0,32.0,0.0,13.3,1012.9,0,0,59,18,0,0,0,1,1,-1.0,-1.8369701987210294e-16,31.168411113668242,36.154190893019894,88.33333333333333,31.5,0.6250986906625811
2025-11-03 19:00:00,R3,22.836487806533484,69,2,Local,True,29.1,25.0,32.0,0.0,13.3,1012.9,0,0,59,19,0,0,0,1,1,-0.9659258262890684,0.2588190451025203,25.715347649894692,32.73935908473987,75.0,34.5,0.5709121951633371
2025-11-03 20:00:00,R3,18.76945072454932,79,2,Local,True,29.1,25.0,32.0,0.0,13.3,1012.9,0,0,59,20,0,0,0,1,1,-0.8660254037844386,0.5000000000000001,22.20329538586202,30.063102994606425,70.33333333333333,39.5,0.469236268113733
2025-11-03 21:00:00,R3,46.98109883406232,111,2,Local,True,29.1,25.0,32.0,0.0,13.3,1012.9,0,0,59,21,0,0,0,0,0,-0.7071067811865477,0.7071067811865474,29.529012455048377,30.348711784358304,86.33333333333333,55.5,1.174527470851558
2025-11-03 22:00:00,R3,42.12383167566389,115,2,Local,True,29.1,25.0,32.0,0.0,13.3,1012.9,0,0,59,22,0,0,0,0,0,-0.5000000000000004,0.8660254037844384,35.95812707809184,30.83673736399327,101.66666666666667,57.5,1.053095791891597
2025-11-03 23:00:00,R3,46.08930833109423,143,2,Local,True,29.1,25.0,32.0,0.0,13.3,1012.9,0,0,59,23,0,0,0,0,0,-0.2588190451025215,0.965925826289068,45.06474628027348,33.63402083306775,123.0,71.5,1.1522327082773558
2025-11-04 00:00:00,R3,44.23509852095644,118,2,Local,True,29.5,25.0,33.0,0.0,12.4,1013.6,0,0,59,0,1,0,0,0,0,0.0,1.0,44.14941284257153,36.83921264880995,125.33333333333333,59.0,1.105877463023911
2025-11-04 01:00:00,R3,38.38403719217225,139,2,Local,True,29.5,25.0,33.0,0.0,12.4,1013.6,0,0,59,1,1,0,0,0,0,0.2588190451025207,0.9659258262890684,42.90281468140764,39.43047087974974,133.33333333333334,69.5,0.9596009298043062
2025-11-04 02:00:00,R3,33.687176693138895,111,2,Local,True,29.5,25.0,33.0,0.0,12.4,1013.6,0,0,59,2,1,0,0,0,0,0.4999999999999999,0.8660254037844387,38.76877080208919,41.91675854118134,122.66666666666667,55.5,0.8421794173284723
2025-11-04 03:00:00,R3,33.70433296569472,142,2,Local,True,29.5,25.0,33.0,0.0,12.4,1013.6,0,0,59,3,1,0,0,0,0,0.7071067811865476,0.7071067811865476,35.25851561700196,39.703964229786735,130.66666666666666,71.0,0.842608324142368
2025-11-04 04:00:00,R3,45.7825600919705,147,2,Local,True,29.5,25.0,33.0,0.0,12.4,1013.6,0,0,59,4,1,0,0,0,0,0.8660254037844386,0.5000000000000001,37.72468991693471,40.31375229917118,133.33333333333334,73.5,1.1445640022992625
2025-11-04 05:00:00,R3,42.6604379308448,103,2,Local,True,29.5,25.0,33.0,0.0,12.4,1013.6,0,0,59,5,1,0,0,0,0,0.9659258262890684,0.2588190451025207,40.71577699617001,39.7422738991296,130.66666666666666,51.5,1.06651094827112
2025-11-04 06:00:00,R3,46.37419511823335,140,2,Local,True,29.5,25.0,33.0,0.0,12.4,1013.6,0,0,59,6,1,0,0,0,0,1.0,6.123233995736766e-17,44.939064380349556,40.098789998675755,130.0,70.0,1.1593548779558338
2025-11-04 07:00:00,R3,30.568783322362258,69,2,Local,True,29.5,25.0,33.0,0.0,12.4,1013.6,0,0,59,7,1,0,1,0,1,0.9659258262890684,-0.2588190451025206,39.8678054571468,38.796247687040754,104.0,34.5,0.7642195830590565
2025-11-04 08:00:00,R3,24.86832648901636,88,2,Local,True,29.5,25.0,33.0,0.0,12.4,1013.6,0,0,59,8,1,0,1,0,1,0.8660254037844387,-0.4999999999999998,33.937101643203995,37.326439319687,99.0,44.0,0.621708162225409
2025-11-04 09:00:00,R3,23.073289428847527,98,2,Local,True,29.5,25.0,33.0,0.0,12.4,1013.6,0,0,59,9,1,0,1,0,1,0.7071067811865476,-0.7071067811865475,26.170133080075384,35.55459873021247,85.0,49.0,0.5768322357211881
2025-11-04 10:00:00,R3,22.23881718461555,79,2,Local,True,29.5,25.0,33.0,0.0,12.4,1013.6,0,0,59,10,1,0,1,0,1,0.4999999999999999,-0.8660254037844387,23.39347770082648,31.63064157898664,88.33333333333333,39.5,0.5559704296153887
2025-11-04 11:00:00,R3,52.371938284153245,118,2,Local,True,29.5,25.0,33.0,0.0,12.4,1013.6,0,0,59,11,1,0,0,0,0,0.258819045102521,-0.9659258262890682,32.56134829920544,33.24922497120471,98.33333333333333,59.0,1.309298457103831
2025-11-04 12:00:00,R3,46.51029223151953,114,2,Local,True,29.5,25.0,33.0,0.0,12.4,1013.6,0,0,59,12,1,0,0,0,0,1.2246467991473532e-16,-1.0,40.373682566762774,33.27190782341908,103.66666666666667,57.0,1.1627573057879883
2025-11-04 13:00:00,R3,39.82223840957706,114,2,Local,True,29.5,25.0,33.0,0.0,12.4,1013.6,0,0,59,13,1,0,0,0,0,-0.2588190451025208,-0.9659258262890684,46.23482297508328,34.81415033795488,115.33333333333333,57.0,0.9955559602394265
2025-11-04 14:00:00,R3,35.932753857615864,148,2,Local,True,29.5,25.0,33.0,0.0,12.4,1013.6,0,0,59,14,1,0,0,0,0,-0.4999999999999997,-0.8660254037844388,40.755094832904156,36.6582215660548,125.33333333333333,74.0,0.8983188464403966
2025-11-04 15:00:00,R3,40.69250371593089,148,2,Local,True,29.5,25.0,33.0,0.0,12.4,1013.6,0,0,59,15,1,0,0,0,0,-0.7071067811865471,-0.7071067811865479,38.815831994374605,39.59475728056869,136.66666666666666,74.0,1.0173125928982722
2025-11-04 16:00:00,R3,35.45377704971257,116,2,Local,True,29.5,25.0,33.0,0.0,12.4,1013.6,0,0,59,16,1,0,0,0,0,-0.8660254037844384,-0.5000000000000004,37.35967820775311,41.79725059141819,137.33333333333334,58.0,0.8863444262428143
2025-11-04 17:00:00,R3,12.620456640406143,68,2,Local,True,29.5,25.0,33.0,0.0,12.4,1013.6,0,0,59,17,1,0,0,1,1,-0.9659258262890684,-0.2588190451025206,29.5889124686832,35.17200365079368,110.66666666666667,34.0,0.3155114160101536
2025-11-04 18:00:00,R3,18.71175120842325,98,2,Local,True,29.5,25.0,33.0,0.0,12.4,1013.6,0,0,59,18,1,0,0,1,1,-1.0,-1.8369701987210294e-16,22.261994966180655,30.53891348027763,94.0,49.0,0.46779378021058127
2025-11-04 19:00:00,R3,20.928269341559933,86,2,Local,True,29.5,25.0,33.0,0.0,12.4,1013.6,0,0,59,19,1,0,0,1,1,-0.9659258262890684,0.2588190451025203,17.420159063463114,27.389918635608108,84.0,43.0,0.5232067335389983
2025-11-04 20:00:00,R3,40.223562490219074,99,2,Local,True,29.5,25.0,33.0,0.0,12.4,1013.6,0,0,59,20,1,0,0,1,1,-0.8660254037844386,0.5000000000000001,26.621194346734086,28.105053407708642,94.33333333333333,49.5,1.0055890622554768
2025-11-04 21:00:00,R3,44.85791548804466,132,2,Local,True,29.5,25.0,33.0,0.0,12.4,1013.6,0,0,59,21,1,0,0,0,0,-0.7071067811865477,0.7071067811865474,35.336582439941225,28.799288703060938,105.66666666666667,66.0,1.1214478872011164
2025-11-04 22:00:00,R3,49.98436473672317,129,2,Local,True,29.5,25.0,33.0,0.0,12.4,1013.6,0,0,59,22,1,0,0,0,0,-0.5000000000000004,0.8660254037844384,45.0219475716623,31.221053317562706,120.0,64.5,1.2496091184180793
2025-11-04 23:00:00,R3,38.25803991387245,111,2,Local,True,29.5,25.0,33.0,0.0,12.4,1013.6,0,0,59,23,1,0,0,0,0,-0.2588190451025215,0.965925826289068,44.366773379546764,35.49398386314042,124.0,55.5,0.9564509978468113
2025-11-05 00:00:00,R3,33.8651744977377,106,2,Local,True,29.7,26.0,33.0,0.0,12.2,1013.3,0,0,59,0,2,0,0,0,0,0.0,1.0,40.702526382777776,38.0195544113595,115.33333333333333,53.0,0.8466293624434424
2025-11-05 01:00:00,R3,39.87360788750961,123,2,Local,True,29.7,26.0,33.0,0.0,12.2,1013.3,0,0,59,1,2,0,0,0,0,0.2588190451025207,0.9659258262890684,37.33227409970659,41.177110835684445,113.33333333333333,61.5,0.9968401971877402
2025-11-05 02:00:00,R3,32.86365593345116,122,2,Local,True,29.7,26.0,33.0,0.0,12.2,1013.3,0,0,59,2,2,0,0,0,0,0.4999999999999999,0.8660254037844387,35.53414610623282,39.95045974288979,117.0,61.0,0.821591398336279
2025-11-05 03:00:00,R3,46.70789414946037,102,2,Local,True,29.7,26.0,33.0,0.0,12.2,1013.3,0,0,59,3,2,0,0,0,0,0.7071067811865476,0.7071067811865476,39.81505265680705,40.25878951979241,115.66666666666667,51.0,1.1676973537365094
2025-11-05 04:00:00,R3,45.68400262304664,127,2,Local,True,29.7,26.0,33.0,0.0,12.2,1013.3,0,0,59,4,2,0,0,0,0,0.8660254037844386,0.5000000000000001,41.75185090198605,39.54206250084632,117.0,63.5,1.142100065576166
2025-11-05 05:00:00,R3,47.362096231668026,110,2,Local,True,29.7,26.0,33.0,0.0,12.2,1013.3,0,0,59,5,2,0,0,0,0,0.9659258262890684,0.2588190451025207,46.58466433472501,41.059405220478915,113.0,55.0,1.1840524057917006
2025-11-05 06:00:00,R3,33.20251797348432,106,2,Local,True,29.7,26.0,33.0,0.0,12.2,1013.3,0,0,59,6,2,0,0,0,0,1.0,6.123233995736766e-17,42.08287227606633,40.94896246643668,114.33333333333333,53.0,0.830062949337108
2025-11-05 07:00:00,R3,27.591231772415785,84,2,Local,True,29.7,26.0,33.0,0.0,12.2,1013.3,0,0,59,7,2,0,1,0,1,0.9659258262890684,-0.2588190451025206,36.05194865918937,38.90189978058772,100.0,42.0,0.6897807943103946
2025-11-05 08:00:00,R3,19.85053056079509,83,2,Local,True,29.7,26.0,33.0,0.0,12.2,1013.3,0,0,59,8,2,0,1,0,1,0.8660254037844387,-0.4999999999999998,26.881426768898397,36.733045551811706,91.0,41.5,0.49626326401987725
2025-11-05 09:00:00,R3,21.2481629883433,76,2,Local,True,29.7,26.0,33.0,0.0,12.2,1013.3,0,0,59,9,2,0,1,0,1,0.7071067811865476,-0.7071067811865475,22.89664177385139,32.48975702495886,81.0,38.0,0.5312040747085824
2025-11-05 10:00:00,R3,32.61181399496965,70,2,Local,True,29.7,26.0,33.0,0.0,12.2,1013.3,0,0,59,10,2,0,1,0,1,0.4999999999999999,-0.8660254037844387,24.570169181369348,30.31105892027936,76.33333333333333,35.0,0.8152953498742412
2025-11-05 11:00:00,R3,36.82974995613028,144,2,Local,True,29.7,26.0,33.0,0.0,12.2,1013.3,0,0,59,11,2,0,0,0,0,0.258819045102521,-0.9659258262890682,30.22990897981441,28.555667874356402,96.66666666666667,72.0,0.9207437489032569
2025-11-05 12:00:00,R3,39.46780689681186,135,2,Local,True,29.7,26.0,33.0,0.0,12.2,1013.3,0,0,59,12,2,0,0,0,0,1.2246467991473532e-16,-1.0,36.3031236159706,29.599882694910992,116.33333333333333,67.5,0.9866951724202965
2025-11-05 13:00:00,R3,39.5981125148088,119,2,Local,True,29.7,26.0,33.0,0.0,12.2,1013.3,0,0,59,13,2,0,0,0,0,-0.2588190451025208,-0.9659258262890684,38.631889789250316,31.601029485309827,132.66666666666666,59.5,0.98995281287022
2025-11-05 14:00:00,R3,35.926060453964624,131,2,Local,True,29.7,26.0,33.0,0.0,12.2,1013.3,0,0,59,14,2,0,0,0,0,-0.4999999999999997,-0.8660254037844388,38.330659955195095,34.28028446750475,128.33333333333334,65.5,0.8981515113491156
2025-11-05 15:00:00,R3,37.40555960492591,147,2,Local,True,29.7,26.0,33.0,0.0,12.2,1013.3,0,0,59,15,2,0,0,0,0,-0.7071067811865471,-0.7071067811865479,37.643244191233116,36.97318390360185,132.33333333333334,73.5,0.9351389901231478
2025-11-05 16:00:00,R3,39.74161103918221,130,2,Local,True,29.7,26.0,33.0,0.0,12.2,1013.3,0,0,59,16,2,0,0,0,0,-0.8660254037844384,-0.5000000000000004,37.69107703269091,38.16148341097061,136.0,65.0,0.9935402759795553
2025-11-05 17:00:00,R3,30.142325604435136,63,2,Local,True,29.7,26.0,33.0,0.0,12.2,1013.3,0,0,59,17,2,0,0,1,1,-0.9659258262890684,-0.2588190451025206,35.76316541618109,37.04691268568809,113.33333333333333,31.5,0.7535581401108784
2025-11-05 18:00:00,R3,23.2030336128199,71,2,Local,True,29.7,26.0,33.0,0.0,12.2,1013.3,0,0,59,18,2,0,0,1,1,-1.0,-1.8369701987210294e-16,31.02899008547908,34.336117138356094,88.0,35.5,0.5800758403204975
2025-11-05 19:00:00,R3,16.24467112519295,100,2,Local,True,29.7,26.0,33.0,0.0,12.2,1013.3,0,0,59,19,2,0,0,1,1,-0.9659258262890684,0.2588190451025203,23.196676780815995,30.443876906753456,78.0,50.0,0.4061167781298238
2025-11-05 20:00:00,R3,24.383658762701145,81,2,Local,True,29.7,26.0,33.0,0.0,12.2,1013.3,0,0,59,20,2,0,0,1,1,-0.8660254037844386,0.5000000000000001,21.277121166904667,28.520143291542876,84.0,40.5,0.6095914690675286
2025-11-05 21:00:00,R3,40.761229769286494,131,2,Local,True,29.7,26.0,33.0,0.0,12.2,1013.3,0,0,59,21,2,0,0,0,0,-0.7071067811865477,0.7071067811865474,27.129853219060198,29.07942165226964,104.0,65.5,1.0190307442321624
2025-11-05 22:00:00,R3,30.73539917367028,110,2,Local,True,29.7,26.0,33.0,0.0,12.2,1013.3,0,0,59,22,2,0,0,0,0,-0.5000000000000004,0.8660254037844384,31.960095901885975,27.57838634135098,107.33333333333333,55.0,0.768384979341757
2025-11-05 23:00:00,R3,38.27649089745064,111,2,Local,True,29.7,26.0,33.0,0.0,12.2,1013.3,0,0,59,23,2,0,0,0,0,-0.2588190451025215,0.965925826289068,36.591039946802475,28.93408055685357,117.33333333333333,55.5,0.9569122724362661
2025-11-06 00:00:00,R3,43.8738176921319,108,2,Local,True,29.1,26.0,34.0,0.0,11.4,1013.0,0,0,59,0,3,0,0,0,0,0.0,1.0,37.628569254417606,32.379211236738904,109.66666666666667,54.0,1.0968454423032976
2025-11-06 01:00:00,R3,31.16941239594848,100,2,Local,True,29.1,26.0,34.0,0.0,11.4,1013.0,0,0,59,1,3,0,0,0,0,0.2588190451025207,0.9659258262890684,37.77324032851034,34.86666811519816,106.33333333333333,50.0,0.779235309898712
2025-11-06 02:00:00,R3,35.88564769750585,137,2,Local,True,29.1,26.0,34.0,0.0,11.4,1013.0,0,0,59,2,3,0,0,0,0,0.4999999999999999,0.8660254037844387,36.97629259519541,36.78366627099894,115.0,68.5,0.8971411924376463
2025-11-06 03:00:00,R3,33.610054212120446,108,2,Local,True,29.1,26.0,34.0,0.0,11.4,1013.0,0,0,59,3,3,0,0,0,0,0.7071067811865476,0.7071067811865476,33.55503810185826,35.591803678137936,115.0,54.0,0.8402513553030111
2025-11-06 04:00:00,R3,55.09870983255927,141,2,Local,True,29.1,26.0,34.0,0.0,11.4,1013.0,0,0,59,4,3,0,0,0,0,0.8660254037844386,0.5000000000000001,41.531470580728524,39.65235545461943,128.66666666666666,70.5,1.377467745813982
2025-11-06 05:00:00,R3,49.33875962975437,118,2,Local,True,29.1,26.0,34.0,0.0,11.4,1013.0,0,0,59,5,3,0,0,0,0,0.9659258262890684,0.2588190451025207,46.01584122481137,41.496066910003385,122.33333333333333,59.0,1.2334689907438592
2025-11-06 06:00:00,R3,39.794807743102346,112,2,Local,True,29.1,26.0,34.0,0.0,11.4,1013.0,0,0,59,6,3,0,0,0,0,1.0,6.123233995736766e-17,48.07742573513866,40.81623191849846,123.66666666666667,56.0,0.9948701935775587
2025-11-06 07:00:00,R3,19.18572848427495,103,2,Local,True,29.1,26.0,34.0,0.0,11.4,1013.0,0,0,59,7,3,0,1,0,1,0.9659258262890684,-0.2588190451025206,36.10643195237722,38.81895126655287,111.0,51.5,0.4796432121068738
2025-11-06 08:00:00,R3,25.634270168947022,76,2,Local,True,29.1,26.0,34.0,0.0,11.4,1013.0,0,0,59,8,3,0,1,0,1,0.8660254037844387,-0.4999999999999998,28.20493546544144,37.1103883451264,97.0,38.0,0.6408567542236756
2025-11-06 09:00:00,R3,20.32056164024136,82,2,Local,True,29.1,26.0,34.0,0.0,11.4,1013.0,0,0,59,9,3,0,1,0,1,0.7071067811865476,-0.7071067811865475,21.713520097821107,34.89547291647989,87.0,41.0,0.508014041006034
2025-11-06 10:00:00,R3,32.32946038336277,67,2,Local,True,29.1,26.0,34.0,0.0,11.4,1013.0,0,0,59,10,3,0,1,0,1,0.4999999999999999,-0.8660254037844387,26.09476406418372,31.100598008280468,75.0,33.5,0.8082365095840693
2025-11-06 11:00:00,R3,37.866833175704045,131,2,Local,True,29.1,26.0,34.0,0.0,11.4,1013.0,0,0,59,11,3,0,0,0,0,0.258819045102521,-0.9659258262890682,30.172285066436057,29.188610265938753,93.33333333333333,65.5,0.9466708293926012
2025-11-06 12:00:00,R3,46.89091461981122,123,2,Local,True,29.1,26.0,34.0,0.0,11.4,1013.0,0,0,59,12,3,0,0,0,0,1.2246467991473532e-16,-1.0,39.02906939295935,30.37129474539023,107.0,61.5,1.1722728654952805
2025-11-06 13:00:00,R3,42.30125814485024,106,2,Local,True,29.1,26.0,34.0,0.0,11.4,1013.0,0,0,59,13,3,0,0,0,0,-0.2588190451025208,-0.9659258262890684,42.35300198012183,34.223883022152776,120.0,53.0,1.057531453621256
2025-11-06 14:00:00,R3,45.21927625298772,137,2,Local,True,29.1,26.0,34.0,0.0,11.4,1013.0,0,0,59,14,3,0,0,0,0,-0.4999999999999997,-0.8660254037844388,44.80381633921639,37.48805070282623,122.0,68.5,1.130481906324693
2025-11-06 15:00:00,R3,47.20893048802498,104,2,Local,True,29.1,26.0,34.0,0.0,11.4,1013.0,0,0,59,15,3,0,0,0,0,-0.7071067811865471,-0.7071067811865479,44.90982162862098,41.969445510790166,115.66666666666667,52.0,1.1802232622006246
2025-11-06 16:00:00,R3,33.223842703399626,126,2,Local,True,29.1,26.0,34.0,0.0,11.4,1013.0,0,0,59,16,3,0,0,0,0,-0.8660254037844384,-0.5000000000000004,41.88401648147077,42.1185092307963,122.33333333333333,63.0,0.8305960675849906
2025-11-06 17:00:00,R3,26.075746521914983,108,2,Local,True,29.1,26.0,34.0,0.0,11.4,1013.0,0,0,59,17,3,0,0,1,1,-0.9659258262890684,-0.2588190451025206,35.50283990444653,40.153328121831464,112.66666666666667,54.0,0.6518936630478745
2025-11-06 18:00:00,R3,20.95172179986701,76,2,Local,True,29.1,26.0,34.0,0.0,11.4,1013.0,0,0,59,18,3,0,0,1,1,-1.0,-1.8369701987210294e-16,26.750437008393874,35.830129318507424,103.33333333333333,38.0,0.5237930449966752
2025-11-06 19:00:00,R3,18.72880441980334,101,2,Local,True,29.1,26.0,34.0,0.0,11.4,1013.0,0,0,59,19,3,0,0,1,1,-0.9659258262890684,0.2588190451025203,21.918757580528446,31.90138703099961,95.0,50.5,0.4682201104950835
2025-11-06 20:00:00,R3,22.31282791939975,68,2,Local,True,29.1,26.0,34.0,0.0,11.4,1013.0,0,0,59,20,3,0,0,1,1,-0.8660254037844386,0.5000000000000001,20.664451379690036,28.08364564206828,81.66666666666667,34.0,0.5578206979849938
2025-11-06 21:00:00,R3,41.17846663696948,149,2,Local,True,29.1,26.0,34.0,0.0,11.4,1013.0,0,0,59,21,3,0,0,0,0,-0.7071067811865477,0.7071067811865474,27.40669965872419,27.07856833355903,106.0,74.5,1.029461665924237
2025-11-06 22:00:00,R3,33.75187537452404,118,2,Local,True,29.1,26.0,34.0,0.0,11.4,1013.0,0,0,59,22,3,0,0,0,0,-0.5000000000000004,0.8660254037844384,32.41438997696442,27.166573778746436,111.66666666666667,59.0,0.843796884363101
2025-11-06 23:00:00,R3,44.20979609392748,132,2,Local,True,29.1,26.0,34.0,0.0,11.4,1013.0,0,0,59,23,3,0,0,0,0,-0.2588190451025215,0.965925826289068,39.71337936847366,30.188915374081848,133.0,66.0,1.105244902348187
2025-11-07 00:00:00,R3,43.207216945704666,114,2,Local,True,27.9,24.0,32.0,0.0,11.0,1014.8,0,0,59,0,4,0,0,0,0,0.0,1.0,40.3896294713854,33.89816456505479,121.33333333333333,57.0,1.0801804236426167
2025-11-07 01:00:00,R3,40.45829978138714,134,2,Local,True,27.9,24.0,32.0,0.0,11.0,1014.8,0,0,59,1,4,0,0,0,0,0.2588190451025207,0.9659258262890684,42.625104273673095,37.51974712531876,126.66666666666667,67.0,1.0114574945346786
2025-11-07 02:00:00,R3,32.50136262159791,112,2,Local,True,27.9,24.0,32.0,0.0,11.0,1014.8,0,0,59,2,4,0,0,0,0,0.4999999999999999,0.8660254037844387,38.722293116229906,39.21783624235179,120.0,56.0,0.8125340655399478
2025-11-07 03:00:00,R3,36.97452130000613,111,2,Local,True,27.9,24.0,32.0,0.0,11.0,1014.8,0,0,59,3,4,0,0,0,0,0.7071067811865476,0.7071067811865476,36.64472790099706,38.51717868619122,119.0,55.5,0.9243630325001533
2025-11-07 04:00:00,R3,38.105260728687774,119,2,Local,True,27.9,24.0,32.0,0.0,11.0,1014.8,0,0,59,4,4,0,0,0,0,0.8660254037844386,0.5000000000000001,35.86038155009727,39.24274291188519,114.0,59.5,0.9526315182171944
2025-11-07 05:00:00,R3,37.15147011124318,126,2,Local,True,27.9,24.0,32.0,0.0,11.0,1014.8,0,0,59,5,4,0,0,0,0,0.9659258262890684,0.2588190451025207,37.41041737997903,38.066355248104465,118.66666666666667,63.0,0.9287867527810795
2025-11-07 06:00:00,R3,39.34438421011314,102,2,Local,True,27.9,24.0,32.0,0.0,11.0,1014.8,0,0,59,6,4,0,0,0,0,1.0,6.123233995736766e-17,38.20037168334803,37.42254979217255,115.66666666666667,51.0,0.9836096052528285
2025-11-07 07:00:00,R3,21.567857446077618,102,2,Local,True,27.9,24.0,32.0,0.0,11.0,1014.8,0,0,59,7,4,0,1,0,1,0.9659258262890684,-0.2588190451025206,32.68790392247798,34.27414273628762,110.0,51.0,0.5391964361519405
2025-11-07 08:00:00,R3,24.23725023720834,80,2,Local,True,27.9,24.0,32.0,0.0,11.0,1014.8,0,0,59,8,4,0,1,0,1,0.8660254037844387,-0.4999999999999998,28.383163964466366,32.8967906722227,94.66666666666667,40.0,0.6059312559302085
2025-11-07 09:00:00,R3,31.42872739885856,86,2,Local,True,27.9,24.0,32.0,0.0,11.0,1014.8,0,0,59,9,4,0,1,0,1,0.7071067811865476,-0.7071067811865475,25.74461169404817,31.972491688698103,89.33333333333333,43.0,0.785718184971464
2025-11-07 10:00:00,R3,22.478344524817643,87,2,Local,True,27.9,24.0,32.0,0.0,11.0,1014.8,0,0,59,10,4,0,1,0,1,0.4999999999999999,-0.8660254037844387,26.048107386961515,29.36800565471975,84.33333333333333,43.5,0.561958613120441
2025-11-07 11:00:00,R3,42.69342090569398,137,2,Local,True,27.9,24.0,32.0,0.0,11.0,1014.8,0,0,59,11,4,0,0,0,0,0.258819045102521,-0.9659258262890682,32.200164276456725,30.291664120461547,103.33333333333333,68.5,1.0673355226423495
2025-11-07 12:00:00,R3,38.67283928636415,125,2,Local,True,27.9,24.0,32.0,0.0,11.0,1014.8,0,0,59,12,4,0,0,0,0,1.2246467991473532e-16,-1.0,34.61486823895859,30.17973996650338,116.33333333333333,62.5,0.9668209821591038
2025-11-07 13:00:00,R3,30.91966662742752,106,2,Local,True,27.9,24.0,32.0,0.0,11.0,1014.8,0,0,59,13,4,0,0,0,0,-0.2588190451025208,-0.9659258262890684,37.428642273161884,31.7383748300617,122.66666666666667,53.0,0.772991665685688
2025-11-07 14:00:00,R3,39.81674241308328,107,2,Local,True,27.9,24.0,32.0,0.0,11.0,1014.8,0,0,59,14,4,0,0,0,0,-0.4999999999999997,-0.8660254037844388,36.46974944229165,34.33495685937419,112.66666666666667,53.5,0.9954185603270821
2025-11-07 15:00:00,R3,41.88816039589395,116,2,Local,True,27.9,24.0,32.0,0.0,11.0,1014.8,0,0,59,15,4,0,0,0,0,-0.7071067811865471,-0.7071067811865479,37.541523145468254,36.07819569221342,109.66666666666667,58.0,1.0472040098973487
2025-11-07 16:00:00,R3,42.4713819576957,104,2,Local,True,27.9,24.0,32.0,0.0,11.0,1014.8,0,0,59,16,4,0,0,0,0,-0.8660254037844384,-0.5000000000000004,41.39209492222431,39.4103685976931,109.0,52.0,1.0617845489423925
2025-11-07 17:00:00,R3,26.159955916582867,97,2,Local,True,27.9,24.0,32.0,0.0,11.0,1014.8,0,0,59,17,4,0,0,1,1,-0.9659258262890684,-0.2588190451025206,36.83983275672417,36.65479109950791,105.66666666666667,48.5,0.6539988979145717
2025-11-07 18:00:00,R3,19.55325520235227,71,2,Local,True,27.9,24.0,32.0,0.0,11.0,1014.8,0,0,59,18,4,0,0,1,1,-1.0,-1.8369701987210294e-16,29.394864358876944,33.468193752172596,90.66666666666667,35.5,0.4888313800588067
2025-11-07 19:00:00,R3,24.483726205013284,65,2,Local,True,27.9,24.0,32.0,0.0,11.0,1014.8,0,0,59,19,4,0,0,1,1,-0.9659258262890684,0.2588190451025203,23.398979107982807,32.39553701510356,77.66666666666667,32.5,0.6120931551253321
2025-11-07 20:00:00,R3,20.348045080611456,101,2,Local,True,27.9,24.0,32.0,0.0,11.0,1014.8,0,0,59,20,4,0,0,1,1,-0.8660254037844386,0.5000000000000001,21.461675495992335,29.15075412635825,79.0,50.5,0.5087011270152864
2025-11-07 21:00:00,R3,41.11414184804334,130,2,Local,True,27.9,24.0,32.0,0.0,11.0,1014.8,0,0,59,21,4,0,0,0,0,-0.7071067811865477,0.7071067811865474,28.648637711222694,29.021751035049817,98.66666666666667,65.0,1.0278535462010834
2025-11-07 22:00:00,R3,39.354705974671646,149,2,Local,True,27.9,24.0,32.0,0.0,11.0,1014.8,0,0,59,22,4,0,0,0,0,-0.5000000000000004,0.8660254037844384,33.60563096777548,28.502305037879143,126.66666666666667,74.5,0.9838676493667912
2025-11-07 23:00:00,R3,40.92297369072722,125,2,Local,True,27.9,24.0,32.0,0.0,11.0,1014.8,0,0,59,23,4,0,0,0,0,-0.2588190451025215,0.965925826289068,40.46394050448074,30.962808000236535,134.66666666666666,62.5,1.0230743422681805
2025-11-08 00:00:00,R3,43.95132496048891,112,2,Local,True,27.9,23.0,32.0,0.0,11.0,1016.7,0,0,59,0,5,1,0,0,0,0.0,1.0,41.409668208629256,35.02915295992597,128.66666666666666,56.0,1.0987831240122228
2025-11-08 01:00:00,R3,40.679557676585205,118,2,Local,True,27.9,23.0,32.0,0.0,11.0,1016.7,0,0,59,1,5,1,0,0,0,0.2588190451025207,0.9659258262890684,41.85128544260044,37.72845820518796,118.33333333333333,59.0,1.01698894191463
2025-11-08 02:00:00,R3,44.48655768046761,138,2,Local,True,27.9,23.0,32.0,0.0,11.0,1016.7,0,0,59,2,5,1,0,0,0,0.4999999999999999,0.8660254037844387,43.0391467725139,41.75154363849732,122.66666666666667,69.0,1.1121639420116902
2025-11-08 03:00:00,R3,44.1600577124373,105,2,Local,True,27.9,23.0,32.0,0.0,11.0,1016.7,0,0,59,3,5,1,0,0,0,0.7071067811865476,0.7071067811865476,43.10872435649671,42.25919628256298,120.33333333333333,52.5,1.1040014428109326
2025-11-08 04:00:00,R3,38.61998432032029,112,2,Local,True,27.9,23.0,32.0,0.0,11.0,1016.7,0,0,59,4,5,1,0,0,0,0.8660254037844386,0.5000000000000001,42.4221999044084,42.13674267350442,118.33333333333333,56.0,0.9654996080080073
2025-11-08 05:00:00,R3,45.78411961490036,110,2,Local,True,27.9,23.0,32.0,0.0,11.0,1016.7,0,0,59,5,5,1,0,0,0,0.9659258262890684,0.2588190451025207,42.854720549219316,42.94693366086661,109.0,55.0,1.144602990372509
2025-11-08 06:00:00,R3,40.33544705058295,112,2,Local,True,27.9,23.0,32.0,0.0,11.0,1016.7,0,0,59,6,5,1,0,0,0,1.0,6.123233995736766e-17,41.579850328601204,42.34428734254895,111.33333333333333,56.0,1.0083861762645738
2025-11-08 07:00:00,R3,28.1467553086171,104,2,Local,True,27.9,23.0,32.0,0.0,11.0,1016.7,0,0,59,7,5,1,1,0,1,0.9659258262890684,-0.2588190451025206,38.0887739913668,40.255486947887604,108.66666666666667,52.0,0.7036688827154275
2025-11-08 08:00:00,R3,15.19684333320746,105,2,Local,True,27.9,23.0,32.0,0.0,11.0,1016.7,0,0,59,8,5,1,1,0,1,0.8660254037844387,-0.4999999999999998,27.893015230802504,35.373867890010914,107.0,52.5,0.3799210833301865
2025-11-08 09:00:00,R3,27.14988708800658,77,2,Local,True,27.9,23.0,32.0,0.0,11.0,1016.7,0,0,59,9,5,1,1,0,1,0.7071067811865476,-0.7071067811865475,23.497828576610377,32.53883945260579,95.33333333333333,38.5,0.6787471772001645
2025-11-08 10:00:00,R3,17.98191765556083,80,2,Local,True,27.9,23.0,32.0,0.0,11.0,1016.7,0,0,59,10,5,1,1,0,1,0.4999999999999999,-0.8660254037844387,20.109549358924955,29.099161675145883,87.33333333333333,40.0,0.44954794138902077
2025-11-08 11:00:00,R3,37.01287426601341,137,2,Local,True,27.9,23.0,32.0,0.0,11.0,1016.7,0,0,59,11,5,1,0,0,0,0.258819045102521,-0.9659258262890682,27.381559669860277,27.63728745033139,98.0,68.5,0.9253218566503353
2025-11-08 12:00:00,R3,50.09432320791498,112,2,Local,True,27.9,23.0,32.0,0.0,11.0,1016.7,0,0,59,12,5,1,0,0,0,1.2246467991473532e-16,-1.0,35.02970504316308,29.26376680988673,109.66666666666667,56.0,1.2523580801978746
2025-11-08 13:00:00,R3,43.73766984901058,126,2,Local,True,27.9,23.0,32.0,0.0,11.0,1016.7,0,0,59,13,5,1,0,0,0,-0.2588190451025208,-0.9659258262890684,43.61495577431299,31.862252566618974,125.0,63.0,1.0934417462252646
2025-11-08 14:00:00,R3,41.56124528322415,127,2,Local,True,27.9,23.0,32.0,0.0,11.0,1016.7,0,0,59,14,5,1,0,0,0,-0.4999999999999997,-0.8660254037844388,45.13107944671657,36.25631955828842,121.66666666666667,63.5,1.0390311320806038
2025-11-08 15:00:00,R3,36.751084971210105,147,2,Local,True,27.9,23.0,32.0,0.0,11.0,1016.7,0,0,59,15,5,1,0,0,0,-0.7071067811865471,-0.7071067811865479,40.683333367814946,37.85651920548901,133.33333333333334,73.5,0.9187771242802526
2025-11-08 16:00:00,R3,46.25363495741015,118,2,Local,True,27.9,23.0,32.0,0.0,11.0,1016.7,0,0,59,16,5,1,0,0,0,-0.8660254037844384,-0.5000000000000004,41.521988403948136,42.56847208913056,130.66666666666666,59.0,1.1563408739352536
2025-11-08 17:00:00,R3,31.560626152089707,88,2,Local,True,27.9,23.0,32.0,0.0,11.0,1016.7,0,0,59,17,5,1,0,1,1,-0.9659258262890684,-0.2588190451025206,38.18844869356999,41.659764070143275,117.66666666666667,44.0,0.7890156538022427
2025-11-08 18:00:00,R3,20.703931520906927,102,2,Local,True,27.9,23.0,32.0,0.0,11.0,1016.7,0,0,59,18,5,1,0,1,1,-1.0,-1.8369701987210294e-16,32.83939754346893,36.761365455641936,102.66666666666667,51.0,0.5175982880226732
2025-11-08 19:00:00,R3,22.43725126934053,85,2,Local,True,27.9,23.0,32.0,0.0,11.0,1016.7,0,0,59,19,5,1,0,1,1,-0.9659258262890684,0.2588190451025203,24.900602980779055,33.21129569236359,91.66666666666667,42.5,0.5609312817335133
2025-11-08 20:00:00,R3,24.022994335861743,102,2,Local,True,27.9,23.0,32.0,0.0,11.0,1016.7,0,0,59,20,5,1,0,1,1,-0.8660254037844386,0.5000000000000001,22.3880590420364,30.288253867803196,96.33333333333333,51.0,0.6005748583965436
2025-11-08 21:00:00,R3,44.057277801584135,114,2,Local,True,27.9,23.0,32.0,0.0,11.0,1016.7,0,0,59,21,5,1,0,0,0,-0.7071067811865477,0.7071067811865474,30.172507802262135,31.505952672865533,100.33333333333333,57.0,1.1014319450396033
2025-11-08 22:00:00,R3,34.0161945372237,146,2,Local,True,27.9,23.0,32.0,0.0,11.0,1016.7,0,0,59,22,5,1,0,0,0,-0.5000000000000004,0.8660254037844384,34.03215555822319,29.46637926950112,120.66666666666667,73.0,0.8504048634305924
2025-11-08 23:00:00,R3,42.09569052391223,117,2,Local,True,27.9,23.0,32.0,0.0,11.0,1016.7,0,0,59,23,5,1,0,0,0,-0.2588190451025215,0.965925826289068,40.05638762090669,31.222223331471543,125.66666666666667,58.5,1.0523922630978058
2025-11-09 00:00:00,R3,31.307252555992804,103,2,Local,True,28.2,24.0,31.0,0.0,12.7,1016.2,0,0,59,0,6,1,0,0,0,0.0,1.0,35.80637920570958,32.98944350398586,122.0,51.5,0.7826813138998201
2025-11-09 01:00:00,R3,41.35927061862975,110,2,Local,True,28.2,24.0,31.0,0.0,12.7,1016.2,0,0,59,1,6,1,0,0,0,0.2588190451025207,0.9659258262890684,38.25407123284493,36.143113395534066,110.0,55.0,1.0339817654657437
2025-11-09 02:00:00,R3,38.23699849722652,111,2,Local,True,28.2,24.0,31.0,0.0,12.7,1016.2,0,0,59,2,6,1,0,0,0,0.4999999999999999,0.8660254037844387,36.96784055728303,38.51211408909486,108.0,55.5,0.955924962430663
2025-11-09 03:00:00,R3,35.12565946997584,125,2,Local,True,28.2,24.0,31.0,0.0,12.7,1016.2,0,0,59,3,6,1,0,0,0,0.7071067811865476,0.7071067811865476,38.24064286194403,37.02351103382681,115.33333333333333,62.5,0.878141486749396
2025-11-09 04:00:00,R3,27.52493790734986,123,2,Local,True,28.2,24.0,31.0,0.0,12.7,1016.2,0,0,59,4,6,1,0,0,0,0.8660254037844386,0.5000000000000001,33.62919862485074,35.94163492884783,119.66666666666667,61.5,0.6881234476837464
2025-11-09 05:00:00,R3,46.09798591694816,115,2,Local,True,28.2,24.0,31.0,0.0,12.7,1016.2,0,0,59,5,6,1,0,0,0,0.9659258262890684,0.2588190451025207,36.24952776475795,36.60868416102049,121.0,57.5,1.152449647923704
2025-11-09 06:00:00,R3,42.35463724605471,133,2,Local,True,28.2,24.0,31.0,0.0,12.7,1016.2,0,0,59,6,6,1,0,0,0,1.0,6.123233995736766e-17,38.65918702345091,38.44991494269747,123.66666666666667,66.5,1.0588659311513677
2025-11-09 07:00:00,R3,21.69174212346932,78,2,Local,True,28.2,24.0,31.0,0.0,12.7,1016.2,0,0,59,7,6,1,1,0,1,0.9659258262890684,-0.2588190451025206,36.714788428824065,35.171993526837404,108.66666666666667,39.0,0.542293553086733
2025-11-09 08:00:00,R3,19.740613640051777,61,2,Local,True,28.2,24.0,31.0,0.0,12.7,1016.2,0,0,59,8,6,1,1,0,1,0.8660254037844387,-0.4999999999999998,27.928997669858603,32.08926271730828,90.66666666666667,30.5,0.4935153410012944
2025-11-09 09:00:00,R3,14.084732687267175,75,2,Local,True,28.2,24.0,31.0,0.0,12.7,1016.2,0,0,59,9,6,1,1,0,1,0.7071067811865476,-0.7071067811865475,18.505696150262757,28.582441586856834,71.33333333333333,37.5,0.3521183171816794
2025-11-09 10:00:00,R3,29.48032177146029,93,2,Local,True,28.2,24.0,31.0,0.0,12.7,1016.2,0,0,59,10,6,1,1,0,1,0.4999999999999999,-0.8660254037844387,21.101889366259748,28.908338897541906,76.33333333333333,46.5,0.7370080442865072
2025-11-09 11:00:00,R3,45.80498395695699,140,2,Local,True,28.2,24.0,31.0,0.0,12.7,1016.2,0,0,59,11,6,1,0,0,0,0.258819045102521,-0.9659258262890682,29.790012805228148,28.859505237543374,102.66666666666667,70.0,1.1451245989239247
2025-11-09 12:00:00,R3,34.487426233846335,103,2,Local,True,28.2,24.0,31.0,0.0,12.7,1016.2,0,0,59,12,6,1,0,0,0,1.2246467991473532e-16,-1.0,36.59091065408787,27.548303402175318,112.0,51.5,0.8621856558461584
2025-11-09 13:00:00,R3,48.77425274260577,136,2,Local,True,28.2,24.0,31.0,0.0,12.7,1016.2,0,0,59,13,6,1,0,0,0,-0.2588190451025208,-0.9659258262890684,43.02222097780302,32.062055172031386,126.33333333333333,68.0,1.2193563185651441
2025-11-09 14:00:00,R3,42.39340074610299,139,2,Local,True,28.2,24.0,31.0,0.0,12.7,1016.2,0,0,59,14,6,1,0,0,0,-0.4999999999999997,-0.8660254037844388,41.88502657418503,35.83751968970659,126.0,69.5,1.0598350186525747
2025-11-09 15:00:00,R3,42.8333952615405,138,2,Local,True,28.2,24.0,31.0,0.0,12.7,1016.2,0,0,59,15,6,1,0,0,0,-0.7071067811865471,-0.7071067811865479,44.66701625008309,40.62896345208548,137.66666666666666,69.0,1.0708348815385125
2025-11-09 16:00:00,R3,44.5084650789321,127,2,Local,True,28.2,24.0,31.0,0.0,12.7,1016.2,0,0,59,16,6,1,0,0,0,-0.8660254037844384,-0.5000000000000004,43.24508702885853,43.13365400333078,134.66666666666666,63.5,1.1127116269733024
2025-11-09 17:00:00,R3,24.36512605100009,89,2,Local,True,28.2,24.0,31.0,0.0,12.7,1016.2,0,0,59,17,6,1,0,1,1,-0.9659258262890684,-0.2588190451025206,37.235662130490894,39.560344352337964,118.0,44.5,0.6091281512750022
2025-11-09 18:00:00,R3,23.90784403819081,106,2,Local,True,28.2,24.0,31.0,0.0,12.7,1016.2,0,0,59,18,6,1,0,1,1,-1.0,-1.8369701987210294e-16,30.927145056040995,37.79708065306204,107.33333333333333,53.0,0.5976961009547702
2025-11-09 19:00:00,R3,26.41122645133825,64,2,Local,True,28.2,24.0,31.0,0.0,12.7,1016.2,0,0,59,19,6,1,0,1,1,-0.9659258262890684,0.2588190451025203,24.89473218017638,34.069909604517456,86.33333333333333,32.0,0.6602806612834563
2025-11-09 20:00:00,R3,26.334790386365544,88,2,Local,True,28.2,24.0,31.0,0.0,12.7,1016.2,0,0,59,20,6,1,0,1,1,-0.8660254037844386,0.5000000000000001,25.551286958631536,31.393474544561215,86.0,44.0,0.6583697596591386
2025-11-09 21:00:00,R3,37.43278196537717,145,2,Local,True,28.2,24.0,31.0,0.0,12.7,1016.2,0,0,59,21,6,1,0,0,0,-0.7071067811865477,0.7071067811865474,30.059599601026985,30.493372328533994,99.0,72.5,0.9358195491344292
2025-11-09 22:00:00,R3,36.8411713570588,118,2,Local,True,28.2,24.0,31.0,0.0,12.7,1016.2,0,0,59,22,6,1,0,0,0,-0.5000000000000004,0.8660254037844384,33.53624790293384,29.215490041555114,117.0,59.0,0.92102928392647
2025-11-09 23:00:00,R3,39.749749928753744,119,2,Local,True,28.2,24.0,31.0,0.0,12.7,1016.2,0,0,59,23,6,1,0,0,0,-0.2588190451025215,0.965925826289068,38.007901083729905,31.779594021180724,127.33333333333333,59.5,0.9937437482188436
2025-11-10 00:00:00,R3,40.54195364879494,140,2,Local,True,27.9,24.0,31.0,0.0,10.4,1014.8,0,0,59,0,0,0,0,0,0,0.0,1.0,39.044291644869155,34.551945622948075,125.66666666666667,70.0,1.0135488412198734
2025-11-10 01:00:00,R3,41.25772050387751,120,2,Local,True,27.9,24.0,31.0,0.0,10.4,1014.8,0,0,59,1,0,0,0,0,0,0.2588190451025207,0.9659258262890684,40.516474693808725,37.02636129837128,126.33333333333333,60.0,1.0314430125969376
2025-11-10 02:00:00,R3,36.48879981811423,136,2,Local,True,27.9,24.0,31.0,0.0,10.4,1014.8,0,0,59,2,0,0,0,0,0,0.4999999999999999,0.8660254037844387,39.429491323595556,38.71869620366273,132.0,68.0,0.9122199954528558
2025-11-10 03:00:00,R3,42.47722636608862,149,2,Local,True,27.9,24.0,31.0,0.0,10.4,1014.8,0,0,59,3,0,0,0,0,0,0.7071067811865476,0.7071067811865476,40.07458222936012,39.55943693711464,135.0,74.5,1.0619306591522155
2025-11-10 04:00:00,R3,44.270741920656654,149,2,Local,True,27.9,24.0,31.0,0.0,10.4,1014.8,0,0,59,4,0,0,0,0,0,0.8660254037844386,0.5000000000000001,41.07892270161983,40.79769869771429,144.66666666666666,74.5,1.1067685480164164
2025-11-10 05:00:00,R3,32.47028888169584,126,2,Local,True,27.9,24.0,31.0,0.0,10.4,1014.8,0,0,59,5,0,0,0,0,0,0.9659258262890684,0.2588190451025207,39.739419056147035,39.5844551898713,141.33333333333334,63.0,0.8117572220423961
2025-11-10 06:00:00,R3,43.10711028629013,112,2,Local,True,27.9,24.0,31.0,0.0,10.4,1014.8,0,0,59,6,0,0,0,0,0,1.0,6.123233995736766e-17,39.94938036288087,40.011981296120496,129.0,56.0,1.0776777571572533
2025-11-10 07:00:00,R3,34.493447713581034,96,2,Local,True,27.9,24.0,31.0,0.0,10.4,1014.8,0,0,59,7,0,0,1,0,1,0.9659258262890684,-0.2588190451025206,36.69028229385567,38.88460249773775,111.33333333333333,48.0,0.8623361928395259
2025-11-10 08:00:00,R3,19.151713363330337,92,2,Local,True,27.9,24.0,31.0,0.0,10.4,1014.8,0,0,59,8,0,0,1,0,1,0.8660254037844387,-0.4999999999999998,32.25075712106716,35.995088088607105,100.0,46.0,0.47879283408325846
2025-11-10 09:00:00,R3,31.37501761345613,105,2,Local,True,27.9,24.0,31.0,0.0,10.4,1014.8,0,0,59,9,0,0,1,0,1,0.7071067811865476,-0.7071067811865475,28.340059563455828,34.144719963168356,97.66666666666667,52.5,0.7843754403364033
2025-11-10 10:00:00,R3,27.679986463748016,86,2,Local,True,27.9,24.0,31.0,0.0,10.4,1014.8,0,0,59,10,0,0,1,0,1,0.4999999999999999,-0.8660254037844387,26.068905813511492,31.37959405368358,94.33333333333333,43.0,0.6919996615937004
2025-11-10 11:00:00,R3,40.3452742165097,114,2,Local,True,27.9,24.0,31.0,0.0,10.4,1014.8,0,0,59,11,0,0,0,0,0,0.258819045102521,-0.9659258262890682,33.13342609790461,32.69209160948589,101.66666666666667,57.0,1.0086318554127425
2025-11-10 12:00:00,R3,37.8079538242777,142,2,Local,True,27.9,24.0,31.0,0.0,10.4,1014.8,0,0,59,12,0,0,0,0,0,1.2246467991473532e-16,-1.0,35.277738168178466,31.808898865817156,114.0,71.0,0.9451988456069426
2025-11-10 13:00:00,R3,46.2082228890004,134,2,Local,True,27.9,24.0,31.0,0.0,10.4,1014.8,0,0,59,13,0,0,0,0,0,-0.2588190451025208,-0.9659258262890684,41.45381697659593,33.76136139505371,130.0,67.0,1.15520557222501
2025-11-10 14:00:00,R3,44.80588285453089,108,2,Local,True,27.9,24.0,31.0,0.0,10.4,1014.8,0,0,59,14,0,0,0,0,0,-0.4999999999999997,-0.8660254037844388,42.940686522602995,38.03705631025381,128.0,54.0,1.1201470713632724
2025-11-10 15:00:00,R3,38.4568463038104,115,2,Local,True,27.9,24.0,31.0,0.0,10.4,1014.8,0,0,59,15,0,0,0,0,0,-0.7071067811865471,-0.7071067811865479,43.15698401578056,39.21736109197952,119.0,57.5,0.96142115759526
2025-11-10 16:00:00,R3,43.84506738675852,101,2,Local,True,27.9,24.0,31.0,0.0,10.4,1014.8,0,0,59,16,0,0,0,0,0,-0.8660254037844384,-0.5000000000000004,42.36926551503327,41.911541245814604,108.0,50.5,1.096126684668963
2025-11-10 17:00:00,R3,14.695847436242827,75,2,Local,True,27.9,24.0,31.0,0.0,10.4,1014.8,0,0,59,17,0,0,0,1,1,-0.9659258262890684,-0.2588190451025206,32.33258704227058,37.63663678243679,97.0,37.5,0.3673961859060707
2025-11-10 18:00:00,R3,27.4673412615962,99,2,Local,True,27.9,24.0,31.0,0.0,10.4,1014.8,0,0,59,18,0,0,0,1,1,-1.0,-1.8369701987210294e-16,28.66941869486585,35.9132013553232,91.66666666666667,49.5,0.686683531539905
2025-11-10 19:00:00,R3,26.52545944710247,60,2,Local,True,27.9,24.0,31.0,0.0,10.4,1014.8,0,0,59,19,0,0,0,1,1,-0.9659258262890684,0.2588190451025203,22.89621604831383,32.632740781673554,78.0,30.0,0.6631364861775617
2025-11-10 20:00:00,R3,20.22057872488549,94,2,Local,True,27.9,24.0,31.0,0.0,10.4,1014.8,0,0,59,20,0,0,0,1,1,-0.8660254037844386,0.5000000000000001,24.73779314452805,28.535190093399322,84.33333333333333,47.0,0.5055144681221372
2025-11-10 21:00:00,R3,38.85440360506315,134,2,Local,True,27.9,24.0,31.0,0.0,10.4,1014.8,0,0,59,21,0,0,0,0,0,-0.7071067811865477,0.7071067811865474,28.53348059235036,28.60144964360811,96.0,67.0,0.9713600901265786
2025-11-10 22:00:00,R3,40.44704852843103,107,2,Local,True,27.9,24.0,31.0,0.0,10.4,1014.8,0,0,59,22,0,0,0,0,0,-0.5000000000000004,0.8660254037844384,33.17401028612655,28.035113167220192,111.66666666666667,53.5,1.0111762132107758
2025-11-10 23:00:00,R3,36.75119246342879,146,2,Local,True,27.9,24.0,31.0,0.0,10.4,1014.8,0,0,59,23,0,0,0,0,0,-0.2588190451025215,0.965925826289068,38.68421486564099,31.711004005084522,129.0,73.0,0.9187798115857196
2025-11-11 00:00:00,R3,42.05872174374211,145,2,Local,True,27.7,24.0,31.0,0.0,10.9,1014.8,0,0,59,0,1,0,0,0,0,0.0,1.0,39.75232091186731,34.14290075210884,132.66666666666666,72.5,1.0514680435935528
2025-11-11 01:00:00,R3,40.85729381980354,128,2,Local,True,27.7,24.0,31.0,0.0,10.9,1014.8,0,0,59,1,1,0,0,0,0,0.2588190451025207,0.9659258262890684,39.88906934232481,36.53153981422568,139.66666666666666,64.0,1.0214323454950884
2025-11-11 02:00:00,R3,44.449247509931176,100,2,Local,True,27.7,24.0,31.0,0.0,10.9,1014.8,0,0,59,2,1,0,0,0,0,0.4999999999999999,0.8660254037844387,42.45508769115894,40.56965127839997,124.33333333333333,50.0,1.1112311877482794
2025-11-11 03:00:00,R3,33.99659113647509,137,2,Local,True,27.7,24.0,31.0,0.0,10.9,1014.8,0,0,59,3,1,0,0,0,0,0.7071067811865476,0.7071067811865476,39.76771082206993,39.76001586696862,121.66666666666667,68.5,0.8499147784118772
2025-11-11 04:00:00,R3,47.54647654912797,102,2,Local,True,27.7,24.0,31.0,0.0,10.9,1014.8,0,0,59,4,1,0,0,0,0,0.8660254037844386,0.5000000000000001,41.99743839851141,40.94325387041811,113.0,51.0,1.1886619137281993
2025-11-11 05:00:00,R3,36.55410004770281,126,2,Local,True,27.7,24.0,31.0,0.0,10.9,1014.8,0,0,59,5,1,0,0,0,0,0.9659258262890684,0.2588190451025207,39.36572257776862,40.91040513446378,121.66666666666667,63.0,0.9138525011925702
2025-11-11 06:00:00,R3,37.90328376244795,114,2,Local,True,27.7,24.0,31.0,0.0,10.9,1014.8,0,0,59,6,1,0,0,0,0,1.0,6.123233995736766e-17,40.667953453092906,40.217832137581425,114.0,57.0,0.9475820940611988
2025-11-11 07:00:00,R3,22.574335778484745,95,2,Local,True,27.7,24.0,31.0,0.0,10.9,1014.8,0,0,59,7,1,0,1,0,1,0.9659258262890684,-0.2588190451025206,32.343906529545166,37.17067246402829,111.66666666666667,47.5,0.5643583944621187
2025-11-11 08:00:00,R3,20.896939668544288,62,2,Local,True,27.7,24.0,31.0,0.0,10.9,1014.8,0,0,59,8,1,0,1,0,1,0.8660254037844387,-0.4999999999999998,27.124853069825658,33.24528782379714,90.33333333333333,31.0,0.5224234917136072
2025-11-11 09:00:00,R3,20.326331914109467,68,2,Local,True,27.7,24.0,31.0,0.0,10.9,1014.8,0,0,59,9,1,0,1,0,1,0.7071067811865476,-0.7071067811865475,21.265869120379495,30.966911286736206,75.0,34.0,0.5081582978527367
2025-11-11 10:00:00,R3,24.976864099665733,76,2,Local,True,27.7,24.0,31.0,0.0,10.9,1014.8,0,0,59,10,1,0,1,0,1,0.4999999999999999,-0.8660254037844387,22.06671189410649,27.20530921182583,68.66666666666667,38.0,0.6244216024916434
2025-11-11 11:00:00,R3,40.87591665334846,130,2,Local,True,27.7,24.0,31.0,0.0,10.9,1014.8,0,0,59,11,1,0,0,0,0,0.258819045102521,-0.9659258262890682,28.726370889041217,27.92561197943344,91.33333333333333,65.0,1.0218979163337116
2025-11-11 12:00:00,R3,44.34077057568444,110,2,Local,True,27.7,24.0,31.0,0.0,10.9,1014.8,0,0,59,12,1,0,0,0,0,1.2246467991473532e-16,-1.0,36.731183776232875,28.99852644830619,105.33333333333333,55.0,1.108519264392111
2025-11-11 13:00:00,R3,44.14330183002045,125,2,Local,True,27.7,24.0,31.0,0.0,10.9,1014.8,0,0,59,13,1,0,0,0,0,-0.2588190451025208,-0.9659258262890684,43.119996353017775,32.59335412356214,121.66666666666667,62.5,1.1035825457505113
2025-11-11 14:00:00,R3,36.23871370450361,125,2,Local,True,27.7,24.0,31.0,0.0,10.9,1014.8,0,0,59,14,1,0,0,0,0,-0.4999999999999997,-0.8660254037844388,41.574262036736165,35.15031646288869,120.0,62.5,0.9059678426125902
2025-11-11 15:00:00,R3,48.50198374481442,132,2,Local,True,27.7,24.0,31.0,0.0,10.9,1014.8,0,0,59,15,1,0,0,0,0,-0.7071067811865471,-0.7071067811865479,42.96133309311282,39.846258434672855,127.33333333333333,66.0,1.2125495936203605
2025-11-11 16:00:00,R3,39.75952888982216,142,2,Local,True,27.7,24.0,31.0,0.0,10.9,1014.8,0,0,59,16,1,0,0,0,0,-0.8660254037844384,-0.5000000000000004,41.50007544638006,42.310035899698924,133.0,71.0,0.9939882222455539
2025-11-11 17:00:00,R3,15.460228767634366,92,2,Local,True,27.7,24.0,31.0,0.0,10.9,1014.8,0,0,59,17,1,0,0,1,1,-0.9659258262890684,-0.2588190451025206,34.573913800756976,38.07408791874657,122.0,46.0,0.38650571919085913
2025-11-11 18:00:00,R3,22.288262402505897,97,2,Local,True,27.7,24.0,31.0,0.0,10.9,1014.8,0,0,59,18,1,0,0,1,1,-1.0,-1.8369701987210294e-16,25.836006686654134,34.39866988988348,110.33333333333333,48.5,0.5572065600626475
2025-11-11 19:00:00,R3,24.98530445805565,80,2,Local,True,27.7,24.0,31.0,0.0,10.9,1014.8,0,0,59,19,1,0,0,1,1,-0.9659258262890684,0.2588190451025203,20.911265209398632,31.20567032788935,89.66666666666667,40.0,0.6246326114513913
2025-11-11 20:00:00,R3,20.384380830155504,88,2,Local,True,27.7,24.0,31.0,0.0,10.9,1014.8,0,0,59,20,1,0,0,1,1,-0.8660254037844386,0.5000000000000001,22.552649230239012,28.563281515498,88.33333333333333,44.0,0.5096095207538875
2025-11-11 21:00:00,R3,45.66472271648212,107,2,Local,True,27.7,24.0,31.0,0.0,10.9,1014.8,0,0,59,21,1,0,0,0,0,-0.7071067811865477,0.7071067811865474,30.344802668231086,28.090404677442617,91.66666666666667,53.5,1.141618067912053
2025-11-11 22:00:00,R3,40.83291861971763,107,2,Local,True,27.7,24.0,31.0,0.0,10.9,1014.8,0,0,59,22,1,0,0,0,0,-0.5000000000000004,0.8660254037844384,35.62734072211841,28.269302965758527,100.66666666666667,53.5,1.0208229654929408
2025-11-11 23:00:00,R3,45.76972229807141,146,2,Local,True,27.7,24.0,31.0,0.0,10.9,1014.8,0,0,59,23,1,0,0,0,0,-0.2588190451025215,0.965925826289068,44.08912121142371,33.32088522083137,120.0,73.0,1.1442430574517852
2025-11-12 00:00:00,R3,52.64782823450091,105,2,Local,True,27.9,23.0,33.0,0.0,10.5,1016.3,0,0,59,0,2,0,0,0,0,0.0,1.0,46.41682305076332,38.380812859497205,119.33333333333333,52.5,1.3161957058625229
2025-11-12 01:00:00,R3,35.503871152389706,134,2,Local,True,27.9,23.0,33.0,0.0,10.5,1016.3,0,0,59,1,2,0,0,0,0,0.2588190451025207,0.9659258262890684,44.64047389498734,40.133907308552885,128.33333333333334,67.0,0.8875967788097426
2025-11-12 02:00:00,R3,35.093782070525144,139,2,Local,True,27.9,23.0,33.0,0.0,10.5,1016.3,0,0,59,2,2,0,0,0,0,0.4999999999999999,0.8660254037844387,41.081827152471924,42.58547418194782,126.0,69.5,0.8773445517631286
2025-11-12 03:00:00,R3,28.395321312781263,119,2,Local,True,27.9,23.0,33.0,0.0,10.5,1016.3,0,0,59,3,2,0,0,0,0,0.7071067811865476,0.7071067811865476,32.997658178565366,39.70724061466434,130.66666666666666,59.5,0.7098830328195316
2025-11-12 04:00:00,R3,35.234482743696184,124,2,Local,True,27.9,23.0,33.0,0.0,10.5,1016.3,0,0,59,4,2,0,0,0,0,0.8660254037844386,0.5000000000000001,32.907862042334195,38.77416796866077,127.33333333333333,62.0,0.8808620685924046
2025-11-12 05:00:00,R3,34.58164784256146,125,2,Local,True,27.9,23.0,33.0,0.0,10.5,1016.3,0,0,59,5,2,0,0,0,0,0.9659258262890684,0.2588190451025207,32.737150633012966,36.909488892742445,122.66666666666667,62.5,0.8645411960640365
2025-11-12 06:00:00,R3,41.3885009921981,144,2,Local,True,27.9,23.0,33.0,0.0,10.5,1016.3,0,0,59,6,2,0,0,0,0,1.0,6.123233995736766e-17,37.06821052615191,35.032934352358645,131.0,72.0,1.0347125248049525
2025-11-12 07:00:00,R3,22.522569920041366,75,2,Local,True,27.9,23.0,33.0,0.0,10.5,1016.3,0,0,59,7,2,0,1,0,1,0.9659258262890684,-0.2588190451025206,32.830906251600304,32.869384146967256,114.66666666666667,37.5,0.5630642480010342
2025-11-12 08:00:00,R3,22.22692085995113,90,2,Local,True,27.9,23.0,33.0,0.0,10.5,1016.3,0,0,59,8,2,0,1,0,1,0.8660254037844387,-0.4999999999999998,28.712663924063524,30.72490727853825,103.0,45.0,0.5556730214987782
2025-11-12 09:00:00,R3,24.388829969498868,107,2,Local,True,27.9,23.0,33.0,0.0,10.5,1016.3,0,0,59,9,2,0,1,0,1,0.7071067811865476,-0.7071067811865475,23.04610691649712,30.057158721324516,90.66666666666667,53.5,0.6097207492374717
2025-11-12 10:00:00,R3,24.43808281095312,105,2,Local,True,27.9,23.0,33.0,0.0,10.5,1016.3,0,0,59,10,2,0,1,0,1,0.4999999999999999,-0.8660254037844387,23.6846112134677,28.257758732534004,100.66666666666667,52.5,0.610952070273828
2025-11-12 11:00:00,R3,37.31563417545038,127,2,Local,True,27.9,23.0,33.0,0.0,10.5,1016.3,0,0,59,11,2,0,0,0,0,0.258819045102521,-0.9659258262890682,28.714182318634116,28.713423121348825,113.0,63.5,0.9328908543862594
2025-11-12 12:00:00,R3,39.561781896014,108,2,Local,True,27.9,23.0,33.0,0.0,10.5,1016.3,0,0,59,12,2,0,0,0,0,1.2246467991473532e-16,-1.0,33.771832960805824,28.408969938651477,113.33333333333333,54.0,0.98904454740035
2025-11-12 13:00:00,R3,40.29342087714359,113,2,Local,True,27.9,23.0,33.0,0.0,10.5,1016.3,0,0,59,13,2,0,0,0,0,-0.2588190451025208,-0.9659258262890684,39.05694564953598,31.370778431501844,116.0,56.5,1.0073355219285898
2025-11-12 14:00:00,R3,41.02511924522697,133,2,Local,True,27.9,23.0,33.0,0.0,10.5,1016.3,0,0,59,14,2,0,0,0,0,-0.4999999999999997,-0.8660254037844388,40.293440672794844,34.50381149571449,118.0,66.5,1.025627981130674
2025-11-12 15:00:00,R3,40.03755109639533,104,2,Local,True,27.9,23.0,33.0,0.0,10.5,1016.3,0,0,59,15,2,0,0,0,0,-0.7071067811865471,-0.7071067811865479,40.45203040625529,37.111931683530564,116.66666666666667,52.0,1.0009387774098832
2025-11-12 16:00:00,R3,36.9004730473311,149,2,Local,True,27.9,23.0,33.0,0.0,10.5,1016.3,0,0,59,16,2,0,0,0,0,-0.8660254037844384,-0.5000000000000004,39.3210477963178,39.188996722926895,128.66666666666666,74.5,0.9225118261832774
2025-11-12 17:00:00,R3,29.82322183217927,74,2,Local,True,27.9,23.0,33.0,0.0,10.5,1016.3,0,0,59,17,2,0,0,1,1,-0.9659258262890684,-0.2588190451025206,35.58708199196857,37.94026133238171,109.0,37.0,0.7455805458044817
2025-11-12 18:00:00,R3,18.85393152614408,68,2,Local,True,27.9,23.0,33.0,0.0,10.5,1016.3,0,0,59,18,2,0,0,1,1,-1.0,-1.8369701987210294e-16,28.525875468551476,34.48895293740339,97.0,34.0,0.471348288153602
2025-11-12 19:00:00,R3,31.51140188250276,66,2,Local,True,27.9,23.0,33.0,0.0,10.5,1016.3,0,0,59,19,2,0,0,1,1,-0.9659258262890684,0.2588190451025203,26.7295184136087,33.02528310496325,69.33333333333333,33.0,0.787785047062569
2025-11-12 20:00:00,R3,20.38972299703112,98,2,Local,True,27.9,23.0,33.0,0.0,10.5,1016.3,0,0,59,20,2,0,0,1,1,-0.8660254037844386,0.5000000000000001,23.585018801892648,29.586050396930613,77.33333333333333,49.0,0.5097430749257781
2025-11-12 21:00:00,R3,44.31412326579635,146,2,Local,True,27.9,23.0,33.0,0.0,10.5,1016.3,0,0,59,21,2,0,0,0,0,-0.7071067811865477,0.7071067811865474,32.07174938177673,30.29881242516411,103.33333333333333,73.0,1.1078530816449086
2025-11-12 22:00:00,R3,35.06925911681339,121,2,Local,True,27.9,23.0,33.0,0.0,10.5,1016.3,0,0,59,22,2,0,0,0,0,-0.5000000000000004,0.8660254037844384,33.25770179321362,29.993610103411157,121.66666666666667,60.5,0.8767314779203348
2025-11-12 23:00:00,R3,36.065256848562846,119,2,Local,True,27.9,23.0,33.0,0.0,10.5,1016.3,0,0,59,23,2,0,0,0,0,-0.2588190451025215,0.965925826289068,38.48287974372419,31.033949272808425,128.66666666666666,59.5,0.9016314212140711
2025-11-13 00:00:00,R3,42.02211290558053,127,2,Local,True,27.6,23.0,31.0,0.0,11.5,1017.7,0,0,59,0,3,0,0,0,0,0.0,1.0,37.71887629031892,34.895312836047836,122.33333333333333,63.5,1.050552822639513
2025-11-13 01:00:00,R3,34.68033902157881,128,2,Local,True,27.6,23.0,31.0,0.0,11.5,1017.7,0,0,59,1,3,0,0,0,0,0.2588190451025207,0.9659258262890684,37.589236258574054,35.42346902589384,124.66666666666667,64.0,0.8670084755394702
2025-11-13 02:00:00,R3,38.97558369783131,141,2,Local,True,27.6,23.0,31.0,0.0,11.5,1017.7,0,0,59,2,3,0,0,0,0,0.4999999999999999,0.8660254037844387,38.559345208330214,38.521112476027206,132.0,70.5,0.9743895924457828
2025-11-13 03:00:00,R3,34.791988262067505,122,2,Local,True,27.6,23.0,31.0,0.0,11.5,1017.7,0,0,59,3,3,0,0,0,0,0.7071067811865476,0.7071067811865476,36.14930366049254,36.93408997540573,130.33333333333334,61.0,0.8697997065516876
2025-11-13 04:00:00,R3,42.89751557384789,100,2,Local,True,27.6,23.0,31.0,0.0,11.5,1017.7,0,0,59,4,3,0,0,0,0,0.8660254037844386,0.5000000000000001,38.88836251124889,38.23879938491148,121.0,50.0,1.0724378893461972
2025-11-13 05:00:00,R3,42.23592783672117,114,2,Local,True,27.6,23.0,31.0,0.0,11.5,1017.7,0,0,59,5,3,0,0,0,0,0.9659258262890684,0.2588190451025207,39.97514389087885,39.267244549604534,112.0,57.0,1.0558981959180291
2025-11-13 06:00:00,R3,46.68848131648715,128,2,Local,True,27.6,23.0,31.0,0.0,11.5,1017.7,0,0,59,6,3,0,0,0,0,1.0,6.123233995736766e-17,43.9406415756854,40.04497261808897,114.0,64.0,1.1672120329121787
2025-11-13 07:00:00,R3,27.805854002396195,75,2,Local,True,27.6,23.0,31.0,0.0,11.5,1017.7,0,0,59,7,3,0,1,0,1,0.9659258262890684,-0.2588190451025206,38.91008771853483,38.89922511489187,105.66666666666667,37.5,0.6951463500599049
2025-11-13 08:00:00,R3,21.93494080312345,64,2,Local,True,27.6,23.0,31.0,0.0,11.5,1017.7,0,0,59,8,3,0,1,0,1,0.8660254037844387,-0.4999999999999998,32.143092040668925,36.05911796577389,89.0,32.0,0.5483735200780863
2025-11-13 09:00:00,R3,35.01530105794119,72,2,Local,True,27.6,23.0,31.0,0.0,11.5,1017.7,0,0,59,9,3,0,1,0,1,0.7071067811865476,-0.7071067811865475,28.252031954486938,36.09633676508617,70.33333333333333,36.0,0.8753825264485297
2025-11-13 10:00:00,R3,24.262633214351105,65,2,Local,True,27.6,23.0,31.0,0.0,11.5,1017.7,0,0,59,10,3,0,1,0,1,0.4999999999999999,-0.8660254037844387,27.07095835847191,32.990523038503376,67.0,32.5,0.6065658303587776
2025-11-13 11:00:00,R3,44.80838194018982,142,2,Local,True,27.6,23.0,31.0,0.0,11.5,1017.7,0,0,59,11,3,0,0,0,0,0.258819045102521,-0.9659258262890682,34.69543873749404,33.41926538908148,93.0,71.0,1.1202095485047454
2025-11-13 12:00:00,R3,41.69546513835122,148,2,Local,True,27.6,23.0,31.0,0.0,11.5,1017.7,0,0,59,12,3,0,0,0,0,1.2246467991473532e-16,-1.0,36.92216009763071,32.58709602605882,118.33333333333333,74.0,1.0423866284587804
2025-11-13 13:00:00,R3,35.66758379262253,106,2,Local,True,27.6,23.0,31.0,0.0,11.5,1017.7,0,0,59,13,3,0,0,0,0,-0.2588190451025208,-0.9659258262890684,40.72381029038785,33.897384324429886,132.0,53.0,0.8916895948155632
2025-11-13 14:00:00,R3,56.31871197638186,118,2,Local,True,27.6,23.0,31.0,0.0,11.5,1017.7,0,0,59,14,3,0,0,0,0,-0.4999999999999997,-0.8660254037844388,44.56058696911853,39.62801285330629,124.0,59.0,1.4079677994095465
2025-11-13 15:00:00,R3,47.87965692553749,139,2,Local,True,27.6,23.0,31.0,0.0,11.5,1017.7,0,0,59,15,3,0,0,0,0,-0.7071067811865471,-0.7071067811865479,46.621984231513956,41.77207216457234,121.0,69.5,1.1969914231384373
2025-11-13 16:00:00,R3,46.74527875411916,141,2,Local,True,27.6,23.0,31.0,0.0,11.5,1017.7,0,0,59,16,3,0,0,0,0,-0.8660254037844384,-0.5000000000000004,50.314549218679495,45.519179754533674,132.66666666666666,70.5,1.1686319688529792
2025-11-13 17:00:00,R3,19.10230712597085,71,2,Local,True,27.6,23.0,31.0,0.0,11.5,1017.7,0,0,59,17,3,0,0,1,1,-0.9659258262890684,-0.2588190451025206,37.90908093520917,41.234833952163854,117.0,35.5,0.47755767814927125
2025-11-13 18:00:00,R3,25.127608306162312,65,2,Local,True,27.6,23.0,31.0,0.0,11.5,1017.7,0,0,59,18,3,0,0,1,1,-1.0,-1.8369701987210294e-16,30.32506472875077,38.47352448013237,92.33333333333333,32.5,0.6281902076540578
2025-11-13 19:00:00,R3,25.32558196131773,68,2,Local,True,27.6,23.0,31.0,0.0,11.5,1017.7,0,0,59,19,3,0,0,1,1,-0.9659258262890684,0.2588190451025203,23.18516579781696,36.74985750824823,68.0,34.0,0.6331395490329432
2025-11-13 20:00:00,R3,30.13550812617421,66,2,Local,True,27.6,23.0,31.0,0.0,11.5,1017.7,0,0,59,20,3,0,0,1,1,-0.8660254037844386,0.5000000000000001,26.862899464551408,32.38599019988029,66.33333333333333,33.0,0.7533877031543552
2025-11-13 21:00:00,R3,40.52617215827807,129,2,Local,True,27.6,23.0,31.0,0.0,11.5,1017.7,0,0,59,21,3,0,0,0,0,-0.7071067811865477,0.7071067811865474,31.995754081923334,31.160409405337052,87.66666666666667,64.5,1.0131543039569517
2025-11-13 22:00:00,R3,45.80158797146568,121,2,Local,True,27.6,23.0,31.0,0.0,11.5,1017.7,0,0,59,22,3,0,0,0,0,-0.5000000000000004,0.8660254037844384,38.82108941863932,31.003127608228144,105.33333333333333,60.5,1.145039699286642
2025-11-13 23:00:00,R3,45.2231049638803,112,2,Local,True,27.6,23.0,31.0,0.0,11.5,1017.7,0,0,59,23,3,0,0,0,0,-0.2588190451025215,0.965925826289068,43.85028836454135,35.35659391454639,120.66666666666667,56.0,1.1305776240970076
2025-11-14 00:00:00,R3,29.78710811268972,135,2,Local,True,27.4,23.0,31.0,0.0,11.5,1017.0,0,0,59,0,4,0,0,0,0,0.0,1.0,40.27060034934523,36.133177215634284,122.66666666666667,67.5,0.744677702817243
2025-11-14 01:00:00,R3,28.48361695970525,109,2,Local,True,27.4,23.0,31.0,0.0,11.5,1017.0,0,0,59,1,4,0,0,0,0,0.2588190451025207,0.9659258262890684,34.497943345425085,36.6595163820322,118.66666666666667,54.5,0.7120904239926313
2025-11-14 02:00:00,R3,38.49602086151136,115,2,Local,True,27.4,23.0,31.0,0.0,11.5,1017.0,0,0,59,2,4,0,0,0,0,0.4999999999999999,0.8660254037844387,32.255581977968774,38.052935171255065,119.66666666666667,57.5,0.962400521537784
2025-11-14 03:00:00,R3,42.5103243841756,129,2,Local,True,27.4,23.0,31.0,0.0,11.5,1017.0,0,0,59,3,4,0,0,0,0,0.7071067811865476,0.7071067811865476,36.49665406846407,38.38362720890465,117.66666666666667,64.5,1.0627581096043899
2025-11-14 04:00:00,R3,40.44244962492015,101,2,Local,True,27.4,23.0,31.0,0.0,11.5,1017.0,0,0,59,4,4,0,0,0,0,0.8660254037844386,0.5000000000000001,40.4829316235357,37.490437484480395,115.0,50.5,1.0110612406230037
2025-11-14 05:00:00,R3,44.297812054120975,113,2,Local,True,27.4,23.0,31.0,0.0,11.5,1017.0,0,0,59,5,4,0,0,0,0,0.9659258262890684,0.2588190451025207,42.416862021072234,37.33622199952051,114.33333333333333,56.5,1.1074453013530243
2025-11-14 06:00:00,R3,36.49060230374058,146,2,Local,True,27.4,23.0,31.0,0.0,11.5,1017.0,0,0,59,6,4,0,0,0,0,1.0,6.123233995736766e-17,40.410287994260564,38.45347103136232,120.0,73.0,0.9122650575935145
2025-11-14 07:00:00,R3,21.39531552211477,82,2,Local,True,27.4,23.0,31.0,0.0,11.5,1017.0,0,0,59,7,4,0,1,0,1,0.9659258262890684,-0.2588190451025206,34.06124329332544,37.272087458430576,113.66666666666667,41.0,0.5348828880528693
2025-11-14 08:00:00,R3,22.097220643151097,71,2,Local,True,27.4,23.0,31.0,0.0,11.5,1017.0,0,0,59,8,4,0,1,0,1,0.8660254037844387,-0.4999999999999998,26.661046156335477,34.53895408870386,99.66666666666667,35.5,0.5524305160787775
2025-11-14 09:00:00,R3,36.3109604137327,68,2,Local,True,27.4,23.0,31.0,0.0,11.5,1017.0,0,0,59,9,4,0,1,0,1,0.7071067811865476,-0.7071067811865475,26.601165526332853,33.50572676029672,73.66666666666667,34.0,0.9077740103433175
2025-11-14 10:00:00,R3,20.38987568494285,75,2,Local,True,27.4,23.0,31.0,0.0,11.5,1017.0,0,0,59,10,4,0,1,0,1,0.4999999999999999,-0.8660254037844387,26.266018913942208,30.16363110363383,71.33333333333333,37.5,0.5097468921235713
2025-11-14 11:00:00,R3,43.86530065680636,134,2,Local,True,27.4,23.0,31.0,0.0,11.5,1017.0,0,0,59,11,4,0,0,0,0,0.258819045102521,-0.9659258262890682,33.52204558516063,30.09154587074806,92.33333333333333,67.0,1.0966325164201591
2025-11-14 12:00:00,R3,47.876793746234,115,2,Local,True,27.4,23.0,31.0,0.0,11.5,1017.0,0,0,59,12,4,0,0,0,0,1.2246467991473532e-16,-1.0,37.377323362661066,31.98924444449696,108.0,57.5,1.19691984365585
2025-11-14 13:00:00,R3,33.37286511884772,120,2,Local,True,27.4,23.0,31.0,0.0,11.5,1017.0,0,0,59,13,4,0,0,0,0,-0.2588190451025208,-0.9659258262890684,41.70498650729602,33.98550271061912,123.0,60.0,0.834321627971193
2025-11-14 14:00:00,R3,48.998931557706456,115,2,Local,True,27.4,23.0,31.0,0.0,11.5,1017.0,0,0,59,14,4,0,0,0,0,-0.4999999999999997,-0.8660254037844388,43.416196807596044,38.469121196378346,116.66666666666667,57.5,1.2249732889426614
2025-11-14 15:00:00,R3,37.1518522936646,109,2,Local,True,27.4,23.0,31.0,0.0,11.5,1017.0,0,0,59,15,4,0,0,0,0,-0.7071067811865471,-0.7071067811865479,39.84121632340625,38.609269843033665,114.66666666666667,54.5,0.9287963073416149
2025-11-14 16:00:00,R3,38.893595071622606,123,2,Local,True,27.4,23.0,31.0,0.0,11.5,1017.0,0,0,59,16,4,0,0,0,0,-0.8660254037844384,-0.5000000000000004,41.68145964099788,41.69322307414696,115.66666666666667,61.5,0.9723398767905651
2025-11-14 17:00:00,R3,26.49677418481535,97,2,Local,True,27.4,23.0,31.0,0.0,11.5,1017.0,0,0,59,17,4,0,0,1,1,-0.9659258262890684,-0.2588190451025206,34.180740516700844,38.79846866214846,109.66666666666667,48.5,0.6624193546203838
2025-11-14 18:00:00,R3,27.51214973509312,88,2,Local,True,27.4,23.0,31.0,0.0,11.5,1017.0,0,0,59,18,4,0,0,1,1,-1.0,-1.8369701987210294e-16,30.96750633051035,35.40436132695831,102.66666666666667,44.0,0.6878037433773281
2025-11-14 19:00:00,R3,20.38105712776124,89,2,Local,True,27.4,23.0,31.0,0.0,11.5,1017.0,0,0,59,19,4,0,0,1,1,-0.9659258262890684,0.2588190451025203,24.79666034922323,33.23905999511056,91.33333333333333,44.5,0.5095264281940309
2025-11-14 20:00:00,R3,23.874905088742697,64,2,Local,True,27.4,23.0,31.0,0.0,11.5,1017.0,0,0,59,20,4,0,0,1,1,-0.8660254037844386,0.5000000000000001,23.922703983865677,29.051722250283273,80.33333333333333,32.0,0.5968726272185674
2025-11-14 21:00:00,R3,38.27398409949445,130,2,Local,True,27.4,23.0,31.0,0.0,11.5,1017.0,0,0,59,21,4,0,0,0,0,-0.7071067811865477,0.7071067811865474,27.509982105332792,29.238744217921578,94.33333333333333,65.0,0.9568496024873612
2025-11-14 22:00:00,R3,32.54914285878132,105,2,Local,True,27.4,23.0,31.0,0.0,11.5,1017.0,0,0,59,22,4,0,0,0,0,-0.5000000000000004,0.8660254037844384,31.566010682339485,28.181335515781367,99.66666666666667,52.5,0.813728571469533
2025-11-14 23:00:00,R3,44.23437865821561,131,2,Local,True,27.4,23.0,31.0,0.0,11.5,1017.0,0,0,59,23,4,0,0,0,0,-0.2588190451025215,0.965925826289068,38.35250187216379,31.13760292801474,122.0,65.5,1.1058594664553902
2025-11-15 00:00:00,R3,40.657804802452766,102,2,Local,True,27.1,23.0,31.0,0.0,11.1,1016.6,0,0,59,0,5,1,0,0,0,0.0,1.0,39.147108773149895,33.328545439241346,112.66666666666667,51.0,1.0164451200613192
2025-11-15 01:00:00,R3,41.01522105298395,148,2,Local,True,27.1,23.0,31.0,0.0,11.1,1016.6,0,0,59,1,5,1,0,0,0,0.2588190451025207,0.9659258262890684,41.969134837884106,36.7675727601118,127.0,74.0,1.0253805263245988
2025-11-15 02:00:00,R3,32.99840845357076,117,2,Local,True,27.1,23.0,31.0,0.0,11.1,1016.6,0,0,59,2,5,1,0,0,0,0.4999999999999999,0.8660254037844387,38.223811436335815,38.28815665424981,122.33333333333333,58.5,0.824960211339269
2025-11-15 03:00:00,R3,50.75030565686954,123,2,Local,True,27.1,23.0,31.0,0.0,11.1,1016.6,0,0,59,3,5,1,0,0,0,0.7071067811865476,0.7071067811865476,41.58797838780808,40.36754358047899,129.33333333333334,61.5,1.2687576414217385
2025-11-15 04:00:00,R3,37.73343297621365,111,2,Local,True,27.1,23.0,31.0,0.0,11.1,1016.6,0,0,59,4,5,1,0,0,0,0.8660254037844386,0.5000000000000001,40.494049028884646,41.23159193338438,117.0,55.5,0.9433358244053413
2025-11-15 05:00:00,R3,20.58385098107984,104,2,Local,True,27.1,23.0,31.0,0.0,11.1,1016.6,0,0,59,5,5,1,0,0,0,0.9659258262890684,0.2588190451025207,36.355863204721004,37.28983732052842,112.66666666666667,52.0,0.5145962745269961
2025-11-15 06:00:00,R3,44.6874794747943,129,2,Local,True,27.1,23.0,31.0,0.0,11.1,1016.6,0,0,59,6,5,1,0,0,0,1.0,6.123233995736766e-17,34.33492114402926,37.96144976591867,114.66666666666667,64.5,1.1171869868698576
2025-11-15 07:00:00,R3,30.50482560697244,66,2,Local,True,27.1,23.0,31.0,0.0,11.1,1016.6,0,0,59,7,5,1,1,0,1,0.9659258262890684,-0.2588190451025206,31.925385354282188,36.20971719158342,99.66666666666667,33.0,0.762620640174311
2025-11-15 08:00:00,R3,25.54837631318544,70,2,Local,True,27.1,23.0,31.0,0.0,11.1,1016.6,0,0,59,8,5,1,1,0,1,0.8660254037844387,-0.4999999999999998,33.58022713165072,34.96804516818587,88.33333333333333,35.0,0.638709407829636
2025-11-15 09:00:00,R3,30.00674538986963,97,2,Local,True,27.1,23.0,31.0,0.0,11.1,1016.6,0,0,59,9,5,1,1,0,1,0.7071067811865476,-0.7071067811865475,28.6866491033425,31.51078512368588,77.66666666666667,48.5,0.7501686347467407
2025-11-15 10:00:00,R3,30.68234142991897,66,2,Local,True,27.1,23.0,31.0,0.0,11.1,1016.6,0,0,59,10,5,1,1,0,1,0.4999999999999999,-0.8660254037844387,28.745821044324675,30.335603199303435,77.66666666666667,33.0,0.7670585357479742
2025-11-15 11:00:00,R3,36.1998675155632,120,2,Local,True,27.1,23.0,31.0,0.0,11.1,1016.6,0,0,59,11,5,1,0,0,0,0.258819045102521,-0.9659258262890682,32.296318111783926,32.938272621717324,94.33333333333333,60.0,0.9049966878890799
2025-11-15 12:00:00,R3,40.12453429428978,145,2,Local,True,27.1,23.0,31.0,0.0,11.1,1016.6,0,0,59,12,5,1,0,0,0,1.2246467991473532e-16,-1.0,35.66891441325731,32.17778175829991,110.33333333333333,72.5,1.0031133573572446
2025-11-15 13:00:00,R3,36.145856913909306,144,2,Local,True,27.1,23.0,31.0,0.0,11.1,1016.6,0,0,59,13,5,1,0,0,0,-0.2588190451025208,-0.9659258262890684,37.49008624125409,33.11795364278939,136.33333333333334,72.0,0.9036464228477327
2025-11-15 14:00:00,R3,42.971465662966565,121,2,Local,True,27.1,23.0,31.0,0.0,11.1,1016.6,0,0,59,14,5,1,0,0,0,-0.4999999999999997,-0.8660254037844388,39.74728562372188,36.021801867752906,136.66666666666666,60.5,1.074286641574164
2025-11-15 15:00:00,R3,40.364730052268136,128,2,Local,True,27.1,23.0,31.0,0.0,11.1,1016.6,0,0,59,15,5,1,0,0,0,-0.7071067811865471,-0.7071067811865479,39.82735087638133,37.74813264481933,131.0,64.0,1.0091182513067034
2025-11-15 16:00:00,R3,33.366965961750736,138,2,Local,True,27.1,23.0,31.0,0.0,11.1,1016.6,0,0,59,16,5,1,0,0,0,-0.8660254037844384,-0.5000000000000004,38.90105389232847,38.195570066791284,129.0,69.0,0.8341741490437684
2025-11-15 17:00:00,R3,18.02843145024835,99,2,Local,True,27.1,23.0,31.0,0.0,11.1,1016.6,0,0,59,17,5,1,0,1,1,-0.9659258262890684,-0.2588190451025206,30.586709154755738,35.16699738923881,121.66666666666667,49.5,0.4507107862562087
2025-11-15 18:00:00,R3,28.725952555611187,79,2,Local,True,27.1,23.0,31.0,0.0,11.1,1016.6,0,0,59,18,5,1,0,1,1,-1.0,-1.8369701987210294e-16,26.707116655870085,33.26723376612571,105.33333333333333,39.5,0.7181488138902796
2025-11-15 19:00:00,R3,23.945383334841864,79,2,Local,True,27.1,23.0,31.0,0.0,11.1,1016.6,0,0,59,19,5,1,0,1,1,-0.9659258262890684,0.2588190451025203,23.56658911356713,31.233821502947805,85.66666666666667,39.5,0.5986345833710466
2025-11-15 20:00:00,R3,20.82783185061184,100,2,Local,True,27.1,23.0,31.0,0.0,11.1,1016.6,0,0,59,20,5,1,0,1,1,-0.8660254037844386,0.5000000000000001,24.49972258035496,27.54321586755535,86.0,50.0,0.520695796265296
2025-11-15 21:00:00,R3,32.66987523919113,103,2,Local,True,27.1,23.0,31.0,0.0,11.1,1016.6,0,0,59,21,5,1,0,0,0,-0.7071067811865477,0.7071067811865474,25.814363474881606,26.260740065375852,94.0,51.5,0.8167468809797782
2025-11-15 22:00:00,R3,32.164962934785606,147,2,Local,True,27.1,23.0,31.0,0.0,11.1,1016.6,0,0,59,22,5,1,0,0,0,-0.5000000000000004,0.8660254037844384,28.55422334152952,26.060406227548327,116.66666666666667,73.5,0.8041240733696402
2025-11-15 23:00:00,R3,40.90081686923702,121,2,Local,True,27.1,23.0,31.0,0.0,11.1,1016.6,0,0,59,23,5,1,0,0,0,-0.2588190451025215,0.965925826289068,35.24521834773791,29.872470464046444,123.66666666666667,60.5,1.0225204217309254
2025-11-16 00:00:00,R3,40.085809016119626,148,2,Local,True,27.4,23.0,33.0,0.0,11.2,1018.4,0,0,59,0,6,1,0,0,0,0.0,1.0,37.71719627338074,31.76577987413118,138.66666666666666,74.0,1.0021452254029906
2025-11-16 01:00:00,R3,41.15307780388766,115,2,Local,True,27.4,23.0,33.0,0.0,11.2,1018.4,0,0,59,1,6,1,0,0,0,0.2588190451025207,0.9659258262890684,40.713234563081436,34.63372895230548,128.0,57.5,1.0288269450971916
2025-11-16 02:00:00,R3,36.243677716454926,139,2,Local,True,27.4,23.0,33.0,0.0,11.2,1018.4,0,0,59,2,6,1,0,0,0,0.4999999999999999,0.8660254037844387,39.1608548454874,37.20303659661266,134.0,69.5,0.9060919429113732
2025-11-16 03:00:00,R3,38.48665151380415,107,2,Local,True,27.4,23.0,33.0,0.0,11.2,1018.4,0,0,59,3,6,1,0,0,0,0.7071067811865476,0.7071067811865476,38.627802344715576,38.17249930904816,120.33333333333333,53.5,0.9621662878451037
2025-11-16 04:00:00,R3,38.47550369128401,130,2,Local,True,27.4,23.0,33.0,0.0,11.2,1018.4,0,0,59,4,6,1,0,0,0,0.8660254037844386,0.5000000000000001,37.735277640514354,39.2242561017979,125.33333333333333,65.0,0.9618875922821003
2025-11-16 05:00:00,R3,44.61589990451832,109,2,Local,True,27.4,23.0,33.0,0.0,11.2,1018.4,0,0,59,5,6,1,0,0,0,0.9659258262890684,0.2588190451025207,40.52601836986883,39.84343660767812,115.33333333333333,54.5,1.1153974976129581
2025-11-16 06:00:00,R3,33.39010443932783,134,2,Local,True,27.4,23.0,33.0,0.0,11.2,1018.4,0,0,59,6,6,1,0,0,0,1.0,6.123233995736766e-17,38.82716934504338,38.72748584487948,124.33333333333333,67.0,0.8347526109831958
2025-11-16 07:00:00,R3,23.471814626610115,86,2,Local,True,27.4,23.0,33.0,0.0,11.2,1018.4,0,0,59,7,6,1,1,0,1,0.9659258262890684,-0.2588190451025206,33.825939656818754,35.78060864866656,109.66666666666667,43.0,0.5867953656652529
2025-11-16 08:00:00,R3,25.614495412573664,94,2,Local,True,27.4,23.0,33.0,0.0,11.2,1018.4,0,0,59,8,6,1,1,0,1,0.8660254037844387,-0.4999999999999998,27.492138159503867,34.009078264686345,104.66666666666667,47.0,0.6403623853143416
2025-11-16 09:00:00,R3,29.964365412368306,85,2,Local,True,27.4,23.0,33.0,0.0,11.2,1018.4,0,0,59,9,6,1,1,0,1,0.7071067811865476,-0.7071067811865475,26.350225150517357,32.588697247780374,88.33333333333333,42.5,0.7491091353092076
2025-11-16 10:00:00,R3,18.916167443265977,94,2,Local,True,27.4,23.0,33.0,0.0,11.2,1018.4,0,0,59,10,6,1,1,0,1,0.4999999999999999,-0.8660254037844387,24.831676089402645,29.3288078731107,91.0,47.0,0.4729041860816494
2025-11-16 11:00:00,R3,45.46182687908775,148,2,Local,True,27.4,23.0,33.0,0.0,11.2,1018.4,0,0,59,11,6,1,0,0,0,0.258819045102521,-0.9659258262890682,31.447453244907337,29.469795702205605,109.0,74.0,1.1365456719771938
2025-11-16 12:00:00,R3,44.66918616597538,144,2,Local,True,27.4,23.0,33.0,0.0,11.2,1018.4,0,0,59,12,6,1,0,0,0,1.2246467991473532e-16,-1.0,36.34906016277636,31.349642656646868,128.66666666666666,72.0,1.1167296541493845
2025-11-16 13:00:00,R3,37.11910467845795,100,2,Local,True,27.4,23.0,33.0,0.0,11.2,1018.4,0,0,59,13,6,1,0,0,0,-0.2588190451025208,-0.9659258262890684,42.41670590784036,33.62419099862151,130.66666666666666,50.0,0.9279776169614488
2025-11-16 14:00:00,R3,38.09382145644438,129,2,Local,True,27.4,23.0,33.0,0.0,11.2,1018.4,0,0,59,14,6,1,0,0,0,-0.4999999999999997,-0.8660254037844388,39.96070410029257,35.704078672599955,124.33333333333333,64.5,0.9523455364111095
2025-11-16 15:00:00,R3,38.59538893720729,147,2,Local,True,27.4,23.0,33.0,0.0,11.2,1018.4,0,0,59,15,6,1,0,0,0,-0.7071067811865471,-0.7071067811865479,37.936105024036536,37.14258259340646,125.33333333333333,73.5,0.9648847234301823
2025-11-16 16:00:00,R3,35.9463058433168,132,2,Local,True,27.4,23.0,33.0,0.0,11.2,1018.4,0,0,59,16,6,1,0,0,0,-0.8660254037844384,-0.5000000000000004,37.54517207898948,39.98093899341493,136.0,66.0,0.89865764608292
2025-11-16 17:00:00,R3,12.0623868490299,66,2,Local,True,27.4,23.0,33.0,0.0,11.2,1018.4,0,0,59,17,6,1,0,1,1,-0.9659258262890684,-0.2588190451025206,28.868027209851324,34.414365655071954,115.0,33.0,0.3015596712257475
2025-11-16 18:00:00,R3,19.0955785296896,86,2,Local,True,27.4,23.0,33.0,0.0,11.2,1018.4,0,0,59,18,6,1,0,1,1,-1.0,-1.8369701987210294e-16,22.36809040734543,30.152097715690985,94.66666666666667,43.0,0.47738946324224
2025-11-16 19:00:00,R3,25.175202258550915,61,2,Local,True,27.4,23.0,33.0,0.0,11.2,1018.4,0,0,59,19,6,1,0,1,1,-0.9659258262890684,0.2588190451025203,18.7777225457568,28.161447312373145,71.0,30.5,0.6293800564637728
2025-11-16 20:00:00,R3,26.04798484506681,84,2,Local,True,27.4,23.0,33.0,0.0,11.2,1018.4,0,0,59,20,6,1,0,1,1,-0.8660254037844386,0.5000000000000001,23.439588544435768,26.153807877143553,77.0,42.0,0.6511996211266703
2025-11-16 21:00:00,R3,41.2875394780406,108,2,Local,True,27.4,23.0,33.0,0.0,11.2,1018.4,0,0,59,21,6,1,0,0,0,-0.7071067811865477,0.7071067811865474,30.836908860552768,26.602499633949105,84.33333333333333,54.0,1.032188486951015
2025-11-16 22:00:00,R3,33.291910890362715,120,2,Local,True,27.4,23.0,33.0,0.0,11.2,1018.4,0,0,59,22,6,1,0,0,0,-0.5000000000000004,0.8660254037844384,33.54247840449003,26.160100475123425,104.0,60.0,0.8322977722590679
2025-11-16 23:00:00,R3,42.58492031335863,141,2,Local,True,27.4,23.0,33.0,0.0,11.2,1018.4,0,0,59,23,6,1,0,0,0,-0.2588190451025215,0.965925826289068,39.05479022725397,31.247189385844877,123.0,70.5,1.0646230078339658
2025-11-17 00:00:00,R3,40.55389397179117,146,2,Local,True,27.1,23.0,31.0,0.0,11.5,1018.9,0,0,59,0,0,0,0,0,0,0.0,1.0,38.81024172517083,34.82357529286181,135.66666666666666,73.0,1.0138473492947793
2025-11-17 01:00:00,R3,40.04840891478404,135,2,Local,True,27.1,23.0,31.0,0.0,11.5,1018.9,0,0,59,1,0,0,0,0,0,0.2588190451025207,0.9659258262890684,41.06240773331127,37.302443068900665,140.66666666666666,67.5,1.001210222869601
2025-11-17 02:00:00,R3,45.50001496478416,104,2,Local,True,27.1,23.0,31.0,0.0,11.5,1018.9,0,0,59,2,0,0,0,0,0,0.4999999999999999,0.8660254037844387,42.03410595045312,40.54444808885355,128.33333333333334,52.0,1.137500374119604
2025-11-17 03:00:00,R3,37.5160223356444,137,2,Local,True,27.1,23.0,31.0,0.0,11.5,1018.9,0,0,59,3,0,0,0,0,0,0.7071067811865476,0.7071067811865476,41.02148207173752,39.91586189845419,125.33333333333333,68.5,0.93790055839111
2025-11-17 04:00:00,R3,42.77460290319388,128,2,Local,True,27.1,23.0,31.0,0.0,11.5,1018.9,0,0,59,4,0,0,0,0,0,0.8660254037844386,0.5000000000000001,41.930213401207475,41.49631056725938,123.0,64.0,1.069365072579847
2025-11-17 05:00:00,R3,46.71261891321592,144,2,Local,True,27.1,23.0,31.0,0.0,11.5,1018.9,0,0,59,5,0,0,0,0,0,0.9659258262890684,0.2588190451025207,42.33441471735139,42.184260333902266,136.33333333333334,72.0,1.167815472830398
2025-11-17 06:00:00,R3,36.57114454756447,136,2,Local,True,27.1,23.0,31.0,0.0,11.5,1018.9,0,0,59,6,0,0,0,0,0,1.0,6.123233995736766e-17,42.01945545465808,41.52046876319781,136.0,68.0,0.9142786136891118
2025-11-17 07:00:00,R3,28.605314501233966,60,2,Local,True,27.1,23.0,31.0,0.0,11.5,1018.9,0,0,59,7,0,0,1,0,1,0.9659258262890684,-0.2588190451025206,37.29635932067145,39.61328636093946,113.33333333333333,30.0,0.7151328625308492
2025-11-17 08:00:00,R3,22.00858313653583,69,2,Local,True,27.1,23.0,31.0,0.0,11.5,1018.9,0,0,59,8,0,0,1,0,1,0.8660254037844387,-0.4999999999999998,29.061680728444752,35.698047722898075,88.33333333333333,34.5,0.5502145784133957
2025-11-17 09:00:00,R3,15.13631034270773,72,2,Local,True,27.1,23.0,31.0,0.0,11.5,1018.9,0,0,59,9,0,0,1,0,1,0.7071067811865476,-0.7071067811865475,21.916735993492505,31.968095724075297,67.0,36.0,0.37840775856769326
2025-11-17 10:00:00,R3,20.142436671572188,77,2,Local,True,27.1,23.0,31.0,0.0,11.5,1018.9,0,0,59,10,0,0,1,0,1,0.4999999999999999,-0.8660254037844387,19.095776716938577,28.19606801880502,72.66666666666667,38.5,0.5035609167893047
2025-11-17 11:00:00,R3,42.47963778420334,126,2,Local,True,27.1,23.0,31.0,0.0,11.5,1018.9,0,0,59,11,0,0,0,0,0,0.258819045102521,-0.9659258262890682,25.91946159949441,27.490571163969587,91.66666666666667,63.0,1.0619909446050835
2025-11-17 12:00:00,R3,41.80100245019194,109,2,Local,True,27.1,23.0,31.0,0.0,11.5,1018.9,0,0,59,12,0,0,0,0,0,1.2246467991473532e-16,-1.0,34.80769230198914,28.36221414774083,104.0,54.5,1.0450250612547984
2025-11-17 13:00:00,R3,36.59155189566421,137,2,Local,True,27.1,23.0,31.0,0.0,11.5,1018.9,0,0,59,13,0,0,0,0,0,-0.2588190451025208,-0.9659258262890684,40.29073071001982,29.69325371347921,124.0,68.5,0.9147887973916052
2025-11-17 14:00:00,R3,43.59820180541404,117,2,Local,True,27.1,23.0,31.0,0.0,11.5,1018.9,0,0,59,14,0,0,0,0,0,-0.4999999999999997,-0.8660254037844388,40.66358538375672,33.291523491625576,121.0,58.5,1.089955045135351
2025-11-17 15:00:00,R3,51.01233779519006,121,2,Local,True,27.1,23.0,31.0,0.0,11.5,1018.9,0,0,59,15,0,0,0,0,0,-0.7071067811865471,-0.7071067811865479,43.73403049875609,39.27086140037263,125.0,60.5,1.2753084448797514
2025-11-17 16:00:00,R3,45.24825612552741,124,2,Local,True,27.1,23.0,31.0,0.0,11.5,1018.9,0,0,59,16,0,0,0,0,0,-0.8660254037844384,-0.5000000000000004,46.61959857537716,43.4551646426985,120.66666666666667,62.0,1.1312064031381852
2025-11-17 17:00:00,R3,21.20311217080221,86,2,Local,True,27.1,23.0,31.0,0.0,11.5,1018.9,0,0,59,17,0,0,0,1,1,-0.9659258262890684,-0.2588190451025206,39.15456869717322,39.90907704046498,110.33333333333333,43.0,0.5300778042700552
2025-11-17 18:00:00,R3,28.94672072516752,108,2,Local,True,27.1,23.0,31.0,0.0,11.5,1018.9,0,0,59,18,0,0,0,1,1,-1.0,-1.8369701987210294e-16,31.79936300716571,37.76669675296091,106.0,54.0,0.723668018129188
2025-11-17 19:00:00,R3,22.06207127799972,82,2,Local,True,27.1,23.0,31.0,0.0,11.5,1018.9,0,0,59,19,0,0,0,1,1,-0.9659258262890684,0.2588190451025203,24.070634724656475,35.34511665001683,92.0,41.0,0.551551781949993
2025-11-17 20:00:00,R3,27.47134538762426,96,2,Local,True,27.1,23.0,31.0,0.0,11.5,1018.9,0,0,59,20,0,0,0,1,1,-0.8660254037844386,0.5000000000000001,26.16004579693049,32.65730724705186,95.33333333333333,48.0,0.6867836346906065
2025-11-17 21:00:00,R3,35.15319826474302,141,2,Local,True,27.1,23.0,31.0,0.0,11.5,1018.9,0,0,59,21,0,0,0,0,0,-0.7071067811865477,0.7071067811865474,28.22887164345566,30.014117325310693,106.33333333333333,70.5,0.8788299566185754
2025-11-17 22:00:00,R3,33.587731053122354,123,2,Local,True,27.1,23.0,31.0,0.0,11.5,1018.9,0,0,59,22,0,0,0,0,0,-0.5000000000000004,0.8660254037844384,32.070758235163204,28.070696479909845,120.0,61.5,0.8396932763280589
2025-11-17 23:00:00,R3,38.17843843180382,105,2,Local,True,27.1,23.0,31.0,0.0,11.5,1018.9,0,0,59,23,0,0,0,0,0,-0.2588190451025215,0.965925826289068,35.63978924988972,30.899917523410114,123.0,52.5,0.9544609607950955
2025-11-18 00:00:00,R3,46.52243161790945,144,2,Local,True,26.8,23.0,31.0,0.0,10.4,1016.3,0,0,59,0,1,0,0,0,0,0.0,1.0,39.4295337009452,33.82920267220044,124.0,72.0,1.1630607904477361
2025-11-18 01:00:00,R3,41.88923053279312,110,2,Local,True,26.8,23.0,31.0,0.0,10.4,1016.3,0,0,59,1,1,0,0,0,0,0.2588190451025207,0.9659258262890684,42.196700194168784,37.133729214666005,119.66666666666667,55.0,1.0472307633198281
2025-11-18 02:00:00,R3,37.694668362303965,108,2,Local,True,26.8,23.0,31.0,0.0,10.4,1016.3,0,0,59,2,1,0,0,0,0,0.4999999999999999,0.8660254037844387,42.035443504335504,38.83761637711262,120.66666666666667,54.0,0.9423667090575991
2025-11-18 03:00:00,R3,31.37323559142243,103,2,Local,True,26.8,23.0,31.0,0.0,10.4,1016.3,0,0,59,3,1,0,0,0,0,0.7071067811865476,0.7071067811865476,36.9857114955065,38.20762259822585,107.0,51.5,0.7843308897855608
2025-11-18 04:00:00,R3,44.49769091400523,138,2,Local,True,26.8,23.0,31.0,0.0,10.4,1016.3,0,0,59,4,1,0,0,0,0,0.8660254037844386,0.5000000000000001,37.855198289243866,40.025949241706336,116.33333333333333,69.0,1.1124422728501309
2025-11-18 05:00:00,R3,36.60938189756924,119,2,Local,True,26.8,23.0,31.0,0.0,10.4,1016.3,0,0,59,5,1,0,0,0,0,0.9659258262890684,0.2588190451025207,37.49343613433229,39.76443981933391,120.0,59.5,0.915234547439231
2025-11-18 06:00:00,R3,38.01579682355826,118,2,Local,True,26.8,23.0,31.0,0.0,10.4,1016.3,0,0,59,6,1,0,0,0,0,1.0,6.123233995736766e-17,39.7076232117109,38.346667353608716,125.0,59.0,0.9503949205889566
2025-11-18 07:00:00,R3,17.805967590894667,100,2,Local,True,26.8,23.0,31.0,0.0,10.4,1016.3,0,0,59,7,1,0,1,0,1,0.9659258262890684,-0.2588190451025206,30.810382104007385,34.33279019662563,112.33333333333333,50.0,0.44514918977236667
2025-11-18 08:00:00,R3,28.438993916395617,87,2,Local,True,26.8,23.0,31.0,0.0,10.4,1016.3,0,0,59,8,1,0,1,0,1,0.8660254037844387,-0.4999999999999998,28.08691944361617,32.79017778897424,101.66666666666667,43.5,0.7109748479098904
2025-11-18 09:00:00,R3,31.980577123177856,101,2,Local,True,26.8,23.0,31.0,0.0,10.4,1016.3,0,0,59,9,1,0,1,0,1,0.7071067811865476,-0.7071067811865475,26.07517954348937,32.89140137760015,96.0,50.5,0.7995144280794464
2025-11-18 10:00:00,R3,23.78765607338043,103,2,Local,True,26.8,23.0,31.0,0.0,10.4,1016.3,0,0,59,10,1,0,1,0,1,0.4999999999999999,-0.8660254037844387,28.069075704317957,29.439728904162678,97.0,51.5,0.5946914018345107
2025-11-18 11:00:00,R3,40.00089994669387,124,2,Local,True,26.8,23.0,31.0,0.0,10.4,1016.3,0,0,59,11,1,0,0,0,0,0.258819045102521,-0.9659258262890682,31.923044381084043,30.004981912350118,109.33333333333333,62.0,1.0000224986673467
2025-11-18 12:00:00,R3,46.4285713597543,113,2,Local,True,26.8,23.0,31.0,0.0,10.4,1016.3,0,0,59,12,1,0,0,0,0,1.2246467991473532e-16,-1.0,36.73904245994286,31.407111001716128,113.33333333333333,56.5,1.1607142839938576
2025-11-18 13:00:00,R3,37.28914705445972,109,2,Local,True,26.8,23.0,31.0,0.0,10.4,1016.3,0,0,59,13,1,0,0,0,0,-0.2588190451025208,-0.9659258262890684,41.239539453635956,34.65430757897696,115.33333333333333,54.5,0.932228676361493
2025-11-18 14:00:00,R3,40.44403959449739,129,2,Local,True,26.8,23.0,31.0,0.0,10.4,1016.3,0,0,59,14,1,0,0,0,0,-0.4999999999999997,-0.8660254037844388,41.387252669570465,36.65514852532726,117.0,64.5,1.0111009898624348
2025-11-18 15:00:00,R3,40.56956139104757,134,2,Local,True,26.8,23.0,31.0,0.0,10.4,1016.3,0,0,59,15,1,0,0,0,0,-0.7071067811865471,-0.7071067811865479,39.43424934666822,38.086645903305545,124.0,67.0,1.0142390347761894
2025-11-18 16:00:00,R3,34.510700248817514,141,2,Local,True,26.8,23.0,31.0,0.0,10.4,1016.3,0,0,59,16,1,0,0,0,0,-0.8660254037844384,-0.5000000000000004,38.50810041145415,39.873819932545054,134.66666666666666,70.5,0.8627675062204379
2025-11-18 17:00:00,R3,20.86028965370648,68,2,Local,True,26.8,23.0,31.0,0.0,10.4,1016.3,0,0,59,17,1,0,0,1,1,-0.9659258262890684,-0.2588190451025206,31.980183764523844,36.683718217047165,114.33333333333333,34.0,0.521507241342662
2025-11-18 18:00:00,R3,27.60898344486251,78,2,Local,True,26.8,23.0,31.0,0.0,10.4,1016.3,0,0,59,18,1,0,0,1,1,-1.0,-1.8369701987210294e-16,27.659991115795492,33.547120231231865,95.66666666666667,39.0,0.6902245861215628
2025-11-18 19:00:00,R3,21.73884798182544,98,2,Local,True,26.8,23.0,31.0,0.0,10.4,1016.3,0,0,59,19,1,0,0,1,1,-0.9659258262890684,0.2588190451025203,23.402707026798137,30.955403719126153,81.33333333333333,49.0,0.543471199545636
2025-11-18 20:00:00,R3,36.58617715242331,94,2,Local,True,26.8,23.0,31.0,0.0,10.4,1016.3,0,0,59,20,1,0,0,1,1,-0.8660254037844386,0.5000000000000001,28.64466952637041,30.312426645447136,90.0,47.0,0.9146544288105828
2025-11-18 21:00:00,R3,48.97204967689599,146,2,Local,True,26.8,23.0,31.0,0.0,10.4,1016.3,0,0,59,21,1,0,0,0,0,-0.7071067811865477,0.7071067811865474,35.765691603714906,31.712841359755206,112.66666666666667,73.0,1.2243012419223998
2025-11-18 22:00:00,R3,36.21692130789455,140,2,Local,True,26.8,23.0,31.0,0.0,10.4,1016.3,0,0,59,22,1,0,0,0,0,-0.5000000000000004,0.8660254037844384,40.59171604573794,31.997211536268043,126.66666666666667,70.0,0.9054230326973638
2025-11-18 23:00:00,R3,37.93878240422751,135,2,Local,True,26.8,23.0,31.0,0.0,10.4,1016.3,0,0,59,23,1,0,0,0,0,-0.2588190451025215,0.965925826289068,41.04258446300601,34.843626994688215,140.33333333333334,67.5,0.9484695601056877
2025-11-19 00:00:00,R3,38.000942629296965,109,2,Local,True,27.2,23.0,33.0,0.0,9.9,1015.0,0,0,59,0,2,0,0,0,0,0.0,1.0,37.385548780472995,36.57562019209396,128.0,54.5,0.9500235657324241
2025-11-19 01:00:00,R3,36.23912378110834,146,2,Local,True,27.2,23.0,33.0,0.0,9.9,1015.0,0,0,59,1,2,0,0,0,0,0.2588190451025207,0.9659258262890684,37.39294960487759,38.99233282530778,130.0,73.0,0.9059780945277085
2025-11-19 02:00:00,R3,38.44451847921886,147,2,Local,True,27.2,23.0,33.0,0.0,9.9,1015.0,0,0,59,2,2,0,0,0,0,0.4999999999999999,0.8660254037844387,37.561528296541375,39.302056379773695,134.0,73.5,0.9611129619804715
2025-11-19 03:00:00,R3,44.0010185013878,142,2,Local,True,27.2,23.0,33.0,0.0,9.9,1015.0,0,0,59,3,2,0,0,0,0,0.7071067811865476,0.7071067811865476,39.561553587238315,38.47355118385567,145.0,71.0,1.100025462534695
2025-11-19 04:00:00,R3,33.69857843499755,112,2,Local,True,27.2,23.0,33.0,0.0,9.9,1015.0,0,0,59,4,2,0,0,0,0,0.8660254037844386,0.5000000000000001,38.714705138534725,38.05382737170617,133.66666666666666,56.0,0.8424644608749388
2025-11-19 05:00:00,R3,40.21902217149566,141,2,Local,True,27.2,23.0,33.0,0.0,9.9,1015.0,0,0,59,5,2,0,0,0,0,0.9659258262890684,0.2588190451025207,39.306206369293655,38.43386733291753,131.66666666666666,70.5,1.0054755542873914
2025-11-19 06:00:00,R3,42.16753649688079,108,2,Local,True,27.2,23.0,33.0,0.0,9.9,1015.0,0,0,59,6,2,0,0,0,0,1.0,6.123233995736766e-17,38.69504570112466,39.1282996441815,120.33333333333333,54.0,1.0541884124220198
2025-11-19 07:00:00,R3,19.66393137514603,97,2,Local,True,27.2,23.0,33.0,0.0,9.9,1015.0,0,0,59,7,2,0,1,0,1,0.9659258262890684,-0.2588190451025206,34.016830014507484,36.365767576521115,115.33333333333333,48.5,0.4915982843786508
2025-11-19 08:00:00,R3,23.89786496554622,83,2,Local,True,27.2,23.0,33.0,0.0,9.9,1015.0,0,0,59,8,2,0,1,0,1,0.8660254037844387,-0.4999999999999998,28.576444279191005,33.94132532424234,96.0,41.5,0.5974466241386555
2025-11-19 09:00:00,R3,23.514850158720105,93,2,Local,True,27.2,23.0,33.0,0.0,9.9,1015.0,0,0,59,9,2,0,1,0,1,0.7071067811865476,-0.7071067811865475,22.358882166470778,30.526963933797727,91.0,46.5,0.5878712539680027
2025-11-19 10:00:00,R3,15.456601136798234,64,2,Local,True,27.2,23.0,33.0,0.0,9.9,1015.0,0,0,59,10,2,0,1,0,1,0.4999999999999999,-0.8660254037844387,20.956438753688175,27.48663438409784,80.0,32.0,0.38641502841995584
2025-11-19 11:00:00,R3,32.83000589475121,145,2,Local,True,27.2,23.0,33.0,0.0,9.9,1015.0,0,0,59,11,2,0,0,0,0,0.258819045102521,-0.9659258262890682,23.933819063423172,26.255131671307097,100.66666666666667,72.5,0.8207501473687803
2025-11-19 12:00:00,R3,49.10744626331354,140,2,Local,True,27.2,23.0,33.0,0.0,9.9,1015.0,0,0,59,12,2,0,0,0,0,1.2246467991473532e-16,-1.0,32.46468443162099,27.41178329904589,116.33333333333333,70.0,1.2276861565828385
2025-11-19 13:00:00,R3,37.50931631110556,111,2,Local,True,27.2,23.0,33.0,0.0,9.9,1015.0,0,0,59,13,2,0,0,0,0,-0.2588190451025208,-0.9659258262890684,39.81558948972343,30.386014121705813,132.0,55.5,0.937732907777639
2025-11-19 14:00:00,R3,47.70595317211716,127,2,Local,True,27.2,23.0,33.0,0.0,9.9,1015.0,0,0,59,14,2,0,0,0,0,-0.4999999999999997,-0.8660254037844388,44.77423858217875,34.35402882280097,126.0,63.5,1.1926488293029291
2025-11-19 15:00:00,R3,33.139600880830656,101,2,Local,True,27.2,23.0,33.0,0.0,9.9,1015.0,0,0,59,15,2,0,0,0,0,-0.7071067811865471,-0.7071067811865479,39.451623454684444,35.95815394315272,113.0,50.5,0.8284900220207664
2025-11-19 16:00:00,R3,35.15482216191797,127,2,Local,True,27.2,23.0,33.0,0.0,9.9,1015.0,0,0,59,16,2,0,0,0,0,-0.8660254037844384,-0.5000000000000004,38.66679207162192,39.24119078067269,118.33333333333333,63.5,0.8788705540479492
2025-11-19 17:00:00,R3,28.04949396564592,100,2,Local,True,27.2,23.0,33.0,0.0,9.9,1015.0,0,0,59,17,2,0,0,1,1,-0.9659258262890684,-0.2588190451025206,32.11463900279818,38.44443879248847,109.33333333333333,50.0,0.701237349141148
2025-11-19 18:00:00,R3,19.415847668335243,72,2,Local,True,27.2,23.0,33.0,0.0,9.9,1015.0,0,0,59,18,2,0,0,1,1,-1.0,-1.8369701987210294e-16,27.540054598633034,33.49583902665875,99.66666666666667,36.0,0.48539619170838105
2025-11-19 19:00:00,R3,24.71814421793967,61,2,Local,True,27.2,23.0,33.0,0.0,9.9,1015.0,0,0,59,19,2,0,0,1,1,-0.9659258262890684,0.2588190451025203,24.06116195064027,31.36397701113111,77.66666666666667,30.5,0.6179536054484918
2025-11-19 20:00:00,R3,23.79515977457933,94,2,Local,True,27.2,23.0,33.0,0.0,9.9,1015.0,0,0,59,20,2,0,0,1,1,-0.8660254037844386,0.5000000000000001,22.64305055361807,27.378844778208133,75.66666666666667,47.0,0.5948789943644832
2025-11-19 21:00:00,R3,43.82443962933115,106,2,Local,True,27.2,23.0,33.0,0.0,9.9,1015.0,0,0,59,21,2,0,0,0,0,-0.7071067811865477,0.7071067811865474,30.77924787395004,29.159651236291552,87.0,53.0,1.0956109907332787
2025-11-19 22:00:00,R3,41.22895046364113,133,2,Local,True,27.2,23.0,33.0,0.0,9.9,1015.0,0,0,59,22,2,0,0,0,0,-0.5000000000000004,0.8660254037844384,36.28284995585053,30.172005953245407,111.0,66.5,1.030723761591028
2025-11-19 23:00:00,R3,41.086159209429226,117,2,Local,True,27.2,23.0,33.0,0.0,9.9,1015.0,0,0,59,23,2,0,0,0,0,-0.2588190451025215,0.965925826289068,42.04651643413383,32.34478349387596,118.66666666666667,58.5,1.0271539802357306
2025-11-20 00:00:00,R3,31.67605346105114,104,2,Local,True,26.4,20.0,31.0,0.0,11.3,1016.5,0,0,59,0,3,0,0,0,0,0.0,1.0,37.99705437804049,34.38815112599527,118.0,52.0,0.7919013365262785
2025-11-20 01:00:00,R3,34.37092059375367,128,2,Local,True,26.4,20.0,31.0,0.0,11.3,1016.5,0,0,59,1,3,0,0,0,0,0.2588190451025207,0.9659258262890684,35.71104442141134,35.99694718863094,116.33333333333333,64.0,0.8592730148438417
2025-11-20 02:00:00,R3,34.8825864419095,133,2,Local,True,26.4,20.0,31.0,0.0,11.3,1016.5,0,0,59,2,3,0,0,0,0,0.4999999999999999,0.8660254037844387,33.643186832238094,37.844851633185975,121.66666666666667,66.5,0.8720646610477376
2025-11-20 03:00:00,R3,31.102905629209825,148,2,Local,True,26.4,20.0,31.0,0.0,11.3,1016.5,0,0,59,3,3,0,0,0,0,0.7071067811865476,0.7071067811865476,33.45213755495765,35.72459596649909,136.33333333333334,74.0,0.7775726407302457
2025-11-20 04:00:00,R3,35.22590592732395,108,2,Local,True,26.4,20.0,31.0,0.0,11.3,1016.5,0,0,59,4,3,0,0,0,0,0.8660254037844386,0.5000000000000001,33.73713266614775,34.72408854377955,129.66666666666666,54.0,0.8806476481830987
2025-11-20 05:00:00,R3,44.95305557663645,104,2,Local,True,26.4,20.0,31.0,0.0,11.3,1016.5,0,0,59,5,3,0,0,0,0,0.9659258262890684,0.2588190451025207,37.09395571105673,35.36857127164742,120.0,52.0,1.1238263894159113
2025-11-20 06:00:00,R3,44.37310636835131,142,2,Local,True,26.4,20.0,31.0,0.0,11.3,1016.5,0,0,59,6,3,0,0,0,0,1.0,6.123233995736766e-17,41.517355957437225,37.484746756197445,118.0,71.0,1.1093276592087826
2025-11-20 07:00:00,R3,19.68030588967388,98,2,Local,True,26.4,20.0,31.0,0.0,11.3,1016.5,0,0,59,7,3,0,1,0,1,0.9659258262890684,-0.2588190451025206,36.335489278220535,35.03631097218415,114.66666666666667,49.0,0.492007647241847
2025-11-20 08:00:00,R3,24.72211752804962,65,2,Local,True,26.4,20.0,31.0,0.0,11.3,1016.5,0,0,59,8,3,0,1,0,1,0.8660254037844387,-0.4999999999999998,29.591843262024927,33.34289948654084,101.66666666666667,32.5,0.6180529382012405
2025-11-20 09:00:00,R3,24.599404783349165,60,2,Local,True,26.4,20.0,31.0,0.0,11.3,1016.5,0,0,59,9,3,0,1,0,1,0.7071067811865476,-0.7071067811865475,23.000609400357547,32.25898267889739,74.33333333333333,30.0,0.6149851195837291
2025-11-20 10:00:00,R3,23.25376730979006,67,2,Local,True,26.4,20.0,31.0,0.0,11.3,1016.5,0,0,59,10,3,0,1,0,1,0.4999999999999999,-0.8660254037844387,24.191763207062937,30.26362624264175,64.0,33.5,0.5813441827447515
2025-11-20 11:00:00,R3,32.82182787743942,107,2,Local,True,26.4,20.0,31.0,0.0,11.3,1016.5,0,0,59,11,3,0,0,0,0,0.258819045102521,-0.9659258262890682,26.891666656859538,28.241754959442243,78.0,53.5,0.8205456969359854
2025-11-20 12:00:00,R3,44.78511196545912,118,2,Local,True,26.4,20.0,31.0,0.0,11.3,1016.5,0,0,59,12,3,0,0,0,0,1.2246467991473532e-16,-1.0,33.620235717562856,28.31042255896021,97.33333333333333,59.0,1.119627799136478
2025-11-20 13:00:00,R3,43.76497243994452,127,2,Local,True,26.4,20.0,31.0,0.0,11.3,1016.5,0,0,59,13,3,0,0,0,0,-0.2588190451025208,-0.9659258262890684,40.45730409428101,32.32453365067198,117.33333333333333,63.5,1.094124310998613
2025-11-20 14:00:00,R3,51.19224889862856,141,2,Local,True,26.4,20.0,31.0,0.0,11.3,1016.5,0,0,59,14,3,0,0,0,0,-0.4999999999999997,-0.8660254037844388,46.58077776801073,36.736222212435145,128.66666666666666,70.5,1.279806222465714
2025-11-20 15:00:00,R3,32.05352584741474,149,2,Local,True,26.4,20.0,31.0,0.0,11.3,1016.5,0,0,59,15,3,0,0,0,0,-0.7071067811865471,-0.7071067811865479,42.336915728662596,37.97857572311273,139.0,74.5,0.8013381461853685
2025-11-20 16:00:00,R3,40.097554008312656,118,2,Local,True,26.4,20.0,31.0,0.0,11.3,1016.5,0,0,59,16,3,0,0,0,0,-0.8660254037844384,-0.5000000000000004,41.11444291811864,40.785873506199835,136.0,59.0,1.0024388502078163
2025-11-20 17:00:00,R3,29.17803493453234,108,2,Local,True,26.4,20.0,31.0,0.0,11.3,1016.5,0,0,59,17,3,0,0,1,1,-0.9659258262890684,-0.2588190451025206,33.776371596753236,40.178574682381985,125.0,54.0,0.7294508733633085
2025-11-20 18:00:00,R3,14.157755779075316,89,2,Local,True,26.4,20.0,31.0,0.0,11.3,1016.5,0,0,59,18,3,0,0,1,1,-1.0,-1.8369701987210294e-16,27.81111490730676,35.074015317984696,105.0,44.5,0.3539438944768829
2025-11-20 19:00:00,R3,16.45704112485728,108,2,Local,True,26.4,20.0,31.0,0.0,11.3,1016.5,0,0,59,19,3,0,0,1,1,-0.9659258262890684,0.2588190451025203,19.93094394615497,30.52269343213682,101.66666666666667,54.0,0.41142602812143203
2025-11-20 20:00:00,R3,28.178863150977094,86,2,Local,True,26.4,20.0,31.0,0.0,11.3,1016.5,0,0,59,20,3,0,0,1,1,-0.8660254037844386,0.5000000000000001,19.597886684969883,26.687129140861572,94.33333333333333,43.0,0.7044715787744273
2025-11-20 21:00:00,R3,38.952682103055416,126,2,Local,True,26.4,20.0,31.0,0.0,11.3,1016.5,0,0,59,21,3,0,0,0,0,-0.7071067811865477,0.7071067811865474,27.862862126296587,27.836988516801682,106.66666666666667,63.0,0.9738170525763854
2025-11-20 22:00:00,R3,46.810318580075226,124,2,Local,True,26.4,20.0,31.0,0.0,11.3,1016.5,0,0,59,22,3,0,0,0,0,-0.5000000000000004,0.8660254037844384,37.9806212780359,28.955782612095447,112.0,62.0,1.1702579645018807
2025-11-20 23:00:00,R3,36.79518264244644,122,2,Local,True,26.4,20.0,31.0,0.0,11.3,1016.5,0,0,59,23,3,0,0,0,0,-0.2588190451025215,0.965925826289068,40.85272777519235,30.22530723008113,124.0,61.0,0.9198795660611611
2025-11-21 00:00:00,R3,46.57296666419743,115,2,Local,True,27.2,22.0,31.0,0.0,9.5,1017.4,0,0,59,0,4,0,0,0,0,0.0,1.0,43.39282262890635,35.62784237760148,120.33333333333333,57.5,1.1643241666049358
2025-11-21 01:00:00,R3,47.1257214079877,104,2,Local,True,27.2,22.0,31.0,0.0,9.5,1017.4,0,0,59,1,4,0,0,0,0,0.2588190451025207,0.9659258262890684,43.49795690487718,40.73928909145655,113.66666666666667,52.0,1.1781430351996924
2025-11-21 02:00:00,R3,47.37583214110846,139,2,Local,True,27.2,22.0,31.0,0.0,9.5,1017.4,0,0,59,2,4,0,0,0,0,0.4999999999999999,0.8660254037844387,47.024840071097856,43.93878392314511,119.33333333333333,69.5,1.1843958035277116
2025-11-21 03:00:00,R3,47.51522938937386,123,2,Local,True,27.2,22.0,31.0,0.0,9.5,1017.4,0,0,59,3,4,0,0,0,0,0.7071067811865476,0.7071067811865476,47.33892764615666,45.365875137531525,122.0,61.5,1.1878807347343465
2025-11-21 04:00:00,R3,36.78885151883266,134,2,Local,True,27.2,22.0,31.0,0.0,9.5,1017.4,0,0,59,4,4,0,0,0,0,0.8660254037844386,0.5000000000000001,43.893304349771654,43.69563062732442,132.0,67.0,0.9197212879708164
2025-11-21 05:00:00,R3,46.44085176179088,125,2,Local,True,27.2,22.0,31.0,0.0,9.5,1017.4,0,0,59,5,4,0,0,0,0,0.9659258262890684,0.2588190451025207,43.581644223332454,45.303242147215165,127.33333333333333,62.5,1.161021294044772
2025-11-21 06:00:00,R3,39.17244192169462,149,2,Local,True,27.2,22.0,31.0,0.0,9.5,1017.4,0,0,59,6,4,0,0,0,0,1.0,6.123233995736766e-17,40.80071506743938,44.06982135679803,136.0,74.5,0.9793110480423655
2025-11-21 07:00:00,R3,21.9955383113097,98,2,Local,True,27.2,22.0,31.0,0.0,9.5,1017.4,0,0,59,7,4,0,1,0,1,0.9659258262890684,-0.2588190451025206,35.86961066493172,39.8814575073517,124.0,49.0,0.5498884577827425
2025-11-21 08:00:00,R3,25.478007463572748,61,2,Local,True,27.2,22.0,31.0,0.0,9.5,1017.4,0,0,59,8,4,0,1,0,1,0.8660254037844387,-0.4999999999999998,28.881995898859014,36.23182006109574,102.66666666666667,30.5,0.6369501865893187
2025-11-21 09:00:00,R3,26.98663322924102,75,2,Local,True,27.2,22.0,31.0,0.0,9.5,1017.4,0,0,59,9,4,0,1,0,1,0.7071067811865476,-0.7071067811865475,24.820059668041143,32.81038736774027,78.0,37.5,0.6746658307310255
2025-11-21 10:00:00,R3,20.44195500880829,99,2,Local,True,27.2,22.0,31.0,0.0,9.5,1017.4,0,0,59,10,4,0,1,0,1,0.4999999999999999,-0.8660254037844387,24.30219856720734,30.08590461606954,78.33333333333333,49.5,0.5110488752202073
2025-11-21 11:00:00,R3,38.18046585389778,100,2,Local,True,27.2,22.0,31.0,0.0,9.5,1017.4,0,0,59,11,4,0,0,0,0,0.258819045102521,-0.9659258262890682,28.53635136398235,28.709173631420697,91.33333333333333,50.0,0.9545116463474445
2025-11-21 12:00:00,R3,31.402506253265464,131,2,Local,True,27.2,22.0,31.0,0.0,9.5,1017.4,0,0,59,12,4,0,0,0,0,1.2246467991473532e-16,-1.0,30.00830903865717,27.414184353349167,110.0,65.5,0.7850626563316366
2025-11-21 13:00:00,R3,33.97752742996535,137,2,Local,True,27.2,22.0,31.0,0.0,9.5,1017.4,0,0,59,13,4,0,0,0,0,-0.2588190451025208,-0.9659258262890684,34.520166512376186,29.411182539791778,122.66666666666667,68.5,0.8494381857491338
2025-11-21 14:00:00,R3,36.42476917301542,104,2,Local,True,27.2,22.0,31.0,0.0,9.5,1017.4,0,0,59,14,4,0,0,0,0,-0.4999999999999997,-0.8660254037844388,33.9349342854154,31.23564282469889,124.0,52.0,0.9106192293253855
2025-11-21 15:00:00,R3,34.1808799412426,148,2,Local,True,27.2,22.0,31.0,0.0,9.5,1017.4,0,0,59,15,4,0,0,0,0,-0.7071067811865471,-0.7071067811865479,34.86105884807446,32.43468394336582,129.66666666666666,74.0,0.854521998531065
2025-11-21 16:00:00,R3,54.77538136760674,108,2,Local,True,27.2,22.0,31.0,0.0,9.5,1017.4,0,0,59,16,4,0,0,0,0,-0.8660254037844384,-0.5000000000000004,41.793676827288245,38.15692166983223,120.0,54.0,1.3693845341901685
2025-11-21 17:00:00,R3,25.027225343838587,78,2,Local,True,27.2,22.0,31.0,0.0,9.5,1017.4,0,0,59,17,4,0,0,1,1,-0.9659258262890684,-0.2588190451025206,37.99449555089597,35.9647149181557,111.33333333333333,39.0,0.6256806335959647
2025-11-21 18:00:00,R3,19.166339910301616,74,2,Local,True,27.2,22.0,31.0,0.0,9.5,1017.4,0,0,59,18,4,0,0,1,1,-1.0,-1.8369701987210294e-16,32.98964887391564,33.92535386099505,86.66666666666667,37.0,0.4791584977575404
2025-11-21 19:00:00,R3,23.46695862205891,77,2,Local,True,27.2,22.0,31.0,0.0,9.5,1017.4,0,0,59,19,4,0,0,1,1,-0.9659258262890684,0.2588190451025203,22.553507958733032,32.173592393010644,76.33333333333333,38.5,0.5866739655514728
2025-11-21 20:00:00,R3,22.62988622381469,61,2,Local,True,27.2,22.0,31.0,0.0,9.5,1017.4,0,0,59,20,4,0,0,1,1,-0.8660254037844386,0.5000000000000001,21.754394918725065,29.874445234810523,70.66666666666667,30.5,0.5657471555953673
2025-11-21 21:00:00,R3,41.81631774945645,109,2,Local,True,27.2,22.0,31.0,0.0,9.5,1017.4,0,0,59,21,4,0,0,0,0,-0.7071067811865477,0.7071067811865474,29.30438753177668,31.14701820284617,82.33333333333333,54.5,1.0454079437364112
2025-11-21 22:00:00,R3,34.699292226503175,109,2,Local,True,27.2,22.0,31.0,0.0,9.5,1017.4,0,0,59,22,4,0,0,0,0,-0.5000000000000004,0.8660254037844384,33.0484987332581,27.80100334599557,93.0,54.5,0.8674823056625793
2025-11-21 23:00:00,R3,47.10890871784704,102,2,Local,True,27.2,22.0,31.0,0.0,9.5,1017.4,0,0,59,23,4,0,0,0,0,-0.2588190451025215,0.965925826289068,41.20817289793555,31.48128390833031,106.66666666666667,51.0,1.177722717946176
2025-11-22 00:00:00,R3,37.32207175975492,120,2,Local,True,26.9,21.0,33.0,0.0,9.1,1017.3,0,0,59,0,5,1,0,0,0,0.0,1.0,39.710090901368375,34.50723921657253,110.33333333333333,60.0,0.933051793993873
2025-11-22 01:00:00,R3,31.313365862487565,100,2,Local,True,26.9,21.0,33.0,0.0,9.1,1017.3,0,0,59,1,5,1,0,0,0,0.2588190451025207,0.9659258262890684,38.58144878002984,35.81497375664397,107.33333333333333,50.0,0.7828341465621891
2025-11-22 02:00:00,R3,46.66889277063597,116,2,Local,True,26.9,21.0,33.0,0.0,9.1,1017.3,0,0,59,2,5,1,0,0,0,0.4999999999999999,0.8660254037844387,38.43477679762615,39.821474847780856,112.0,58.0,1.1667223192658993
2025-11-22 03:00:00,R3,40.996749521896085,111,2,Local,True,26.9,21.0,33.0,0.0,9.1,1017.3,0,0,59,3,5,1,0,0,0,0.7071067811865476,0.7071067811865476,39.65966938500654,39.684880143187456,109.0,55.5,1.024918738047402
2025-11-22 04:00:00,R3,35.762691831830324,130,2,Local,True,26.9,21.0,33.0,0.0,9.1,1017.3,0,0,59,4,5,1,0,0,0,0.8660254037844386,0.5000000000000001,41.14277804145412,39.86211341074198,119.0,65.0,0.894067295795758
2025-11-22 05:00:00,R3,36.82658447177004,148,2,Local,True,26.9,21.0,33.0,0.0,9.1,1017.3,0,0,59,5,5,1,0,0,0,0.9659258262890684,0.2588190451025207,37.86200860849882,38.148392703062484,129.66666666666666,74.0,0.920664611794251
2025-11-22 06:00:00,R3,42.574895654384896,130,2,Local,True,26.9,21.0,33.0,0.0,9.1,1017.3,0,0,59,6,5,1,0,0,0,1.0,6.123233995736766e-17,38.38805731932842,39.02386335216748,136.0,65.0,1.0643723913596224
2025-11-22 07:00:00,R3,24.6134064850884,102,2,Local,True,26.9,21.0,33.0,0.0,9.1,1017.3,0,0,59,7,5,1,1,0,1,0.9659258262890684,-0.2588190451025206,34.671628870414445,37.90720345593429,126.66666666666667,51.0,0.6153351621272101
2025-11-22 08:00:00,R3,29.677477847314304,103,2,Local,True,26.9,21.0,33.0,0.0,9.1,1017.3,0,0,59,8,5,1,1,0,1,0.8660254037844387,-0.4999999999999998,32.28859332892919,35.07530096871401,111.66666666666667,51.5,0.7419369461828575
2025-11-22 09:00:00,R3,17.539939898504407,83,2,Local,True,26.9,21.0,33.0,0.0,9.1,1017.3,0,0,59,9,5,1,1,0,1,0.7071067811865476,-0.7071067811865475,23.94360807696903,31.165832698148733,96.0,41.5,0.43849849746261016
2025-11-22 10:00:00,R3,26.56044277648068,99,2,Local,True,26.9,21.0,33.0,0.0,9.1,1017.3,0,0,59,10,5,1,1,0,1,0.4999999999999999,-0.8660254037844387,24.592620174099793,29.63212452225712,95.0,49.5,0.664011069412017
2025-11-22 11:00:00,R3,44.51038670509565,134,2,Local,True,26.9,21.0,33.0,0.0,9.1,1017.3,0,0,59,11,5,1,0,0,0,0.258819045102521,-0.9659258262890682,29.53692312669357,30.91275822781139,105.33333333333333,67.0,1.1127596676273912
2025-11-22 12:00:00,R3,51.2655522864614,119,2,Local,True,26.9,21.0,33.0,0.0,9.1,1017.3,0,0,59,12,5,1,0,0,0,1.2246467991473532e-16,-1.0,40.778793922679235,32.36120099982414,117.33333333333333,59.5,1.281638807161535
2025-11-22 13:00:00,R3,43.56848228442142,142,2,Local,True,26.9,21.0,33.0,0.0,9.1,1017.3,0,0,59,13,5,1,0,0,0,-0.2588190451025208,-0.9659258262890684,46.44814042532615,35.520380299712976,131.66666666666666,71.0,1.0892120571105355
2025-11-22 14:00:00,R3,39.91119800796719,128,2,Local,True,26.9,21.0,33.0,0.0,9.1,1017.3,0,0,59,14,5,1,0,0,0,-0.4999999999999997,-0.8660254037844388,44.91507752628333,37.22600032648845,129.66666666666666,64.0,0.9977799501991796
2025-11-22 15:00:00,R3,43.81971369597292,138,2,Local,True,26.9,21.0,33.0,0.0,9.1,1017.3,0,0,59,15,5,1,0,0,0,-0.7071067811865471,-0.7071067811865479,42.433131329453836,41.60596262606654,136.0,69.0,1.095492842399323
2025-11-22 16:00:00,R3,46.92307457436783,110,2,Local,True,26.9,21.0,33.0,0.0,9.1,1017.3,0,0,59,16,5,1,0,0,0,-0.8660254037844384,-0.5000000000000004,43.55132875943597,44.99973459238107,125.33333333333333,55.0,1.1730768643591958
2025-11-22 17:00:00,R3,24.96449949184068,61,2,Local,True,26.9,21.0,33.0,0.0,9.1,1017.3,0,0,59,17,5,1,0,1,1,-0.9659258262890684,-0.2588190451025206,38.569095920727136,41.74208672350524,103.0,30.5,0.624112487296017
2025-11-22 18:00:00,R3,23.10889026625114,105,2,Local,True,26.9,21.0,33.0,0.0,9.1,1017.3,0,0,59,18,5,1,0,1,1,-1.0,-1.8369701987210294e-16,31.665488110819876,37.04930972013687,92.0,52.5,0.5777222566562785
2025-11-22 19:00:00,R3,25.173285083297586,100,2,Local,True,26.9,21.0,33.0,0.0,9.1,1017.3,0,0,59,19,5,1,0,1,1,-0.9659258262890684,0.2588190451025203,24.41555828046313,33.98344351994956,88.66666666666667,50.0,0.6293321270824397
2025-11-22 20:00:00,R3,34.26295633157616,94,2,Local,True,26.9,21.0,33.0,0.0,9.1,1017.3,0,0,59,20,5,1,0,1,1,-0.8660254037844386,0.5000000000000001,27.51504389370829,33.04206990721772,99.66666666666667,47.0,0.856573908289404
2025-11-22 21:00:00,R3,39.94542576695547,134,2,Local,True,26.9,21.0,33.0,0.0,9.1,1017.3,0,0,59,21,5,1,0,0,0,-0.7071067811865477,0.7071067811865474,33.127222393943065,32.396355252381476,109.33333333333333,67.0,0.9986356441738868
2025-11-22 22:00:00,R3,32.24007215431614,100,2,Local,True,26.9,21.0,33.0,0.0,9.1,1017.3,0,0,59,22,5,1,0,0,0,-0.5000000000000004,0.8660254037844384,35.482818084282584,29.949188182372865,109.33333333333333,50.0,0.8060018038579034
2025-11-22 23:00:00,R3,36.162350091119286,107,2,Local,True,26.9,21.0,33.0,0.0,9.1,1017.3,0,0,59,23,5,1,0,0,0,-0.2588190451025215,0.965925826289068,36.115949337463626,31.815496615585968,113.66666666666667,53.5,0.9040587522779822
2025-11-23 00:00:00,R3,39.3469978114351,121,2,Local,True,26.6,21.0,32.0,0.0,8.8,1016.9,0,0,59,0,6,1,0,0,0,0.0,1.0,35.91647335229016,34.52184787311662,109.33333333333333,60.5,0.9836749452858775
2025-11-23 01:00:00,R3,42.79506089523056,127,2,Local,True,26.6,21.0,32.0,0.0,8.8,1016.9,0,0,59,1,6,1,0,0,0,0.2588190451025207,0.9659258262890684,39.43480293259498,37.45881050843879,118.33333333333333,63.5,1.069876522380764
2025-11-23 02:00:00,R3,47.53084940225638,127,2,Local,True,26.6,21.0,32.0,0.0,8.8,1016.9,0,0,59,2,6,1,0,0,0,0.4999999999999999,0.8660254037844387,43.22430270297401,39.670126020218824,125.0,63.5,1.1882712350564095
2025-11-23 03:00:00,R3,49.12782688554247,115,2,Local,True,26.6,21.0,32.0,0.0,8.8,1016.9,0,0,59,3,6,1,0,0,0,0.7071067811865476,0.7071067811865476,46.48457906100979,41.20052620664999,123.0,57.5,1.2281956721385616
2025-11-23 04:00:00,R3,47.58278445278423,120,2,Local,True,26.6,21.0,32.0,0.0,8.8,1016.9,0,0,59,4,6,1,0,0,0,0.8660254037844386,0.5000000000000001,48.080486913527686,43.75764492306134,120.66666666666667,60.0,1.1895696113196057
2025-11-23 05:00:00,R3,43.75521839752805,109,2,Local,True,26.6,21.0,32.0,0.0,8.8,1016.9,0,0,59,5,6,1,0,0,0,0.9659258262890684,0.2588190451025207,46.821943245284906,45.02312297412947,114.66666666666667,54.5,1.0938804599382013
2025-11-23 06:00:00,R3,47.091618806846895,125,2,Local,True,26.6,21.0,32.0,0.0,8.8,1016.9,0,0,59,6,6,1,0,0,0,1.0,6.123233995736766e-17,46.143207219053046,46.31389314003143,118.0,62.5,1.1772904701711724
2025-11-23 07:00:00,R3,21.966829368717463,84,2,Local,True,26.6,21.0,32.0,0.0,8.8,1016.9,0,0,59,7,6,1,1,0,1,0.9659258262890684,-0.2588190451025206,37.60455552436412,42.84252121894591,106.0,42.0,0.5491707342179366
2025-11-23 08:00:00,R3,27.08549835358621,88,2,Local,True,26.6,21.0,32.0,0.0,8.8,1016.9,0,0,59,8,6,1,1,0,1,0.8660254037844387,-0.4999999999999998,32.04798217638352,39.43496271083422,99.0,44.0,0.6771374588396553
2025-11-23 09:00:00,R3,25.56159813178149,70,2,Local,True,26.6,21.0,32.0,0.0,8.8,1016.9,0,0,59,9,6,1,1,0,1,0.7071067811865476,-0.7071067811865475,24.87130861802838,35.50725791854072,80.66666666666667,35.0,0.6390399532945372
2025-11-23 10:00:00,R3,17.000629230223804,85,2,Local,True,26.6,21.0,32.0,0.0,8.8,1016.9,0,0,59,10,6,1,1,0,1,0.4999999999999999,-0.8660254037844387,23.21590857186383,30.410232048113983,81.0,42.5,0.4250157307555951
2025-11-23 11:00:00,R3,44.32406636916059,100,2,Local,True,26.6,21.0,32.0,0.0,8.8,1016.9,0,0,59,11,6,1,0,0,0,0.258819045102521,-0.9659258262890682,28.96209791038862,30.505040043386078,85.0,50.0,1.1081016592290147
2025-11-23 12:00:00,R3,45.89158410270289,101,2,Local,True,26.6,21.0,32.0,0.0,8.8,1016.9,0,0,59,12,6,1,0,0,0,1.2246467991473532e-16,-1.0,35.738759900695754,30.305034259362078,95.33333333333333,50.5,1.1472896025675723
2025-11-23 13:00:00,R3,37.990605608531816,109,2,Local,True,26.6,21.0,32.0,0.0,8.8,1016.9,0,0,59,13,6,1,0,0,0,-0.2588190451025208,-0.9659258262890684,42.735418693465085,32.97566363266447,103.33333333333333,54.5,0.9497651402132954
2025-11-23 14:00:00,R3,38.67207715469856,125,2,Local,True,26.6,21.0,32.0,0.0,8.8,1016.9,0,0,59,14,6,1,0,0,0,-0.4999999999999997,-0.8660254037844388,40.851422288644414,34.906760099516525,111.66666666666667,62.5,0.9668019288674641
2025-11-23 15:00:00,R3,38.68152964394432,102,2,Local,True,26.6,21.0,32.0,0.0,8.8,1016.9,0,0,59,15,6,1,0,0,0,-0.7071067811865471,-0.7071067811865479,38.448070802391555,37.09341535154366,112.0,51.0,0.967038241098608
2025-11-23 16:00:00,R3,39.03412697288013,139,2,Local,True,26.6,21.0,32.0,0.0,8.8,1016.9,0,0,59,16,6,1,0,0,0,-0.8660254037844384,-0.5000000000000004,38.79591125717433,40.765664975319716,122.0,69.5,0.9758531743220032
2025-11-23 17:00:00,R3,29.084699439512818,68,2,Local,True,26.6,21.0,32.0,0.0,8.8,1016.9,0,0,59,17,6,1,0,1,1,-0.9659258262890684,-0.2588190451025206,35.60011868544575,38.22577048704509,103.0,34.0,0.7271174859878204
2025-11-23 18:00:00,R3,20.639067649515752,84,2,Local,True,26.6,21.0,32.0,0.0,8.8,1016.9,0,0,59,18,6,1,0,1,1,-1.0,-1.8369701987210294e-16,29.58596468730289,34.01701774484724,97.0,42.0,0.5159766912378938
2025-11-23 19:00:00,R3,23.43232804621383,64,2,Local,True,26.6,21.0,32.0,0.0,8.8,1016.9,0,0,59,19,6,1,0,1,1,-0.9659258262890684,0.2588190451025203,24.385365045080793,31.590638151127568,72.0,32.0,0.5858082011553457
2025-11-23 20:00:00,R3,17.607328298728746,60,2,Local,True,26.6,21.0,32.0,0.0,8.8,1016.9,0,0,59,20,6,1,0,1,1,-0.8660254037844386,0.5000000000000001,20.559574664819436,28.0798466751326,69.33333333333333,30.0,0.44018320746821865
2025-11-23 21:00:00,R3,42.02543932882213,144,2,Local,True,26.6,21.0,32.0,0.0,8.8,1016.9,0,0,59,21,6,1,0,0,0,-0.7071067811865477,0.7071067811865474,27.688365224588228,28.637164955945565,89.33333333333333,72.0,1.0506359832205532
2025-11-23 22:00:00,R3,38.73127599214648,132,2,Local,True,26.6,21.0,32.0,0.0,8.8,1016.9,0,0,59,22,6,1,0,0,0,-0.5000000000000004,0.8660254037844384,32.788014539899116,28.58668979248996,112.0,66.0,0.968281899803662
2025-11-23 23:00:00,R3,48.99639217973267,121,2,Local,True,26.6,21.0,32.0,0.0,8.8,1016.9,0,0,59,23,6,1,0,0,0,-0.2588190451025215,0.965925826289068,43.251035833567094,31.905305249193272,132.33333333333334,60.5,1.2249098044933169
2025-11-24 00:00:00,R3,36.3630128492034,134,2,Local,True,26.5,22.0,31.0,0.0,10.0,1016.7,0,0,59,0,0,0,0,0,0,0.0,1.0,41.36356034036084,34.525962782474544,129.0,67.0,0.909075321230085
2025-11-24 01:00:00,R3,41.66100436075513,116,2,Local,True,26.5,22.0,31.0,0.0,10.0,1016.7,0,0,59,1,0,0,0,0,0,0.2588190451025207,0.9659258262890684,42.3401364632304,37.56407550156476,123.66666666666667,58.0,1.0415251090188782
2025-11-24 02:00:00,R3,37.703196254181606,144,2,Local,True,26.5,22.0,31.0,0.0,10.0,1016.7,0,0,59,2,0,0,0,0,0,0.4999999999999999,0.8660254037844387,38.57573782138004,40.91338682747357,131.33333333333334,72.0,0.9425799063545401
2025-11-24 03:00:00,R3,43.49910821709928,119,2,Local,True,26.5,22.0,31.0,0.0,10.0,1016.7,0,0,59,3,0,0,0,0,0,0.7071067811865476,0.7071067811865476,40.95443627734534,41.15899830885309,126.33333333333333,59.5,1.087477705427482
2025-11-24 04:00:00,R3,36.9394614863593,139,2,Local,True,26.5,22.0,31.0,0.0,10.0,1016.7,0,0,59,4,0,0,0,0,0,0.8660254037844386,0.5000000000000001,39.38058865254673,40.860362557888564,134.0,69.5,0.9234865371589824
2025-11-24 05:00:00,R3,44.64512230204173,134,2,Local,True,26.5,22.0,31.0,0.0,10.0,1016.7,0,0,59,5,0,0,0,0,0,0.9659258262890684,0.2588190451025207,41.694564001833434,40.135150911606736,130.66666666666666,67.0,1.1161280575510433
2025-11-24 06:00:00,R3,37.99030121010372,100,2,Local,True,26.5,22.0,31.0,0.0,10.0,1016.7,0,0,59,6,0,0,0,0,0,1.0,6.123233995736766e-17,39.858294999501574,40.40636563842346,124.33333333333333,50.0,0.9497575302525931
2025-11-24 07:00:00,R3,20.194568798994712,81,2,Local,True,26.5,22.0,31.0,0.0,10.0,1016.7,0,0,59,7,0,0,1,0,1,0.9659258262890684,-0.2588190451025206,34.27666410371338,36.82862637813006,105.0,40.5,0.5048642199748679
2025-11-24 08:00:00,R3,26.95150626658876,94,2,Local,True,26.5,22.0,31.0,0.0,10.0,1016.7,0,0,59,8,0,0,1,0,1,0.8660254037844387,-0.4999999999999998,28.37879209189573,35.03667804686458,91.66666666666667,47.0,0.673787656664719
2025-11-24 09:00:00,R3,29.87185332039033,67,2,Local,True,26.5,22.0,31.0,0.0,10.0,1016.7,0,0,59,9,0,0,1,0,1,0.7071067811865476,-0.7071067811865475,25.672642795324595,32.76546889741309,80.66666666666667,33.5,0.7467963330097582
2025-11-24 10:00:00,R3,26.21348891387735,61,2,Local,True,26.5,22.0,31.0,0.0,10.0,1016.7,0,0,59,10,0,0,1,0,1,0.4999999999999999,-0.8660254037844387,27.678949500285473,30.977806801999435,74.0,30.5,0.6553372228469337
2025-11-24 11:00:00,R3,43.71785305512636,143,2,Local,True,26.5,22.0,31.0,0.0,10.0,1016.7,0,0,59,11,0,0,0,0,0,0.258819045102521,-0.9659258262890682,33.267731763131344,30.82326192751354,90.33333333333333,71.5,1.0929463263781591
2025-11-24 12:00:00,R3,40.48403493074772,111,2,Local,True,26.5,22.0,31.0,0.0,10.0,1016.7,0,0,59,12,0,0,0,0,0,1.2246467991473532e-16,-1.0,36.80512563325047,31.238884214287538,105.0,55.5,1.012100873268693
2025-11-24 13:00:00,R3,36.15615699001593,129,2,Local,True,26.5,22.0,31.0,0.0,10.0,1016.7,0,0,59,13,0,0,0,0,0,-0.2588190451025208,-0.9659258262890684,40.11934832529667,33.89914891279108,127.66666666666667,64.5,0.9039039247503983
2025-11-24 14:00:00,R3,37.80028115372751,125,2,Local,True,26.5,22.0,31.0,0.0,10.0,1016.7,0,0,59,14,0,0,0,0,0,-0.4999999999999997,-0.8660254037844388,38.14682435816371,35.70727806064753,121.66666666666667,62.5,0.9450070288431878
2025-11-24 15:00:00,R3,38.365866090832974,136,2,Local,True,26.5,22.0,31.0,0.0,10.0,1016.7,0,0,59,15,0,0,0,0,0,-0.7071067811865471,-0.7071067811865479,37.44076807819213,37.12294685572131,130.0,68.0,0.9591466522708243
2025-11-24 16:00:00,R3,43.01335449472714,111,2,Local,True,26.5,22.0,31.0,0.0,10.0,1016.7,0,0,59,16,0,0,0,0,0,-0.8660254037844384,-0.5000000000000004,39.726500579762536,39.92292445252961,124.0,55.5,1.0753338623681785
2025-11-24 17:00:00,R3,17.532625905564224,75,2,Local,True,26.5,22.0,31.0,0.0,10.0,1016.7,0,0,59,17,0,0,0,1,1,-0.9659258262890684,-0.2588190451025206,32.97061549704144,35.55871992760258,107.33333333333333,37.5,0.4383156476391056
2025-11-24 18:00:00,R3,23.14863199513545,108,2,Local,True,26.5,22.0,31.0,0.0,10.0,1016.7,0,0,59,18,0,0,0,1,1,-1.0,-1.8369701987210294e-16,27.898204131808935,32.66948610500054,98.0,54.0,0.5787157998783863
2025-11-24 19:00:00,R3,22.613429101782515,68,2,Local,True,26.5,22.0,31.0,0.0,10.0,1016.7,0,0,59,19,0,0,0,1,1,-0.9659258262890684,0.2588190451025203,21.09822900082739,30.41236479029497,83.66666666666667,34.0,0.5653357275445628
2025-11-24 20:00:00,R3,14.32540372787256,65,2,Local,True,26.5,22.0,31.0,0.0,10.0,1016.7,0,0,59,20,0,0,0,1,1,-0.8660254037844386,0.5000000000000001,20.029154941596836,26.499885219319143,80.33333333333333,32.5,0.358135093196814
2025-11-24 21:00:00,R3,39.63298622902259,128,2,Local,True,26.5,22.0,31.0,0.0,10.0,1016.7,0,0,59,21,0,0,0,0,0,-0.7071067811865477,0.7071067811865474,25.523939686225884,26.71107190901741,87.0,64.0,0.9908246557255648
2025-11-24 22:00:00,R3,31.515659138545235,139,2,Local,True,26.5,22.0,31.0,0.0,10.0,1016.7,0,0,59,22,0,0,0,0,0,-0.5000000000000004,0.8660254037844384,28.49134969848012,24.794789349653765,110.66666666666667,69.5,0.7878914784636308
2025-11-24 23:00:00,R3,42.66145157462384,136,2,Local,True,26.5,22.0,31.0,0.0,10.0,1016.7,0,0,59,23,0,0,0,0,0,-0.2588190451025215,0.965925826289068,37.93669898073055,28.982926961163695,134.33333333333334,68.0,1.066536289365596
2025-11-25 00:00:00,R3,41.87148576274669,130,2,Local,True,25.6,21.0,31.0,0.0,10.4,1017.2,0,0,59,0,1,0,0,0,0,0.0,1.0,38.68286549197192,32.1034025890989,135.0,65.0,1.0467871440686671
2025-11-25 01:00:00,R3,46.90442091401072,112,2,Local,True,25.6,21.0,31.0,0.0,10.4,1017.2,0,0,59,1,1,0,0,0,0,0.2588190451025207,0.9659258262890684,43.81245275046041,36.15190122447027,126.0,56.0,1.1726105228502681
2025-11-25 02:00:00,R3,33.891173131275536,113,2,Local,True,25.6,21.0,31.0,0.0,10.4,1017.2,0,0,59,2,1,0,0,0,0,0.4999999999999999,0.8660254037844387,40.88902660267764,39.4128627917041,118.33333333333333,56.5,0.8472793282818885
2025-11-25 03:00:00,R3,48.6647971496471,139,2,Local,True,25.6,21.0,31.0,0.0,10.4,1017.2,0,0,59,3,1,0,0,0,0,0.7071067811865476,0.7071067811865476,43.15346373164445,40.91816461180819,121.33333333333333,69.5,1.2166199287411774
2025-11-25 04:00:00,R3,40.41843130541581,111,2,Local,True,25.6,21.0,31.0,0.0,10.4,1017.2,0,0,59,4,1,0,0,0,0,0.8660254037844386,0.5000000000000001,40.99146719544614,42.40195997295328,121.0,55.5,1.0104607826353953
2025-11-25 05:00:00,R3,36.27557537728797,112,2,Local,True,25.6,21.0,31.0,0.0,10.4,1017.2,0,0,59,5,1,0,0,0,0,0.9659258262890684,0.2588190451025207,41.78626794411695,41.3376472733973,120.66666666666667,56.0,0.9068893844321992
2025-11-25 06:00:00,R3,38.773894695898335,137,2,Local,True,25.6,21.0,31.0,0.0,10.4,1017.2,0,0,59,6,1,0,0,0,0,1.0,6.123233995736766e-17,38.48930045953403,40.82138209558924,120.0,68.5,0.9693473673974584
2025-11-25 07:00:00,R3,24.840974228031826,91,2,Local,True,25.6,21.0,31.0,0.0,10.4,1017.2,0,0,59,7,1,0,1,0,1,0.9659258262890684,-0.2588190451025206,33.2968147670727,37.14414098125943,113.33333333333333,45.5,0.6210243557007956
2025-11-25 08:00:00,R3,31.27805580020748,61,2,Local,True,25.6,21.0,31.0,0.0,10.4,1017.2,0,0,59,8,1,0,1,0,1,0.8660254037844387,-0.4999999999999998,31.630974908045875,36.70862142608142,96.33333333333333,30.5,0.781951395005187
2025-11-25 09:00:00,R3,24.371718341131302,73,2,Local,True,25.6,21.0,31.0,0.0,10.4,1017.2,0,0,59,9,1,0,1,0,1,0.7071067811865476,-0.7071067811865475,26.830249456456865,32.65977495799545,75.0,36.5,0.6092929585282826
2025-11-25 10:00:00,R3,23.47629272156002,103,2,Local,True,25.6,21.0,31.0,0.0,10.4,1017.2,0,0,59,10,1,0,1,0,1,0.4999999999999999,-0.8660254037844387,26.375355620966264,29.83608519401949,79.0,51.5,0.5869073180390005
2025-11-25 11:00:00,R3,43.999923276153375,107,2,Local,True,25.6,21.0,31.0,0.0,10.4,1017.2,0,0,59,11,1,0,0,0,0,0.258819045102521,-0.9659258262890682,30.615978112948227,31.123476510497056,94.33333333333333,53.5,1.0999980819038344
2025-11-25 12:00:00,R3,42.34479877438745,121,2,Local,True,25.6,21.0,31.0,0.0,10.4,1017.2,0,0,59,12,1,0,0,0,0,1.2246467991473532e-16,-1.0,36.60700492403361,31.718627190245243,110.33333333333333,60.5,1.0586199693596863
2025-11-25 13:00:00,R3,37.86310525433576,145,2,Local,True,25.6,21.0,31.0,0.0,10.4,1017.2,0,0,59,13,1,0,0,0,0,-0.2588190451025208,-0.9659258262890684,41.40260910162552,33.888982361295895,124.33333333333333,72.5,0.9465776313583939
2025-11-25 14:00:00,R3,41.09787509657682,142,2,Local,True,25.6,21.0,31.0,0.0,10.4,1017.2,0,0,59,14,1,0,0,0,0,-0.4999999999999997,-0.8660254037844388,40.435259708433335,35.52561891069079,136.0,71.0,1.0274468774144205
2025-11-25 15:00:00,R3,40.41097302012827,139,2,Local,True,25.6,21.0,31.0,0.0,10.4,1017.2,0,0,59,15,1,0,0,0,0,-0.7071067811865471,-0.7071067811865479,39.79065112368028,38.19882802385695,142.0,69.5,1.0102743255032067
2025-11-25 16:00:00,R3,40.62124629632867,109,2,Local,True,25.6,21.0,31.0,0.0,10.4,1017.2,0,0,59,16,1,0,0,0,0,-0.8660254037844384,-0.5000000000000004,40.71003147101125,41.05632028631839,130.0,54.5,1.0155311574082169
2025-11-25 17:00:00,R3,25.471176995766,85,2,Local,True,25.6,21.0,31.0,0.0,10.4,1017.2,0,0,59,17,1,0,0,1,1,-0.9659258262890684,-0.2588190451025206,35.50113210407431,37.968195906253825,111.0,42.5,0.6367794248941501
2025-11-25 18:00:00,R3,37.04543103890517,104,2,Local,True,25.6,21.0,31.0,0.0,10.4,1017.2,0,0,59,18,1,0,0,1,1,-1.0,-1.8369701987210294e-16,34.379284776999945,37.084967950340115,99.33333333333333,52.0,0.9261357759726293
2025-11-25 19:00:00,R3,28.77224601053124,60,2,Local,True,25.6,21.0,31.0,0.0,10.4,1017.2,0,0,59,19,1,0,0,1,1,-0.9659258262890684,0.2588190451025203,30.429618015067465,35.56982474303936,83.0,30.0,0.719306150263281
2025-11-25 20:00:00,R3,23.82674385014353,93,2,Local,True,25.6,21.0,31.0,0.0,10.4,1017.2,0,0,59,20,1,0,0,1,1,-0.8660254037844386,0.5000000000000001,29.88147363319331,32.69130286863381,85.66666666666667,46.5,0.5956685962535883
2025-11-25 21:00:00,R3,34.28507780777913,114,2,Local,True,25.6,21.0,31.0,0.0,10.4,1017.2,0,0,59,21,1,0,0,0,0,-0.7071067811865477,0.7071067811865474,28.961355889484633,31.67032033324229,89.0,57.0,0.8571269451944783
2025-11-25 22:00:00,R3,36.85939017768949,104,2,Local,True,25.6,21.0,31.0,0.0,10.4,1017.2,0,0,59,22,1,0,0,0,0,-0.5000000000000004,0.8660254037844384,31.65707061187071,31.043344313469095,103.66666666666667,52.0,0.9214847544422373
2025-11-25 23:00:00,R3,33.65072997807827,145,2,Local,True,25.6,21.0,31.0,0.0,10.4,1017.2,0,0,59,23,1,0,0,0,0,-0.2588190451025215,0.965925826289068,34.93173265451563,32.406603143854475,121.0,72.5,0.8412682494519567
2025-11-26 00:00:00,R3,39.24196648446267,126,2,Local,True,25.3,20.0,30.0,0.0,9.7,1016.5,0,0,59,0,2,0,0,0,0,0.0,1.0,36.58402888007681,32.77269238478072,125.0,63.0,0.9810491621115668
2025-11-26 01:00:00,R3,31.893052800054203,110,2,Local,True,25.3,20.0,30.0,0.0,9.7,1016.5,0,0,59,1,2,0,0,0,0,0.2588190451025207,0.9659258262890684,34.92858308753171,33.292826849701214,127.0,55.0,0.7973263200013551
2025-11-26 02:00:00,R3,39.24523799710487,149,2,Local,True,25.3,20.0,30.0,0.0,9.7,1016.5,0,0,59,2,2,0,0,0,0,0.4999999999999999,0.8660254037844387,36.79341909387391,35.86257587419477,128.33333333333334,74.5,0.9811309499276218
2025-11-26 03:00:00,R3,40.94437202646112,101,2,Local,True,25.3,20.0,30.0,0.0,9.7,1016.5,0,0,59,3,2,0,0,0,0,0.7071067811865476,0.7071067811865476,37.360887607873394,36.972458243975105,120.0,50.5,1.0236093006615279
2025-11-26 04:00:00,R3,41.04334954223024,133,2,Local,True,25.3,20.0,30.0,0.0,9.7,1016.5,0,0,59,4,2,0,0,0,0,0.8660254037844386,0.5000000000000001,40.41098652193207,37.6697848047319,127.66666666666667,66.5,1.026083738555756
2025-11-26 05:00:00,R3,44.4909852559883,114,2,Local,True,25.3,20.0,30.0,0.0,9.7,1016.5,0,0,59,5,2,0,0,0,0,0.9659258262890684,0.2588190451025207,42.15956894155988,39.476494017716895,116.0,57.0,1.1122746313997074
2025-11-26 06:00:00,R3,41.402670177521365,145,2,Local,True,25.3,20.0,30.0,0.0,9.7,1016.5,0,0,59,6,2,0,0,0,0,1.0,6.123233995736766e-17,42.312334991913296,39.83661129989335,130.66666666666666,72.5,1.035066754438034
2025-11-26 07:00:00,R3,16.69610318724235,107,2,Local,True,25.3,20.0,30.0,0.0,9.7,1016.5,0,0,59,7,2,0,1,0,1,0.9659258262890684,-0.2588190451025206,34.19658620691734,37.30378636442471,122.0,53.5,0.41740257968105876
2025-11-26 08:00:00,R3,15.504982578562132,108,2,Local,True,25.3,20.0,30.0,0.0,9.7,1016.5,0,0,59,8,2,0,1,0,1,0.8660254037844387,-0.4999999999999998,24.534585314441944,33.34707712800092,120.0,54.0,0.3876245644640533
2025-11-26 09:00:00,R3,26.456519758503635,83,2,Local,True,25.3,20.0,30.0,0.0,9.7,1016.5,0,0,59,9,2,0,1,0,1,0.7071067811865476,-0.7071067811865475,19.552535174769368,30.932435083341336,99.33333333333333,41.5,0.6614129939625909
2025-11-26 10:00:00,R3,26.48765856887408,85,2,Local,True,25.3,20.0,30.0,0.0,9.7,1016.5,0,0,59,10,2,0,1,0,1,0.4999999999999999,-0.8660254037844387,22.81638696864661,28.506486587781975,92.0,42.5,0.662191464221852
2025-11-26 11:00:00,R3,43.25850671323618,127,2,Local,True,25.3,20.0,30.0,0.0,9.7,1016.5,0,0,59,11,2,0,0,0,0,0.258819045102521,-0.9659258262890682,32.067561680204626,28.30107349732329,98.33333333333333,63.5,1.0814626678309045
2025-11-26 12:00:00,R3,43.03244534744773,105,2,Local,True,25.3,20.0,30.0,0.0,9.7,1016.5,0,0,59,12,2,0,0,0,0,1.2246467991473532e-16,-1.0,37.592870209852656,28.572702692311015,105.66666666666667,52.5,1.075811133686193
2025-11-26 13:00:00,R3,39.10848346452944,133,2,Local,True,25.3,20.0,30.0,0.0,9.7,1016.5,0,0,59,13,2,0,0,0,0,-0.2588190451025208,-0.9659258262890684,41.79981184173778,32.3080994051922,121.66666666666667,66.5,0.977712086613236
2025-11-26 14:00:00,R3,39.735915619059696,137,2,Local,True,25.3,20.0,30.0,0.0,9.7,1016.5,0,0,59,14,2,0,0,0,0,-0.4999999999999997,-0.8660254037844388,40.62561481034562,36.34658824527512,125.0,68.5,0.9933978904764924
2025-11-26 15:00:00,R3,49.621689368165846,139,2,Local,True,25.3,20.0,30.0,0.0,9.7,1016.5,0,0,59,15,2,0,0,0,0,-0.7071067811865471,-0.7071067811865479,42.82202948391832,40.207449846885496,136.33333333333334,69.5,1.240542234204146
2025-11-26 16:00:00,R3,39.25191656464256,126,2,Local,True,25.3,20.0,30.0,0.0,9.7,1016.5,0,0,59,16,2,0,0,0,0,-0.8660254037844384,-0.5000000000000004,42.86984051728936,42.33482617951358,134.0,63.0,0.981297914116064
2025-11-26 17:00:00,R3,28.48033591643571,102,2,Local,True,25.3,20.0,30.0,0.0,9.7,1016.5,0,0,59,17,2,0,0,1,1,-0.9659258262890684,-0.2588190451025206,39.117980616414705,39.87179771338017,122.33333333333333,51.0,0.7120083979108928
2025-11-26 18:00:00,R3,25.874577959390145,87,2,Local,True,25.3,20.0,30.0,0.0,9.7,1016.5,0,0,59,18,2,0,0,1,1,-1.0,-1.8369701987210294e-16,31.202276813489465,37.0121531487039,105.0,43.5,0.6468644489847536
2025-11-26 19:00:00,R3,28.8825777940108,86,2,Local,True,25.3,20.0,30.0,0.0,9.7,1016.5,0,0,59,19,2,0,0,1,1,-0.9659258262890684,0.2588190451025203,27.745830556612216,35.30783553695079,91.66666666666667,43.0,0.72206444485027
2025-11-26 20:00:00,R3,21.025150122748062,77,2,Local,True,25.3,20.0,30.0,0.0,9.7,1016.5,0,0,59,20,2,0,0,1,1,-0.8660254037844386,0.5000000000000001,25.260768625382997,32.18937462089885,83.33333333333333,38.5,0.5256287530687016
2025-11-26 21:00:00,R3,42.33656129413544,108,2,Local,True,25.3,20.0,30.0,0.0,9.7,1016.5,0,0,59,21,2,0,0,0,0,-0.7071067811865477,0.7071067811865474,30.748096403631433,30.975186608560453,90.33333333333333,54.0,1.0584140323533862
2025-11-26 22:00:00,R3,40.94907126937876,107,2,Local,True,25.3,20.0,30.0,0.0,9.7,1016.5,0,0,59,22,2,0,0,0,0,-0.5000000000000004,0.8660254037844384,34.770260895420755,31.258045726016487,97.33333333333333,53.5,1.023726781734469
2025-11-26 23:00:00,R3,38.46782277574008,116,2,Local,True,25.3,20.0,30.0,0.0,9.7,1016.5,0,0,59,23,2,0,0,0,0,-0.2588190451025215,0.965925826289068,40.58448511308476,32.92262686923388,110.33333333333333,58.0,0.9616955693935021
2025-11-27 00:00:00,R3,30.90879444474808,100,2,Local,True,25.2,21.0,29.0,0.0,8.8,1016.8,0,0,59,0,3,0,0,0,0,0.0,1.0,36.7752294966223,33.76166295012687,107.66666666666667,50.0,0.772719861118702
2025-11-27 01:00:00,R3,41.758745859527,118,2,Local,True,25.2,21.0,29.0,0.0,8.8,1016.8,0,0,59,1,3,0,0,0,0,0.2588190451025207,0.9659258262890684,37.045121026671715,35.907690961046235,111.33333333333333,59.0,1.043968646488175
2025-11-27 02:00:00,R3,38.77293823730054,117,2,Local,True,25.2,21.0,29.0,0.0,8.8,1016.8,0,0,59,2,3,0,0,0,0,0.4999999999999999,0.8660254037844387,37.1468261805252,38.86565564680498,111.66666666666667,58.5,0.9693234559325135
2025-11-27 03:00:00,R3,38.26193354472439,120,2,Local,True,25.2,21.0,29.0,0.0,8.8,1016.8,0,0,59,3,3,0,0,0,0,0.7071067811865476,0.7071067811865476,39.597872547183975,38.18655102190314,118.33333333333333,60.0,0.9565483386181098
2025-11-27 04:00:00,R3,36.55500818381074,115,2,Local,True,25.2,21.0,29.0,0.0,8.8,1016.8,0,0,59,4,3,0,0,0,0,0.8660254037844386,0.5000000000000001,37.863293321945214,37.45420717430847,117.33333333333333,57.5,0.9138752045952685
2025-11-27 05:00:00,R3,38.54954072250837,141,2,Local,True,25.2,21.0,29.0,0.0,8.8,1016.8,0,0,59,5,3,0,0,0,0,0.9659258262890684,0.2588190451025207,37.78882748368116,37.467826832103185,125.33333333333333,70.5,0.9637385180627092
2025-11-27 06:00:00,R3,38.998493946242014,145,2,Local,True,25.2,21.0,29.0,0.0,8.8,1016.8,0,0,59,6,3,0,0,0,0,1.0,6.123233995736766e-17,38.03434761752037,38.816110082352175,133.66666666666666,72.5,0.9749623486560504
2025-11-27 07:00:00,R3,23.568582840080232,79,2,Local,True,25.2,21.0,29.0,0.0,8.8,1016.8,0,0,59,7,3,0,1,0,1,0.9659258262890684,-0.2588190451025206,33.705539169610205,35.78441624577771,121.66666666666667,39.5,0.5892145710020058
2025-11-27 08:00:00,R3,29.3213157947305,104,2,Local,True,25.2,21.0,29.0,0.0,8.8,1016.8,0,0,59,8,3,0,1,0,1,0.8660254037844387,-0.4999999999999998,30.629464193684242,34.20914583868271,109.33333333333333,52.0,0.7330328948682625
2025-11-27 09:00:00,R3,16.21128616861537,104,2,Local,True,25.2,21.0,29.0,0.0,8.8,1016.8,0,0,59,9,3,0,1,0,1,0.7071067811865476,-0.7071067811865475,23.033728267808698,30.53403794266454,95.66666666666667,52.0,0.40528215421538427
2025-11-27 10:00:00,R3,16.599027906343345,62,2,Local,True,25.2,21.0,29.0,0.0,8.8,1016.8,0,0,59,10,3,0,1,0,1,0.4999999999999999,-0.8660254037844387,20.7105432898964,27.208041229753306,90.0,31.0,0.4149756976585836
2025-11-27 11:00:00,R3,39.12408899632196,110,2,Local,True,25.2,21.0,29.0,0.0,8.8,1016.8,0,0,59,11,3,0,0,0,0,0.258819045102521,-0.9659258262890682,23.978134357093552,27.3037992753889,92.0,55.0,0.978102224908049
2025-11-27 12:00:00,R3,41.394735761074266,100,2,Local,True,25.2,21.0,29.0,0.0,8.8,1016.8,0,0,59,12,3,0,0,0,0,1.2246467991473532e-16,-1.0,32.372617554579854,27.703172911194276,90.66666666666667,50.0,1.0348683940268566
2025-11-27 13:00:00,R3,36.42039905312663,117,2,Local,True,25.2,21.0,29.0,0.0,8.8,1016.8,0,0,59,13,3,0,0,0,0,-0.2588190451025208,-0.9659258262890684,38.97974127017428,29.845142280035343,109.0,58.5,0.9105099763281658
2025-11-27 14:00:00,R3,47.22220931875876,104,2,Local,True,25.2,21.0,29.0,0.0,8.8,1016.8,0,0,59,14,3,0,0,0,0,-0.4999999999999997,-0.8660254037844388,41.679114710986546,32.82862453404005,107.0,52.0,1.180555232968969
2025-11-27 15:00:00,R3,36.46416837179964,106,2,Local,True,25.2,21.0,29.0,0.0,8.8,1016.8,0,0,59,15,3,0,0,0,0,-0.7071067811865471,-0.7071067811865479,40.035592247895,36.204104901237436,109.0,53.0,0.911604209294991
2025-11-27 16:00:00,R3,41.2583773305115,119,2,Local,True,25.2,21.0,29.0,0.0,8.8,1016.8,0,0,59,16,3,0,0,0,0,-0.8660254037844384,-0.5000000000000004,41.64825167368996,40.31399647193212,109.66666666666667,59.5,1.0314594332627876
2025-11-27 17:00:00,R3,36.34328181965782,71,2,Local,True,25.2,21.0,29.0,0.0,8.8,1016.8,0,0,59,17,3,0,0,1,1,-0.9659258262890684,-0.2588190451025206,38.02194250732298,39.85052860915477,98.66666666666667,35.5,0.9085820454914455
2025-11-27 18:00:00,R3,30.75759129330152,69,2,Local,True,25.2,21.0,29.0,0.0,8.8,1016.8,0,0,59,18,3,0,0,1,1,-1.0,-1.8369701987210294e-16,36.1197501478236,38.07767119785931,86.33333333333333,34.5,0.768939782332538
2025-11-27 19:00:00,R3,27.24622159681562,69,2,Local,True,25.2,21.0,29.0,0.0,8.8,1016.8,0,0,59,19,3,0,0,1,1,-0.9659258262890684,0.2588190451025203,31.449031569924983,36.54864162180748,69.66666666666667,34.5,0.6811555399203905
2025-11-27 20:00:00,R3,24.124529317331508,102,2,Local,True,25.2,21.0,29.0,0.0,8.8,1016.8,0,0,59,20,3,0,0,1,1,-0.8660254037844386,0.5000000000000001,27.376114069149548,32.69902828823627,80.0,51.0,0.6031132329332877
2025-11-27 21:00:00,R3,29.474296804949915,114,2,Local,True,25.2,21.0,29.0,0.0,8.8,1016.8,0,0,59,21,3,0,0,0,0,-0.7071067811865477,0.7071067811865474,26.948349239699013,31.534049693761315,95.0,57.0,0.7368574201237479
2025-11-27 22:00:00,R3,43.26938663321968,110,2,Local,True,25.2,21.0,29.0,0.0,8.8,1016.8,0,0,59,22,3,0,0,0,0,-0.5000000000000004,0.8660254037844384,32.289404251833695,31.869217910879343,108.66666666666667,55.0,1.081734665830492
2025-11-27 23:00:00,R3,39.71251038028501,117,2,Local,True,25.2,21.0,29.0,0.0,8.8,1016.8,0,0,59,23,3,0,0,0,0,-0.2588190451025215,0.965925826289068,37.48539793948486,32.43075600431721,113.66666666666667,58.5,0.9928127595071252
2025-11-28 00:00:00,R3,38.67017311253067,149,2,Local,True,25.1,22.0,28.0,0.0,9.6,1017.8,0,0,59,0,4,0,0,0,0,0.0,1.0,40.55069004201178,33.749519640855404,125.33333333333333,74.5,0.9667543278132668
2025-11-28 01:00:00,R3,35.206193125623315,100,2,Local,True,25.1,22.0,28.0,0.0,9.6,1017.8,0,0,59,1,4,0,0,0,0,0.2588190451025207,0.9659258262890684,37.86295887281299,35.07618156232335,122.0,50.0,0.8801548281405829
2025-11-28 02:00:00,R3,35.49231767899102,147,2,Local,True,25.1,22.0,28.0,0.0,9.6,1017.8,0,0,59,2,4,0,0,0,0,0.4999999999999999,0.8660254037844387,36.45622797238166,36.97081295593327,132.0,73.5,0.8873079419747756
2025-11-28 03:00:00,R3,38.416814025066735,104,2,Local,True,25.1,22.0,28.0,0.0,9.6,1017.8,0,0,59,3,4,0,0,0,0,0.7071067811865476,0.7071067811865476,36.371774943227024,38.46123249261941,117.0,52.0,0.9604203506266684
2025-11-28 04:00:00,R3,37.37020599469286,132,2,Local,True,25.1,22.0,28.0,0.0,9.6,1017.8,0,0,59,4,4,0,0,0,0,0.8660254037844386,0.5000000000000001,37.093112566250205,37.4780357195316,127.66666666666667,66.0,0.9342551498673215
2025-11-28 05:00:00,R3,34.67601990154318,102,2,Local,True,25.1,22.0,28.0,0.0,9.6,1017.8,0,0,59,5,4,0,0,0,0,0.9659258262890684,0.2588190451025207,36.82101330710092,36.6386206397413,112.66666666666667,51.0,0.8669004975385795
2025-11-28 06:00:00,R3,44.65397707769684,113,2,Local,True,25.1,22.0,28.0,0.0,9.6,1017.8,0,0,59,6,4,0,0,0,0,1.0,6.123233995736766e-17,38.900067657977615,37.63592130060233,115.66666666666667,56.5,1.116349426942421
2025-11-28 07:00:00,R3,30.315288335061496,106,2,Local,True,25.1,22.0,28.0,0.0,9.6,1017.8,0,0,59,7,4,0,1,0,1,0.9659258262890684,-0.2588190451025206,36.5484284381005,36.82077050217536,107.0,53.0,0.7578822083765374
2025-11-28 08:00:00,R3,26.911197951497623,109,2,Local,True,25.1,22.0,28.0,0.0,9.6,1017.8,0,0,59,8,4,0,1,0,1,0.8660254037844387,-0.4999999999999998,33.96015445475198,35.39058388092646,109.33333333333333,54.5,0.6727799487874406
2025-11-28 09:00:00,R3,27.24713138862107,76,2,Local,True,25.1,22.0,28.0,0.0,9.6,1017.8,0,0,59,9,4,0,1,0,1,0.7071067811865476,-0.7071067811865475,28.157872558393393,33.52897010818551,97.0,38.0,0.6811782847155268
2025-11-28 10:00:00,R3,18.259883197972112,91,2,Local,True,25.1,22.0,28.0,0.0,9.6,1017.8,0,0,59,10,4,0,1,0,1,0.4999999999999999,-0.8660254037844387,24.139404179363595,30.343916308732048,92.0,45.5,0.4564970799493028
2025-11-28 11:00:00,R3,40.62553275528453,111,2,Local,True,25.1,22.0,28.0,0.0,9.6,1017.8,0,0,59,11,4,0,0,0,0,0.258819045102521,-0.9659258262890682,28.71084911395923,31.335501784355614,92.66666666666667,55.5,1.0156383188821132
2025-11-28 12:00:00,R3,46.371557029601874,149,2,Local,True,25.1,22.0,28.0,0.0,9.6,1017.8,0,0,59,12,4,0,0,0,0,1.2246467991473532e-16,-1.0,35.08565766095283,31.621765109673117,117.0,74.5,1.159288925740047
2025-11-28 13:00:00,R3,34.90293568938613,130,2,Local,True,25.1,22.0,28.0,0.0,9.6,1017.8,0,0,59,13,4,0,0,0,0,-0.2588190451025208,-0.9659258262890684,40.63334182475751,32.38637300206056,130.0,65.0,0.8725733922346534
2025-11-28 14:00:00,R3,42.82054946288206,113,2,Local,True,25.1,22.0,28.0,0.0,9.6,1017.8,0,0,59,14,4,0,0,0,0,-0.4999999999999997,-0.8660254037844388,41.36501406062335,35.0379315872913,130.66666666666666,56.5,1.0705137365720516
2025-11-28 15:00:00,R3,49.84083032135556,147,2,Local,True,25.1,22.0,28.0,0.0,9.6,1017.8,0,0,59,15,4,0,0,0,0,-0.7071067811865471,-0.7071067811865479,42.52143849120791,38.80354807608038,130.0,73.5,1.2460207580338891
2025-11-28 16:00:00,R3,38.88754805220818,100,2,Local,True,25.1,22.0,28.0,0.0,9.6,1017.8,0,0,59,16,4,0,0,0,0,-0.8660254037844384,-0.5000000000000004,43.84964261214859,42.241492218453054,120.0,50.0,0.9721887013052045
2025-11-28 17:00:00,R3,24.275534383419657,80,2,Local,True,25.1,22.0,28.0,0.0,9.6,1017.8,0,0,59,17,4,0,0,1,1,-0.9659258262890684,-0.2588190451025206,37.66797091899446,39.51649248980891,109.0,40.0,0.6068883595854915
2025-11-28 18:00:00,R3,24.06624721974272,92,2,Local,True,25.1,22.0,28.0,0.0,9.6,1017.8,0,0,59,18,4,0,0,1,1,-1.0,-1.8369701987210294e-16,29.07644321845685,35.79894085483239,90.66666666666667,46.0,0.6016561804935681
2025-11-28 19:00:00,R3,19.44523819726927,85,2,Local,True,25.1,22.0,28.0,0.0,9.6,1017.8,0,0,59,19,4,0,0,1,1,-0.9659258262890684,0.2588190451025203,22.595673266810547,33.222657939479575,85.66666666666667,42.5,0.48613095493173175
2025-11-28 20:00:00,R3,22.14860631235119,74,2,Local,True,25.1,22.0,28.0,0.0,9.6,1017.8,0,0,59,20,4,0,0,1,1,-0.8660254037844386,0.5000000000000001,21.88669724312106,29.777334081057763,83.66666666666667,37.0,0.5537151578087798
2025-11-28 21:00:00,R3,47.33618954249747,135,2,Local,True,25.1,22.0,28.0,0.0,9.6,1017.8,0,0,59,21,4,0,0,0,0,-0.7071067811865477,0.7071067811865474,29.643344684039306,29.359893951248083,98.0,67.5,1.1834047385624369
2025-11-28 22:00:00,R3,41.95087115289781,111,2,Local,True,25.1,22.0,28.0,0.0,9.6,1017.8,0,0,59,22,4,0,0,0,0,-0.5000000000000004,0.8660254037844384,37.145222335915484,29.870447801363017,106.66666666666667,55.5,1.0487717788224453
2025-11-28 23:00:00,R3,46.219400493458565,128,2,Local,True,25.1,22.0,28.0,0.0,9.6,1017.8,0,0,59,23,4,0,0,0,0,-0.2588190451025215,0.965925826289068,45.16882039628461,33.52775881970284,124.66666666666667,64.0,1.1554850123364642
2025-11-29 00:00:00,R3,34.28578930940509,116,2,Local,True,25.4,22.0,28.0,0.0,10.8,1016.8,0,0,59,0,5,1,0,0,0,0.0,1.0,40.81868698525381,35.23101583464657,118.33333333333333,58.0,0.8571447327351273
2025-11-29 01:00:00,R3,35.95792825285293,118,2,Local,True,25.4,22.0,28.0,0.0,10.8,1016.8,0,0,59,1,5,1,0,0,0,0.2588190451025207,0.9659258262890684,38.821039351905526,37.98313084391051,120.66666666666667,59.0,0.8989482063213232
2025-11-29 02:00:00,R3,48.46164670021615,122,2,Local,True,25.4,22.0,28.0,0.0,10.8,1016.8,0,0,59,2,5,1,0,0,0,0.4999999999999999,0.8660254037844387,39.568454754158054,42.368637575221335,118.66666666666667,61.0,1.2115411675054037
2025-11-29 03:00:00,R3,41.84412861085253,105,2,Local,True,25.4,22.0,28.0,0.0,10.8,1016.8,0,0,59,3,5,1,0,0,0,0.7071067811865476,0.7071067811865476,42.08790118797386,41.453294086613845,115.0,52.5,1.0461032152713132
2025-11-29 04:00:00,R3,38.39394760850432,118,2,Local,True,25.4,22.0,28.0,0.0,10.8,1016.8,0,0,59,4,5,1,0,0,0,0.8660254037844386,0.5000000000000001,42.899907639857666,40.8604734958816,115.0,59.0,0.959848690212608
2025-11-29 05:00:00,R3,37.82150262644199,143,2,Local,True,25.4,22.0,28.0,0.0,10.8,1016.8,0,0,59,5,5,1,0,0,0,0.9659258262890684,0.2588190451025207,39.353192948599606,39.460823851378834,122.0,71.5,0.9455375656610497
2025-11-29 06:00:00,R3,39.09455225278101,139,2,Local,True,25.4,22.0,28.0,0.0,10.8,1016.8,0,0,59,6,5,1,0,0,0,1.0,6.123233995736766e-17,38.4366674959091,40.26228434194149,133.33333333333334,69.5,0.9773638063195251
2025-11-29 07:00:00,R3,21.89468865517679,105,2,Local,True,25.4,22.0,28.0,0.0,10.8,1016.8,0,0,59,7,5,1,1,0,1,0.9659258262890684,-0.2588190451025206,32.93691451146659,37.91841107566213,129.0,52.5,0.5473672163794198
2025-11-29 08:00:00,R3,24.486718185691178,62,2,Local,True,25.4,22.0,28.0,0.0,10.8,1016.8,0,0,59,8,5,1,1,0,1,0.8660254037844387,-0.4999999999999998,28.49198636454965,33.92258965657464,102.0,31.0,0.6121679546422795
2025-11-29 09:00:00,R3,17.282210043355946,86,2,Local,True,25.4,22.0,28.0,0.0,10.8,1016.8,0,0,59,9,5,1,1,0,1,0.7071067811865476,-0.7071067811865475,21.22120562807463,29.82893656199187,84.33333333333333,43.0,0.43205525108389864
2025-11-29 10:00:00,R3,24.28237061700077,95,2,Local,True,25.4,22.0,28.0,0.0,10.8,1016.8,0,0,59,10,5,1,1,0,1,0.4999999999999999,-0.8660254037844387,22.01709961534929,27.47700706340795,81.0,47.5,0.6070592654250192
2025-11-29 11:00:00,R3,36.76410609677663,119,2,Local,True,25.4,22.0,28.0,0.0,10.8,1016.8,0,0,59,11,5,1,0,0,0,0.258819045102521,-0.9659258262890682,26.109562252377774,27.30077430846372,100.0,59.5,0.9191026524194157
2025-11-29 12:00:00,R3,36.10253225823593,139,2,Local,True,25.4,22.0,28.0,0.0,10.8,1016.8,0,0,59,12,5,1,0,0,0,1.2246467991473532e-16,-1.0,32.38300299067111,26.802104309372876,117.66666666666667,69.5,0.9025633064558983
2025-11-29 13:00:00,R3,40.46608025198461,121,2,Local,True,25.4,22.0,28.0,0.0,10.8,1016.8,0,0,59,13,5,1,0,0,0,-0.2588190451025208,-0.9659258262890684,37.77757286899905,29.897336242174177,126.33333333333333,60.5,1.0116520062996153
2025-11-29 14:00:00,R3,36.8534801075973,137,2,Local,True,25.4,22.0,28.0,0.0,10.8,1016.8,0,0,59,14,5,1,0,0,0,-0.4999999999999997,-0.8660254037844388,37.80736420593927,31.95846322915853,132.33333333333334,68.5,0.9213370026899325
2025-11-29 15:00:00,R3,31.57330814461396,127,2,Local,True,25.4,22.0,28.0,0.0,10.8,1016.8,0,0,59,15,5,1,0,0,0,-0.7071067811865471,-0.7071067811865479,36.297622834731946,34.340312912701535,128.33333333333334,63.5,0.789332703615349
2025-11-29 16:00:00,R3,33.56886385136242,112,2,Local,True,25.4,22.0,28.0,0.0,10.8,1016.8,0,0,59,16,5,1,0,0,0,-0.8660254037844384,-0.5000000000000004,33.99855070119123,35.88806178509514,125.33333333333333,56.0,0.8392215962840606
2025-11-29 17:00:00,R3,20.6112904981912,62,2,Local,True,25.4,22.0,28.0,0.0,10.8,1016.8,0,0,59,17,5,1,0,1,1,-0.9659258262890684,-0.2588190451025206,28.584487498055854,33.19592585199757,100.33333333333333,31.0,0.5152822624547799
2025-11-29 18:00:00,R3,24.41942122149849,74,2,Local,True,25.4,22.0,28.0,0.0,10.8,1016.8,0,0,59,18,5,1,0,1,1,-1.0,-1.8369701987210294e-16,26.199858523684032,31.248740679207998,82.66666666666667,37.0,0.6104855305374622
2025-11-29 19:00:00,R3,27.64089991937356,78,2,Local,True,25.4,22.0,28.0,0.0,10.8,1016.8,0,0,59,19,5,1,0,1,1,-0.9659258262890684,0.2588190451025203,24.22387054635441,29.111210623772823,71.33333333333333,39.0,0.691022497984339
2025-11-29 20:00:00,R3,26.66000646938317,75,2,Local,True,25.4,22.0,28.0,0.0,10.8,1016.8,0,0,59,20,5,1,0,1,1,-0.8660254037844386,0.5000000000000001,26.240109203418402,27.41229835073713,75.66666666666667,37.5,0.6665001617345793
2025-11-29 21:00:00,R3,40.71801811732049,127,2,Local,True,25.4,22.0,28.0,0.0,10.8,1016.8,0,0,59,21,5,1,0,0,0,-0.7071067811865477,0.7071067811865474,31.672974835359067,28.936416679521553,93.33333333333333,63.5,1.0179504529330123
2025-11-29 22:00:00,R3,39.05048673442384,145,2,Local,True,25.4,22.0,28.0,0.0,10.8,1016.8,0,0,59,22,5,1,0,0,0,-0.5000000000000004,0.8660254037844384,35.47617044037583,29.850020493365122,115.66666666666667,72.5,0.9762621683605961
2025-11-29 23:00:00,R3,38.754148472863626,129,2,Local,True,25.4,22.0,28.0,0.0,10.8,1016.8,0,0,59,23,5,1,0,0,0,-0.2588190451025215,0.965925826289068,39.50755110820265,32.87383015581053,133.66666666666666,64.5,0.9688537118215906
2025-11-30 00:00:00,R3,47.45192983218341,128,2,Local,True,25.0,20.0,29.0,0.0,9.0,1016.2,0,0,59,0,6,1,0,0,0,0.0,1.0,41.75218834649029,36.71258159092468,134.0,64.0,1.1862982458045852
2025-11-30 01:00:00,R3,42.63898282750797,146,2,Local,True,25.0,20.0,29.0,0.0,9.0,1016.2,0,0,59,1,6,1,0,0,0,0.2588190451025207,0.9659258262890684,42.948353710851656,39.21226207561375,134.33333333333334,73.0,1.065974570687699
2025-11-30 02:00:00,R3,43.23518936114312,130,2,Local,True,25.0,20.0,29.0,0.0,9.0,1016.2,0,0,59,2,6,1,0,0,0,0.4999999999999999,0.8660254037844387,44.44203400694483,41.97479255757374,134.66666666666666,65.0,1.080879734028578
2025-11-30 03:00:00,R3,50.124143449299,108,2,Local,True,25.0,20.0,29.0,0.0,9.0,1016.2,0,0,59,3,6,1,0,0,0,0.7071067811865476,0.7071067811865476,45.33277187931669,43.54248011290349,128.0,54.0,1.2531035862324749
2025-11-30 04:00:00,R3,45.58853996717245,121,2,Local,True,25.0,20.0,29.0,0.0,9.0,1016.2,0,0,59,4,6,1,0,0,0,0.8660254037844386,0.5000000000000001,46.31595759253818,44.63215565169494,119.66666666666667,60.5,1.1397134991793112
2025-11-30 05:00:00,R3,40.5082602850944,116,2,Local,True,25.0,20.0,29.0,0.0,9.0,1016.2,0,0,59,5,6,1,0,0,0,0.9659258262890684,0.2588190451025207,45.40698123385528,44.92450762040006,115.0,58.0,1.01270650712736
2025-11-30 06:00:00,R3,39.02599037250604,148,2,Local,True,25.0,20.0,29.0,0.0,9.0,1016.2,0,0,59,6,6,1,0,0,0,1.0,6.123233995736766e-17,41.70759687492429,43.5201843771205,128.33333333333334,74.0,0.975649759312651
2025-11-30 07:00:00,R3,23.473954971980948,96,2,Local,True,25.0,20.0,29.0,0.0,9.0,1016.2,0,0,59,7,6,1,1,0,1,0.9659258262890684,-0.2588190451025206,34.33606854319379,40.32601306786599,120.0,48.0,0.5868488742995237
2025-11-30 08:00:00,R3,23.48336799304141,69,2,Local,True,25.0,20.0,29.0,0.0,9.0,1016.2,0,0,59,8,6,1,1,0,1,0.8660254037844387,-0.4999999999999998,28.661104445842795,37.03404283984904,104.33333333333333,34.5,0.5870841998260352
2025-11-30 09:00:00,R3,24.365848639604483,106,2,Local,True,25.0,20.0,29.0,0.0,9.0,1016.2,0,0,59,9,6,1,1,0,1,0.7071067811865476,-0.7071067811865475,23.774390534875607,32.74099370489996,90.33333333333333,53.0,0.6091462159901121
2025-11-30 10:00:00,R3,21.752045124834883,109,2,Local,True,25.0,20.0,29.0,0.0,9.0,1016.2,0,0,59,10,6,1,1,0,1,0.4999999999999999,-0.8660254037844387,23.20042058582692,28.768244564510365,94.66666666666667,54.5,0.5438011281208721
2025-11-30 11:00:00,R3,43.77922641730406,106,2,Local,True,25.0,20.0,29.0,0.0,9.0,1016.2,0,0,59,11,6,1,0,0,0,0.258819045102521,-0.9659258262890682,29.965706727247806,29.3134055865453,107.0,53.0,1.0944806604326014
2025-11-30 12:00:00,R3,35.20219572614798,115,2,Local,True,25.0,20.0,29.0,0.0,9.0,1016.2,0,0,59,12,6,1,0,0,0,1.2246467991473532e-16,-1.0,33.5778224227623,28.676106478818962,110.0,57.5,0.8800548931536994
2025-11-30 13:00:00,R3,36.988124438057966,135,2,Local,True,25.0,20.0,29.0,0.0,9.0,1016.2,0,0,59,13,6,1,0,0,0,-0.2588190451025208,-0.9659258262890684,38.656515527169994,30.928468056498463,118.66666666666667,67.5,0.9247031109514492
2025-11-30 14:00:00,R3,41.69514585687021,116,2,Local,True,25.0,20.0,29.0,0.0,9.0,1016.2,0,0,59,14,6,1,0,0,0,-0.4999999999999997,-0.8660254037844388,37.96182200702538,33.9637643671366,122.0,58.0,1.0423786464217553
2025-11-30 15:00:00,R3,43.93855152521772,118,2,Local,True,25.0,20.0,29.0,0.0,9.0,1016.2,0,0,59,15,6,1,0,0,0,-0.7071067811865471,-0.7071067811865479,40.8739406067153,37.2258815147388,123.0,59.0,1.0984637881304429
2025-11-30 16:00:00,R3,44.73207190582725,124,2,Local,True,25.0,20.0,29.0,0.0,9.0,1016.2,0,0,59,16,6,1,0,0,0,-0.8660254037844384,-0.5000000000000004,43.45525642930505,41.055885978237534,119.33333333333333,62.0,1.1183017976456813
2025-11-30 17:00:00,R3,24.10951307798191,77,2,Local,True,25.0,20.0,29.0,0.0,9.0,1016.2,0,0,59,17,6,1,0,1,1,-0.9659258262890684,-0.2588190451025206,37.59337883634229,37.777600421683836,106.33333333333333,38.5,0.6027378269495477
2025-11-30 18:00:00,R3,26.636762676197847,106,2,Local,True,25.0,20.0,29.0,0.0,9.0,1016.2,0,0,59,18,6,1,0,1,1,-1.0,-1.8369701987210294e-16,31.826115886668997,36.35002824669215,102.33333333333333,53.0,0.6659190669049462
2025-11-30 19:00:00,R3,15.253768016545678,70,2,Local,True,25.0,20.0,29.0,0.0,9.0,1016.2,0,0,59,19,6,1,0,1,1,-0.9659258262890684,0.2588190451025203,22.000014590241808,32.72763550977343,84.33333333333333,35.0,0.3813442004136419
2025-11-30 20:00:00,R3,19.170940599068107,66,2,Local,True,25.0,20.0,29.0,0.0,9.0,1016.2,0,0,59,20,6,1,0,1,1,-0.8660254037844386,0.5000000000000001,20.353823763937203,28.97360130013975,80.66666666666667,33.0,0.4792735149767027
2025-11-30 21:00:00,R3,41.45902475970152,114,2,Local,True,25.0,20.0,29.0,0.0,9.0,1016.2,0,0,59,21,6,1,0,0,0,-0.7071067811865477,0.7071067811865474,25.29457779177176,28.560346839220387,83.33333333333333,57.0,1.036475618992538
2025-11-30 22:00:00,R3,32.218235015273194,120,2,Local,True,25.0,20.0,29.0,0.0,9.0,1016.2,0,0,59,22,6,1,0,0,0,-0.5000000000000004,0.8660254037844384,30.949400124680935,26.47470735746138,100.0,60.0,0.8054558753818298
2025-11-30 23:00:00,R3,36.79809849399356,134,2,Local,True,25.0,20.0,29.0,0.0,9.0,1016.2,0,0,59,23,6,1,0,0,0,-0.2588190451025215,0.965925826289068,36.82511942298942,28.589471593463315,122.66666666666667,67.0,0.919952462349839
2025-11-01 00:00:00,R4,64.12507731287239,144,3,Arterial,True,30.5,26.0,34.0,0.0,14.0,1013.0,0,0,59,0,5,1,0,0,0,0.0,1.0,64.12507731287239,64.12507731287239,144.0,48.0,1.0687512885478732
2025-11-01 01:00:00,R4,63.52607719015093,107,3,Arterial,True,30.5,26.0,34.0,0.0,14.0,1013.0,0,0,59,1,5,1,0,0,0,0.2588190451025207,0.9659258262890684,63.82557725151166,63.82557725151166,125.5,35.666666666666664,1.058767953169182
2025-11-01 02:00:00,R4,60.43372328382446,134,3,Arterial,True,30.5,26.0,34.0,0.0,14.0,1013.0,0,0,59,2,5,1,0,0,0,0.4999999999999999,0.8660254037844387,62.694959262282595,62.694959262282595,128.33333333333334,44.666666666666664,1.0072287213970743
2025-11-01 03:00:00,R4,58.88645224236526,110,3,Arterial,True,30.5,26.0,34.0,0.0,14.0,1013.0,0,0,59,3,5,1,0,0,0,0.7071067811865476,0.7071067811865476,60.94875090544688,61.74283250730326,117.0,36.666666666666664,0.9814408707060877
2025-11-01 04:00:00,R4,58.168779812869445,128,3,Arterial,True,30.5,26.0,34.0,0.0,14.0,1013.0,0,0,59,4,5,1,0,0,0,0.8660254037844386,0.5000000000000001,59.16298511301972,61.028021968416496,124.0,42.666666666666664,0.9694796635478241
2025-11-01 05:00:00,R4,58.348581118567616,101,3,Arterial,True,30.5,26.0,34.0,0.0,14.0,1013.0,0,0,59,5,5,1,0,0,0,0.9659258262890684,0.2588190451025207,58.46793772460077,60.581448493441684,113.0,33.666666666666664,0.9724763519761269
2025-11-01 06:00:00,R4,56.71661781742424,112,3,Arterial,True,30.5,26.0,34.0,0.0,14.0,1013.0,0,0,59,6,5,1,0,0,0,1.0,6.123233995736766e-17,57.744659582953766,59.34670524420033,113.66666666666667,37.333333333333336,0.9452769636237374
2025-11-01 07:00:00,R4,36.36276841996149,71,3,Arterial,True,30.5,26.0,34.0,0.0,14.0,1013.0,0,0,59,7,5,1,1,0,1,0.9659258262890684,-0.2588190451025206,50.475989118651114,54.819487115835415,94.66666666666667,23.666666666666668,0.6060461403326916
2025-11-01 08:00:00,R4,41.73953757422479,79,3,Arterial,True,30.5,26.0,34.0,0.0,14.0,1013.0,0,0,59,8,5,1,1,0,1,0.8660254037844387,-0.4999999999999998,44.93964127053684,51.703789497568806,87.33333333333333,26.333333333333332,0.6956589595704131
2025-11-01 09:00:00,R4,37.80489854459754,108,3,Arterial,True,30.5,26.0,34.0,0.0,14.0,1013.0,0,0,59,9,5,1,1,0,1,0.7071067811865476,-0.7071067811865475,38.63573484626128,48.190197214607515,86.0,36.0,0.630081642409959
2025-11-01 10:00:00,R4,42.8937389141848,83,3,Arterial,True,30.5,26.0,34.0,0.0,14.0,1013.0,0,0,59,10,5,1,1,0,1,0.4999999999999999,-0.8660254037844387,40.81272501100238,45.64435706482675,90.0,27.666666666666668,0.7148956485697467
2025-11-01 11:00:00,R4,53.24862311403103,115,3,Arterial,True,30.5,26.0,34.0,0.0,14.0,1013.0,0,0,59,11,5,1,0,0,0,0.258819045102521,-0.9659258262890682,44.64908685760446,44.794364064070656,102.0,38.333333333333336,0.8874770519005171
2025-11-01 12:00:00,R4,56.14820626789056,123,3,Arterial,True,30.5,26.0,34.0,0.0,14.0,1013.0,0,0,59,12,5,1,0,0,0,1.2246467991473532e-16,-1.0,50.7635227653688,44.69962880581503,107.0,41.0,0.935803437798176
2025-11-01 13:00:00,R4,64.82577687916317,130,3,Arterial,True,30.5,26.0,34.0,0.0,14.0,1013.0,0,0,59,13,5,1,0,0,0,-0.2588190451025208,-0.9659258262890684,58.074202087028254,49.44346354901531,122.66666666666667,43.333333333333336,1.0804296146527195
2025-11-01 14:00:00,R4,64.60697448296763,105,3,Arterial,True,30.5,26.0,34.0,0.0,14.0,1013.0,0,0,59,14,5,1,0,0,0,-0.4999999999999997,-0.8660254037844388,61.86031921000713,53.25470303380579,119.33333333333333,35.0,1.0767829080494604
2025-11-01 15:00:00,R4,62.95987639359464,124,3,Arterial,True,30.5,26.0,34.0,0.0,14.0,1013.0,0,0,59,15,5,1,0,0,0,-0.7071067811865471,-0.7071067811865479,64.13087591857516,57.447199341971974,119.66666666666667,41.333333333333336,1.0493312732265774
2025-11-01 16:00:00,R4,67.75559929361174,104,3,Arterial,True,30.5,26.0,34.0,0.0,14.0,1013.0,0,0,59,16,5,1,0,0,0,-0.8660254037844384,-0.5000000000000004,65.10748339005801,61.59084273854313,111.0,34.666666666666664,1.1292599882268624
2025-11-01 17:00:00,R4,33.3409460799032,76,3,Arterial,True,30.5,26.0,34.0,0.0,14.0,1013.0,0,0,59,17,5,1,0,1,1,-0.9659258262890684,-0.2588190451025206,54.68547392236985,58.272896566188486,101.33333333333333,25.333333333333332,0.5556824346650533
2025-11-01 18:00:00,R4,36.04482296152115,85,3,Arterial,True,30.5,26.0,34.0,0.0,14.0,1013.0,0,0,59,18,5,1,0,1,1,-1.0,-1.8369701987210294e-16,45.713789445012026,54.92233268179359,88.33333333333333,28.333333333333332,0.6007470493586858
2025-11-01 19:00:00,R4,34.31704114143797,74,3,Arterial,True,30.5,26.0,34.0,0.0,14.0,1013.0,0,0,59,19,5,1,0,1,1,-0.9659258262890684,0.2588190451025203,34.56760339428744,49.837543392172726,78.33333333333333,24.666666666666668,0.5719506856906328
2025-11-01 20:00:00,R4,33.323052941207074,87,3,Arterial,True,30.5,26.0,34.0,0.0,14.0,1013.0,0,0,59,20,5,1,0,1,1,-0.8660254037844386,0.5000000000000001,34.56163901472206,44.62355646854596,82.0,29.0,0.5553842156867845
2025-11-01 21:00:00,R4,62.19309166912863,100,3,Arterial,True,30.5,26.0,34.0,0.0,14.0,1013.0,0,0,59,21,5,1,0,0,0,-0.7071067811865477,0.7071067811865474,43.27772858392456,44.49575901446829,87.0,33.333333333333336,1.0365515278188104
2025-11-01 22:00:00,R4,54.07492250202139,113,3,Arterial,True,30.5,26.0,34.0,0.0,14.0,1013.0,0,0,59,22,5,1,0,0,0,-0.5000000000000004,0.8660254037844384,49.86368903745236,42.215646215869896,100.0,37.666666666666664,0.9012487083670231
2025-11-01 23:00:00,R4,58.081956700756,116,3,Arterial,True,30.5,26.0,34.0,0.0,14.0,1013.0,0,0,59,23,5,1,0,0,0,-0.2588190451025215,0.965925826289068,58.116656957302006,46.33914798601203,109.66666666666667,38.666666666666664,0.9680326116792667
2025-11-02 00:00:00,R4,61.17276420111305,113,3,Arterial,True,29.8,26.0,33.0,0.0,11.4,1013.6,0,0,59,0,6,1,0,0,0,0.0,1.0,57.77654780129681,50.527138192610686,114.0,37.666666666666664,1.0195460700185508
2025-11-02 01:00:00,R4,53.74119527382024,129,3,Arterial,True,29.8,26.0,33.0,0.0,11.4,1013.6,0,0,59,1,6,1,0,0,0,0.2588190451025207,0.9659258262890684,57.665305391896425,53.764497214674385,119.33333333333333,43.0,0.895686587897004
2025-11-02 02:00:00,R4,59.28666224817862,145,3,Arterial,True,29.8,26.0,33.0,0.0,11.4,1013.6,0,0,59,2,6,1,0,0,0,0.4999999999999999,0.8660254037844387,58.06687390770397,58.09176543250299,129.0,48.333333333333336,0.9881110374696437
2025-11-02 03:00:00,R4,64.68783409186041,100,3,Arterial,True,29.8,26.0,33.0,0.0,11.4,1013.6,0,0,59,3,6,1,0,0,0,0.7071067811865476,0.7071067811865476,59.23856387128643,58.50755583629162,124.66666666666667,33.333333333333336,1.0781305681976734
2025-11-02 04:00:00,R4,57.86612108644221,134,3,Arterial,True,29.8,26.0,33.0,0.0,11.4,1013.6,0,0,59,4,6,1,0,0,0,0.8660254037844386,0.5000000000000001,60.61353914216042,59.13942226702843,126.33333333333333,44.666666666666664,0.9644353514407036
2025-11-02 05:00:00,R4,61.8315067381857,107,3,Arterial,True,29.8,26.0,33.0,0.0,11.4,1013.6,0,0,59,5,6,1,0,0,0,0.9659258262890684,0.2588190451025207,61.461820638829444,59.76434727326671,113.66666666666667,35.666666666666664,1.030525112303095
2025-11-02 06:00:00,R4,57.348227871015226,116,3,Arterial,True,29.8,26.0,33.0,0.0,11.4,1013.6,0,0,59,6,6,1,0,0,0,1.0,6.123233995736766e-17,59.01528523188105,59.126924551583734,119.0,38.666666666666664,0.9558037978502537
2025-11-02 07:00:00,R4,42.279025000255245,107,3,Arterial,True,29.8,26.0,33.0,0.0,11.4,1013.6,0,0,59,7,6,1,1,0,1,0.9659258262890684,-0.2588190451025206,53.819586536485396,57.216562839322904,110.0,35.666666666666664,0.7046504166709208
2025-11-02 08:00:00,R4,42.36536856860591,104,3,Arterial,True,29.8,26.0,33.0,0.0,11.4,1013.6,0,0,59,8,6,1,1,0,1,0.8660254037844387,-0.4999999999999998,47.33087381329213,54.39634722606078,109.0,34.666666666666664,0.7060894761434319
2025-11-02 09:00:00,R4,34.1621502190176,88,3,Arterial,True,29.8,26.0,33.0,0.0,11.4,1013.6,0,0,59,9,6,1,1,0,1,0.7071067811865476,-0.7071067811865475,39.60218126262625,49.30873324725365,99.66666666666667,29.333333333333332,0.56936917031696
2025-11-02 10:00:00,R4,35.56684958429726,105,3,Arterial,True,29.8,26.0,33.0,0.0,11.4,1013.6,0,0,59,10,6,1,1,0,1,0.4999999999999999,-0.8660254037844387,37.36478945730693,45.592187996896165,99.0,35.0,0.5927808264049543
2025-11-02 11:00:00,R4,68.54466773056966,134,3,Arterial,True,29.8,26.0,33.0,0.0,11.4,1013.6,0,0,59,11,6,1,0,0,0,0.258819045102521,-0.9659258262890682,46.09122251129484,46.71104816229348,109.0,44.666666666666664,1.1424111288428276
2025-11-02 12:00:00,R4,52.50680526482168,132,3,Arterial,True,29.8,26.0,33.0,0.0,11.4,1013.6,0,0,59,12,6,1,0,0,0,1.2246467991473532e-16,-1.0,52.20610752656287,45.90414439459456,123.66666666666667,44.0,0.8751134210803613
2025-11-02 13:00:00,R4,60.43483959943352,124,3,Arterial,True,29.8,26.0,33.0,0.0,11.4,1013.6,0,0,59,13,6,1,0,0,0,-0.2588190451025208,-0.9659258262890684,60.495437531608296,48.93011349445761,130.0,41.333333333333336,1.0072473266572255
2025-11-02 14:00:00,R4,65.66887402455166,102,3,Arterial,True,29.8,26.0,33.0,0.0,11.4,1013.6,0,0,59,14,6,1,0,0,0,-0.4999999999999997,-0.8660254037844388,59.5368396296023,52.81403107044856,119.33333333333333,34.0,1.0944812337425276
2025-11-02 15:00:00,R4,49.00375980693868,130,3,Arterial,True,29.8,26.0,33.0,0.0,11.4,1013.6,0,0,59,15,6,1,0,0,0,-0.7071067811865471,-0.7071067811865479,58.36915781030796,55.28763266843541,118.66666666666667,43.333333333333336,0.8167293301156447
2025-11-02 16:00:00,R4,59.00334994973967,143,3,Arterial,True,29.8,26.0,33.0,0.0,11.4,1013.6,0,0,59,16,6,1,0,0,0,-0.8660254037844384,-0.5000000000000004,57.89199459374334,59.19371606267581,125.0,47.666666666666664,0.9833891658289945
2025-11-02 17:00:00,R4,33.617171697671786,104,3,Arterial,True,29.8,26.0,33.0,0.0,11.4,1013.6,0,0,59,17,6,1,0,1,1,-0.9659258262890684,-0.2588190451025206,47.208093818116716,53.372466723859496,125.66666666666667,34.666666666666664,0.5602861949611965
2025-11-02 18:00:00,R4,34.49098664242503,99,3,Arterial,True,29.8,26.0,33.0,0.0,11.4,1013.6,0,0,59,18,6,1,0,1,1,-1.0,-1.8369701987210294e-16,42.37050276327883,50.36983028679339,115.33333333333333,33.0,0.5748497773737504
2025-11-02 19:00:00,R4,39.30900575781793,84,3,Arterial,True,29.8,26.0,33.0,0.0,11.4,1013.6,0,0,59,19,6,1,0,1,1,-0.9659258262890684,0.2588190451025203,35.805721365971586,46.848857979857456,95.66666666666667,28.0,0.6551500959636322
2025-11-02 20:00:00,R4,31.65687593667152,78,3,Arterial,True,29.8,26.0,33.0,0.0,11.4,1013.6,0,0,59,20,6,1,0,1,1,-0.8660254037844386,0.5000000000000001,35.15228944563816,41.180191631877435,87.0,26.0,0.5276145989445253
2025-11-02 21:00:00,R4,58.18679133459845,100,3,Arterial,True,29.8,26.0,33.0,0.0,11.4,1013.6,0,0,59,21,6,1,0,0,0,-0.7071067811865477,0.7071067811865474,43.05089100969597,42.7106968864874,87.33333333333333,33.333333333333336,0.9697798555766409
2025-11-02 22:00:00,R4,59.317507359622894,108,3,Arterial,True,29.8,26.0,33.0,0.0,11.4,1013.6,0,0,59,22,6,1,0,0,0,-0.5000000000000004,0.8660254037844384,49.72039154363096,42.76305645480127,95.33333333333333,36.0,0.9886251226603816
2025-11-02 23:00:00,R4,60.60560065343512,120,3,Arterial,True,29.8,26.0,33.0,0.0,11.4,1013.6,0,0,59,23,6,1,0,0,0,-0.2588190451025215,0.965925826289068,59.36996644921882,47.26112794742849,109.33333333333333,40.0,1.0100933442239186
2025-11-03 00:00:00,R4,65.98361456175498,132,3,Arterial,True,29.1,25.0,32.0,0.0,13.3,1012.9,0,0,59,0,0,0,0,0,0,0.0,1.0,61.96890752493767,52.50989926731682,120.0,44.0,1.099726909362583
2025-11-03 01:00:00,R4,58.71650900911655,100,3,Arterial,True,29.1,25.0,32.0,0.0,13.3,1012.9,0,0,59,1,0,0,0,0,0,0.2588190451025207,0.9659258262890684,61.76857474143555,55.74448314253325,117.33333333333333,33.333333333333336,0.9786084834852758
2025-11-03 02:00:00,R4,59.39668042818123,108,3,Arterial,True,29.1,25.0,32.0,0.0,13.3,1012.9,0,0,59,2,0,0,0,0,0,0.4999999999999999,0.8660254037844387,61.365601333017594,60.3677838911182,113.33333333333333,36.0,0.9899446738030204
2025-11-03 03:00:00,R4,53.12351016461445,137,3,Arterial,True,29.1,25.0,32.0,0.0,13.3,1012.9,0,0,59,3,0,0,0,0,0,0.7071067811865476,0.7071067811865476,57.07889986730408,59.52390369612087,115.0,45.666666666666664,0.8853918360769075
2025-11-03 04:00:00,R4,58.859416746572414,148,3,Arterial,True,29.1,25.0,32.0,0.0,13.3,1012.9,0,0,59,4,0,0,0,0,0,0.8660254037844386,0.5000000000000001,57.12653577978938,59.44755526061246,131.0,49.333333333333336,0.9809902791095403
2025-11-03 05:00:00,R4,58.84387614911546,109,3,Arterial,True,29.1,25.0,32.0,0.0,13.3,1012.9,0,0,59,5,0,0,0,0,0,0.9659258262890684,0.2588190451025207,56.94226768676745,59.15393450989251,131.33333333333334,36.333333333333336,0.9807312691519243
2025-11-03 06:00:00,R4,48.659122163929325,118,3,Arterial,True,29.1,25.0,32.0,0.0,13.3,1012.9,0,0,59,6,0,0,0,0,0,1.0,6.123233995736766e-17,55.454138353205735,56.266519110254904,125.0,39.333333333333336,0.810985369398822
2025-11-03 07:00:00,R4,41.04021662302727,98,3,Arterial,True,29.1,25.0,32.0,0.0,13.3,1012.9,0,0,59,7,0,0,1,0,1,0.9659258262890684,-0.2588190451025206,49.51440497869069,53.32047037924002,108.33333333333333,32.666666666666664,0.6840036103837879
2025-11-03 08:00:00,R4,30.751082686121617,71,3,Arterial,True,29.1,25.0,32.0,0.0,13.3,1012.9,0,0,59,8,0,0,1,0,1,0.8660254037844387,-0.4999999999999998,40.15014049102608,48.54620408889676,95.66666666666667,23.666666666666668,0.5125180447686936
2025-11-03 09:00:00,R4,43.57740335532621,104,3,Arterial,True,29.1,25.0,32.0,0.0,13.3,1012.9,0,0,59,9,0,0,1,0,1,0.7071067811865476,-0.7071067811865475,38.456234221491705,46.95518628734872,91.0,34.666666666666664,0.7262900559221035
2025-11-03 10:00:00,R4,42.61865132073856,72,3,Arterial,True,29.1,25.0,32.0,0.0,13.3,1012.9,0,0,59,10,0,0,1,0,1,0.4999999999999999,-0.8660254037844387,38.98237912072881,44.248392049709736,82.33333333333333,24.0,0.7103108553456426
2025-11-03 11:00:00,R4,62.89015011937166,140,3,Arterial,True,29.1,25.0,32.0,0.0,13.3,1012.9,0,0,59,11,0,0,0,0,0,0.258819045102521,-0.9659258262890682,49.69540159847882,44.92277104475244,105.33333333333333,46.666666666666664,1.0481691686561943
2025-11-03 12:00:00,R4,61.935960789796,123,3,Arterial,True,29.1,25.0,32.0,0.0,13.3,1012.9,0,0,59,12,0,0,0,0,0,1.2246467991473532e-16,-1.0,55.81492074330208,47.13557748239688,111.66666666666667,41.0,1.0322660131632666
2025-11-03 13:00:00,R4,53.15002955818233,104,3,Arterial,True,29.1,25.0,32.0,0.0,13.3,1012.9,0,0,59,13,0,0,0,0,0,-0.2588190451025208,-0.9659258262890684,59.325380155783336,49.15387963825606,122.33333333333333,34.666666666666664,0.8858338259697055
2025-11-03 14:00:00,R4,61.93380017553789,110,3,Arterial,True,29.1,25.0,32.0,0.0,13.3,1012.9,0,0,59,14,0,0,0,0,0,-0.4999999999999997,-0.8660254037844388,59.006596841172076,54.35099921982544,112.33333333333333,36.666666666666664,1.0322300029256315
2025-11-03 15:00:00,R4,58.730195474213744,104,3,Arterial,True,29.1,25.0,32.0,0.0,13.3,1012.9,0,0,59,15,0,0,0,0,0,-0.7071067811865471,-0.7071067811865479,57.93800840264466,56.87646457297336,106.0,34.666666666666664,0.9788365912368957
2025-11-03 16:00:00,R4,61.28331353984627,123,3,Arterial,True,29.1,25.0,32.0,0.0,13.3,1012.9,0,0,59,16,0,0,0,0,0,-0.8660254037844384,-0.5000000000000004,60.64910306319931,59.98724160949132,112.33333333333333,41.0,1.0213885589974379
2025-11-03 17:00:00,R4,38.60524759049129,61,3,Arterial,True,29.1,25.0,32.0,0.0,13.3,1012.9,0,0,59,17,0,0,0,1,1,-0.9659258262890684,-0.2588190451025206,52.872918868183774,55.939757854677914,96.0,20.333333333333332,0.6434207931748548
2025-11-03 18:00:00,R4,36.946260313597726,98,3,Arterial,True,29.1,25.0,32.0,0.0,13.3,1012.9,0,0,59,18,0,0,0,1,1,-1.0,-1.8369701987210294e-16,45.61160714797844,51.77480777531154,94.0,32.666666666666664,0.6157710052266288
2025-11-03 19:00:00,R4,39.33566948476764,81,3,Arterial,True,29.1,25.0,32.0,0.0,13.3,1012.9,0,0,59,19,0,0,0,1,1,-0.9659258262890684,0.2588190451025203,38.29572579628556,49.47241442974243,80.0,27.0,0.655594491412794
2025-11-03 20:00:00,R4,34.2813049676125,84,3,Arterial,True,29.1,25.0,32.0,0.0,13.3,1012.9,0,0,59,20,0,0,0,1,1,-0.8660254037844386,0.5000000000000001,36.854411588659296,44.86366522842153,87.66666666666667,28.0,0.5713550827935416
2025-11-03 21:00:00,R4,56.27416574983206,125,3,Arterial,True,29.1,25.0,32.0,0.0,13.3,1012.9,0,0,59,21,0,0,0,0,0,-0.7071067811865477,0.7071067811865474,43.29704673407074,44.45432694102458,96.66666666666667,41.666666666666664,0.937902762497201
2025-11-03 22:00:00,R4,68.61933178001186,140,3,Arterial,True,29.1,25.0,32.0,0.0,13.3,1012.9,0,0,59,22,0,0,0,0,0,-0.5000000000000004,0.8660254037844384,53.05826749915215,45.67699664771885,116.33333333333333,46.666666666666664,1.1436555296668645
2025-11-03 23:00:00,R4,52.493868737217845,126,3,Arterial,True,29.1,25.0,32.0,0.0,13.3,1012.9,0,0,59,23,0,0,0,0,0,-0.2588190451025215,0.965925826289068,59.1291220890206,47.991766838839936,130.33333333333334,42.0,0.8748978122869641
2025-11-04 00:00:00,R4,59.72589813375165,125,3,Arterial,True,29.5,25.0,33.0,0.0,12.4,1013.6,0,0,59,0,1,0,0,0,0,0.0,1.0,60.27969955032713,51.78837314219893,130.33333333333334,41.666666666666664,0.9954316355625275
2025-11-04 01:00:00,R4,55.97854835872123,131,3,Arterial,True,29.5,25.0,33.0,0.0,12.4,1013.6,0,0,59,1,1,0,0,0,0,0.2588190451025207,0.9659258262890684,56.06610507656359,54.562186287857855,127.33333333333333,43.666666666666664,0.9329758059786871
2025-11-04 02:00:00,R4,63.664792644930586,130,3,Arterial,True,29.5,25.0,33.0,0.0,12.4,1013.6,0,0,59,2,1,0,0,0,0,0.4999999999999999,0.8660254037844387,59.7897463791345,59.45943423407754,128.66666666666666,43.333333333333336,1.0610798774155097
2025-11-04 03:00:00,R4,69.24312028144371,130,3,Arterial,True,29.5,25.0,33.0,0.0,12.4,1013.6,0,0,59,3,1,0,0,0,0,0.7071067811865476,0.7071067811865476,62.96215376169852,61.620926656012806,130.33333333333334,43.333333333333336,1.1540520046907286
2025-11-04 04:00:00,R4,62.57446514858507,110,3,Arterial,True,29.5,25.0,33.0,0.0,12.4,1013.6,0,0,59,4,1,0,0,0,0,0.8660254037844386,0.5000000000000001,65.16079269165313,60.613448884108344,123.33333333333333,36.666666666666664,1.0429077524764179
2025-11-04 05:00:00,R4,62.25593460158584,101,3,Arterial,True,29.5,25.0,33.0,0.0,12.4,1013.6,0,0,59,5,1,0,0,0,0,0.9659258262890684,0.2588190451025207,64.69117334387154,62.24045986150301,113.66666666666667,33.666666666666664,1.0375989100264307
2025-11-04 06:00:00,R4,69.2976332800736,104,3,Arterial,True,29.5,25.0,33.0,0.0,12.4,1013.6,0,0,59,6,1,0,0,0,0,1.0,6.123233995736766e-17,64.70934434341484,63.83574905255667,105.0,34.666666666666664,1.1549605546678934
2025-11-04 07:00:00,R4,45.11680077683344,65,3,Arterial,True,29.5,25.0,33.0,0.0,12.4,1013.6,0,0,59,7,1,0,1,0,1,0.9659258262890684,-0.2588190451025206,58.890122886164306,62.0254577889087,90.0,21.666666666666668,0.7519466796138907
2025-11-04 08:00:00,R4,37.24039471593418,93,3,Arterial,True,29.5,25.0,33.0,0.0,12.4,1013.6,0,0,59,8,1,0,1,0,1,0.8660254037844387,-0.4999999999999998,50.55160959094709,57.6213914674093,87.33333333333333,31.0,0.6206732452655697
2025-11-04 09:00:00,R4,35.49948557783187,78,3,Arterial,True,29.5,25.0,33.0,0.0,12.4,1013.6,0,0,59,9,1,0,1,0,1,0.7071067811865476,-0.7071067811865475,39.285560356866505,51.99745235014066,78.66666666666667,26.0,0.5916580929638645
2025-11-04 10:00:00,R4,31.240158694418792,105,3,Arterial,True,29.5,25.0,33.0,0.0,12.4,1013.6,0,0,59,10,1,0,1,0,1,0.4999999999999999,-0.8660254037844387,34.660012996061624,46.77506794111295,92.0,35.0,0.5206693115736465
2025-11-04 11:00:00,R4,60.35816930864024,139,3,Arterial,True,29.5,25.0,33.0,0.0,12.4,1013.6,0,0,59,11,1,0,0,0,0,0.258819045102521,-0.9659258262890682,42.36593786029698,46.45877372562202,107.33333333333333,46.333333333333336,1.0059694884773374
2025-11-04 12:00:00,R4,54.43505079074396,133,3,Arterial,True,29.5,25.0,33.0,0.0,12.4,1013.6,0,0,59,12,1,0,0,0,0,1.2246467991473532e-16,-1.0,48.677792931267675,43.98167664406708,125.66666666666667,44.333333333333336,0.9072508465123993
2025-11-04 13:00:00,R4,60.6991632606159,122,3,Arterial,True,29.5,25.0,33.0,0.0,12.4,1013.6,0,0,59,13,1,0,0,0,0,-0.2588190451025208,-0.9659258262890684,58.49746112000005,46.57873705803082,131.33333333333334,40.666666666666664,1.011652721010265
2025-11-04 14:00:00,R4,63.849063927101135,123,3,Arterial,True,29.5,25.0,33.0,0.0,12.4,1013.6,0,0,59,14,1,0,0,0,0,-0.4999999999999997,-0.8660254037844388,59.661092659487004,51.01351525989198,126.0,41.0,1.0641510654516855
2025-11-04 15:00:00,R4,64.83110696579196,104,3,Arterial,True,29.5,25.0,33.0,0.0,12.4,1013.6,0,0,59,15,1,0,0,0,0,-0.7071067811865471,-0.7071067811865479,63.12644471783634,55.902118824552,116.33333333333333,34.666666666666664,1.080518449429866
2025-11-04 16:00:00,R4,65.10687046404622,134,3,Arterial,True,29.5,25.0,33.0,0.0,12.4,1013.6,0,0,59,16,1,0,0,0,0,-0.8660254037844384,-0.5000000000000004,64.59568045231312,61.54657078615657,120.33333333333333,44.666666666666664,1.0851145077341038
2025-11-04 17:00:00,R4,28.770079845063915,89,3,Arterial,True,29.5,25.0,33.0,0.0,12.4,1013.6,0,0,59,17,1,0,0,1,1,-0.9659258262890684,-0.2588190451025206,52.90268575830071,56.28188920889385,109.0,29.666666666666668,0.47950133075106527
2025-11-04 18:00:00,R4,36.96571853404596,91,3,Arterial,True,29.5,25.0,33.0,0.0,12.4,1013.6,0,0,59,18,1,0,0,1,1,-1.0,-1.8369701987210294e-16,43.61422294771871,53.37033383277751,104.66666666666667,30.333333333333332,0.616095308900766
2025-11-04 19:00:00,R4,44.07681101505904,74,3,Arterial,True,29.5,25.0,33.0,0.0,12.4,1013.6,0,0,59,19,1,0,0,1,1,-0.9659258262890684,0.2588190451025203,36.60420313138965,50.59994179185137,84.66666666666667,24.666666666666668,0.7346135169176508
2025-11-04 20:00:00,R4,40.24140470688751,72,3,Arterial,True,29.5,25.0,33.0,0.0,12.4,1013.6,0,0,59,20,1,0,0,1,1,-0.8660254037844386,0.5000000000000001,40.42797808533084,46.66533192181577,79.0,24.0,0.6706900784481251
2025-11-04 21:00:00,R4,63.87515121119874,105,3,Arterial,True,29.5,25.0,33.0,0.0,12.4,1013.6,0,0,59,21,1,0,0,0,0,-0.7071067811865477,0.7071067811865474,49.3977889777151,46.5060059627169,83.66666666666667,35.0,1.064585853519979
2025-11-04 22:00:00,R4,68.337108814679,109,3,Arterial,True,29.5,25.0,33.0,0.0,12.4,1013.6,0,0,59,22,1,0,0,0,0,-0.5000000000000004,0.8660254037844384,57.48455491092176,47.04437902115569,95.33333333333333,36.333333333333336,1.1389518135779833
2025-11-04 23:00:00,R4,60.79223296695652,104,3,Arterial,True,29.5,25.0,33.0,0.0,12.4,1013.6,0,0,59,23,1,0,0,0,0,-0.2588190451025215,0.965925826289068,64.33483099761143,52.381404541471134,106.0,34.666666666666664,1.0132038827826086
2025-11-05 00:00:00,R4,61.42667517634131,129,3,Arterial,True,29.7,26.0,33.0,0.0,12.2,1013.3,0,0,59,0,2,0,0,0,0,0.0,1.0,63.51867231932562,56.458230648520356,114.0,43.0,1.0237779196056886
2025-11-05 01:00:00,R4,58.97407601359582,148,3,Arterial,True,29.7,26.0,33.0,0.0,12.2,1013.3,0,0,59,1,2,0,0,0,0,0.2588190451025207,0.9659258262890684,60.39766138563123,58.94110814827649,127.0,49.333333333333336,0.9829012668932636
2025-11-05 02:00:00,R4,53.587268197087376,118,3,Arterial,True,29.7,26.0,33.0,0.0,12.2,1013.3,0,0,59,2,2,0,0,0,0,0.4999999999999999,0.8660254037844387,57.99600646234151,61.165418729976466,131.66666666666666,39.333333333333336,0.893121136618123
2025-11-05 03:00:00,R4,62.22444402872567,129,3,Arterial,True,29.7,26.0,33.0,0.0,12.2,1013.3,0,0,59,3,2,0,0,0,0,0.7071067811865476,0.7071067811865476,58.26192941313629,60.89030086623095,131.66666666666666,43.0,1.037074067145428
2025-11-05 04:00:00,R4,63.82119242768747,111,3,Arterial,True,29.7,26.0,33.0,0.0,12.2,1013.3,0,0,59,4,2,0,0,0,0,0.8660254037844386,0.5000000000000001,59.87763488450019,60.137648135065696,119.33333333333333,37.0,1.063686540461458
2025-11-05 05:00:00,R4,56.26821319651231,104,3,Arterial,True,29.7,26.0,33.0,0.0,12.2,1013.3,0,0,59,5,2,0,0,0,0,0.9659258262890684,0.2588190451025207,60.77128321764183,59.38364483999166,114.66666666666667,34.666666666666664,0.9378035532752053
2025-11-05 06:00:00,R4,58.94378240406471,141,3,Arterial,True,29.7,26.0,33.0,0.0,12.2,1013.3,0,0,59,6,2,0,0,0,0,1.0,6.123233995736766e-17,59.677729342754844,58.96982937794556,118.66666666666667,47.0,0.9823963734010785
2025-11-05 07:00:00,R4,38.59066888440066,62,3,Arterial,True,29.7,26.0,33.0,0.0,12.2,1013.3,0,0,59,7,2,0,1,0,1,0.9659258262890684,-0.2588190451025206,51.267554828325906,55.572594856413026,102.33333333333333,20.666666666666668,0.6431778147400109
2025-11-05 08:00:00,R4,36.15624534170132,66,3,Arterial,True,29.7,26.0,33.0,0.0,12.2,1013.3,0,0,59,8,2,0,1,0,1,0.8660254037844387,-0.4999999999999998,44.563565543388904,52.66742438051535,89.66666666666667,22.0,0.6026040890283554
2025-11-05 09:00:00,R4,36.84864940174804,67,3,Arterial,True,29.7,26.0,33.0,0.0,12.2,1013.3,0,0,59,9,2,0,1,0,1,0.7071067811865476,-0.7071067811865475,37.19852120928335,48.438125276019086,65.0,22.333333333333332,0.6141441566958007
2025-11-05 10:00:00,R4,34.56355222349312,63,3,Arterial,True,29.7,26.0,33.0,0.0,12.2,1013.3,0,0,59,10,2,0,1,0,1,0.4999999999999999,-0.8660254037844387,35.85614898898084,43.56185190865336,65.33333333333333,21.0,0.5760592037248853
2025-11-05 11:00:00,R4,55.719890895074414,147,3,Arterial,True,29.7,26.0,33.0,0.0,12.2,1013.3,0,0,59,11,2,0,0,0,0,0.258819045102521,-0.9659258262890682,42.37736417343853,43.47046485841371,92.33333333333333,49.0,0.9286648482512402
2025-11-05 12:00:00,R4,61.321473242511104,131,3,Arterial,True,29.7,26.0,33.0,0.0,12.2,1013.3,0,0,59,12,2,0,0,0,0,1.2246467991473532e-16,-1.0,50.534972120359555,43.86674666482144,113.66666666666667,43.666666666666664,1.0220245540418518
2025-11-05 13:00:00,R4,53.195257093801146,119,3,Arterial,True,29.7,26.0,33.0,0.0,12.2,1013.3,0,0,59,13,2,0,0,0,0,-0.2588190451025208,-0.9659258262890684,56.74554041046223,46.30084469972152,132.33333333333334,39.666666666666664,0.8865876182300191
2025-11-05 14:00:00,R4,58.088671223660384,128,3,Arterial,True,29.7,26.0,33.0,0.0,12.2,1013.3,0,0,59,14,2,0,0,0,0,-0.4999999999999997,-0.8660254037844388,57.535133853324226,49.956249013381374,126.0,42.666666666666664,0.9681445203943397
2025-11-05 15:00:00,R4,63.49125293305149,119,3,Arterial,True,29.7,26.0,33.0,0.0,12.2,1013.3,0,0,59,15,2,0,0,0,0,-0.7071067811865471,-0.7071067811865479,58.25839375017102,54.39668293526527,122.0,39.666666666666664,1.0581875488841914
2025-11-05 16:00:00,R4,59.3761987340005,109,3,Arterial,True,29.7,26.0,33.0,0.0,12.2,1013.3,0,0,59,16,2,0,0,0,0,-0.8660254037844384,-0.5000000000000004,60.31870763023747,58.53212402034984,118.66666666666667,36.333333333333336,0.9896033122333417
2025-11-05 17:00:00,R4,24.55311065431676,71,3,Arterial,True,29.7,26.0,33.0,0.0,12.2,1013.3,0,0,59,17,2,0,0,1,1,-0.9659258262890684,-0.2588190451025206,49.14018744045626,53.337660646890235,99.66666666666667,23.666666666666668,0.40921851090527933
2025-11-05 18:00:00,R4,31.07068963016196,100,3,Arterial,True,29.7,26.0,33.0,0.0,12.2,1013.3,0,0,59,18,2,0,0,1,1,-1.0,-1.8369701987210294e-16,38.33333300615975,48.29586337816537,93.33333333333333,33.333333333333336,0.517844827169366
2025-11-05 19:00:00,R4,40.56693647682892,95,3,Arterial,True,29.7,26.0,33.0,0.0,12.2,1013.3,0,0,59,19,2,0,0,1,1,-0.9659258262890684,0.2588190451025203,32.063578920435894,46.191143275336664,88.66666666666667,31.666666666666668,0.6761156079471486
2025-11-05 20:00:00,R4,41.77222394682417,62,3,Arterial,True,29.7,26.0,33.0,0.0,12.2,1013.3,0,0,59,20,2,0,0,1,1,-0.8660254037844386,0.5000000000000001,37.803283351271695,43.471735395863966,85.66666666666667,20.666666666666668,0.6962037324470695
2025-11-05 21:00:00,R4,53.51524854321423,103,3,Arterial,True,29.7,26.0,33.0,0.0,12.2,1013.3,0,0,59,21,2,0,0,0,0,-0.7071067811865477,0.7071067811865474,45.28480298895579,41.809067997557754,86.66666666666667,34.333333333333336,0.8919208090535704
2025-11-05 22:00:00,R4,64.28109841280542,138,3,Arterial,True,29.7,26.0,33.0,0.0,12.2,1013.3,0,0,59,22,2,0,0,0,0,-0.5000000000000004,0.8660254037844384,53.18952363428128,42.62655127735858,101.0,46.0,1.0713516402134238
2025-11-05 23:00:00,R4,54.14730166072023,125,3,Arterial,True,29.7,26.0,33.0,0.0,12.2,1013.3,0,0,59,23,2,0,0,0,0,-0.2588190451025215,0.965925826289068,57.3145495389133,47.558916445092486,122.0,41.666666666666664,0.9024550276786705
2025-11-06 00:00:00,R4,64.07718580665363,134,3,Arterial,True,29.1,26.0,34.0,0.0,11.4,1013.0,0,0,59,0,3,0,0,0,0,0.0,1.0,60.8351952933931,53.05999914117444,132.33333333333334,44.666666666666664,1.0679530967775606
2025-11-06 01:00:00,R4,61.84149685856751,142,3,Arterial,True,29.1,26.0,34.0,0.0,11.4,1013.0,0,0,59,1,3,0,0,0,0,0.2588190451025207,0.9659258262890684,60.0219947753138,56.60575920479753,133.66666666666666,47.333333333333336,1.0306916143094584
2025-11-06 02:00:00,R4,59.31910508169312,126,3,Arterial,True,29.1,26.0,34.0,0.0,11.4,1013.0,0,0,59,2,3,0,0,0,0,0.4999999999999999,0.8660254037844387,61.74592924897143,59.53023939394236,134.0,42.0,0.9886517513615519
2025-11-06 03:00:00,R4,51.37681241073652,145,3,Arterial,True,29.1,26.0,34.0,0.0,11.4,1013.0,0,0,59,3,3,0,0,0,0,0.7071067811865476,0.7071067811865476,57.51247145033239,59.17383337186274,137.66666666666666,48.333333333333336,0.8562802068456087
2025-11-06 04:00:00,R4,57.88506558900568,137,3,Arterial,True,29.1,26.0,34.0,0.0,11.4,1013.0,0,0,59,4,3,0,0,0,0,0.8660254037844386,0.5000000000000001,56.19366102714511,58.10782790122945,136.0,45.666666666666664,0.9647510931500947
2025-11-06 05:00:00,R4,63.760916296122176,109,3,Arterial,True,29.1,26.0,34.0,0.0,11.4,1013.0,0,0,59,5,3,0,0,0,0,0.9659258262890684,0.2588190451025207,57.674264765288136,59.71009700712977,130.33333333333334,36.333333333333336,1.062681938268703
2025-11-06 06:00:00,R4,69.9641205698174,141,3,Arterial,True,29.1,26.0,34.0,0.0,11.4,1013.0,0,0,59,6,3,0,0,0,0,1.0,6.123233995736766e-17,63.87003415164843,60.69125280099039,129.0,47.0,1.1660686761636232
2025-11-06 07:00:00,R4,34.82943331128259,66,3,Arterial,True,29.1,26.0,34.0,0.0,11.4,1013.0,0,0,59,7,3,0,1,0,1,0.9659258262890684,-0.2588190451025206,56.1848233924074,56.189242209776246,105.33333333333333,22.0,0.5804905551880432
2025-11-06 08:00:00,R4,37.81419775283931,68,3,Arterial,True,29.1,26.0,34.0,0.0,11.4,1013.0,0,0,59,8,3,0,1,0,1,0.8660254037844387,-0.4999999999999998,47.53591721131311,52.60509098830062,91.66666666666667,22.666666666666668,0.6302366292139886
2025-11-06 09:00:00,R4,31.364134379864964,68,3,Arterial,True,29.1,26.0,34.0,0.0,11.4,1013.0,0,0,59,9,3,0,1,0,1,0.7071067811865476,-0.7071067811865475,34.669255147995635,49.26964464982202,67.33333333333333,22.666666666666668,0.5227355729977494
2025-11-06 10:00:00,R4,29.422629168875204,67,3,Arterial,True,29.1,26.0,34.0,0.0,11.4,1013.0,0,0,59,10,3,0,1,0,1,0.4999999999999999,-0.8660254037844387,32.8669871005265,44.52590524646695,67.66666666666667,22.333333333333332,0.4903771528145867
2025-11-06 11:00:00,R4,59.84962756527606,135,3,Arterial,True,29.1,26.0,34.0,0.0,11.4,1013.0,0,0,59,11,3,0,0,0,0,0.258819045102521,-0.9659258262890682,40.21213037133875,43.874023791325925,90.0,45.0,0.9974937927546009
2025-11-06 12:00:00,R4,56.14170809248829,106,3,Arterial,True,29.1,26.0,34.0,0.0,11.4,1013.0,0,0,59,12,3,0,0,0,0,1.2246467991473532e-16,-1.0,48.47132160887986,41.57028837843774,102.66666666666667,35.333333333333336,0.9356951348748048
2025-11-06 13:00:00,R4,61.508555793010366,146,3,Arterial,True,29.1,26.0,34.0,0.0,11.4,1013.0,0,0,59,13,3,0,0,0,0,-0.2588190451025208,-0.9659258262890684,59.166630483591575,46.01680879205903,129.0,48.666666666666664,1.0251425965501728
2025-11-06 14:00:00,R4,60.50380918671685,125,3,Arterial,True,29.1,26.0,34.0,0.0,11.4,1013.0,0,0,59,14,3,0,0,0,0,-0.4999999999999997,-0.8660254037844388,59.38469102407185,49.798410697705286,125.66666666666667,41.666666666666664,1.0083968197786142
2025-11-06 15:00:00,R4,59.06945529799968,138,3,Arterial,True,29.1,26.0,34.0,0.0,11.4,1013.0,0,0,59,15,3,0,0,0,0,-0.7071067811865471,-0.7071067811865479,60.36060675924231,54.415964184061075,136.33333333333334,46.0,0.9844909216333281
2025-11-06 16:00:00,R4,66.93261925352365,118,3,Arterial,True,29.1,26.0,34.0,0.0,11.4,1013.0,0,0,59,16,3,0,0,0,0,-0.8660254037844384,-0.5000000000000004,62.168627912746736,60.66762919816915,127.0,39.333333333333336,1.1155436542253943
2025-11-06 17:00:00,R4,34.234850267135045,75,3,Arterial,True,29.1,26.0,34.0,0.0,11.4,1013.0,0,0,59,17,3,0,0,1,1,-0.9659258262890684,-0.2588190451025206,53.41230827288613,56.398499648478975,110.33333333333333,25.0,0.5705808377855841
2025-11-06 18:00:00,R4,39.02237147682733,75,3,Arterial,True,29.1,26.0,34.0,0.0,11.4,1013.0,0,0,59,18,3,0,0,1,1,-1.0,-1.8369701987210294e-16,46.72994699916202,53.545276879202156,89.33333333333333,25.0,0.6503728579471222
2025-11-06 19:00:00,R4,43.47120270737424,108,3,Arterial,True,29.1,26.0,34.0,0.0,11.4,1013.0,0,0,59,19,3,0,0,1,1,-0.9659258262890684,0.2588190451025203,38.90947481711222,50.53905136492946,86.0,36.0,0.724520045122904
2025-11-06 20:00:00,R4,28.320980851716183,70,3,Arterial,True,29.1,26.0,34.0,0.0,11.4,1013.0,0,0,59,20,3,0,0,1,1,-0.8660254037844386,0.5000000000000001,36.93818501197259,45.17524664242936,84.33333333333333,23.333333333333332,0.47201634752860305
2025-11-06 21:00:00,R4,68.03929469085342,102,3,Arterial,True,29.1,26.0,34.0,0.0,11.4,1013.0,0,0,59,21,3,0,0,0,0,-0.7071067811865477,0.7071067811865474,46.61049274998129,46.67021987457164,93.33333333333333,34.0,1.1339882448475571
2025-11-06 22:00:00,R4,60.13199216099931,103,3,Arterial,True,29.1,26.0,34.0,0.0,11.4,1013.0,0,0,59,22,3,0,0,0,0,-0.5000000000000004,0.8660254037844384,52.16408923452298,45.53678202581759,91.66666666666667,34.333333333333336,1.0021998693499885
2025-11-06 23:00:00,R4,53.451311991718654,109,3,Arterial,True,29.1,26.0,34.0,0.0,11.4,1013.0,0,0,59,23,3,0,0,0,0,-0.2588190451025215,0.965925826289068,60.54086628119047,48.73952564658152,104.66666666666667,36.333333333333336,0.8908551998619776
2025-11-07 00:00:00,R4,63.83760466481541,109,3,Arterial,True,27.9,24.0,32.0,0.0,11.0,1014.8,0,0,59,0,4,0,0,0,0,0.0,1.0,59.14030293917781,52.87539784457954,107.0,36.333333333333336,1.0639600777469236
2025-11-07 01:00:00,R4,53.60203064125784,109,3,Arterial,True,27.9,24.0,32.0,0.0,11.0,1014.8,0,0,59,1,4,0,0,0,0,0.2588190451025207,0.9659258262890684,56.96364909926397,54.563869166893475,109.0,36.333333333333336,0.8933671773542974
2025-11-07 02:00:00,R4,60.059083671973504,118,3,Arterial,True,27.9,24.0,32.0,0.0,11.0,1014.8,0,0,59,2,4,0,0,0,0,0.4999999999999999,0.8660254037844387,59.166239659348925,59.853552970269696,112.0,39.333333333333336,1.0009847278662252
2025-11-07 03:00:00,R4,62.218971742198114,121,3,Arterial,True,27.9,24.0,32.0,0.0,11.0,1014.8,0,0,59,3,4,0,0,0,0,0.7071067811865476,0.7071067811865476,58.626695351809836,58.8834991454938,116.0,40.333333333333336,1.0369828623699686
2025-11-07 04:00:00,R4,54.74949197612358,132,3,Arterial,True,27.9,24.0,32.0,0.0,11.0,1014.8,0,0,59,4,4,0,0,0,0,0.8660254037844386,0.5000000000000001,59.00918246343175,57.98641578134785,123.66666666666667,44.0,0.912491532935393
2025-11-07 05:00:00,R4,58.63932258407756,145,3,Arterial,True,27.9,24.0,32.0,0.0,11.0,1014.8,0,0,59,5,4,0,0,0,0,0.9659258262890684,0.2588190451025207,58.53592876746643,58.85108421340767,132.66666666666666,48.333333333333336,0.9773220430679593
2025-11-07 06:00:00,R4,58.96205945472497,148,3,Arterial,True,27.9,24.0,32.0,0.0,11.0,1014.8,0,0,59,6,4,0,0,0,0,1.0,6.123233995736766e-17,57.450291338308716,58.03849334505926,141.66666666666666,49.333333333333336,0.9827009909120829
2025-11-07 07:00:00,R4,43.03138708702828,109,3,Arterial,True,27.9,24.0,32.0,0.0,11.0,1014.8,0,0,59,7,4,0,1,0,1,0.9659258262890684,-0.2588190451025206,53.544256375276944,56.27671941935433,134.0,36.333333333333336,0.7171897847838047
2025-11-07 08:00:00,R4,29.549924932068897,71,3,Arterial,True,27.9,24.0,32.0,0.0,11.0,1014.8,0,0,59,8,4,0,1,0,1,0.8660254037844387,-0.4999999999999998,43.847790491274054,51.191859629370235,109.33333333333333,23.666666666666668,0.492498748867815
2025-11-07 09:00:00,R4,33.57533774676054,67,3,Arterial,True,27.9,24.0,32.0,0.0,11.0,1014.8,0,0,59,9,4,0,1,0,1,0.7071067811865476,-0.7071067811865475,35.38554992195258,46.41792063013063,82.33333333333333,22.333333333333332,0.559588962446009
2025-11-07 10:00:00,R4,33.3428396483902,67,3,Arterial,True,27.9,24.0,32.0,0.0,11.0,1014.8,0,0,59,10,4,0,1,0,1,0.4999999999999999,-0.8660254037844387,32.156034109073225,42.850145242175074,68.33333333333333,22.333333333333332,0.5557139941398367
2025-11-07 11:00:00,R4,62.98039328854584,145,3,Arterial,True,27.9,24.0,32.0,0.0,11.0,1014.8,0,0,59,11,4,0,0,0,0,0.258819045102521,-0.9659258262890682,43.299523561232206,43.57365702625312,93.0,48.333333333333336,1.049673221475764
2025-11-07 12:00:00,R4,56.79925405983055,114,3,Arterial,True,27.9,24.0,32.0,0.0,11.0,1014.8,0,0,59,12,4,0,0,0,0,1.2246467991473532e-16,-1.0,51.0408289989222,43.213189460437384,108.66666666666667,38.0,0.9466542343305092
2025-11-07 13:00:00,R4,46.4308400090053,134,3,Arterial,True,27.9,24.0,32.0,0.0,11.0,1014.8,0,0,59,13,4,0,0,0,0,-0.2588190451025208,-0.9659258262890684,55.403495785793915,43.779764947433556,131.0,44.666666666666664,0.7738473334834217
2025-11-07 14:00:00,R4,60.33624743780331,149,3,Arterial,True,27.9,24.0,32.0,0.0,11.0,1014.8,0,0,59,14,4,0,0,0,0,-0.4999999999999997,-0.8660254037844388,54.5221138355464,48.910818698389285,132.33333333333334,49.666666666666664,1.0056041239633884
2025-11-07 15:00:00,R4,54.98514661631408,114,3,Arterial,True,27.9,24.0,32.0,0.0,11.0,1014.8,0,0,59,15,4,0,0,0,0,-0.7071067811865471,-0.7071067811865479,53.917411354374245,52.479120176648216,132.33333333333334,38.0,0.9164191102719014
2025-11-07 16:00:00,R4,52.46867925904675,146,3,Arterial,True,27.9,24.0,32.0,0.0,11.0,1014.8,0,0,59,16,4,0,0,0,0,-0.8660254037844384,-0.5000000000000004,55.930024437721386,55.66676011175764,136.33333333333334,48.666666666666664,0.8744779876507792
2025-11-07 17:00:00,R4,39.59263464230043,99,3,Arterial,True,27.9,24.0,32.0,0.0,11.0,1014.8,0,0,59,17,4,0,0,1,1,-0.9659258262890684,-0.2588190451025206,49.015486839220436,51.768800337383404,119.66666666666667,33.0,0.6598772440383406
2025-11-07 18:00:00,R4,34.24568793544797,65,3,Arterial,True,27.9,24.0,32.0,0.0,11.0,1014.8,0,0,59,18,4,0,0,1,1,-1.0,-1.8369701987210294e-16,42.102333945598396,48.009872649986306,103.33333333333333,21.666666666666668,0.5707614655907994
2025-11-07 19:00:00,R4,32.336285463850146,76,3,Arterial,True,27.9,24.0,32.0,0.0,11.0,1014.8,0,0,59,19,4,0,0,1,1,-0.9659258262890684,0.2588190451025203,35.391536013866194,45.66078022579378,80.0,25.333333333333332,0.5389380910641691
2025-11-07 20:00:00,R4,34.11076327687268,81,3,Arterial,True,27.9,24.0,32.0,0.0,11.0,1014.8,0,0,59,20,4,0,0,1,1,-0.8660254037844386,0.5000000000000001,33.564245558723606,41.289866198972014,74.0,27.0,0.5685127212812113
2025-11-07 21:00:00,R4,59.85728634441587,130,3,Arterial,True,27.9,24.0,32.0,0.0,11.0,1014.8,0,0,59,21,4,0,0,0,0,-0.7071067811865477,0.7071067811865474,42.10144502837957,42.10188948698897,95.66666666666667,43.333333333333336,0.9976214390735978
2025-11-07 22:00:00,R4,64.56538677086134,141,3,Arterial,True,27.9,24.0,32.0,0.0,11.0,1014.8,0,0,59,22,4,0,0,0,0,-0.5000000000000004,0.8660254037844384,52.84447879738331,44.118007405624745,117.33333333333333,47.0,1.0760897795143556
2025-11-07 23:00:00,R4,63.70723939002357,115,3,Arterial,True,27.9,24.0,32.0,0.0,11.0,1014.8,0,0,59,23,4,0,0,0,0,-0.2588190451025215,0.965925826289068,62.70997083510027,48.13710819691193,128.66666666666666,38.333333333333336,1.0617873231670594
2025-11-08 00:00:00,R4,70.68165418822369,101,3,Arterial,True,27.9,23.0,32.0,0.0,11.0,1016.7,0,0,59,0,5,1,0,0,0,0.0,1.0,66.31809344970289,54.209769239041215,119.0,33.666666666666664,1.1780275698037281
2025-11-08 01:00:00,R4,66.056713784015,148,3,Arterial,True,27.9,23.0,32.0,0.0,11.0,1016.7,0,0,59,1,5,1,0,0,0,0.2588190451025207,0.9659258262890684,66.81520245408744,59.82984062573536,121.33333333333333,49.333333333333336,1.1009452297335833
2025-11-08 02:00:00,R4,67.67333145006376,143,3,Arterial,True,27.9,23.0,32.0,0.0,11.0,1016.7,0,0,59,2,5,1,0,0,0,0.4999999999999999,0.8660254037844387,68.13723314076749,65.42360198793386,130.66666666666666,47.666666666666664,1.1278888575010626
2025-11-08 03:00:00,R4,51.577869217338176,134,3,Arterial,True,27.9,23.0,32.0,0.0,11.0,1016.7,0,0,59,3,5,1,0,0,0,0.7071067811865476,0.7071067811865476,61.76930481713899,64.04369913342093,141.66666666666666,44.666666666666664,0.8596311536223029
2025-11-08 04:00:00,R4,54.49915187325512,115,3,Arterial,True,27.9,23.0,32.0,0.0,11.0,1016.7,0,0,59,4,5,1,0,0,0,0.8660254037844386,0.5000000000000001,57.916784180219025,62.36599331715322,130.66666666666666,38.333333333333336,0.9083191978875854
2025-11-08 05:00:00,R4,63.65164527031655,134,3,Arterial,True,27.9,23.0,32.0,0.0,11.0,1016.7,0,0,59,5,5,1,0,0,0,0.9659258262890684,0.2588190451025207,56.57622212030329,62.35672763053538,127.66666666666667,44.666666666666664,1.0608607545052757
2025-11-08 06:00:00,R4,62.63612818576577,133,3,Arterial,True,27.9,23.0,32.0,0.0,11.0,1016.7,0,0,59,6,5,1,0,0,0,1.0,6.123233995736766e-17,60.26230844311249,61.015806630125724,127.33333333333333,44.333333333333336,1.0439354697627627
2025-11-08 07:00:00,R4,32.39131903652252,99,3,Arterial,True,27.9,23.0,32.0,0.0,11.0,1016.7,0,0,59,7,5,1,1,0,1,0.9659258262890684,-0.2588190451025206,52.89303083086829,55.404907505543655,122.0,33.0,0.5398553172753753
2025-11-08 08:00:00,R4,37.109701426973935,68,3,Arterial,True,27.9,23.0,32.0,0.0,11.0,1016.7,0,0,59,8,5,1,1,0,1,0.8660254037844387,-0.4999999999999998,44.04571621642075,50.310969168362014,100.0,22.666666666666668,0.6184950237828989
2025-11-08 09:00:00,R4,35.93646351434427,70,3,Arterial,True,27.9,23.0,32.0,0.0,11.0,1016.7,0,0,59,9,5,1,1,0,1,0.7071067811865476,-0.7071067811865475,35.14582799261358,47.70406821786303,79.0,23.333333333333332,0.5989410585724044
2025-11-08 10:00:00,R4,41.55906011247726,72,3,Arterial,True,27.9,23.0,32.0,0.0,11.0,1016.7,0,0,59,10,5,1,1,0,1,0.4999999999999999,-0.8660254037844387,38.201741684598495,45.547386257733386,70.0,24.0,0.692651001874621
2025-11-08 11:00:00,R4,63.13208470643088,130,3,Arterial,True,27.9,23.0,32.0,0.0,11.0,1016.7,0,0,59,11,5,1,0,0,0,0.258819045102521,-0.9659258262890682,46.87586944441748,45.46079283041911,90.66666666666667,43.333333333333336,1.052201411773848
2025-11-08 12:00:00,R4,53.18486361975253,129,3,Arterial,True,27.9,23.0,32.0,0.0,11.0,1016.7,0,0,59,12,5,1,0,0,0,1.2246467991473532e-16,-1.0,52.625336146220235,43.8855820694169,110.33333333333333,43.0,0.8864143936625422
2025-11-08 13:00:00,R4,63.72353215845243,147,3,Arterial,True,27.9,23.0,32.0,0.0,11.0,1016.7,0,0,59,13,5,1,0,0,0,-0.2588190451025208,-0.9659258262890684,60.013493494878624,49.107617589738545,135.33333333333334,49.0,1.0620588693075406
2025-11-08 14:00:00,R4,54.07686258936035,103,3,Arterial,True,27.9,23.0,32.0,0.0,11.0,1016.7,0,0,59,14,5,1,0,0,0,-0.4999999999999997,-0.8660254037844388,56.995086122521776,51.93547778346962,126.33333333333333,34.333333333333336,0.9012810431560059
2025-11-08 15:00:00,R4,64.56582529603213,139,3,Arterial,True,27.9,23.0,32.0,0.0,11.0,1016.7,0,0,59,15,5,1,0,0,0,-0.7071067811865471,-0.7071067811865479,60.78874001461498,56.7070380804176,129.66666666666666,46.333333333333336,1.076097088267202
2025-11-08 16:00:00,R4,68.08685446376882,122,3,Arterial,True,27.9,23.0,32.0,0.0,11.0,1016.7,0,0,59,16,5,1,0,0,0,-0.8660254037844384,-0.5000000000000004,62.24318078305378,61.128337138966195,121.33333333333333,40.666666666666664,1.1347809077294804
2025-11-08 17:00:00,R4,29.745152677676653,97,3,Arterial,True,27.9,23.0,32.0,0.0,11.0,1016.7,0,0,59,17,5,1,0,1,1,-0.9659258262890684,-0.2588190451025206,54.132610812492544,55.56384846750715,119.33333333333333,32.333333333333336,0.4957525446279442
2025-11-08 18:00:00,R4,34.79883826308658,66,3,Arterial,True,27.9,23.0,32.0,0.0,11.0,1016.7,0,0,59,18,5,1,0,1,1,-1.0,-1.8369701987210294e-16,44.21028180151069,52.49951090806283,95.0,22.0,0.5799806377181097
2025-11-08 19:00:00,R4,45.09747447990802,83,3,Arterial,True,27.9,23.0,32.0,0.0,11.0,1016.7,0,0,59,19,5,1,0,1,1,-0.9659258262890684,0.2588190451025203,36.547155140223765,49.395167961638755,82.0,27.666666666666668,0.7516245746651337
2025-11-08 20:00:00,R4,27.154802692951147,63,3,Arterial,True,27.9,23.0,32.0,0.0,11.0,1016.7,0,0,59,20,5,1,0,1,1,-0.8660254037844386,0.5000000000000001,35.68370514531526,44.908157978903894,70.66666666666667,21.0,0.45258004488251913
2025-11-08 21:00:00,R4,54.226414947161416,112,3,Arterial,True,27.9,23.0,32.0,0.0,11.0,1016.7,0,0,59,21,5,1,0,0,0,-0.7071067811865477,0.7071067811865474,42.15956404000687,43.18492292075877,86.0,37.333333333333336,0.9037735824526902
2025-11-08 22:00:00,R4,67.3904927918071,138,3,Arterial,True,27.9,23.0,32.0,0.0,11.0,1016.7,0,0,59,22,5,1,0,0,0,-0.5000000000000004,0.8660254037844384,49.59057014397323,43.06886264209849,104.33333333333333,46.0,1.1231748798634518
2025-11-08 23:00:00,R4,61.3482136294484,124,3,Arterial,True,27.9,23.0,32.0,0.0,11.0,1016.7,0,0,59,23,5,1,0,0,0,-0.2588190451025215,0.965925826289068,60.98837378947232,48.33603946739378,124.66666666666667,41.333333333333336,1.0224702271574733
2025-11-09 00:00:00,R4,63.223534648942994,140,3,Arterial,True,28.2,24.0,31.0,0.0,12.7,1016.2,0,0,59,0,6,1,0,0,0,0.0,1.0,63.98741369006617,53.073488865036516,134.0,46.666666666666664,1.0537255774823833
2025-11-09 01:00:00,R4,49.60382650223094,124,3,Arterial,True,28.2,24.0,31.0,0.0,12.7,1016.2,0,0,59,1,6,1,0,0,0,0.2588190451025207,0.9659258262890684,58.05852492687412,53.82454753542367,129.33333333333334,41.333333333333336,0.8267304417038489
2025-11-09 02:00:00,R4,58.28498403814746,133,3,Arterial,True,28.2,24.0,31.0,0.0,12.7,1016.2,0,0,59,2,6,1,0,0,0,0.4999999999999999,0.8660254037844387,57.03744839644048,59.01291109295639,132.33333333333334,44.333333333333336,0.971416400635791
2025-11-09 03:00:00,R4,64.34568080048025,140,3,Arterial,True,28.2,24.0,31.0,0.0,12.7,1016.2,0,0,59,3,6,1,0,0,0,0.7071067811865476,0.7071067811865476,57.41149711361956,60.69945540184286,132.33333333333334,46.666666666666664,1.0724280133413375
2025-11-09 04:00:00,R4,57.40144143585995,146,3,Arterial,True,28.2,24.0,31.0,0.0,12.7,1016.2,0,0,59,4,6,1,0,0,0,0.8660254037844386,0.5000000000000001,60.01070209149591,59.034613509185,139.66666666666666,48.666666666666664,0.9566906905976659
2025-11-09 05:00:00,R4,68.49082912191263,142,3,Arterial,True,28.2,24.0,31.0,0.0,12.7,1016.2,0,0,59,5,6,1,0,0,0,0.9659258262890684,0.2588190451025207,63.41265045275096,60.2250494245957,142.66666666666666,47.333333333333336,1.1415138186985438
2025-11-09 06:00:00,R4,54.8754459935497,124,3,Arterial,True,28.2,24.0,31.0,0.0,12.7,1016.2,0,0,59,6,6,1,0,0,0,1.0,6.123233995736766e-17,60.255905517107436,58.83370131536349,137.33333333333334,41.333333333333336,0.9145907665591616
2025-11-09 07:00:00,R4,32.67266110403883,72,3,Arterial,True,28.2,24.0,31.0,0.0,12.7,1016.2,0,0,59,7,6,1,1,0,1,0.9659258262890684,-0.2588190451025206,52.01297873983373,56.0118404156648,112.66666666666667,24.0,0.5445443517339805
2025-11-09 08:00:00,R4,29.358755633802485,73,3,Arterial,True,28.2,24.0,31.0,0.0,12.7,1016.2,0,0,59,8,6,1,1,0,1,0.8660254037844387,-0.4999999999999998,38.968954243797015,51.19080234827397,89.66666666666667,24.333333333333332,0.48931259389670806
2025-11-09 09:00:00,R4,36.63760001903847,102,3,Arterial,True,28.2,24.0,31.0,0.0,12.7,1016.2,0,0,59,9,6,1,1,0,1,0.7071067811865476,-0.7071067811865475,32.88967225229327,46.572788884700344,82.33333333333333,34.0,0.6106266669839745
2025-11-09 10:00:00,R4,40.18057673779809,65,3,Arterial,True,28.2,24.0,31.0,0.0,12.7,1016.2,0,0,59,10,6,1,1,0,1,0.4999999999999999,-0.8660254037844387,35.39231079687969,43.7026447683567,80.0,21.666666666666668,0.6696762789633015
2025-11-09 11:00:00,R4,57.92874819280837,108,3,Arterial,True,28.2,24.0,31.0,0.0,12.7,1016.2,0,0,59,11,6,1,0,0,0,0.258819045102521,-0.9659258262890682,44.91564164988166,41.942297946839325,91.66666666666667,36.0,0.9654791365468062
2025-11-09 12:00:00,R4,59.22252169977982,117,3,Arterial,True,28.2,24.0,31.0,0.0,12.7,1016.2,0,0,59,12,6,1,0,0,0,1.2246467991473532e-16,-1.0,52.44394887679544,42.66681056454434,96.66666666666667,39.0,0.9870420283296636
2025-11-09 13:00:00,R4,67.49893068761354,143,3,Arterial,True,28.2,24.0,31.0,0.0,12.7,1016.2,0,0,59,13,6,1,0,0,0,-0.2588190451025208,-0.9659258262890684,61.55006686006726,48.471188828473466,122.66666666666667,47.666666666666664,1.1249821781268923
2025-11-09 14:00:00,R4,54.40119004613222,148,3,Arterial,True,28.2,24.0,31.0,0.0,12.7,1016.2,0,0,59,14,6,1,0,0,0,-0.4999999999999997,-0.8660254037844388,60.374214144508535,52.64492789719508,136.0,49.333333333333336,0.9066865007688704
2025-11-09 15:00:00,R4,67.62866609499751,111,3,Arterial,True,28.2,24.0,31.0,0.0,12.7,1016.2,0,0,59,15,6,1,0,0,0,-0.7071067811865471,-0.7071067811865479,63.17626227624777,57.810105576521586,134.0,37.0,1.1271444349166253
2025-11-09 16:00:00,R4,63.21231357330429,110,3,Arterial,True,28.2,24.0,31.0,0.0,12.7,1016.2,0,0,59,16,6,1,0,0,0,-0.8660254037844384,-0.5000000000000004,61.747389904811364,61.64872838243929,123.0,36.666666666666664,1.0535385595550715
2025-11-09 17:00:00,R4,33.392376339741695,67,3,Arterial,True,28.2,24.0,31.0,0.0,12.7,1016.2,0,0,59,17,6,1,0,1,1,-0.9659258262890684,-0.2588190451025206,54.74445200268118,57.55933307359484,96.0,22.333333333333332,0.5565396056623616
2025-11-09 18:00:00,R4,28.482220292034985,73,3,Arterial,True,28.2,24.0,31.0,0.0,12.7,1016.2,0,0,59,18,6,1,0,1,1,-1.0,-1.8369701987210294e-16,41.69563673502701,52.435949505637375,83.33333333333333,24.333333333333332,0.4747036715339164
2025-11-09 19:00:00,R4,26.86949036242825,107,3,Arterial,True,28.2,24.0,31.0,0.0,12.7,1016.2,0,0,59,19,6,1,0,1,1,-0.9659258262890684,0.2588190451025203,29.581362331401664,45.664376118106496,82.33333333333333,35.666666666666664,0.4478248393738042
2025-11-09 20:00:00,R4,35.52300726483458,100,3,Arterial,True,28.2,24.0,31.0,0.0,12.7,1016.2,0,0,59,20,6,1,0,1,1,-0.8660254037844386,0.5000000000000001,30.291572639765956,42.51801232122355,93.33333333333333,33.333333333333336,0.5920501210805764
2025-11-09 21:00:00,R4,51.47433112002853,146,3,Arterial,True,28.2,24.0,31.0,0.0,12.7,1016.2,0,0,59,21,6,1,0,0,0,-0.7071067811865477,0.7071067811865474,37.955609582430476,39.825623158728725,117.66666666666667,48.666666666666664,0.8579055186671422
2025-11-09 22:00:00,R4,65.9150460279208,105,3,Arterial,True,28.2,24.0,31.0,0.0,12.7,1016.2,0,0,59,22,6,1,0,0,0,-0.5000000000000004,0.8660254037844384,50.970794804261324,40.27607856783147,117.0,35.0,1.0985841004653465
2025-11-09 23:00:00,R4,71.12634725962198,129,3,Arterial,True,28.2,24.0,31.0,0.0,12.7,1016.2,0,0,59,23,6,1,0,0,0,-0.2588190451025215,0.965925826289068,62.83857480252379,46.56507372114485,126.66666666666667,43.0,1.1854391209936996
2025-11-10 00:00:00,R4,65.16060281786241,125,3,Arterial,True,27.9,24.0,31.0,0.0,10.4,1014.8,0,0,59,0,0,0,0,0,0,0.0,1.0,67.40066536846841,52.678137475449425,119.66666666666667,41.666666666666664,1.0860100469643734
2025-11-10 01:00:00,R4,56.01782196085436,149,3,Arterial,True,27.9,24.0,31.0,0.0,10.4,1014.8,0,0,59,1,0,0,0,0,0,0.2588190451025207,0.9659258262890684,64.10159067944626,57.536192741853775,134.33333333333334,49.666666666666664,0.9336303660142394
2025-11-10 02:00:00,R4,62.64063155615072,149,3,Arterial,True,27.9,24.0,31.0,0.0,10.4,1014.8,0,0,59,2,0,0,0,0,0,0.4999999999999999,0.8660254037844387,61.273018778289185,62.055796790406475,141.0,49.666666666666664,1.0440105259358454
2025-11-10 03:00:00,R4,51.78753302196398,106,3,Arterial,True,27.9,24.0,31.0,0.0,10.4,1014.8,0,0,59,3,0,0,0,0,0,0.7071067811865476,0.7071067811865476,56.81532884632304,62.107997107395704,134.66666666666666,35.333333333333336,0.8631255503660663
2025-11-10 04:00:00,R4,61.98868630668164,121,3,Arterial,True,27.9,24.0,31.0,0.0,10.4,1014.8,0,0,59,4,0,0,0,0,0,0.8660254037844386,0.5000000000000001,58.80561696159881,61.45360382052252,125.33333333333333,40.333333333333336,1.0331447717780273
2025-11-10 05:00:00,R4,63.98170100603691,103,3,Arterial,True,27.9,24.0,31.0,0.0,10.4,1014.8,0,0,59,5,0,0,0,0,0,0.9659258262890684,0.2588190451025207,59.25264011156086,60.26282944492501,110.0,34.333333333333336,1.0663616834339484
2025-11-10 06:00:00,R4,53.01655681247328,102,3,Arterial,True,27.9,24.0,31.0,0.0,10.4,1014.8,0,0,59,6,0,0,0,0,0,1.0,6.123233995736766e-17,59.6623147083973,58.23882177736015,108.66666666666667,34.0,0.8836092802078881
2025-11-10 07:00:00,R4,40.2501589335611,108,3,Arterial,True,27.9,24.0,31.0,0.0,10.4,1014.8,0,0,59,7,0,0,1,0,1,0.9659258262890684,-0.2588190451025206,52.416138917357124,55.610877939477945,104.33333333333333,36.0,0.6708359822260184
2025-11-10 08:00:00,R4,38.74763354082074,98,3,Arterial,True,27.9,24.0,31.0,0.0,10.4,1014.8,0,0,59,8,0,0,1,0,1,0.8660254037844387,-0.4999999999999998,44.00478309561839,51.628711603589615,102.66666666666667,32.666666666666664,0.6457938923470123
2025-11-10 09:00:00,R4,28.43753448500756,106,3,Arterial,True,27.9,24.0,31.0,0.0,10.4,1014.8,0,0,59,9,0,0,1,0,1,0.7071067811865476,-0.7071067811865475,35.81177565312982,47.73704518076354,104.0,35.333333333333336,0.47395890808345936
2025-11-10 10:00:00,R4,36.22774913169828,67,3,Arterial,True,27.9,24.0,31.0,0.0,10.4,1014.8,0,0,59,10,0,0,1,0,1,0.4999999999999999,-0.8660254037844387,34.47097238584221,43.443555651599645,90.33333333333333,22.333333333333332,0.603795818861638
2025-11-10 11:00:00,R4,56.416288741011854,120,3,Arterial,True,27.9,24.0,31.0,0.0,10.4,1014.8,0,0,59,11,0,0,0,0,0,0.258819045102521,-0.9659258262890682,40.36052411923925,42.182653607428804,97.66666666666667,40.0,0.9402714790168643
2025-11-10 12:00:00,R4,67.89019912785115,145,3,Arterial,True,27.9,24.0,31.0,0.0,10.4,1014.8,0,0,59,12,0,0,0,0,0,1.2246467991473532e-16,-1.0,53.51141233352045,44.66159399332512,110.66666666666667,48.333333333333336,1.1315033187975192
2025-11-10 13:00:00,R4,55.607786162515225,118,3,Arterial,True,27.9,24.0,31.0,0.0,10.4,1014.8,0,0,59,13,0,0,0,0,0,-0.2588190451025208,-0.9659258262890684,59.971424677126095,47.221198531484134,127.66666666666667,39.333333333333336,0.9267964360419204
2025-11-10 14:00:00,R4,68.31697240330685,113,3,Arterial,True,27.9,24.0,31.0,0.0,10.4,1014.8,0,0,59,14,0,0,0,0,0,-0.4999999999999997,-0.8660254037844388,63.938319231224426,52.14942167523182,125.33333333333333,37.666666666666664,1.1386162067217809
2025-11-10 15:00:00,R4,59.85632370490345,140,3,Arterial,True,27.9,24.0,31.0,0.0,10.4,1014.8,0,0,59,15,0,0,0,0,0,-0.7071067811865471,-0.7071067811865479,61.26036075690852,57.38588654521447,123.66666666666667,46.666666666666664,0.9976053950817242
2025-11-10 16:00:00,R4,60.32279749466188,140,3,Arterial,True,27.9,24.0,31.0,0.0,10.4,1014.8,0,0,59,16,0,0,0,0,0,-0.8660254037844384,-0.5000000000000004,62.83203120095741,61.401727939041734,131.0,46.666666666666664,1.0053799582443645
2025-11-10 17:00:00,R4,35.31876010965628,86,3,Arterial,True,27.9,24.0,31.0,0.0,10.4,1014.8,0,0,59,17,0,0,0,1,1,-0.9659258262890684,-0.2588190451025206,51.83262710307389,57.885473167149144,122.0,28.666666666666668,0.5886460018276047
2025-11-10 18:00:00,R4,38.434902580590055,109,3,Arterial,True,27.9,24.0,31.0,0.0,10.4,1014.8,0,0,59,18,0,0,0,1,1,-1.0,-1.8369701987210294e-16,44.69215339496942,52.97625707593897,111.66666666666667,36.333333333333336,0.640581709676501
2025-11-10 19:00:00,R4,32.991464190005686,80,3,Arterial,True,27.9,24.0,31.0,0.0,10.4,1014.8,0,0,59,19,0,0,0,1,1,-0.9659258262890684,0.2588190451025203,35.58170896008402,49.2068700805207,91.66666666666667,26.666666666666668,0.5498577365000947
2025-11-10 20:00:00,R4,41.95774433327682,103,3,Arterial,True,27.9,24.0,31.0,0.0,10.4,1014.8,0,0,59,20,0,0,0,1,1,-0.8660254037844386,0.5000000000000001,37.79470370129087,44.81366540218236,97.33333333333333,34.333333333333336,0.699295738887947
2025-11-10 21:00:00,R4,49.86058568804432,123,3,Arterial,True,27.9,24.0,31.0,0.0,10.4,1014.8,0,0,59,21,0,0,0,0,0,-0.7071067811865477,0.7071067811865474,41.60326473710895,43.14770906603917,102.0,41.0,0.8310097614674052
2025-11-10 22:00:00,R4,57.18345099908805,104,3,Arterial,True,27.9,24.0,31.0,0.0,10.4,1014.8,0,0,59,22,0,0,0,0,0,-0.5000000000000004,0.8660254037844384,49.66726034013641,42.6244846501102,110.0,34.666666666666664,0.9530575166514675
2025-11-10 23:00:00,R4,54.01959033847129,142,3,Arterial,True,27.9,24.0,31.0,0.0,10.4,1014.8,0,0,59,23,0,0,0,0,0,-0.2588190451025215,0.965925826289068,53.687875675201234,45.741289688246034,123.0,47.333333333333336,0.9003265056411881
2025-11-11 00:00:00,R4,63.6822062596985,138,3,Arterial,True,27.7,24.0,31.0,0.0,10.9,1014.8,0,0,59,0,1,0,0,0,0,0.0,1.0,58.29508253241929,49.949173634764115,128.0,46.0,1.0613701043283084
2025-11-11 01:00:00,R4,59.01638459026177,122,3,Arterial,True,27.7,24.0,31.0,0.0,10.9,1014.8,0,0,59,1,1,0,0,0,0,0.2588190451025207,0.9659258262890684,58.906060396143864,54.28666036814013,134.0,40.666666666666664,0.9836064098376962
2025-11-11 02:00:00,R4,60.55743890137207,101,3,Arterial,True,27.7,24.0,31.0,0.0,10.9,1014.8,0,0,59,2,1,0,0,0,0,0.4999999999999999,0.8660254037844387,61.08534325044413,57.38660946282267,120.33333333333333,33.666666666666664,1.0092906483562012
2025-11-11 03:00:00,R4,65.58640514247264,114,3,Arterial,True,27.7,24.0,31.0,0.0,10.9,1014.8,0,0,59,3,1,0,0,0,0,0.7071067811865476,0.7071067811865476,61.72007621136885,60.00757937189405,112.33333333333333,38.0,1.0931067523745441
2025-11-11 04:00:00,R4,60.356810121865394,122,3,Arterial,True,27.7,24.0,31.0,0.0,10.9,1014.8,0,0,59,4,1,0,0,0,0,0.8660254037844386,0.5000000000000001,62.166884721903386,60.536472559023615,112.33333333333333,40.666666666666664,1.0059468353644232
2025-11-11 05:00:00,R4,62.32402893163408,106,3,Arterial,True,27.7,24.0,31.0,0.0,10.9,1014.8,0,0,59,5,1,0,0,0,0,0.9659258262890684,0.2588190451025207,62.75574806532405,61.92054565788408,114.0,35.333333333333336,1.0387338155272348
2025-11-11 06:00:00,R4,62.93968362375321,124,3,Arterial,True,27.7,24.0,31.0,0.0,10.9,1014.8,0,0,59,6,1,0,0,0,0,1.0,6.123233995736766e-17,61.87350755908424,61.796791885226526,117.33333333333333,41.333333333333336,1.0489947270625535
2025-11-11 07:00:00,R4,32.650484171684006,93,3,Arterial,True,27.7,24.0,31.0,0.0,10.9,1014.8,0,0,59,7,1,0,1,0,1,0.9659258262890684,-0.2588190451025206,52.63806557569044,57.402475148796896,107.66666666666667,31.0,0.5441747361947334
2025-11-11 08:00:00,R4,46.73686648846317,71,3,Arterial,True,27.7,24.0,31.0,0.0,10.9,1014.8,0,0,59,8,1,0,1,0,1,0.8660254037844387,-0.4999999999999998,47.44234476130015,55.09904641331209,96.0,23.666666666666668,0.7789477748077195
2025-11-11 09:00:00,R4,35.48738636071024,76,3,Arterial,True,27.7,24.0,31.0,0.0,10.9,1014.8,0,0,59,9,1,0,1,0,1,0.7071067811865476,-0.7071067811865475,38.29157900695249,50.082543283018346,80.0,25.333333333333332,0.5914564393451707
2025-11-11 10:00:00,R4,29.07054335327698,104,3,Arterial,True,27.7,24.0,31.0,0.0,10.9,1014.8,0,0,59,10,1,0,1,0,1,0.4999999999999999,-0.8660254037844387,37.098265400816814,44.86816548825362,83.66666666666667,34.666666666666664,0.4845090558879497
2025-11-11 11:00:00,R4,61.708523035496576,103,3,Arterial,True,27.7,24.0,31.0,0.0,10.9,1014.8,0,0,59,11,1,0,0,0,0,0.258819045102521,-0.9659258262890682,42.08881758316128,44.765581172230696,94.33333333333333,34.333333333333336,1.028475383924943
2025-11-11 12:00:00,R4,51.040688681756,145,3,Arterial,True,27.7,24.0,31.0,0.0,10.9,1014.8,0,0,59,12,1,0,0,0,0,1.2246467991473532e-16,-1.0,47.27325169017653,42.78241534856449,117.33333333333333,48.333333333333336,0.8506781446959334
2025-11-11 13:00:00,R4,59.69673332533812,130,3,Arterial,True,27.7,24.0,31.0,0.0,10.9,1014.8,0,0,59,13,1,0,0,0,0,-0.2588190451025208,-0.9659258262890684,57.48198168086358,47.29012354084018,126.0,43.333333333333336,0.994945555422302
2025-11-11 14:00:00,R4,63.3168397980427,122,3,Arterial,True,27.7,24.0,31.0,0.0,10.9,1014.8,0,0,59,14,1,0,0,0,0,-0.4999999999999997,-0.8660254037844388,58.018087268378956,50.053452425770104,132.33333333333334,40.666666666666664,1.0552806633007117
2025-11-11 15:00:00,R4,49.505827930153714,145,3,Arterial,True,27.7,24.0,31.0,0.0,10.9,1014.8,0,0,59,15,1,0,0,0,0,-0.7071067811865471,-0.7071067811865479,57.50646701784486,52.38985935401069,132.33333333333334,48.333333333333336,0.8250971321692285
2025-11-11 16:00:00,R4,57.77658915935224,101,3,Arterial,True,27.7,24.0,31.0,0.0,10.9,1014.8,0,0,59,16,1,0,0,0,0,-0.8660254037844384,-0.5000000000000004,56.866418962516235,57.17420032168989,122.66666666666667,33.666666666666664,0.9629431526558707
2025-11-11 17:00:00,R4,32.625617994538835,99,3,Arterial,True,27.7,24.0,31.0,0.0,10.9,1014.8,0,0,59,17,1,0,0,1,1,-0.9659258262890684,-0.2588190451025206,46.636011694681606,52.327049481530274,115.0,33.0,0.5437602999089806
2025-11-11 18:00:00,R4,34.6955457340032,84,3,Arterial,True,27.7,24.0,31.0,0.0,10.9,1014.8,0,0,59,18,1,0,0,1,1,-1.0,-1.8369701987210294e-16,41.69925096263143,49.60285899023813,94.66666666666667,28.0,0.57825909556672
2025-11-11 19:00:00,R4,37.572661444097335,102,3,Arterial,True,27.7,24.0,31.0,0.0,10.9,1014.8,0,0,59,19,1,0,0,1,1,-0.9659258262890684,0.2588190451025203,34.96460839087981,45.915513676698005,95.0,34.0,0.6262110240682889
2025-11-11 20:00:00,R4,37.07312071060472,105,3,Arterial,True,27.7,24.0,31.0,0.0,10.9,1014.8,0,0,59,20,1,0,0,1,1,-0.8660254037844386,0.5000000000000001,36.4471092962351,41.541560495458334,97.0,35.0,0.6178853451767453
2025-11-11 21:00:00,R4,66.22444708538919,134,3,Arterial,True,27.7,24.0,31.0,0.0,10.9,1014.8,0,0,59,21,1,0,0,0,0,-0.7071067811865477,0.7071067811865474,46.95674308003043,44.32799702133092,113.66666666666667,44.666666666666664,1.1037407847564864
2025-11-11 22:00:00,R4,67.65305726366242,142,3,Arterial,True,27.7,24.0,31.0,0.0,10.9,1014.8,0,0,59,22,1,0,0,0,0,-0.5000000000000004,0.8660254037844384,56.98354168655212,45.974075038715945,127.0,47.333333333333336,1.1275509543943736
2025-11-11 23:00:00,R4,62.99708808856903,129,3,Arterial,True,27.7,24.0,31.0,0.0,10.9,1014.8,0,0,59,23,1,0,0,0,0,-0.2588190451025215,0.965925826289068,65.62486414587356,51.035986721054314,135.0,43.0,1.0499514681428173
2025-11-12 00:00:00,R4,63.11415587069659,121,3,Arterial,True,27.9,23.0,33.0,0.0,10.5,1016.3,0,0,59,0,2,0,0,0,0,0.0,1.0,64.5881004076427,55.77242174383654,130.66666666666666,40.333333333333336,1.0519025978449432
2025-11-12 01:00:00,R4,63.21719332832841,143,3,Arterial,True,27.9,23.0,33.0,0.0,10.5,1016.3,0,0,59,1,2,0,0,0,0,0.2588190451025207,0.9659258262890684,63.10947909586469,60.04651039120839,131.0,47.666666666666664,1.0536198888054735
2025-11-12 02:00:00,R4,58.17422914213959,148,3,Arterial,True,27.9,23.0,33.0,0.0,10.5,1016.3,0,0,59,2,2,0,0,0,0,0.4999999999999999,0.8660254037844387,61.501859447054876,63.5633617964642,137.33333333333334,49.333333333333336,0.9695704857023265
2025-11-12 03:00:00,R4,56.25289945727465,120,3,Arterial,True,27.9,23.0,33.0,0.0,10.5,1016.3,0,0,59,3,2,0,0,0,0,0.7071067811865476,0.7071067811865476,59.21477397591423,61.90143719177845,137.0,40.0,0.9375483242879109
2025-11-12 04:00:00,R4,58.80498289868103,108,3,Arterial,True,27.9,23.0,33.0,0.0,10.5,1016.3,0,0,59,4,2,0,0,0,0,0.8660254037844386,0.5000000000000001,57.744037166031774,60.42675813094822,125.33333333333333,36.0,0.9800830483113505
2025-11-12 05:00:00,R4,63.93068174318682,104,3,Arterial,True,27.9,23.0,33.0,0.0,10.5,1016.3,0,0,59,5,2,0,0,0,0,0.9659258262890684,0.2588190451025207,59.66285469971418,60.582357073384514,110.66666666666667,34.666666666666664,1.065511362386447
2025-11-12 06:00:00,R4,56.73071500123742,139,3,Arterial,True,27.9,23.0,33.0,0.0,10.5,1016.3,0,0,59,6,2,0,0,0,0,1.0,6.123233995736766e-17,59.82212654770177,59.51845026180799,117.0,46.333333333333336,0.9455119166872904
2025-11-12 07:00:00,R4,37.20453394278074,86,3,Arterial,True,27.9,23.0,33.0,0.0,10.5,1016.3,0,0,59,7,2,0,1,0,1,0.9659258262890684,-0.2588190451025206,52.62197689573501,55.183007030883374,109.66666666666667,28.666666666666668,0.6200755657130124
2025-11-12 08:00:00,R4,33.90808588101528,102,3,Arterial,True,27.9,23.0,33.0,0.0,10.5,1016.3,0,0,59,8,2,0,1,0,1,0.8660254037844387,-0.4999999999999998,42.614444941677824,51.13864982069598,109.0,34.0,0.565134764683588
2025-11-12 09:00:00,R4,35.00406591988924,95,3,Arterial,True,27.9,23.0,33.0,0.0,10.5,1016.3,0,0,59,9,2,0,1,0,1,0.7071067811865476,-0.7071067811865475,35.372228581228434,47.597177564465085,94.33333333333333,31.666666666666668,0.5834010986648207
2025-11-12 10:00:00,R4,35.125758115853166,70,3,Arterial,True,27.9,23.0,33.0,0.0,10.5,1016.3,0,0,59,10,2,0,1,0,1,0.4999999999999999,-0.8660254037844387,34.67930330558591,43.650640100660446,89.0,23.333333333333332,0.5854293019308862
2025-11-12 11:00:00,R4,62.38808700586353,120,3,Arterial,True,27.9,23.0,33.0,0.0,10.5,1016.3,0,0,59,11,2,0,0,0,0,0.258819045102521,-0.9659258262890682,44.172637013868666,43.39354097777323,95.0,40.0,1.0398014500977255
2025-11-12 12:00:00,R4,55.45111761430755,100,3,Arterial,True,27.9,23.0,33.0,0.0,10.5,1016.3,0,0,59,12,2,0,0,0,0,1.2246467991473532e-16,-1.0,50.9883209120081,43.18027474661826,96.66666666666667,33.333333333333336,0.9241852935717925
2025-11-12 13:00:00,R4,56.78918449447589,128,3,Arterial,True,27.9,23.0,33.0,0.0,10.5,1016.3,0,0,59,13,2,0,0,0,0,-0.2588190451025208,-0.9659258262890684,58.20946303821567,46.444383171900775,116.0,42.666666666666664,0.9464864082412648
2025-11-12 14:00:00,R4,63.215737538985785,110,3,Arterial,True,27.9,23.0,33.0,0.0,10.5,1016.3,0,0,59,14,2,0,0,0,0,-0.4999999999999997,-0.8660254037844388,58.48534654925643,51.32899178156253,112.66666666666667,36.666666666666664,1.0535956256497632
2025-11-12 15:00:00,R4,56.86986092836872,125,3,Arterial,True,27.9,23.0,33.0,0.0,10.5,1016.3,0,0,59,15,2,0,0,0,0,-0.7071067811865471,-0.7071067811865479,58.958260987276816,54.97329094964244,121.0,41.666666666666664,0.947831015472812
2025-11-12 16:00:00,R4,63.604149642936285,117,3,Arterial,True,27.9,23.0,33.0,0.0,10.5,1016.3,0,0,59,16,2,0,0,0,0,-0.8660254037844384,-0.5000000000000004,61.22991603676362,59.71968953748962,117.33333333333333,39.0,1.0600691607156048
2025-11-12 17:00:00,R4,32.03691387055864,109,3,Arterial,True,27.9,23.0,33.0,0.0,10.5,1016.3,0,0,59,17,2,0,0,1,1,-0.9659258262890684,-0.2588190451025206,50.83697481395456,54.66116068160548,117.0,36.333333333333336,0.5339485645093107
2025-11-12 18:00:00,R4,38.32336095049087,73,3,Arterial,True,27.9,23.0,33.0,0.0,10.5,1016.3,0,0,59,18,2,0,0,1,1,-1.0,-1.8369701987210294e-16,44.65480815466194,51.80653457096937,99.66666666666667,24.333333333333332,0.6387226825081812
2025-11-12 19:00:00,R4,32.936164442546165,83,3,Arterial,True,27.9,23.0,33.0,0.0,10.5,1016.3,0,0,59,19,2,0,0,1,1,-0.9659258262890684,0.2588190451025203,34.432146421198574,47.83103122898108,88.33333333333333,27.666666666666668,0.548936074042436
2025-11-12 20:00:00,R4,38.02046801929829,106,3,Arterial,True,27.9,23.0,33.0,0.0,10.5,1016.3,0,0,59,20,2,0,0,1,1,-0.8660254037844386,0.5000000000000001,36.42666447077846,43.6318196423665,87.33333333333333,35.333333333333336,0.6336744669883049
2025-11-12 21:00:00,R4,65.15596744305049,144,3,Arterial,True,27.9,23.0,33.0,0.0,10.5,1016.3,0,0,59,21,2,0,0,0,0,-0.7071067811865477,0.7071067811865474,45.37086663496499,45.01283739481346,111.0,48.0,1.085932790717508
2025-11-12 22:00:00,R4,55.1368707646045,141,3,Arterial,True,27.9,23.0,33.0,0.0,10.5,1016.3,0,0,59,22,2,0,0,0,0,-0.5000000000000004,0.8660254037844384,52.77110207565111,43.60162424842483,130.33333333333334,47.0,0.9189478460767417
2025-11-12 23:00:00,R4,54.7678789509267,131,3,Arterial,True,27.9,23.0,33.0,0.0,10.5,1016.3,0,0,59,23,2,0,0,0,0,-0.2588190451025215,0.965925826289068,58.35357238619391,47.39011842848617,138.66666666666666,43.666666666666664,0.912797982515445
2025-11-13 00:00:00,R4,68.29876078971489,124,3,Arterial,True,27.6,23.0,31.0,0.0,11.5,1017.7,0,0,59,0,3,0,0,0,0,0.0,1.0,59.401170168415376,52.38601840169017,132.0,41.333333333333336,1.1383126798285814
2025-11-13 01:00:00,R4,65.88800164631489,148,3,Arterial,True,27.6,23.0,31.0,0.0,11.5,1017.7,0,0,59,1,3,0,0,0,0,0.2588190451025207,0.9659258262890684,62.984880462318834,57.877991268984964,134.33333333333334,49.333333333333336,1.0981333607719148
2025-11-13 02:00:00,R4,63.58083588859678,122,3,Arterial,True,27.6,23.0,31.0,0.0,11.5,1017.7,0,0,59,2,3,0,0,0,0,0.4999999999999999,0.8660254037844387,65.92253277487553,62.13805258053471,131.33333333333334,40.666666666666664,1.0596805981432798
2025-11-13 03:00:00,R4,51.67494658560408,112,3,Arterial,True,27.6,23.0,31.0,0.0,11.5,1017.7,0,0,59,3,3,0,0,0,0,0.7071067811865476,0.7071067811865476,60.38126137350526,59.89121577096031,127.33333333333333,37.333333333333336,0.8612491097600681
2025-11-13 04:00:00,R4,66.8893838622173,131,3,Arterial,True,27.6,23.0,31.0,0.0,11.5,1017.7,0,0,59,4,3,0,0,0,0,0.8660254037844386,0.5000000000000001,60.71505544547273,61.84996795389577,121.66666666666667,43.666666666666664,1.1148230643702883
2025-11-13 05:00:00,R4,59.00558008363828,139,3,Arterial,True,27.6,23.0,31.0,0.0,11.5,1017.7,0,0,59,5,3,0,0,0,0,0.9659258262890684,0.2588190451025207,59.189970177153235,62.55625147601438,127.33333333333333,46.333333333333336,0.9834263347273047
2025-11-13 06:00:00,R4,61.004498932033314,121,3,Arterial,True,27.6,23.0,31.0,0.0,11.5,1017.7,0,0,59,6,3,0,0,0,0,1.0,6.123233995736766e-17,62.29982095929631,61.340541166400776,130.33333333333334,40.333333333333336,1.0167416488672218
2025-11-13 07:00:00,R4,35.954579947244085,102,3,Arterial,True,27.6,23.0,31.0,0.0,11.5,1017.7,0,0,59,7,3,0,1,0,1,0.9659258262890684,-0.2588190451025206,51.98821965430523,56.35163754988897,120.66666666666667,34.0,0.5992429991207348
2025-11-13 08:00:00,R4,36.1690955193643,62,3,Arterial,True,27.6,23.0,31.0,0.0,11.5,1017.7,0,0,59,8,3,0,1,0,1,0.8660254037844387,-0.4999999999999998,44.37605813288058,51.78301415501689,95.0,20.666666666666668,0.6028182586560716
2025-11-13 09:00:00,R4,36.72153913731242,81,3,Arterial,True,27.6,23.0,31.0,0.0,11.5,1017.7,0,0,59,9,3,0,1,0,1,0.7071067811865476,-0.7071067811865475,36.28173820130694,49.290779580301624,81.66666666666667,27.0,0.6120256522885403
2025-11-13 10:00:00,R4,37.177151911328245,106,3,Arterial,True,27.6,23.0,31.0,0.0,11.5,1017.7,0,0,59,10,3,0,1,0,1,0.4999999999999999,-0.8660254037844387,36.689262189335,44.33874092182011,83.0,35.333333333333336,0.6196191985221374
2025-11-13 11:00:00,R4,60.91615190581477,133,3,Arterial,True,27.6,23.0,31.0,0.0,11.5,1017.7,0,0,59,11,3,0,0,0,0,0.258819045102521,-0.9659258262890682,44.93828098481848,44.657169558849525,106.66666666666667,44.333333333333336,1.0152691984302462
2025-11-13 12:00:00,R4,56.90784316425159,136,3,Arterial,True,27.6,23.0,31.0,0.0,11.5,1017.7,0,0,59,12,3,0,0,0,0,1.2246467991473532e-16,-1.0,51.66704899379821,43.97439359755257,125.0,45.333333333333336,0.9484640527375264
2025-11-13 13:00:00,R4,65.09521544172341,137,3,Arterial,True,27.6,23.0,31.0,0.0,11.5,1017.7,0,0,59,13,3,0,0,0,0,-0.2588190451025208,-0.9659258262890684,60.9730701705966,48.831166179965784,135.33333333333334,45.666666666666664,1.0849202573620569
2025-11-13 14:00:00,R4,63.68722135579986,120,3,Arterial,True,27.6,23.0,31.0,0.0,11.5,1017.7,0,0,59,14,3,0,0,0,0,-0.4999999999999997,-0.8660254037844388,61.89675998725829,53.41752048603838,131.0,40.0,1.061453689263331
2025-11-13 15:00:00,R4,62.32105612287712,141,3,Arterial,True,27.6,23.0,31.0,0.0,11.5,1017.7,0,0,59,15,3,0,0,0,0,-0.7071067811865471,-0.7071067811865479,63.701164306800145,57.684106650299164,132.66666666666666,47.0,1.0386842687146187
2025-11-13 16:00:00,R4,52.950029573169466,117,3,Arterial,True,27.6,23.0,31.0,0.0,11.5,1017.7,0,0,59,16,3,0,0,0,0,-0.8660254037844384,-0.5000000000000004,59.65276901728216,60.31291959393937,126.0,39.0,0.8825004928861577
2025-11-13 17:00:00,R4,32.12612639960349,95,3,Arterial,True,27.6,23.0,31.0,0.0,11.5,1017.7,0,0,59,17,3,0,0,1,1,-0.9659258262890684,-0.2588190451025206,49.13240403188337,55.51458200957083,117.66666666666667,31.666666666666668,0.5354354399933915
2025-11-13 18:00:00,R4,38.304688800908245,74,3,Arterial,True,27.6,23.0,31.0,0.0,11.5,1017.7,0,0,59,18,3,0,0,1,1,-1.0,-1.8369701987210294e-16,41.12694825789375,52.414056282346934,95.33333333333333,24.666666666666668,0.6384114800151374
2025-11-13 19:00:00,R4,37.453917051367696,99,3,Arterial,True,27.6,23.0,31.0,0.0,11.5,1017.7,0,0,59,19,3,0,0,1,1,-0.9659258262890684,0.2588190451025203,35.96157741729315,47.80717321728765,89.33333333333333,33.0,0.6242319508561283
2025-11-13 20:00:00,R4,36.80661029632944,91,3,Arterial,True,27.6,23.0,31.0,0.0,11.5,1017.7,0,0,59,20,3,0,0,1,1,-0.8660254037844386,0.5000000000000001,37.5217387162018,43.32707137404258,88.0,30.333333333333332,0.6134435049388239
2025-11-13 21:00:00,R4,53.888514017980654,137,3,Arterial,True,27.6,23.0,31.0,0.0,11.5,1017.7,0,0,59,21,3,0,0,0,0,-0.7071067811865477,0.7071067811865474,42.7163471218926,41.92164768989316,109.0,45.666666666666664,0.8981419002996776
2025-11-13 22:00:00,R4,71.14015879847221,142,3,Arterial,True,27.6,23.0,31.0,0.0,11.5,1017.7,0,0,59,22,3,0,0,0,0,-0.5000000000000004,0.8660254037844384,53.94509437092745,44.95333589411029,123.33333333333333,47.333333333333336,1.1856693133078702
2025-11-13 23:00:00,R4,64.21097586541472,134,3,Arterial,True,27.6,23.0,31.0,0.0,11.5,1017.7,0,0,59,23,3,0,0,0,0,-0.2588190451025215,0.965925826289068,63.079882893955876,50.30081080507883,137.66666666666666,44.666666666666664,1.0701829310902453
2025-11-14 00:00:00,R4,55.94352241482419,123,3,Arterial,True,27.4,23.0,31.0,0.0,11.5,1017.0,0,0,59,0,4,0,0,0,0,0.0,1.0,63.764885692903725,53.24061640739814,133.0,41.0,0.9323920402470698
2025-11-14 01:00:00,R4,59.90781861162653,148,3,Arterial,True,27.4,23.0,31.0,0.0,11.5,1017.0,0,0,59,1,4,0,0,0,0,0.2588190451025207,0.9659258262890684,60.02077229728849,56.98293333410796,135.0,49.333333333333336,0.9984636435271088
2025-11-14 02:00:00,R4,61.9769942324844,131,3,Arterial,True,27.4,23.0,31.0,0.0,11.5,1017.0,0,0,59,2,4,0,0,0,0,0.4999999999999999,0.8660254037844387,59.27611175297838,61.17799732346712,134.0,43.666666666666664,1.03294990387474
2025-11-14 03:00:00,R4,61.208695030904174,130,3,Arterial,True,27.4,23.0,31.0,0.0,11.5,1017.0,0,0,59,3,4,0,0,0,0,0.7071067811865476,0.7071067811865476,61.03116929167171,62.3980274922877,136.33333333333334,43.333333333333336,1.0201449171817363
2025-11-14 04:00:00,R4,65.17236483938025,104,3,Arterial,True,27.4,23.0,31.0,0.0,11.5,1017.0,0,0,59,4,4,0,0,0,0,0.8660254037844386,0.5000000000000001,62.78601803425628,61.40339516577237,121.66666666666667,34.666666666666664,1.0862060806563376
2025-11-14 05:00:00,R4,57.152740476989486,111,3,Arterial,True,27.4,23.0,31.0,0.0,11.5,1017.0,0,0,59,5,4,0,0,0,0,0.9659258262890684,0.2588190451025207,61.17793344909131,60.22702260103483,115.0,37.0,0.9525456746164914
2025-11-14 06:00:00,R4,63.93242941220083,142,3,Arterial,True,27.4,23.0,31.0,0.0,11.5,1017.0,0,0,59,6,4,0,0,0,0,1.0,6.123233995736766e-17,62.08584490952353,61.558507100597616,119.0,47.333333333333336,1.0655404902033472
2025-11-14 07:00:00,R4,27.795104354634702,66,3,Arterial,True,27.4,23.0,31.0,0.0,11.5,1017.0,0,0,59,7,4,0,1,0,1,0.9659258262890684,-0.2588190451025206,49.62675808127502,56.20638805776564,106.33333333333333,22.0,0.4632517392439117
2025-11-14 08:00:00,R4,34.26631815394109,89,3,Arterial,True,27.4,23.0,31.0,0.0,11.5,1017.0,0,0,59,8,4,0,1,0,1,0.8660254037844387,-0.4999999999999998,41.997950640258885,51.58794204467509,99.0,29.666666666666668,0.5711053025656849
2025-11-14 09:00:00,R4,40.407008923581486,85,3,Arterial,True,27.4,23.0,31.0,0.0,11.5,1017.0,0,0,59,9,4,0,1,0,1,0.7071067811865476,-0.7071067811865475,34.1561438107191,48.12099436012131,80.0,28.333333333333332,0.6734501487263581
2025-11-14 10:00:00,R4,36.08631747510968,109,3,Arterial,True,27.4,23.0,31.0,0.0,11.5,1017.0,0,0,59,10,4,0,1,0,1,0.4999999999999999,-0.8660254037844387,36.9198815175441,43.273319799409556,94.33333333333333,36.333333333333336,0.6014386245851614
2025-11-14 11:00:00,R4,56.2204263541709,105,3,Arterial,True,27.4,23.0,31.0,0.0,11.5,1017.0,0,0,59,11,4,0,0,0,0,0.258819045102521,-0.9659258262890682,44.237917584287366,43.11793411227311,99.66666666666667,35.0,0.9370071059028483
2025-11-14 12:00:00,R4,51.436091186941965,116,3,Arterial,True,27.4,23.0,31.0,0.0,11.5,1017.0,0,0,59,12,4,0,0,0,0,1.2246467991473532e-16,-1.0,47.914278338740864,41.03521107472997,110.0,38.666666666666664,0.8572681864490328
2025-11-14 13:00:00,R4,60.80048118349499,123,3,Arterial,True,27.4,23.0,31.0,0.0,11.5,1017.0,0,0,59,13,4,0,0,0,0,-0.2588190451025208,-0.9659258262890684,56.152332908202624,46.536107212873354,114.66666666666667,41.0,1.0133413530582498
2025-11-14 14:00:00,R4,66.017833600449,102,3,Arterial,True,27.4,23.0,31.0,0.0,11.5,1017.0,0,0,59,14,4,0,0,0,0,-0.4999999999999997,-0.8660254037844388,59.41813532362866,51.82802645395801,113.66666666666667,34.0,1.10029722667415
2025-11-14 15:00:00,R4,47.7031353119507,105,3,Arterial,True,27.4,23.0,31.0,0.0,11.5,1017.0,0,0,59,15,4,0,0,0,0,-0.7071067811865471,-0.7071067811865479,58.17381669863156,53.044047518686206,110.0,35.0,0.7950522551991784
2025-11-14 16:00:00,R4,57.79404148638001,115,3,Arterial,True,27.4,23.0,31.0,0.0,11.5,1017.0,0,0,59,16,4,0,0,0,0,-0.8660254037844384,-0.5000000000000004,57.17167013292658,56.662001520564594,107.33333333333333,38.333333333333336,0.9632340247730001
2025-11-14 17:00:00,R4,41.18423384477313,99,3,Arterial,True,27.4,23.0,31.0,0.0,11.5,1017.0,0,0,59,17,4,0,0,1,1,-0.9659258262890684,-0.2588190451025206,48.89380354770129,54.155969435664964,106.33333333333333,33.0,0.6864038974128855
2025-11-14 18:00:00,R4,42.56340570598744,73,3,Arterial,True,27.4,23.0,31.0,0.0,11.5,1017.0,0,0,59,18,4,0,0,1,1,-1.0,-1.8369701987210294e-16,47.18056034571354,52.67718852217254,95.66666666666667,24.333333333333332,0.7093900950997907
2025-11-14 19:00:00,R4,39.139171237396965,79,3,Arterial,True,27.4,23.0,31.0,0.0,11.5,1017.0,0,0,59,19,4,0,0,1,1,-0.9659258262890684,0.2588190451025203,40.96227026271919,49.066970197822876,83.66666666666667,26.333333333333332,0.6523195206232828
2025-11-14 20:00:00,R4,37.34214102042378,78,3,Arterial,True,27.4,23.0,31.0,0.0,11.5,1017.0,0,0,59,20,4,0,0,1,1,-0.8660254037844386,0.5000000000000001,39.68157265460274,44.28768810115201,76.66666666666667,26.0,0.622369017007063
2025-11-14 21:00:00,R4,60.72600490399552,145,3,Arterial,True,27.4,23.0,31.0,0.0,11.5,1017.0,0,0,59,21,4,0,0,0,0,-0.7071067811865477,0.7071067811865474,45.73577238727211,46.45816636649281,100.66666666666667,48.333333333333336,1.0121000817332588
2025-11-14 22:00:00,R4,58.38551595710588,113,3,Arterial,True,27.4,23.0,31.0,0.0,11.5,1017.0,0,0,59,22,4,0,0,0,0,-0.5000000000000004,0.8660254037844384,52.15122062717507,46.556745444947126,112.0,37.666666666666664,0.9730919326184313
2025-11-14 23:00:00,R4,59.33435293026761,113,3,Arterial,True,27.4,23.0,31.0,0.0,11.5,1017.0,0,0,59,23,4,0,0,0,0,-0.2588190451025215,0.965925826289068,59.48195793045635,49.58176529252953,123.66666666666667,37.666666666666664,0.9889058821711268
2025-11-15 00:00:00,R4,48.4542147765367,139,3,Arterial,True,27.1,23.0,31.0,0.0,11.1,1016.6,0,0,59,0,5,1,0,0,0,0.0,1.0,55.391361221303406,50.563566804287746,121.66666666666667,46.333333333333336,0.8075702462756117
2025-11-15 01:00:00,R4,58.33605788751708,134,3,Arterial,True,27.1,23.0,31.0,0.0,11.1,1016.6,0,0,59,1,5,1,0,0,0,0.2588190451025207,0.9659258262890684,55.37487519810714,53.7630479126411,128.66666666666666,44.666666666666664,0.9722676314586179
2025-11-15 02:00:00,R4,64.2427863207178,137,3,Arterial,True,27.1,23.0,31.0,0.0,11.1,1016.6,0,0,59,2,5,1,0,0,0,0.4999999999999999,0.8660254037844387,57.01101966159053,58.246488796023435,136.66666666666666,45.666666666666664,1.0707131053452967
2025-11-15 03:00:00,R4,56.84311716482578,136,3,Arterial,True,27.1,23.0,31.0,0.0,11.1,1016.6,0,0,59,3,5,1,0,0,0,0.7071067811865476,0.7071067811865476,59.80732045768689,57.59934083949514,135.66666666666666,45.333333333333336,0.9473852860804296
2025-11-15 04:00:00,R4,60.02280085579022,141,3,Arterial,True,27.1,23.0,31.0,0.0,11.1,1016.6,0,0,59,4,5,1,0,0,0,0.8660254037844386,0.5000000000000001,60.36956811377794,57.87222165594253,138.0,47.0,1.0003800142631705
2025-11-15 05:00:00,R4,58.4957806862317,136,3,Arterial,True,27.1,23.0,31.0,0.0,11.1,1016.6,0,0,59,5,5,1,0,0,0,0.9659258262890684,0.2588190451025207,58.45389956894925,57.732459615269875,137.66666666666666,45.333333333333336,0.9749296781038617
2025-11-15 06:00:00,R4,46.365854325541314,121,3,Arterial,True,27.1,23.0,31.0,0.0,11.1,1016.6,0,0,59,6,5,1,0,0,0,1.0,6.123233995736766e-17,54.96147862252109,57.38439954010398,132.66666666666666,40.333333333333336,0.7727642387590219
2025-11-15 07:00:00,R4,40.82121818149061,64,3,Arterial,True,27.1,23.0,31.0,0.0,11.1,1016.6,0,0,59,7,5,1,1,0,1,0.9659258262890684,-0.2588190451025206,48.560951064421225,54.46525958909957,107.0,21.333333333333332,0.6803536363581768
2025-11-15 08:00:00,R4,31.11633540372602,96,3,Arterial,True,27.1,23.0,31.0,0.0,11.1,1016.6,0,0,59,8,5,1,1,0,1,0.8660254037844387,-0.4999999999999998,39.434469303585985,48.9441844362676,93.66666666666667,32.0,0.5186055900621003
2025-11-15 09:00:00,R4,35.221238963349144,95,3,Arterial,True,27.1,23.0,31.0,0.0,11.1,1016.6,0,0,59,9,5,1,1,0,1,0.7071067811865476,-0.7071067811865475,35.7195975161886,45.340538069354835,85.0,31.666666666666668,0.5870206493891524
2025-11-15 10:00:00,R4,35.586485561264546,109,3,Arterial,True,27.1,23.0,31.0,0.0,11.1,1016.6,0,0,59,10,5,1,1,0,1,0.4999999999999999,-0.8660254037844387,33.974686642779915,41.26781885360055,100.0,36.333333333333336,0.5931080926877424
2025-11-15 11:00:00,R4,66.56420306964786,116,3,Arterial,True,27.1,23.0,31.0,0.0,11.1,1016.6,0,0,59,11,5,1,0,0,0,0.258819045102521,-0.9659258262890682,45.790642531420524,42.61255591750325,106.66666666666667,38.666666666666664,1.109403384494131
2025-11-15 12:00:00,R4,67.32932174046422,128,3,Arterial,True,27.1,23.0,31.0,0.0,11.1,1016.6,0,0,59,12,5,1,0,0,0,1.2246467991473532e-16,-1.0,56.493336790458876,46.106467153323734,117.66666666666667,42.666666666666664,1.1221553623410705
2025-11-15 13:00:00,R4,52.20743239161021,123,3,Arterial,True,27.1,23.0,31.0,0.0,11.1,1016.6,0,0,59,13,5,1,0,0,0,-0.2588190451025208,-0.9659258262890684,62.03365240057411,48.004169521677,122.33333333333333,41.0,0.8701238731935035
2025-11-15 14:00:00,R4,58.91389199243527,139,3,Arterial,True,27.1,23.0,31.0,0.0,11.1,1016.6,0,0,59,14,5,1,0,0,0,-0.4999999999999997,-0.8660254037844388,59.483548708169906,52.63709561979521,130.0,46.333333333333336,0.9818981998739211
2025-11-15 15:00:00,R4,50.33665836767777,101,3,Arterial,True,27.1,23.0,31.0,0.0,11.1,1016.6,0,0,59,15,5,1,0,0,0,-0.7071067811865471,-0.7071067811865479,53.81932758390775,55.15633218718332,121.0,33.666666666666664,0.8389443061279629
2025-11-15 16:00:00,R4,58.47308289004585,114,3,Arterial,True,27.1,23.0,31.0,0.0,11.1,1016.6,0,0,59,16,5,1,0,0,0,-0.8660254037844384,-0.5000000000000004,55.90787775005297,58.97076507531353,118.0,38.0,0.9745513815007641
2025-11-15 17:00:00,R4,35.17328380259192,91,3,Arterial,True,27.1,23.0,31.0,0.0,11.1,1016.6,0,0,59,17,5,1,0,1,1,-0.9659258262890684,-0.2588190451025206,47.994341686771854,53.738945197470876,102.0,30.333333333333332,0.5862213967098653
2025-11-15 18:00:00,R4,40.523046338795794,61,3,Arterial,True,27.1,23.0,31.0,0.0,11.1,1016.6,0,0,59,18,5,1,0,1,1,-1.0,-1.8369701987210294e-16,44.72313767714453,49.271232630526136,88.66666666666667,20.333333333333332,0.6753841056465966
2025-11-15 19:00:00,R4,36.80760431878692,62,3,Arterial,True,27.1,23.0,31.0,0.0,11.1,1016.6,0,0,59,19,5,1,0,1,1,-0.9659258262890684,0.2588190451025203,37.50131148672489,46.70459461838892,71.33333333333333,20.666666666666668,0.613460071979782
2025-11-15 20:00:00,R4,36.8277642533443,94,3,Arterial,True,27.1,23.0,31.0,0.0,11.1,1016.6,0,0,59,20,5,1,0,1,1,-0.8660254037844386,0.5000000000000001,38.05280497030901,43.02357332854043,72.33333333333333,31.333333333333332,0.6137960708890716
2025-11-15 21:00:00,R4,64.43422495054375,114,3,Arterial,True,27.1,23.0,31.0,0.0,11.1,1016.6,0,0,59,21,5,1,0,0,0,-0.7071067811865477,0.7071067811865474,46.02319784089167,45.37316775901809,90.0,38.0,1.0739037491757293
2025-11-15 22:00:00,R4,58.44722884371833,112,3,Arterial,True,27.1,23.0,31.0,0.0,11.1,1016.6,0,0,59,22,5,1,0,0,0,-0.5000000000000004,0.8660254037844384,53.236406015868795,45.368858751296834,106.66666666666667,37.333333333333336,0.9741204807286388
2025-11-15 23:00:00,R4,63.58155728892872,114,3,Arterial,True,27.1,23.0,31.0,0.0,11.1,1016.6,0,0,59,23,5,1,0,0,0,-0.2588190451025215,0.965925826289068,62.15433702773027,50.10357099901964,113.33333333333333,38.0,1.0596926214821454
2025-11-16 00:00:00,R4,71.4398936757237,119,3,Arterial,True,27.4,23.0,33.0,0.0,11.2,1018.4,0,0,59,0,6,1,0,0,0,0.0,1.0,64.48955993612358,55.25637888850762,115.0,39.666666666666664,1.1906648945953948
2025-11-16 01:00:00,R4,58.09078863213659,109,3,Arterial,True,27.4,23.0,33.0,0.0,11.2,1018.4,0,0,59,1,6,1,0,0,0,0.2588190451025207,0.9659258262890684,64.370746532263,58.8035762740659,114.0,36.333333333333336,0.9681798105356098
2025-11-16 02:00:00,R4,50.72989302265283,149,3,Arterial,True,27.4,23.0,33.0,0.0,11.2,1018.4,0,0,59,2,6,1,0,0,0,0.4999999999999999,0.8660254037844387,60.086858443504376,61.12059773561732,125.66666666666667,49.666666666666664,0.8454982170442139
2025-11-16 03:00:00,R4,59.09117350573853,108,3,Arterial,True,27.4,23.0,33.0,0.0,11.2,1018.4,0,0,59,3,6,1,0,0,0,0.7071067811865476,0.7071067811865476,55.97061838684265,60.230089161483114,122.0,36.0,0.9848528917623088
2025-11-16 04:00:00,R4,54.76005535010519,102,3,Arterial,True,27.4,23.0,33.0,0.0,11.2,1018.4,0,0,59,4,6,1,0,0,0,0.8660254037844386,0.5000000000000001,54.86037395949885,59.615560245880935,119.66666666666667,34.0,0.9126675891684198
2025-11-16 05:00:00,R4,59.59901998522313,109,3,Arterial,True,27.4,23.0,33.0,0.0,11.2,1018.4,0,0,59,5,6,1,0,0,0,0.9659258262890684,0.2588190451025207,57.816749613688955,58.951804028596655,106.33333333333333,36.333333333333336,0.9933169997537188
2025-11-16 06:00:00,R4,57.09056336024901,144,3,Arterial,True,27.4,23.0,33.0,0.0,11.2,1018.4,0,0,59,6,6,1,0,0,0,1.0,6.123233995736766e-17,57.14987956519244,56.56024897601754,118.33333333333333,48.0,0.9515093893374834
2025-11-16 07:00:00,R4,30.263411945697666,62,3,Arterial,True,27.4,23.0,33.0,0.0,11.2,1018.4,0,0,59,7,6,1,1,0,1,0.9659258262890684,-0.2588190451025206,48.98433176372327,51.92235286161105,105.0,20.666666666666668,0.5043901990949611
2025-11-16 08:00:00,R4,43.91893692935992,73,3,Arterial,True,27.4,23.0,33.0,0.0,11.2,1018.4,0,0,59,8,6,1,1,0,1,0.8660254037844387,-0.4999999999999998,43.75763741176886,50.78719351272891,93.0,24.333333333333332,0.7319822821559987
2025-11-16 09:00:00,R4,32.67042297449898,95,3,Arterial,True,27.4,23.0,33.0,0.0,11.2,1018.4,0,0,59,9,6,1,1,0,1,0.7071067811865476,-0.7071067811865475,35.61759061651886,46.38373509085565,76.66666666666667,31.666666666666668,0.5445070495749831
2025-11-16 10:00:00,R4,27.785348142244693,64,3,Arterial,True,27.4,23.0,33.0,0.0,11.2,1018.4,0,0,59,10,6,1,1,0,1,0.4999999999999999,-0.8660254037844387,34.7915693487012,41.88795055621224,77.33333333333333,21.333333333333332,0.4630891357040782
2025-11-16 11:00:00,R4,65.49801710757502,105,3,Arterial,True,27.4,23.0,33.0,0.0,11.2,1018.4,0,0,59,11,6,1,0,0,0,0.258819045102521,-0.9659258262890682,41.9845960747729,42.87111674327088,88.0,35.0,1.0916336184595836
2025-11-16 12:00:00,R4,53.38625197140056,140,3,Arterial,True,27.4,23.0,33.0,0.0,11.2,1018.4,0,0,59,12,6,1,0,0,0,1.2246467991473532e-16,-1.0,48.889872407073426,42.25373151179614,103.0,46.666666666666664,0.8897708661900093
2025-11-16 13:00:00,R4,53.41881116670723,106,3,Arterial,True,27.4,23.0,33.0,0.0,11.2,1018.4,0,0,59,13,6,1,0,0,0,-0.2588190451025208,-0.9659258262890684,57.434360081894276,46.11296471529773,117.0,35.333333333333336,0.8903135194451205
2025-11-16 14:00:00,R4,63.48971388794185,147,3,Arterial,True,27.4,23.0,33.0,0.0,11.2,1018.4,0,0,59,14,6,1,0,0,0,-0.4999999999999997,-0.8660254037844388,56.76492567534988,49.37476087506139,131.0,49.0,1.0581618981323642
2025-11-16 15:00:00,R4,63.03108706139557,111,3,Arterial,True,27.4,23.0,33.0,0.0,11.2,1018.4,0,0,59,15,6,1,0,0,0,-0.7071067811865471,-0.7071067811865479,59.97987070534822,54.43487155621082,121.33333333333333,37.0,1.050518117689926
2025-11-16 16:00:00,R4,64.31165293118079,100,3,Arterial,True,27.4,23.0,33.0,0.0,11.2,1018.4,0,0,59,16,6,1,0,0,0,-0.8660254037844384,-0.5000000000000004,63.61081796017274,60.522589021033504,119.33333333333333,33.333333333333336,1.0718608821863465
2025-11-16 17:00:00,R4,35.17009160555328,109,3,Arterial,True,27.4,23.0,33.0,0.0,11.2,1018.4,0,0,59,17,6,1,0,1,1,-0.9659258262890684,-0.2588190451025206,54.17094386604322,55.46793477069654,106.66666666666667,36.333333333333336,0.586168193425888
2025-11-16 18:00:00,R4,39.11066107845646,75,3,Arterial,True,27.4,23.0,33.0,0.0,11.2,1018.4,0,0,59,18,6,1,0,1,1,-1.0,-1.8369701987210294e-16,46.19746853839684,53.088669621872526,94.66666666666667,25.0,0.6518443513076077
2025-11-16 19:00:00,R4,41.68694127694948,81,3,Arterial,True,27.4,23.0,33.0,0.0,11.2,1018.4,0,0,59,19,6,1,0,1,1,-0.9659258262890684,0.2588190451025203,38.65589798698641,51.13335797357957,88.33333333333333,27.0,0.6947823546158247
2025-11-16 20:00:00,R4,38.2649162427095,80,3,Arterial,True,27.4,23.0,33.0,0.0,11.2,1018.4,0,0,59,20,6,1,0,1,1,-0.8660254037844386,0.5000000000000001,39.68750619937182,46.92922503270751,78.66666666666667,26.666666666666668,0.6377486040451584
2025-11-16 21:00:00,R4,56.53334650594584,134,3,Arterial,True,27.4,23.0,33.0,0.0,11.2,1018.4,0,0,59,21,6,1,0,0,0,-0.7071067811865477,0.7071067811865474,45.49506800853495,45.84626827346589,98.33333333333333,44.666666666666664,0.9422224417657641
2025-11-16 22:00:00,R4,60.54656100658119,145,3,Arterial,True,27.4,23.0,33.0,0.0,11.2,1018.4,0,0,59,22,6,1,0,0,0,-0.5000000000000004,0.8660254037844384,51.781607918412185,45.2187529526993,119.66666666666667,48.333333333333336,1.0091093501096866
2025-11-16 23:00:00,R4,56.03101650455466,149,3,Arterial,True,27.4,23.0,33.0,0.0,11.2,1018.4,0,0,59,23,6,1,0,0,0,-0.2588190451025215,0.965925826289068,57.70364133902723,48.69557376919952,142.66666666666666,49.666666666666664,0.9338502750759109
2025-11-17 00:00:00,R4,57.0636060774012,121,3,Arterial,True,27.1,23.0,31.0,0.0,11.5,1018.9,0,0,59,0,0,0,0,0,0,0.0,1.0,57.88039452951235,51.68773126902365,138.33333333333334,40.333333333333336,0.9510601012900199
2025-11-17 01:00:00,R4,57.71249328650254,149,3,Arterial,True,27.1,23.0,31.0,0.0,11.5,1018.9,0,0,59,1,0,0,0,0,0,0.2588190451025207,0.9659258262890684,56.93570528948613,54.35865660394916,139.66666666666666,49.666666666666664,0.9618748881083757
2025-11-17 02:00:00,R4,57.37132795325066,141,3,Arterial,True,27.1,23.0,31.0,0.0,11.5,1018.9,0,0,59,2,0,0,0,0,0,0.4999999999999999,0.8660254037844387,57.3824757723848,57.54305855570601,137.0,47.0,0.9561887992208444
2025-11-17 03:00:00,R4,65.05755328696398,125,3,Arterial,True,27.1,23.0,31.0,0.0,11.5,1018.9,0,0,59,3,0,0,0,0,0,0.7071067811865476,0.7071067811865476,60.047124842239064,58.96375968587571,138.33333333333334,41.666666666666664,1.084292554782733
2025-11-17 04:00:00,R4,63.65675055247351,149,3,Arterial,True,27.1,23.0,31.0,0.0,11.5,1018.9,0,0,59,4,0,0,0,0,0,0.8660254037844386,0.5000000000000001,62.028543930896056,59.4821246101911,138.33333333333334,49.666666666666664,1.0609458425412253
2025-11-17 05:00:00,R4,56.48821320623606,102,3,Arterial,True,27.1,23.0,31.0,0.0,11.5,1018.9,0,0,59,5,0,0,0,0,0,0.9659258262890684,0.2588190451025207,61.73417234855785,59.55832406047133,125.33333333333333,34.0,0.9414702201039343
2025-11-17 06:00:00,R4,68.79504868623813,144,3,Arterial,True,27.1,23.0,31.0,0.0,11.5,1018.9,0,0,59,6,0,0,0,0,0,1.0,6.123233995736766e-17,62.980004148315906,61.51356449527748,131.66666666666666,48.0,1.1465841447706355
2025-11-17 07:00:00,R4,39.06017828467965,70,3,Arterial,True,27.1,23.0,31.0,0.0,11.5,1018.9,0,0,59,7,0,0,1,0,1,0.9659258262890684,-0.2588190451025206,54.78114672571795,58.404845328307,105.33333333333333,23.333333333333332,0.6510029714113276
2025-11-17 08:00:00,R4,24.831243786692774,105,3,Arterial,True,27.1,23.0,31.0,0.0,11.5,1018.9,0,0,59,8,0,0,1,0,1,0.8660254037844387,-0.4999999999999998,44.228823585870195,52.98149796721401,106.33333333333333,35.0,0.4138540631115462
2025-11-17 09:00:00,R4,32.15263742749922,92,3,Arterial,True,27.1,23.0,31.0,0.0,11.5,1018.9,0,0,59,9,0,0,1,0,1,0.7071067811865476,-0.7071067811865475,32.014686499623885,47.49734532396989,89.0,30.666666666666668,0.5358772904583203
2025-11-17 10:00:00,R4,36.00003122748175,103,3,Arterial,True,27.1,23.0,31.0,0.0,11.5,1018.9,0,0,59,10,0,0,1,0,1,0.4999999999999999,-0.8660254037844387,30.994637480557913,42.887892103137936,100.0,34.333333333333336,0.6000005204580291
2025-11-17 11:00:00,R4,53.67298930497107,148,3,Arterial,True,27.1,23.0,31.0,0.0,11.5,1018.9,0,0,59,11,0,0,0,0,0,0.258819045102521,-0.9659258262890682,40.60855265331735,42.41868811959377,114.33333333333333,49.333333333333336,0.8945498217495178
2025-11-17 12:00:00,R4,63.85237865703804,127,3,Arterial,True,27.1,23.0,31.0,0.0,11.5,1018.9,0,0,59,12,0,0,0,0,0,1.2246467991473532e-16,-1.0,51.17513306316362,41.594909781393746,126.0,42.333333333333336,1.064206310950634
2025-11-17 13:00:00,R4,62.36499937222547,137,3,Arterial,True,27.1,23.0,31.0,0.0,11.5,1018.9,0,0,59,13,0,0,0,0,0,-0.2588190451025208,-0.9659258262890684,59.96345577807819,45.479046629318056,137.33333333333334,45.666666666666664,1.039416656203758
2025-11-17 14:00:00,R4,64.05358287524237,138,3,Arterial,True,27.1,23.0,31.0,0.0,11.5,1018.9,0,0,59,14,0,0,0,0,0,-0.4999999999999997,-0.8660254037844388,63.42365363483529,52.01610314407632,134.0,46.0,1.0675597145873728
2025-11-17 15:00:00,R4,60.04549755250026,127,3,Arterial,True,27.1,23.0,31.0,0.0,11.5,1018.9,0,0,59,15,0,0,0,0,0,-0.7071067811865471,-0.7071067811865479,62.15469326665603,56.66491316490983,134.0,42.333333333333336,1.000758292541671
2025-11-17 16:00:00,R4,51.67138921060834,131,3,Arterial,True,27.1,23.0,31.0,0.0,11.5,1018.9,0,0,59,16,0,0,0,0,0,-0.8660254037844384,-0.5000000000000004,58.59015654611699,59.276806162097586,132.0,43.666666666666664,0.8611898201768057
2025-11-17 17:00:00,R4,37.93644833828882,87,3,Arterial,True,27.1,23.0,31.0,0.0,11.5,1018.9,0,0,59,17,0,0,0,1,1,-0.9659258262890684,-0.2588190451025206,49.884445033799146,56.65404933431722,115.0,29.0,0.6322741389714803
2025-11-17 18:00:00,R4,25.492065078238426,96,3,Arterial,True,27.1,23.0,31.0,0.0,11.5,1018.9,0,0,59,18,0,0,0,1,1,-1.0,-1.8369701987210294e-16,38.366634209045195,50.260663737850614,104.66666666666667,32.0,0.42486775130397375
2025-11-17 19:00:00,R4,41.31386343180355,70,3,Arterial,True,27.1,23.0,31.0,0.0,11.5,1018.9,0,0,59,19,0,0,0,1,1,-0.9659258262890684,0.2588190451025203,34.91412561611026,46.75214108111363,84.33333333333333,23.333333333333332,0.6885643905300591
2025-11-17 20:00:00,R4,33.34495766607475,105,3,Arterial,True,27.1,23.0,31.0,0.0,11.5,1018.9,0,0,59,20,0,0,0,1,1,-0.8660254037844386,0.5000000000000001,33.38362872537224,41.634036879585686,90.33333333333333,35.0,0.5557492944345791
2025-11-17 21:00:00,R4,63.99779044720091,149,3,Arterial,True,27.1,23.0,31.0,0.0,11.5,1018.9,0,0,59,21,0,0,0,0,0,-0.7071067811865477,0.7071067811865474,46.2188705150264,42.2927523620358,108.0,49.666666666666664,1.0666298407866819
2025-11-17 22:00:00,R4,60.02618429370891,111,3,Arterial,True,27.1,23.0,31.0,0.0,11.5,1018.9,0,0,59,22,0,0,0,0,0,-0.5000000000000004,0.8660254037844384,52.4563108023282,43.68521820921922,121.66666666666667,37.0,1.0004364048951484
2025-11-17 23:00:00,R4,59.66116743636484,147,3,Arterial,True,27.1,23.0,31.0,0.0,11.5,1018.9,0,0,59,23,0,0,0,0,0,-0.2588190451025215,0.965925826289068,61.22838072575822,47.30600472556523,135.66666666666666,49.0,0.9943527906060807
2025-11-18 00:00:00,R4,63.31932504337231,100,3,Arterial,True,26.8,23.0,31.0,0.0,10.4,1016.3,0,0,59,0,1,0,0,0,0,0.0,1.0,61.00222559114869,53.61054805308755,119.33333333333333,33.333333333333336,1.0553220840562052
2025-11-18 01:00:00,R4,63.42560212024787,118,3,Arterial,True,26.8,23.0,31.0,0.0,10.4,1016.3,0,0,59,1,1,0,0,0,0,0.2588190451025207,0.9659258262890684,62.13536486666167,57.29583783449493,121.66666666666667,39.333333333333336,1.057093368670798
2025-11-18 02:00:00,R4,64.89224792837703,135,3,Arterial,True,26.8,23.0,31.0,0.0,10.4,1016.3,0,0,59,2,1,0,0,0,0,0.4999999999999999,0.8660254037844387,63.87905836399907,62.553719544878646,117.66666666666667,45.0,1.0815374654729506
2025-11-18 03:00:00,R4,64.95733258595575,115,3,Arterial,True,26.8,23.0,31.0,0.0,10.4,1016.3,0,0,59,3,1,0,0,0,0,0.7071067811865476,0.7071067811865476,64.42506087819355,62.71364323467113,122.66666666666667,38.333333333333336,1.0826222097659293
2025-11-18 04:00:00,R4,58.8429260895966,145,3,Arterial,True,26.8,23.0,31.0,0.0,10.4,1016.3,0,0,59,4,1,0,0,0,0,0.8660254037844386,0.5000000000000001,62.897502201309806,62.51643353398574,131.66666666666666,48.333333333333336,0.98071543482661
2025-11-18 05:00:00,R4,65.24046299120613,146,3,Arterial,True,26.8,23.0,31.0,0.0,10.4,1016.3,0,0,59,5,1,0,0,0,0,0.9659258262890684,0.2588190451025207,63.013573888919495,63.44631612645929,135.33333333333334,48.666666666666664,1.0873410498534355
2025-11-18 06:00:00,R4,67.56973362347267,101,3,Arterial,True,26.8,23.0,31.0,0.0,10.4,1016.3,0,0,59,6,1,0,0,0,0,1.0,6.123233995736766e-17,63.88437423475847,64.154717556476,130.66666666666666,33.666666666666664,1.126162227057878
2025-11-18 07:00:00,R4,26.27901817166381,101,3,Arterial,True,26.8,23.0,31.0,0.0,10.4,1016.3,0,0,59,7,1,0,1,0,1,0.9659258262890684,-0.2588190451025206,53.0297382621142,57.96362023171201,116.0,33.666666666666664,0.43798363619439684
2025-11-18 08:00:00,R4,35.29291335095592,63,3,Arterial,True,26.8,23.0,31.0,0.0,10.4,1016.3,0,0,59,8,1,0,1,0,1,0.8660254037844387,-0.4999999999999998,43.04722171536414,53.03039780214181,88.33333333333333,21.0,0.5882152225159321
2025-11-18 09:00:00,R4,30.893757019583948,74,3,Arterial,True,26.8,23.0,31.0,0.0,10.4,1016.3,0,0,59,9,1,0,1,0,1,0.7071067811865476,-0.7071067811865475,30.82189618073456,47.35313520774651,79.33333333333333,24.666666666666668,0.5148959503263991
2025-11-18 10:00:00,R4,31.28843373335506,78,3,Arterial,True,26.8,23.0,31.0,0.0,10.4,1016.3,0,0,59,10,1,0,1,0,1,0.4999999999999999,-0.8660254037844387,32.49170136796498,42.760719815039586,71.66666666666667,26.0,0.5214738955559176
2025-11-18 11:00:00,R4,60.89783153552028,114,3,Arterial,True,26.8,23.0,31.0,0.0,10.4,1016.3,0,0,59,11,1,0,0,0,0,0.258819045102521,-0.9659258262890682,41.026674096153094,42.036947905758616,88.66666666666667,38.0,1.014963858925338
2025-11-18 12:00:00,R4,62.384552194677326,128,3,Arterial,True,26.8,23.0,31.0,0.0,10.4,1016.3,0,0,59,12,1,0,0,0,0,1.2246467991473532e-16,-1.0,51.52360582118422,41.17275100095939,106.66666666666667,42.666666666666664,1.0397425365779553
2025-11-18 13:00:00,R4,52.96597120702837,116,3,Arterial,True,26.8,23.0,31.0,0.0,10.4,1016.3,0,0,59,13,1,0,0,0,0,-0.2588190451025208,-0.9659258262890684,58.74945164574199,45.62057650685349,119.33333333333333,38.666666666666664,0.8827661867838061
2025-11-18 14:00:00,R4,67.19758105545671,134,3,Arterial,True,26.8,23.0,31.0,0.0,10.4,1016.3,0,0,59,14,1,0,0,0,0,-0.4999999999999997,-0.8660254037844388,60.84936815238746,50.93802112427028,126.0,44.666666666666664,1.1199596842576118
2025-11-18 15:00:00,R4,55.12644452571125,101,3,Arterial,True,26.8,23.0,31.0,0.0,10.4,1016.3,0,0,59,15,1,0,0,0,0,-0.7071067811865471,-0.7071067811865479,58.42999892939878,54.9768023752915,117.0,33.666666666666664,0.9187740754285209
2025-11-18 16:00:00,R4,60.50020852610032,121,3,Arterial,True,26.8,23.0,31.0,0.0,10.4,1016.3,0,0,59,16,1,0,0,0,0,-0.8660254037844384,-0.5000000000000004,60.94141136908943,59.84543150741572,118.66666666666667,40.333333333333336,1.0083368087683386
2025-11-18 17:00:00,R4,34.29929213163968,104,3,Arterial,True,26.8,23.0,31.0,0.0,10.4,1016.3,0,0,59,17,1,0,0,1,1,-0.9659258262890684,-0.2588190451025206,49.97531506115042,55.41234160676894,108.66666666666667,34.666666666666664,0.5716548688606614
2025-11-18 18:00:00,R4,34.44569408034596,74,3,Arterial,True,26.8,23.0,31.0,0.0,10.4,1016.3,0,0,59,18,1,0,0,1,1,-1.0,-1.8369701987210294e-16,43.081731579361985,50.75586525438038,99.66666666666667,24.666666666666668,0.5740949013390994
2025-11-18 19:00:00,R4,27.5205748947452,91,3,Arterial,True,26.8,23.0,31.0,0.0,10.4,1016.3,0,0,59,19,1,0,0,1,1,-0.9659258262890684,0.2588190451025203,32.08852036891028,46.51496586899986,89.66666666666667,30.333333333333332,0.4586762482457533
2025-11-18 20:00:00,R4,31.744559710095057,94,3,Arterial,True,26.8,23.0,31.0,0.0,10.4,1016.3,0,0,59,20,1,0,0,1,1,-0.8660254037844386,0.5000000000000001,31.23694289506207,40.60612897810625,86.33333333333333,31.333333333333332,0.529075995168251
2025-11-18 21:00:00,R4,60.56371285124377,111,3,Arterial,True,26.8,23.0,31.0,0.0,10.4,1016.3,0,0,59,21,1,0,0,0,0,-0.7071067811865477,0.7071067811865474,39.94294915202801,41.512340365695,98.66666666666667,37.0,1.009395214187396
2025-11-18 22:00:00,R4,64.35664589809724,124,3,Arterial,True,26.8,23.0,31.0,0.0,10.4,1016.3,0,0,59,22,1,0,0,0,0,-0.5000000000000004,0.8660254037844384,52.22163948647869,42.15507992769448,109.66666666666667,41.333333333333336,1.0726107649682874
2025-11-18 23:00:00,R4,64.56275718644952,145,3,Arterial,True,26.8,23.0,31.0,0.0,10.4,1016.3,0,0,59,23,1,0,0,0,0,-0.2588190451025215,0.965925826289068,63.16103864526351,47.19899077016279,126.66666666666667,48.333333333333336,1.076045953107492
2025-11-19 00:00:00,R4,62.18232822129765,127,3,Arterial,True,27.2,23.0,33.0,0.0,9.9,1015.0,0,0,59,0,2,0,0,0,0,0.0,1.0,63.700577101948134,51.82176312698807,132.0,42.333333333333336,1.0363721370216274
2025-11-19 01:00:00,R4,56.85333956988431,116,3,Arterial,True,27.2,23.0,33.0,0.0,9.9,1015.0,0,0,59,1,2,0,0,0,0,0.2588190451025207,0.9659258262890684,61.19947499254383,56.71055723951125,129.33333333333334,38.666666666666664,0.9475556594980719
2025-11-19 02:00:00,R4,50.97996502706134,101,3,Arterial,True,27.2,23.0,33.0,0.0,9.9,1015.0,0,0,59,2,2,0,0,0,0,0.4999999999999999,0.8660254037844387,56.671877606081104,59.91645812567231,114.66666666666667,33.666666666666664,0.8496660837843557
2025-11-19 03:00:00,R4,66.95611880241482,146,3,Arterial,True,27.2,23.0,33.0,0.0,9.9,1015.0,0,0,59,3,2,0,0,0,0,0.7071067811865476,0.7071067811865476,58.263141133120165,60.98185911753415,121.0,48.666666666666664,1.1159353133735803
2025-11-19 04:00:00,R4,66.82465366916837,130,3,Arterial,True,27.2,23.0,33.0,0.0,9.9,1015.0,0,0,59,4,2,0,0,0,0,0.8660254037844386,0.5000000000000001,61.58691249954817,61.393193746045995,125.66666666666667,43.333333333333336,1.113744227819473
2025-11-19 05:00:00,R4,64.09104246425026,136,3,Arterial,True,27.2,23.0,33.0,0.0,9.9,1015.0,0,0,59,5,2,0,0,0,0,0.9659258262890684,0.2588190451025207,65.95727164527783,61.314574625679455,137.33333333333334,45.333333333333336,1.0681840410708376
2025-11-19 06:00:00,R4,60.81743792563915,120,3,Arterial,True,27.2,23.0,33.0,0.0,9.9,1015.0,0,0,59,6,2,0,0,0,0,1.0,6.123233995736766e-17,63.9110446863526,61.08709290973638,128.66666666666666,40.0,1.0136239654273191
2025-11-19 07:00:00,R4,26.981089469214474,78,3,Arterial,True,27.2,23.0,33.0,0.0,9.9,1015.0,0,0,59,7,2,0,1,0,1,0.9659258262890684,-0.2588190451025206,50.62985661970129,56.10838455962474,111.33333333333333,26.0,0.4496848244869079
2025-11-19 08:00:00,R4,32.535092907792496,103,3,Arterial,True,27.2,23.0,33.0,0.0,9.9,1015.0,0,0,59,8,2,0,1,0,1,0.8660254037844387,-0.4999999999999998,40.11120676754871,53.03423920641327,100.33333333333333,34.333333333333336,0.5422515484632082
2025-11-19 09:00:00,R4,36.04402495378362,76,3,Arterial,True,27.2,23.0,33.0,0.0,9.9,1015.0,0,0,59,9,2,0,1,0,1,0.7071067811865476,-0.7071067811865475,31.853402443596863,47.88222356497473,85.66666666666667,25.333333333333332,0.600733749229727
2025-11-19 10:00:00,R4,41.34755136737624,74,3,Arterial,True,27.2,23.0,33.0,0.0,9.9,1015.0,0,0,59,10,2,0,1,0,1,0.4999999999999999,-0.8660254037844387,36.64222307631746,43.636039848009375,84.33333333333333,24.666666666666668,0.6891258561229373
2025-11-19 11:00:00,R4,62.53079970135878,113,3,Arterial,True,27.2,23.0,33.0,0.0,9.9,1015.0,0,0,59,11,2,0,0,0,0,0.258819045102521,-0.9659258262890682,46.640792007506214,43.37599938752746,87.66666666666667,37.666666666666664,1.0421799950226462
2025-11-19 12:00:00,R4,59.9499861171527,117,3,Arterial,True,27.2,23.0,33.0,0.0,9.9,1015.0,0,0,59,12,2,0,0,0,0,1.2246467991473532e-16,-1.0,54.60944572862925,43.231424086113044,101.33333333333333,39.0,0.9991664352858783
2025-11-19 13:00:00,R4,55.5646744627828,128,3,Arterial,True,27.2,23.0,33.0,0.0,9.9,1015.0,0,0,59,13,2,0,0,0,0,-0.2588190451025208,-0.9659258262890684,59.34848676043143,47.99535491837444,119.33333333333333,42.666666666666664,0.9260779077130467
2025-11-19 14:00:00,R4,56.358259423166416,125,3,Arterial,True,27.2,23.0,33.0,0.0,9.9,1015.0,0,0,59,14,2,0,0,0,0,-0.4999999999999997,-0.8660254037844388,57.2909733343673,51.96588267093676,123.33333333333333,41.666666666666664,0.9393043237194403
2025-11-19 15:00:00,R4,57.62308882333769,136,3,Arterial,True,27.2,23.0,33.0,0.0,9.9,1015.0,0,0,59,15,2,0,0,0,0,-0.7071067811865471,-0.7071067811865479,56.51534090309563,55.56239331586244,129.66666666666666,45.333333333333336,0.9603848137222948
2025-11-19 16:00:00,R4,55.06640267172384,124,3,Arterial,True,27.2,23.0,33.0,0.0,9.9,1015.0,0,0,59,16,2,0,0,0,0,-0.8660254037844384,-0.5000000000000004,56.34925030607599,57.8488685332537,128.33333333333334,41.333333333333336,0.917773377862064
2025-11-19 17:00:00,R4,27.61411383110687,88,3,Arterial,True,27.2,23.0,33.0,0.0,9.9,1015.0,0,0,59,17,2,0,0,1,1,-0.9659258262890684,-0.2588190451025206,46.767868442056134,52.02942088821172,116.0,29.333333333333332,0.46023523051844784
2025-11-19 18:00:00,R4,37.72205899157154,92,3,Arterial,True,27.2,23.0,33.0,0.0,9.9,1015.0,0,0,59,18,2,0,0,1,1,-1.0,-1.8369701987210294e-16,40.13419183146741,48.32476636728152,101.33333333333333,30.666666666666668,0.6287009831928589
2025-11-19 19:00:00,R4,38.339216565423335,92,3,Arterial,True,27.2,23.0,33.0,0.0,9.9,1015.0,0,0,59,19,2,0,0,1,1,-0.9659258262890684,0.2588190451025203,34.55846312936725,45.453856717721614,90.66666666666667,30.666666666666668,0.6389869427570556
2025-11-19 20:00:00,R4,32.45303991088792,74,3,Arterial,True,27.2,23.0,33.0,0.0,9.9,1015.0,0,0,59,20,2,0,0,1,1,-0.8660254037844386,0.5000000000000001,36.17143848929427,41.4696534656752,86.0,24.666666666666668,0.5408839985147986
2025-11-19 21:00:00,R4,58.241614606407445,117,3,Arterial,True,27.2,23.0,33.0,0.0,9.9,1015.0,0,0,59,21,2,0,0,0,0,-0.7071067811865477,0.7071067811865474,43.01129036090623,41.572741096186824,94.33333333333333,39.0,0.9706935767734575
2025-11-19 22:00:00,R4,62.59067271697783,125,3,Arterial,True,27.2,23.0,33.0,0.0,9.9,1015.0,0,0,59,22,2,0,0,0,0,-0.5000000000000004,0.8660254037844384,51.09510907809106,42.82678610372915,105.33333333333333,41.666666666666664,1.043177878616297
2025-11-19 23:00:00,R4,64.1979112155026,111,3,Arterial,True,27.2,23.0,33.0,0.0,9.9,1015.0,0,0,59,23,2,0,0,0,0,-0.2588190451025215,0.965925826289068,61.676732846295955,48.92408566779511,117.66666666666667,37.0,1.0699651869250433
2025-11-20 00:00:00,R4,59.6081892045394,123,3,Arterial,True,26.4,20.0,31.0,0.0,11.3,1016.5,0,0,59,0,3,0,0,0,0,0.0,1.0,62.13225771233994,52.57177403662308,119.66666666666667,41.0,0.9934698200756567
2025-11-20 01:00:00,R4,60.17118384874727,130,3,Arterial,True,26.4,20.0,31.0,0.0,11.3,1016.5,0,0,59,1,3,0,0,0,0,0.2588190451025207,0.9659258262890684,61.32576142292976,56.21043525051041,121.33333333333333,43.333333333333336,1.0028530641457878
2025-11-20 02:00:00,R4,64.69630208268639,149,3,Arterial,True,26.4,20.0,31.0,0.0,11.3,1016.5,0,0,59,2,3,0,0,0,0,0.4999999999999999,0.8660254037844387,61.49189171199102,61.58431227914349,134.0,49.666666666666664,1.0782717013781065
2025-11-20 03:00:00,R4,57.802931752684295,105,3,Arterial,True,26.4,20.0,31.0,0.0,11.3,1016.5,0,0,59,3,3,0,0,0,0,0.7071067811865476,0.7071067811865476,60.89013922803932,61.51119847018963,128.0,35.0,0.9633821958780716
2025-11-20 04:00:00,R4,58.75503834699097,101,3,Arterial,True,26.4,20.0,31.0,0.0,11.3,1016.5,0,0,59,4,3,0,0,0,0,0.8660254037844386,0.5000000000000001,60.41809072745389,60.871926075191816,118.33333333333333,33.666666666666664,0.9792506391165162
2025-11-20 05:00:00,R4,67.28079179321718,101,3,Arterial,True,26.4,20.0,31.0,0.0,11.3,1016.5,0,0,59,5,3,0,0,0,0,0.9659258262890684,0.2588190451025207,61.27958729763082,61.385739504810914,102.33333333333333,33.666666666666664,1.121346529886953
2025-11-20 06:00:00,R4,58.8322808766953,122,3,Arterial,True,26.4,20.0,31.0,0.0,11.3,1016.5,0,0,59,6,3,0,0,0,0,1.0,6.123233995736766e-17,61.62270367230116,61.25642145017023,108.0,40.666666666666664,0.9805380146115883
2025-11-20 07:00:00,R4,37.69887015327366,80,3,Arterial,True,26.4,20.0,31.0,0.0,11.3,1016.5,0,0,59,7,3,0,1,0,1,0.9659258262890684,-0.2588190451025206,54.60398094106205,57.51103583425797,101.0,26.666666666666668,0.628314502554561
2025-11-20 08:00:00,R4,40.83812352768547,92,3,Arterial,True,26.4,20.0,31.0,0.0,11.3,1016.5,0,0,59,8,3,0,1,0,1,0.8660254037844387,-0.4999999999999998,45.78975818588481,53.53467274175782,98.0,30.666666666666668,0.6806353921280911
2025-11-20 09:00:00,R4,35.33871295882842,87,3,Arterial,True,26.4,20.0,31.0,0.0,11.3,1016.5,0,0,59,9,3,0,1,0,1,0.7071067811865476,-0.7071067811865475,37.95856887992918,49.79063627611516,86.33333333333333,29.0,0.588978549313807
2025-11-20 10:00:00,R4,33.378958855168094,92,3,Arterial,True,26.4,20.0,31.0,0.0,11.3,1016.5,0,0,59,10,3,0,1,0,1,0.4999999999999999,-0.8660254037844387,36.518598447227326,45.56128969414468,90.33333333333333,30.666666666666668,0.5563159809194682
2025-11-20 11:00:00,R4,64.71142416458383,116,3,Arterial,True,26.4,20.0,31.0,0.0,11.3,1016.5,0,0,59,11,3,0,0,0,0,0.258819045102521,-0.9659258262890682,44.476365326193445,45.133061756039126,98.33333333333333,38.666666666666664,1.0785237360763973
2025-11-20 12:00:00,R4,54.99366424191818,109,3,Arterial,True,26.4,20.0,31.0,0.0,11.3,1016.5,0,0,59,12,3,0,0,0,0,1.2246467991473532e-16,-1.0,51.02801575389003,44.49329231690961,105.66666666666667,36.333333333333336,0.9165610706986363
2025-11-20 13:00:00,R4,63.03089446917848,117,3,Arterial,True,26.4,20.0,31.0,0.0,11.3,1016.5,0,0,59,13,3,0,0,0,0,-0.2588190451025208,-0.9659258262890684,60.9119942918935,48.71529636956041,114.0,39.0,1.0505149078196412
2025-11-20 14:00:00,R4,61.34677072223025,119,3,Arterial,True,26.4,20.0,31.0,0.0,11.3,1016.5,0,0,59,14,3,0,0,0,0,-0.4999999999999997,-0.8660254037844388,59.7904431444423,52.133404235317876,115.0,39.666666666666664,1.0224461787038375
2025-11-20 15:00:00,R4,56.50137280475804,124,3,Arterial,True,26.4,20.0,31.0,0.0,11.3,1016.5,0,0,59,15,3,0,0,0,0,-0.7071067811865471,-0.7071067811865479,60.29301266538892,55.66051420963948,120.0,41.333333333333336,0.9416895467459674
2025-11-20 16:00:00,R4,58.11707073772679,115,3,Arterial,True,26.4,20.0,31.0,0.0,11.3,1016.5,0,0,59,16,3,0,0,0,0,-0.8660254037844384,-0.5000000000000004,58.6550714215717,59.7835328567326,119.33333333333333,38.333333333333336,0.9686178456287798
2025-11-20 17:00:00,R4,32.289307270733744,106,3,Arterial,True,26.4,20.0,31.0,0.0,11.3,1016.5,0,0,59,17,3,0,0,1,1,-0.9659258262890684,-0.2588190451025206,48.96925027107286,54.379846707757586,115.0,35.333333333333336,0.5381551211788957
2025-11-20 18:00:00,R4,30.18498056151602,102,3,Arterial,True,26.4,20.0,31.0,0.0,11.3,1016.5,0,0,59,18,3,0,0,1,1,-1.0,-1.8369701987210294e-16,40.19711952332552,50.24506609435722,107.66666666666667,34.0,0.5030830093586004
2025-11-20 19:00:00,R4,41.63875335275856,67,3,Arterial,True,26.4,20.0,31.0,0.0,11.3,1016.5,0,0,59,19,3,0,0,1,1,-0.9659258262890684,0.2588190451025203,34.704347061669445,46.679709241620564,91.66666666666667,22.333333333333332,0.6939792225459761
2025-11-20 20:00:00,R4,29.9747296190598,70,3,Arterial,True,26.4,20.0,31.0,0.0,11.3,1016.5,0,0,59,20,3,0,0,1,1,-0.8660254037844386,0.5000000000000001,33.93282117777813,41.45103572442549,79.66666666666667,23.333333333333332,0.49957882698433004
2025-11-20 21:00:00,R4,55.64852652733168,149,3,Arterial,True,26.4,20.0,31.0,0.0,11.3,1016.5,0,0,59,21,3,0,0,0,0,-0.7071067811865477,0.7071067811865474,42.42066983305002,41.30889467818776,95.33333333333333,49.666666666666664,0.9274754421221947
2025-11-20 22:00:00,R4,60.56264115368768,130,3,Arterial,True,26.4,20.0,31.0,0.0,11.3,1016.5,0,0,59,22,3,0,0,0,0,-0.5000000000000004,0.8660254037844384,48.728632433359714,41.71648974751458,116.33333333333333,43.333333333333336,1.0093773525614613
2025-11-20 23:00:00,R4,59.04507721488382,143,3,Arterial,True,26.4,20.0,31.0,0.0,11.3,1016.5,0,0,59,23,3,0,0,0,0,-0.2588190451025215,0.965925826289068,58.4187482986344,46.17578473820626,140.66666666666666,47.666666666666664,0.9840846202480636
2025-11-21 00:00:00,R4,64.05544238938386,129,3,Arterial,True,27.2,22.0,31.0,0.0,9.5,1017.4,0,0,59,0,4,0,0,0,0,0.0,1.0,61.22105358598512,51.820861709517565,134.0,43.0,1.067590706489731
2025-11-21 01:00:00,R4,55.06118635926019,114,3,Arterial,True,27.2,22.0,31.0,0.0,9.5,1017.4,0,0,59,1,4,0,0,0,0,0.2588190451025207,0.9659258262890684,59.38723532117596,54.057933877267835,128.66666666666666,38.0,0.9176864393210031
2025-11-21 02:00:00,R4,54.92119955560082,138,3,Arterial,True,27.2,22.0,31.0,0.0,9.5,1017.4,0,0,59,2,4,0,0,0,0,0.4999999999999999,0.8660254037844387,58.01260943474829,58.21567886669134,127.0,46.0,0.9153533259266804
2025-11-21 03:00:00,R4,64.06470022357688,133,3,Arterial,True,27.2,22.0,31.0,0.0,9.5,1017.4,0,0,59,3,4,0,0,0,0,0.7071067811865476,0.7071067811865476,58.0156953794793,59.61837448273221,128.33333333333334,44.333333333333336,1.0677450037262812
2025-11-21 04:00:00,R4,53.27482604499818,101,3,Arterial,True,27.2,22.0,31.0,0.0,9.5,1017.4,0,0,59,4,4,0,0,0,0,0.8660254037844386,0.5000000000000001,57.420241941391964,58.40373863128395,124.0,33.666666666666664,0.8879137674166363
2025-11-21 05:00:00,R4,56.52386474529957,117,3,Arterial,True,27.2,22.0,31.0,0.0,9.5,1017.4,0,0,59,5,4,0,0,0,0,0.9659258262890684,0.2588190451025207,57.95446367129154,57.98353655301992,117.0,39.0,0.9420644124216595
2025-11-21 06:00:00,R4,63.68671292324596,141,3,Arterial,True,27.2,22.0,31.0,0.0,9.5,1017.4,0,0,59,6,4,0,0,0,0,1.0,6.123233995736766e-17,57.828467904514575,57.922081641996925,119.66666666666667,47.0,1.0614452153874328
2025-11-21 07:00:00,R4,35.825947123234926,89,3,Arterial,True,27.2,22.0,31.0,0.0,9.5,1017.4,0,0,59,7,4,0,1,0,1,0.9659258262890684,-0.2588190451025206,52.01217493059349,54.71620843599272,115.66666666666667,29.666666666666668,0.5970991187205821
2025-11-21 08:00:00,R4,30.764701424330173,77,3,Arterial,True,27.2,22.0,31.0,0.0,9.5,1017.4,0,0,59,8,4,0,1,0,1,0.8660254037844387,-0.4999999999999998,43.42578715693702,50.690125414114284,102.33333333333333,25.666666666666668,0.5127450237388362
2025-11-21 09:00:00,R4,39.89288723538483,97,3,Arterial,True,27.2,22.0,31.0,0.0,9.5,1017.4,0,0,59,9,4,0,1,0,1,0.7071067811865476,-0.7071067811865475,35.494511927649974,46.661489916082274,87.66666666666667,32.333333333333336,0.6648814539230805
2025-11-21 10:00:00,R4,28.52893440175152,93,3,Arterial,True,27.2,22.0,31.0,0.0,9.5,1017.4,0,0,59,10,4,0,1,0,1,0.4999999999999999,-0.8660254037844387,33.06217435382217,42.53717464220783,89.0,31.0,0.475482240029192
2025-11-21 11:00:00,R4,65.77932142155336,103,3,Arterial,True,27.2,22.0,31.0,0.0,9.5,1017.4,0,0,59,11,4,0,0,0,0,0.258819045102521,-0.9659258262890682,44.73371435289656,44.0797507549168,97.66666666666667,34.333333333333336,1.096322023692556
2025-11-21 12:00:00,R4,58.99809931338525,139,3,Arterial,True,27.2,22.0,31.0,0.0,9.5,1017.4,0,0,59,12,4,0,0,0,0,1.2246467991473532e-16,-1.0,51.102118378896705,43.29831515327334,111.66666666666667,46.333333333333336,0.9833016552230874
2025-11-21 13:00:00,R4,63.499387159053725,120,3,Arterial,True,27.2,22.0,31.0,0.0,9.5,1017.4,0,0,59,13,4,0,0,0,0,-0.2588190451025208,-0.9659258262890684,62.75893596466411,47.91055515924314,120.66666666666667,40.0,1.0583231193175622
2025-11-21 14:00:00,R4,60.32595923639767,131,3,Arterial,True,27.2,22.0,31.0,0.0,9.5,1017.4,0,0,59,14,4,0,0,0,0,-0.4999999999999997,-0.8660254037844388,60.94114856961221,52.8374314612544,130.0,43.666666666666664,1.0054326539399612
2025-11-21 15:00:00,R4,58.90709656431316,126,3,Arterial,True,27.2,22.0,31.0,0.0,9.5,1017.4,0,0,59,15,4,0,0,0,0,-0.7071067811865471,-0.7071067811865479,60.91081431992152,56.0064663494091,125.66666666666667,42.0,0.9817849427385527
2025-11-21 16:00:00,R4,61.07655174601685,130,3,Arterial,True,27.2,22.0,31.0,0.0,9.5,1017.4,0,0,59,16,4,0,0,0,0,-0.8660254037844384,-0.5000000000000004,60.103202515575894,61.43106924012,129.0,43.333333333333336,1.0179425291002808
2025-11-21 17:00:00,R4,39.74499917547218,94,3,Arterial,True,27.2,22.0,31.0,0.0,9.5,1017.4,0,0,59,17,4,0,0,1,1,-0.9659258262890684,-0.2588190451025206,53.242882495267395,57.09201553243981,116.66666666666667,31.333333333333332,0.6624166529245363
2025-11-21 18:00:00,R4,35.875664463497884,99,3,Arterial,True,27.2,22.0,31.0,0.0,9.5,1017.4,0,0,59,18,4,0,0,1,1,-1.0,-1.8369701987210294e-16,45.565738461662306,53.2382763907919,107.66666666666667,33.0,0.597927741058298
2025-11-21 19:00:00,R4,30.80213122830856,65,3,Arterial,True,27.2,22.0,31.0,0.0,9.5,1017.4,0,0,59,19,4,0,0,1,1,-0.9659258262890684,0.2588190451025203,35.47426495575954,47.78873373566771,86.0,21.666666666666668,0.5133688538051426
2025-11-21 20:00:00,R4,34.29016016524834,104,3,Arterial,True,27.2,22.0,31.0,0.0,9.5,1017.4,0,0,59,20,4,0,0,1,1,-0.8660254037844386,0.5000000000000001,33.65598528568493,43.449433890476165,89.33333333333333,34.666666666666664,0.5715026694208056
2025-11-21 21:00:00,R4,57.56517934991224,102,3,Arterial,True,27.2,22.0,31.0,0.0,9.5,1017.4,0,0,59,21,4,0,0,0,0,-0.7071067811865477,0.7071067811865474,40.88582358115638,43.22578102140934,90.33333333333333,34.0,0.9594196558318707
2025-11-21 22:00:00,R4,65.08839525546063,108,3,Arterial,True,27.2,22.0,31.0,0.0,9.5,1017.4,0,0,59,22,4,0,0,0,0,-0.5000000000000004,0.8660254037844384,52.31457825687374,43.894421606316634,104.66666666666667,36.0,1.0848065875910105
2025-11-21 23:00:00,R4,60.80277146844539,148,3,Arterial,True,27.2,22.0,31.0,0.0,9.5,1017.4,0,0,59,23,4,0,0,0,0,-0.2588190451025215,0.965925826289068,61.152115357939415,47.40405032181218,119.33333333333333,49.333333333333336,1.01337952447409
2025-11-22 00:00:00,R4,50.76219995258023,131,3,Arterial,True,26.9,21.0,33.0,0.0,9.1,1017.3,0,0,59,0,5,1,0,0,0,0.0,1.0,58.884455558828755,49.88513956999256,129.0,43.666666666666664,0.8460366658763372
2025-11-22 01:00:00,R4,52.66574114181815,108,3,Arterial,True,26.9,21.0,33.0,0.0,9.1,1017.3,0,0,59,1,5,1,0,0,0,0.2588190451025207,0.9659258262890684,54.743570854281266,53.529074555577495,129.0,36.0,0.8777623523636359
2025-11-22 02:00:00,R4,51.7149579679205,123,3,Arterial,True,26.9,21.0,33.0,0.0,9.1,1017.3,0,0,59,2,5,1,0,0,0,0.4999999999999999,0.8660254037844387,51.71429968743962,56.43320752268952,120.66666666666667,41.0,0.8619159661320083
2025-11-22 03:00:00,R4,59.21209430346379,126,3,Arterial,True,26.9,21.0,33.0,0.0,9.1,1017.3,0,0,59,3,5,1,0,0,0,0.7071067811865476,0.7071067811865476,54.53093113773414,56.70769334828145,119.0,42.0,0.9868682383910632
2025-11-22 04:00:00,R4,61.48113123632716,136,3,Arterial,True,26.9,21.0,33.0,0.0,9.1,1017.3,0,0,59,4,5,1,0,0,0,0.8660254037844386,0.5000000000000001,57.46939450257048,56.10648267842586,128.33333333333334,45.333333333333336,1.0246855206054526
2025-11-22 05:00:00,R4,57.91621081259166,130,3,Arterial,True,26.9,21.0,33.0,0.0,9.1,1017.3,0,0,59,5,5,1,0,0,0,0.9659258262890684,0.2588190451025207,59.53647878412753,55.62538923578358,130.66666666666666,43.333333333333336,0.965270180209861
2025-11-22 06:00:00,R4,58.37653982681493,117,3,Arterial,True,26.9,21.0,33.0,0.0,9.1,1017.3,0,0,59,6,5,1,0,0,0,1.0,6.123233995736766e-17,59.25796062524458,56.89444588148937,127.66666666666667,39.0,0.9729423304469155
2025-11-22 07:00:00,R4,33.69505304997542,61,3,Arterial,True,26.9,21.0,33.0,0.0,9.1,1017.3,0,0,59,7,5,1,1,0,1,0.9659258262890684,-0.2588190451025206,49.99593456312734,53.73266453284891,102.66666666666667,20.333333333333332,0.5615842174995903
2025-11-22 08:00:00,R4,32.189410565040035,92,3,Arterial,True,26.9,21.0,33.0,0.0,9.1,1017.3,0,0,59,8,5,1,1,0,1,0.8660254037844387,-0.4999999999999998,41.42033448061013,50.47840663236883,90.0,30.666666666666668,0.5364901760840006
2025-11-22 09:00:00,R4,26.182950486739458,107,3,Arterial,True,26.9,21.0,33.0,0.0,9.1,1017.3,0,0,59,9,5,1,1,0,1,0.7071067811865476,-0.7071067811865475,30.6891380339183,44.97354932958144,86.66666666666667,35.666666666666664,0.4363825081123243
2025-11-22 10:00:00,R4,45.99446585097944,73,3,Arterial,True,26.9,21.0,33.0,0.0,9.1,1017.3,0,0,59,10,5,1,1,0,1,0.4999999999999999,-0.8660254037844387,34.78894230091964,42.39243843202349,90.66666666666667,24.333333333333332,0.7665744308496573
2025-11-22 11:00:00,R4,62.33245951456387,140,3,Arterial,True,26.9,21.0,33.0,0.0,9.1,1017.3,0,0,59,11,5,1,0,0,0,0.258819045102521,-0.9659258262890682,44.836625284094254,43.12847988235219,106.66666666666667,46.666666666666664,1.0388743252427313
2025-11-22 12:00:00,R4,62.91623870624241,148,3,Arterial,True,26.9,21.0,33.0,0.0,9.1,1017.3,0,0,59,12,5,1,0,0,0,1.2246467991473532e-16,-1.0,57.08105469059524,43.885096362256775,120.33333333333333,49.333333333333336,1.0486039784373735
2025-11-22 13:00:00,R4,64.06295135869532,105,3,Arterial,True,26.9,21.0,33.0,0.0,9.1,1017.3,0,0,59,13,5,1,0,0,0,-0.2588190451025208,-0.9659258262890684,63.1038831931672,48.94641274704342,131.0,35.0,1.0677158559782554
2025-11-22 14:00:00,R4,51.28739133076176,122,3,Arterial,True,26.9,21.0,33.0,0.0,9.1,1017.3,0,0,59,14,5,1,0,0,0,-0.4999999999999997,-0.8660254037844388,59.4221937985665,52.129409541330375,125.0,40.666666666666664,0.8547898555126959
2025-11-22 15:00:00,R4,67.52619328987329,101,3,Arterial,True,26.9,21.0,33.0,0.0,9.1,1017.3,0,0,59,15,5,1,0,0,0,-0.7071067811865471,-0.7071067811865479,60.95884532644345,59.019950008519345,109.33333333333333,33.666666666666664,1.1254365548312215
2025-11-22 16:00:00,R4,64.52138368645258,105,3,Arterial,True,26.9,21.0,33.0,0.0,9.1,1017.3,0,0,59,16,5,1,0,0,0,-0.8660254037844384,-0.5000000000000004,61.11165610236255,62.107769647764876,109.33333333333333,35.0,1.0753563947742097
2025-11-22 17:00:00,R4,33.83397320743047,92,3,Arterial,True,26.9,21.0,33.0,0.0,9.1,1017.3,0,0,59,17,5,1,0,1,1,-0.9659258262890684,-0.2588190451025206,55.29385006125212,57.358021929909306,99.33333333333333,30.666666666666668,0.5638995534571745
2025-11-22 18:00:00,R4,36.55110231431699,71,3,Arterial,True,26.9,21.0,33.0,0.0,9.1,1017.3,0,0,59,18,5,1,0,1,1,-1.0,-1.8369701987210294e-16,44.96881973606668,52.963832531255065,89.33333333333333,23.666666666666668,0.6091850385719498
2025-11-22 19:00:00,R4,30.726578359744423,97,3,Arterial,True,26.9,21.0,33.0,0.0,9.1,1017.3,0,0,59,19,5,1,0,1,1,-0.9659258262890684,0.2588190451025203,33.703884627163966,47.40777036476325,86.66666666666667,32.333333333333336,0.5121096393290737
2025-11-22 20:00:00,R4,24.92437114266702,86,3,Arterial,True,26.9,21.0,33.0,0.0,9.1,1017.3,0,0,59,20,5,1,0,1,1,-0.8660254037844386,0.5000000000000001,30.734017272242813,43.013933666747455,84.66666666666667,28.666666666666668,0.415406185711117
2025-11-22 21:00:00,R4,62.90154357023981,125,3,Arterial,True,26.9,21.0,33.0,0.0,9.1,1017.3,0,0,59,21,5,1,0,0,0,-0.7071067811865477,0.7071067811865474,39.51749769088375,42.24315871347522,102.66666666666667,41.666666666666664,1.0483590595039969
2025-11-22 22:00:00,R4,62.25586530311016,137,3,Arterial,True,26.9,21.0,33.0,0.0,9.1,1017.3,0,0,59,22,5,1,0,0,0,-0.5000000000000004,0.8660254037844384,50.027260005338995,41.86557231625148,116.0,45.666666666666664,1.037597755051836
2025-11-22 23:00:00,R4,59.260687144203146,121,3,Arterial,True,26.9,21.0,33.0,0.0,9.1,1017.3,0,0,59,23,5,1,0,0,0,-0.2588190451025215,0.965925826289068,61.47269867251771,46.10335797238026,127.66666666666667,40.333333333333336,0.9876781190700524
2025-11-23 00:00:00,R4,60.74083685030386,145,3,Arterial,True,26.6,21.0,32.0,0.0,8.8,1016.9,0,0,59,0,6,1,0,0,0,0.0,1.0,60.75246309920572,50.13498039504474,134.33333333333334,48.333333333333336,1.0123472808383975
2025-11-23 01:00:00,R4,66.4904636280184,143,3,Arterial,True,26.6,21.0,32.0,0.0,8.8,1016.9,0,0,59,1,6,1,0,0,0,0.2588190451025207,0.9659258262890684,62.163995874175136,56.095627939757065,136.33333333333334,47.666666666666664,1.1081743938003068
2025-11-23 02:00:00,R4,62.174644036362274,142,3,Arterial,True,26.6,21.0,32.0,0.0,8.8,1016.9,0,0,59,2,6,1,0,0,0,0.4999999999999999,0.8660254037844387,63.135314838228176,62.304006755372946,143.33333333333334,47.333333333333336,1.0362440672727045
2025-11-23 03:00:00,R4,61.73999087124732,130,3,Arterial,True,26.6,21.0,32.0,0.0,8.8,1016.9,0,0,59,3,6,1,0,0,0,0.7071067811865476,0.7071067811865476,63.46836617854266,62.1104146388742,138.33333333333334,43.333333333333336,1.028999847854122
2025-11-23 04:00:00,R4,61.26067227437079,136,3,Arterial,True,26.6,21.0,32.0,0.0,8.8,1016.9,0,0,59,4,6,1,0,0,0,0.8660254037844386,0.5000000000000001,61.72510239399346,61.9445491340843,136.0,45.333333333333336,1.0210112045728466
2025-11-23 05:00:00,R4,59.22963362783326,146,3,Arterial,True,26.6,21.0,32.0,0.0,8.8,1016.9,0,0,59,5,6,1,0,0,0,0.9659258262890684,0.2588190451025207,60.74343225781712,61.93937354802265,137.33333333333334,48.666666666666664,0.9871605604638877
2025-11-23 06:00:00,R4,53.63405146266067,118,3,Arterial,True,26.6,21.0,32.0,0.0,8.8,1016.9,0,0,59,6,6,1,0,0,0,1.0,6.123233995736766e-17,58.04145245495491,60.75490931674879,133.33333333333334,39.333333333333336,0.8939008577110112
2025-11-23 07:00:00,R4,26.923913289436143,74,3,Arterial,True,26.6,21.0,32.0,0.0,8.8,1016.9,0,0,59,7,6,1,1,0,1,0.9659258262890684,-0.2588190451025206,46.59586612664336,54.16048426031841,112.66666666666667,24.666666666666668,0.44873188815726905
2025-11-23 08:00:00,R4,33.73332362144868,79,3,Arterial,True,26.6,21.0,32.0,0.0,8.8,1016.9,0,0,59,8,6,1,1,0,1,0.8660254037844387,-0.4999999999999998,38.09709612451516,49.42026419116615,90.33333333333333,26.333333333333332,0.562222060357478
2025-11-23 09:00:00,R4,42.07158054464551,82,3,Arterial,True,26.6,21.0,32.0,0.0,8.8,1016.9,0,0,59,9,6,1,1,0,1,0.7071067811865476,-0.7071067811865475,34.242939151843444,46.142195803399176,78.33333333333333,27.333333333333332,0.7011930090774251
2025-11-23 10:00:00,R4,32.538033871779405,65,3,Arterial,True,26.6,21.0,32.0,0.0,8.8,1016.9,0,0,59,10,6,1,1,0,1,0.4999999999999999,-0.8660254037844387,36.114312679291196,41.35508940296728,75.33333333333333,21.666666666666668,0.5423005645296567
2025-11-23 11:00:00,R4,53.41051053433733,137,3,Arterial,True,26.6,21.0,32.0,0.0,8.8,1016.9,0,0,59,11,6,1,0,0,0,0.258819045102521,-0.9659258262890682,42.673374983587415,40.385235554051285,94.66666666666667,45.666666666666664,0.8901751755722888
2025-11-23 12:00:00,R4,58.63230642391203,101,3,Arterial,True,26.6,21.0,32.0,0.0,8.8,1016.9,0,0,59,12,6,1,0,0,0,1.2246467991473532e-16,-1.0,48.193616943342924,41.21827804759318,101.0,33.666666666666664,0.9772051070652005
2025-11-23 13:00:00,R4,57.97241581023607,141,3,Arterial,True,26.6,21.0,32.0,0.0,8.8,1016.9,0,0,59,13,6,1,0,0,0,-0.2588190451025208,-0.9659258262890684,56.67174425616181,46.3930284677265,126.33333333333333,47.0,0.9662069301706012
2025-11-23 14:00:00,R4,66.90382893094875,107,3,Arterial,True,26.6,21.0,32.0,0.0,8.8,1016.9,0,0,59,14,6,1,0,0,0,-0.4999999999999997,-0.8660254037844388,61.16951705503228,51.92144601930985,116.33333333333333,35.666666666666664,1.1150638155158126
2025-11-23 15:00:00,R4,61.229634824619936,146,3,Arterial,True,26.6,21.0,32.0,0.0,8.8,1016.9,0,0,59,15,6,1,0,0,0,-0.7071067811865471,-0.7071067811865479,62.03529318860158,55.11445506597226,131.33333333333334,48.666666666666664,1.0204939137436655
2025-11-23 16:00:00,R4,61.50035796737964,146,3,Arterial,True,26.6,21.0,32.0,0.0,8.8,1016.9,0,0,59,16,6,1,0,0,0,-0.8660254037844384,-0.5000000000000004,63.211273907649435,59.94150908190563,133.0,48.666666666666664,1.025005966122994
2025-11-23 17:00:00,R4,33.00845444349344,74,3,Arterial,True,26.6,21.0,32.0,0.0,8.8,1016.9,0,0,59,17,6,1,0,1,1,-0.9659258262890684,-0.2588190451025206,51.912815745164345,56.54116640009831,122.0,24.666666666666668,0.5501409073915574
2025-11-23 18:00:00,R4,37.97609924441982,92,3,Arterial,True,26.6,21.0,32.0,0.0,8.8,1016.9,0,0,59,18,6,1,0,1,1,-1.0,-1.8369701987210294e-16,44.16163721843097,53.09846520351628,104.0,30.666666666666668,0.632934987406997
2025-11-23 19:00:00,R4,28.49317091095603,99,3,Arterial,True,26.6,21.0,32.0,0.0,8.8,1016.9,0,0,59,19,6,1,0,1,1,-0.9659258262890684,0.2588190451025203,33.15924153295643,48.185257720302936,88.33333333333333,33.0,0.4748861818492672
2025-11-23 20:00:00,R4,30.50773759191985,104,3,Arterial,True,26.6,21.0,32.0,0.0,8.8,1016.9,0,0,59,20,6,1,0,1,1,-0.8660254037844386,0.5000000000000001,32.325669249098574,42.11924249713145,98.33333333333333,34.666666666666664,0.5084622931986641
2025-11-23 21:00:00,R4,62.3316684574384,108,3,Arterial,True,26.6,21.0,32.0,0.0,8.8,1016.9,0,0,59,21,6,1,0,0,0,-0.7071067811865477,0.7071067811865474,40.444192320104754,42.302914769267865,103.66666666666667,36.0,1.0388611409573065
2025-11-23 22:00:00,R4,57.71764149019673,107,3,Arterial,True,26.6,21.0,32.0,0.0,8.8,1016.9,0,0,59,22,6,1,0,0,0,-0.5000000000000004,0.8660254037844384,50.18568251318499,41.672462023070715,106.33333333333333,35.666666666666664,0.9619606915032789
2025-11-23 23:00:00,R4,52.23341999167011,121,3,Arterial,True,26.6,21.0,32.0,0.0,8.8,1016.9,0,0,59,23,6,1,0,0,0,-0.2588190451025215,0.965925826289068,57.42757664643508,44.876622947766826,112.0,40.333333333333336,0.8705569998611685
2025-11-24 00:00:00,R4,63.0851015921282,147,3,Arterial,True,26.5,22.0,31.0,0.0,10.0,1016.7,0,0,59,0,0,0,0,0,0,0.0,1.0,57.678721024665016,49.061456672384885,125.0,49.0,1.0514183598688034
2025-11-24 01:00:00,R4,56.3505679847248,138,3,Arterial,True,26.5,22.0,31.0,0.0,10.0,1016.7,0,0,59,1,0,0,0,0,0,0.2588190451025207,0.9659258262890684,57.22302985617437,53.70435618467968,135.33333333333334,46.0,0.9391761330787466
2025-11-24 02:00:00,R4,56.83846102255967,132,3,Arterial,True,26.5,22.0,31.0,0.0,10.0,1016.7,0,0,59,2,0,0,0,0,0,0.4999999999999999,0.8660254037844387,58.75804353313756,58.09281008978632,139.0,44.0,0.9473076837093278
2025-11-24 03:00:00,R4,61.57276469203046,136,3,Arterial,True,26.5,22.0,31.0,0.0,10.0,1016.7,0,0,59,3,0,0,0,0,0,0.7071067811865476,0.7071067811865476,58.25393123310497,57.966326128884994,135.33333333333334,45.333333333333336,1.0262127448671743
2025-11-24 04:00:00,R4,72.23989641722751,143,3,Arterial,True,26.5,22.0,31.0,0.0,10.0,1016.7,0,0,59,4,0,0,0,0,0,0.8660254037844386,0.5000000000000001,63.55037404393922,60.386701950056796,137.0,47.666666666666664,1.2039982736204586
2025-11-24 05:00:00,R4,59.40698399692421,122,3,Arterial,True,26.5,22.0,31.0,0.0,10.0,1016.7,0,0,59,5,0,0,0,0,0,0.9659258262890684,0.2588190451025207,64.4065483687274,61.58229595093247,133.66666666666666,40.666666666666664,0.9901163999487369
2025-11-24 06:00:00,R4,63.277972486871455,142,3,Arterial,True,26.5,22.0,31.0,0.0,10.0,1016.7,0,0,59,6,0,0,0,0,0,1.0,6.123233995736766e-17,64.97495096700773,61.614441100056354,135.66666666666666,47.333333333333336,1.0546328747811908
2025-11-24 07:00:00,R4,28.23449094885815,104,3,Arterial,True,26.5,22.0,31.0,0.0,10.0,1016.7,0,0,59,7,0,0,1,0,1,0.9659258262890684,-0.2588190451025206,50.30648247755127,56.92842826074524,122.66666666666667,34.666666666666664,0.4705748491476358
2025-11-24 08:00:00,R4,35.793961215987295,79,3,Arterial,True,26.5,22.0,31.0,0.0,10.0,1016.7,0,0,59,8,0,0,1,0,1,0.8660254037844387,-0.4999999999999998,42.435474883905634,53.421011626316506,108.33333333333333,26.333333333333332,0.5965660202664549
2025-11-24 09:00:00,R4,31.937916524401864,97,3,Arterial,True,26.5,22.0,31.0,0.0,10.0,1016.7,0,0,59,9,0,0,1,0,1,0.7071067811865476,-0.7071067811865475,31.988789563082435,48.48187026504508,93.33333333333333,32.333333333333336,0.5322986087400311
2025-11-24 10:00:00,R4,42.10506600572409,64,3,Arterial,True,26.5,22.0,31.0,0.0,10.0,1016.7,0,0,59,10,0,0,1,0,1,0.4999999999999999,-0.8660254037844387,36.61231458203775,43.459398529794505,80.0,21.333333333333332,0.7017511000954015
2025-11-24 11:00:00,R4,65.34053078888552,138,3,Arterial,True,26.5,22.0,31.0,0.0,10.0,1016.7,0,0,59,11,0,0,0,0,0,0.258819045102521,-0.9659258262890682,46.461171106337154,44.448322995121394,99.66666666666667,46.0,1.0890088464814254
2025-11-24 12:00:00,R4,50.35963878794729,112,3,Arterial,True,26.5,22.0,31.0,0.0,10.0,1016.7,0,0,59,12,0,0,0,0,0,1.2246467991473532e-16,-1.0,52.60174519418564,42.29526737863403,104.66666666666667,37.333333333333336,0.8393273131324548
2025-11-24 13:00:00,R4,57.727528229251526,136,3,Arterial,True,26.5,22.0,31.0,0.0,10.0,1016.7,0,0,59,13,0,0,0,0,0,-0.2588190451025208,-0.9659258262890684,57.80923260202811,47.21077359203293,128.66666666666666,45.333333333333336,0.9621254704875254
2025-11-24 14:00:00,R4,55.93054052862957,122,3,Arterial,True,26.5,22.0,31.0,0.0,10.0,1016.7,0,0,59,14,0,0,0,0,0,-0.4999999999999997,-0.8660254037844388,54.6725691819428,50.566870144139976,123.33333333333333,40.666666666666664,0.9321756754771595
2025-11-24 15:00:00,R4,58.2451840347414,110,3,Arterial,True,26.5,22.0,31.0,0.0,10.0,1016.7,0,0,59,15,0,0,0,0,0,-0.7071067811865471,-0.7071067811865479,57.301084264207496,54.951414729196564,122.66666666666667,36.666666666666664,0.97075306724569
2025-11-24 16:00:00,R4,58.89979613624882,131,3,Arterial,True,26.5,22.0,31.0,0.0,10.0,1016.7,0,0,59,16,0,0,0,0,0,-0.8660254037844384,-0.5000000000000004,57.69184023320659,57.750536417617354,121.0,43.666666666666664,0.9816632689374802
2025-11-24 17:00:00,R4,37.48327071471117,61,3,Arterial,True,26.5,22.0,31.0,0.0,10.0,1016.7,0,0,59,17,0,0,0,1,1,-0.9659258262890684,-0.2588190451025206,51.542750295233795,53.10765973858829,100.66666666666667,20.333333333333332,0.6247211785785195
2025-11-24 18:00:00,R4,36.95672907967997,97,3,Arterial,True,26.5,22.0,31.0,0.0,10.0,1016.7,0,0,59,18,0,0,0,1,1,-1.0,-1.8369701987210294e-16,44.44659864354665,50.87384145387708,96.33333333333333,32.333333333333336,0.6159454846613328
2025-11-24 19:00:00,R4,38.00588795196514,101,3,Arterial,True,26.5,22.0,31.0,0.0,10.0,1016.7,0,0,59,19,0,0,0,1,1,-0.9659258262890684,0.2588190451025203,37.48196258211876,47.58690140766268,86.33333333333333,33.666666666666664,0.6334314658660857
2025-11-24 20:00:00,R4,39.29852420358786,79,3,Arterial,True,26.5,22.0,31.0,0.0,10.0,1016.7,0,0,59,20,0,0,0,1,1,-0.8660254037844386,0.5000000000000001,38.08704707841099,44.814898686822396,92.33333333333333,26.333333333333332,0.654975403393131
2025-11-24 21:00:00,R4,62.75712010104362,133,3,Arterial,True,26.5,22.0,31.0,0.0,10.0,1016.7,0,0,59,21,0,0,0,0,0,-0.7071067811865477,0.7071067811865474,46.68717741886554,45.5668880312061,104.33333333333333,44.333333333333336,1.0459520016840602
2025-11-24 22:00:00,R4,53.12715099331155,139,3,Arterial,True,26.5,22.0,31.0,0.0,10.0,1016.7,0,0,59,22,0,0,0,0,0,-0.5000000000000004,0.8660254037844384,51.727598432647675,44.60478050738322,117.0,46.333333333333336,0.8854525165551925
2025-11-24 23:00:00,R4,65.60841742279332,111,3,Arterial,True,26.5,22.0,31.0,0.0,10.0,1016.7,0,0,59,23,0,0,0,0,0,-0.2588190451025215,0.965925826289068,60.4975628390495,49.292304958730234,127.66666666666667,37.0,1.093473623713222
2025-11-25 00:00:00,R4,62.227791518896446,146,3,Arterial,True,25.6,21.0,31.0,0.0,10.4,1017.2,0,0,59,0,1,0,0,0,0,0.0,1.0,60.321119978333776,53.50414869859966,132.0,48.666666666666664,1.037129858648274
2025-11-25 01:00:00,R4,57.47462483088832,111,3,Arterial,True,25.6,21.0,31.0,0.0,10.4,1017.2,0,0,59,1,1,0,0,0,0,0.2588190451025207,0.9659258262890684,61.7702779241927,56.74893817842019,122.66666666666667,37.0,0.9579104138481386
2025-11-25 02:00:00,R4,62.75948869456533,136,3,Arterial,True,25.6,21.0,31.0,0.0,10.4,1017.2,0,0,59,2,1,0,0,0,0,0.4999999999999999,0.8660254037844387,60.82063501478336,60.65909892691642,131.0,45.333333333333336,1.0459914782427555
2025-11-25 03:00:00,R4,58.12570539243061,129,3,Arterial,True,25.6,21.0,31.0,0.0,10.4,1017.2,0,0,59,3,1,0,0,0,0,0.7071067811865476,0.7071067811865476,59.45327297262808,59.88719647548093,125.33333333333333,43.0,0.9687617565405102
2025-11-25 04:00:00,R4,60.7013033439756,128,3,Arterial,True,25.6,21.0,31.0,0.0,10.4,1017.2,0,0,59,4,1,0,0,0,0,0.8660254037844386,0.5000000000000001,60.528832476990516,61.14955520059161,131.0,42.666666666666664,1.01168838906626
2025-11-25 05:00:00,R4,53.08158959773375,146,3,Arterial,True,25.6,21.0,31.0,0.0,10.4,1017.2,0,0,59,5,1,0,0,0,0,0.9659258262890684,0.2588190451025207,57.30286611137999,59.06175056308167,134.33333333333334,48.666666666666664,0.8846931599622292
2025-11-25 06:00:00,R4,62.25729118531079,148,3,Arterial,True,25.6,21.0,31.0,0.0,10.4,1017.2,0,0,59,6,1,0,0,0,0,1.0,6.123233995736766e-17,58.68006137567338,59.06666717415073,140.66666666666666,49.333333333333336,1.03762151975518
2025-11-25 07:00:00,R4,41.003507840258415,79,3,Arterial,True,25.6,21.0,31.0,0.0,10.4,1017.2,0,0,59,7,1,0,1,0,1,0.9659258262890684,-0.2588190451025206,52.114129541100986,56.32148100904575,124.33333333333333,26.333333333333332,0.6833917973376402
2025-11-25 08:00:00,R4,37.540949275965325,73,3,Arterial,True,25.6,21.0,31.0,0.0,10.4,1017.2,0,0,59,8,1,0,1,0,1,0.8660254037844387,-0.4999999999999998,46.93391610051151,52.11839110594574,100.0,24.333333333333332,0.6256824879327554
2025-11-25 09:00:00,R4,29.728677163094176,92,3,Arterial,True,25.6,21.0,31.0,0.0,10.4,1017.2,0,0,59,9,1,0,1,0,1,0.7071067811865476,-0.7071067811865475,36.091044759772636,47.38555306772301,81.33333333333333,30.666666666666668,0.49547795271823625
2025-11-25 10:00:00,R4,31.36015270063197,106,3,Arterial,True,25.6,21.0,31.0,0.0,10.4,1017.2,0,0,59,10,1,0,1,0,1,0.4999999999999999,-0.8660254037844387,32.87659304656382,42.49536129383241,90.33333333333333,35.333333333333336,0.5226692116771995
2025-11-25 11:00:00,R4,64.46861023084632,132,3,Arterial,True,25.6,21.0,31.0,0.0,10.4,1017.2,0,0,59,11,1,0,0,0,0,0.258819045102521,-0.9659258262890682,41.85248003152416,44.39319806601784,110.0,44.0,1.074476837180772
2025-11-25 12:00:00,R4,71.11255593760227,144,3,Arterial,True,25.6,21.0,31.0,0.0,10.4,1017.2,0,0,59,12,1,0,0,0,0,1.2246467991473532e-16,-1.0,55.64710628969352,45.869075524733084,127.33333333333333,48.0,1.1852092656267044
2025-11-25 13:00:00,R4,53.065567084755685,146,3,Arterial,True,25.6,21.0,31.0,0.0,10.4,1017.2,0,0,59,13,1,0,0,0,0,-0.2588190451025208,-0.9659258262890684,62.88224441773476,47.8794187321493,140.66666666666666,48.666666666666664,0.8844261180792614
2025-11-25 14:00:00,R4,66.43332425314429,139,3,Arterial,True,25.6,21.0,31.0,0.0,10.4,1017.2,0,0,59,14,1,0,0,0,0,-0.4999999999999997,-0.8660254037844388,63.53714909183409,52.694814561679124,143.0,46.333333333333336,1.107222070885738
2025-11-25 15:00:00,R4,67.12102765553185,108,3,Arterial,True,25.6,21.0,31.0,0.0,10.4,1017.2,0,0,59,15,1,0,0,0,0,-0.7071067811865471,-0.7071067811865479,62.20663966447728,58.926872977085395,131.0,36.0,1.118683794258864
2025-11-25 16:00:00,R4,61.44200448510952,107,3,Arterial,True,25.6,21.0,31.0,0.0,10.4,1017.2,0,0,59,16,1,0,0,0,0,-0.8660254037844384,-0.5000000000000004,64.99878546459523,63.940514941164984,118.0,35.666666666666664,1.0240334080851587
2025-11-25 17:00:00,R4,30.06326046815114,100,3,Arterial,True,25.6,21.0,31.0,0.0,10.4,1017.2,0,0,59,17,1,0,0,1,1,-0.9659258262890684,-0.2588190451025206,52.8754308695975,58.20628998071579,105.0,33.333333333333336,0.5010543411358523
2025-11-25 18:00:00,R4,37.11978557893395,78,3,Arterial,True,25.6,21.0,31.0,0.0,10.4,1017.2,0,0,59,18,1,0,0,1,1,-1.0,-1.8369701987210294e-16,42.875016844064874,52.54082825427107,95.0,26.0,0.6186630929822325
2025-11-25 19:00:00,R4,42.07036779346432,68,3,Arterial,True,25.6,21.0,31.0,0.0,10.4,1017.2,0,0,59,19,1,0,0,1,1,-0.9659258262890684,0.2588190451025203,36.417804613516466,50.70829503905585,82.0,22.666666666666668,0.7011727965577387
2025-11-25 20:00:00,R4,35.812595937136884,108,3,Arterial,True,25.6,21.0,31.0,0.0,10.4,1017.2,0,0,59,20,1,0,0,1,1,-0.8660254037844386,0.5000000000000001,38.33424976984505,45.60484031972127,84.66666666666667,36.0,0.5968765989522814
2025-11-25 21:00:00,R4,60.974599074840434,144,3,Arterial,True,25.6,21.0,31.0,0.0,10.4,1017.2,0,0,59,21,1,0,0,0,0,-0.7071067811865477,0.7071067811865474,46.28585426848054,44.580435556272704,106.66666666666667,48.0,1.0162433179140071
2025-11-25 22:00:00,R4,65.89998165654238,138,3,Arterial,True,25.6,21.0,31.0,0.0,10.4,1017.2,0,0,59,22,1,0,0,0,0,-0.5000000000000004,0.8660254037844384,54.22905888950657,45.32343175151152,130.0,46.0,1.0983330276090397
2025-11-25 23:00:00,R4,63.4645811583033,124,3,Arterial,True,25.6,21.0,31.0,0.0,10.4,1017.2,0,0,59,23,1,0,0,0,0,-0.2588190451025215,0.965925826289068,63.446387296562044,50.89031853320355,135.33333333333334,41.333333333333336,1.057743019305055
2025-11-26 00:00:00,R4,54.42823419899119,119,3,Arterial,True,25.3,20.0,30.0,0.0,9.7,1016.5,0,0,59,0,2,0,0,0,0,0.0,1.0,61.26426567127896,53.77505996987975,127.0,39.666666666666664,0.9071372366498532
2025-11-26 01:00:00,R4,60.719839653463865,113,3,Arterial,True,25.3,20.0,30.0,0.0,9.7,1016.5,0,0,59,1,2,0,0,0,0,0.2588190451025207,0.9659258262890684,59.53755167025278,56.88330527987967,118.66666666666667,37.666666666666664,1.011997327557731
2025-11-26 02:00:00,R4,60.44140985350546,118,3,Arterial,True,25.3,20.0,30.0,0.0,9.7,1016.5,0,0,59,2,2,0,0,0,0,0.4999999999999999,0.8660254037844387,58.529827901986835,60.988107599274436,116.66666666666667,39.333333333333336,1.0073568308917578
2025-11-26 03:00:00,R4,56.747952884131806,101,3,Arterial,True,25.3,20.0,30.0,0.0,9.7,1016.5,0,0,59,3,2,0,0,0,0,0.7071067811865476,0.7071067811865476,59.30306746370038,60.28366656748966,110.66666666666667,33.666666666666664,0.9457992147355301
2025-11-26 04:00:00,R4,56.95339390589682,126,3,Arterial,True,25.3,20.0,30.0,0.0,9.7,1016.5,0,0,59,4,2,0,0,0,0,0.8660254037844386,0.5000000000000001,58.0475855478447,58.79256860904874,115.0,42.0,0.9492232317649469
2025-11-26 05:00:00,R4,61.50961354716773,109,3,Arterial,True,25.3,20.0,30.0,0.0,9.7,1016.5,0,0,59,5,2,0,0,0,0,0.9659258262890684,0.2588190451025207,58.40365344573212,58.466740673859476,112.0,36.333333333333336,1.0251602257861288
2025-11-26 06:00:00,R4,61.00644094443708,118,3,Arterial,True,25.3,20.0,30.0,0.0,9.7,1016.5,0,0,59,6,2,0,0,0,0,1.0,6.123233995736766e-17,59.82314946583387,59.56310846476713,117.66666666666667,39.333333333333336,1.016774015740618
2025-11-26 07:00:00,R4,40.01340762838422,95,3,Arterial,True,25.3,20.0,30.0,0.0,9.7,1016.5,0,0,59,7,2,0,1,0,1,0.9659258262890684,-0.2588190451025206,54.17648737332968,56.112036460587184,107.33333333333333,31.666666666666668,0.666890127139737
2025-11-26 08:00:00,R4,38.92338929137809,102,3,Arterial,True,25.3,20.0,30.0,0.0,9.7,1016.5,0,0,59,8,2,0,1,0,1,0.8660254037844387,-0.4999999999999998,46.64774595473313,52.52569970023262,105.0,34.0,0.6487231548563016
2025-11-26 09:00:00,R4,34.047058189030686,76,3,Arterial,True,25.3,20.0,30.0,0.0,9.7,1016.5,0,0,59,9,2,0,1,0,1,0.7071067811865476,-0.7071067811865475,37.66128503626433,48.74221725104911,91.0,25.333333333333332,0.5674509698171781
2025-11-26 10:00:00,R4,27.09750610463064,93,3,Arterial,True,25.3,20.0,30.0,0.0,9.7,1016.5,0,0,59,10,2,0,1,0,1,0.4999999999999999,-0.8660254037844387,33.355984528346475,43.76623595083808,90.33333333333333,31.0,0.451625101743844
2025-11-26 11:00:00,R4,59.274130674850944,143,3,Arterial,True,25.3,20.0,30.0,0.0,9.7,1016.5,0,0,59,11,2,0,0,0,0,0.258819045102521,-0.9659258262890682,40.13956498950409,43.39365547211861,104.0,47.666666666666664,0.9879021779141824
2025-11-26 12:00:00,R4,67.3993912519042,146,3,Arterial,True,25.3,20.0,30.0,0.0,9.7,1016.5,0,0,59,12,2,0,0,0,0,1.2246467991473532e-16,-1.0,51.25700934379526,44.459147190029796,127.33333333333333,48.666666666666664,1.1233231875317367
2025-11-26 13:00:00,R4,54.32362946895874,109,3,Arterial,True,25.3,20.0,30.0,0.0,9.7,1016.5,0,0,59,13,2,0,0,0,0,-0.2588190451025208,-0.9659258262890684,60.3323837985713,46.844184163458884,132.66666666666666,36.333333333333336,0.9053938244826457
2025-11-26 14:00:00,R4,58.54815617741239,112,3,Arterial,True,25.3,20.0,30.0,0.0,9.7,1016.5,0,0,59,14,2,0,0,0,0,-0.4999999999999997,-0.8660254037844388,60.09039229942511,50.1149786444646,122.33333333333333,37.333333333333336,0.9758026029568732
2025-11-26 15:00:00,R4,60.69934270415714,120,3,Arterial,True,25.3,20.0,30.0,0.0,9.7,1016.5,0,0,59,15,2,0,0,0,0,-0.7071067811865471,-0.7071067811865479,57.85704278350943,54.55702606365234,113.66666666666667,40.0,1.0116557117359524
2025-11-26 16:00:00,R4,56.72571034749256,108,3,Arterial,True,25.3,20.0,30.0,0.0,9.7,1016.5,0,0,59,16,2,0,0,0,0,-0.8660254037844384,-0.5000000000000004,58.65773640968737,59.49506010412932,113.33333333333333,36.0,0.9454285057915427
2025-11-26 17:00:00,R4,34.93415934507048,81,3,Arterial,True,25.3,20.0,30.0,0.0,9.7,1016.5,0,0,59,17,2,0,0,1,1,-0.9659258262890684,-0.2588190451025206,50.78640413224006,55.438398215832585,103.0,27.0,0.582235989084508
2025-11-26 18:00:00,R4,35.90283832706714,95,3,Arterial,True,25.3,20.0,30.0,0.0,9.7,1016.5,0,0,59,18,2,0,0,1,1,-1.0,-1.8369701987210294e-16,42.52090267321006,50.18897272835974,94.66666666666667,31.666666666666668,0.5983806387844522
2025-11-26 19:00:00,R4,43.53954374285736,92,3,Arterial,True,25.3,20.0,30.0,0.0,9.7,1016.5,0,0,59,19,2,0,0,1,1,-0.9659258262890684,0.2588190451025203,38.12551380499833,48.39162510734284,89.33333333333333,30.666666666666668,0.725659062380956
2025-11-26 20:00:00,R4,41.40318006021735,87,3,Arterial,True,25.3,20.0,30.0,0.0,9.7,1016.5,0,0,59,20,2,0,0,1,1,-0.8660254037844386,0.5000000000000001,40.28185404338061,45.534129087810335,91.33333333333333,29.0,0.6900530010036225
2025-11-26 21:00:00,R4,59.38684803164529,123,3,Arterial,True,25.3,20.0,30.0,0.0,9.7,1016.5,0,0,59,21,2,0,0,0,0,-0.7071067811865477,0.7071067811865474,48.10985727824001,45.31537997572503,100.66666666666667,41.0,0.9897808005274216
2025-11-26 22:00:00,R4,61.69305923482669,139,3,Arterial,True,25.3,20.0,30.0,0.0,9.7,1016.5,0,0,59,22,2,0,0,0,0,-0.5000000000000004,0.8660254037844384,54.16102910889645,46.14327145694739,116.33333333333333,46.333333333333336,1.0282176539137782
2025-11-26 23:00:00,R4,58.80206363634033,130,3,Arterial,True,25.3,20.0,30.0,0.0,9.7,1016.5,0,0,59,23,2,0,0,0,0,-0.2588190451025215,0.965925826289068,59.96065696760411,50.121255505492364,130.66666666666666,43.333333333333336,0.9800343939390055
2025-11-27 00:00:00,R4,64.15914069399903,144,3,Arterial,True,25.2,21.0,29.0,0.0,8.8,1016.8,0,0,59,0,3,0,0,0,0,0.0,1.0,61.55142118838868,54.83063923331434,137.66666666666666,48.0,1.0693190115666507
2025-11-27 01:00:00,R4,67.65844213027555,140,3,Arterial,True,25.2,21.0,29.0,0.0,8.8,1016.8,0,0,59,1,3,0,0,0,0,0.2588190451025207,0.9659258262890684,63.539882153538294,58.85045563121738,138.0,46.666666666666664,1.1276407021712591
2025-11-27 02:00:00,R4,59.6059724640722,146,3,Arterial,True,25.2,21.0,29.0,0.0,8.8,1016.8,0,0,59,2,3,0,0,0,0,0.4999999999999999,0.8660254037844387,63.807851762782256,61.884254365193186,143.33333333333334,48.666666666666664,0.9934328744012034
2025-11-27 03:00:00,R4,51.218407318432696,140,3,Arterial,True,25.2,21.0,29.0,0.0,8.8,1016.8,0,0,59,3,3,0,0,0,0,0.7071067811865476,0.7071067811865476,59.49427397092682,60.52284757965776,142.0,46.666666666666664,0.8536401219738783
2025-11-27 04:00:00,R4,63.70622099886224,121,3,Arterial,True,25.2,21.0,29.0,0.0,8.8,1016.8,0,0,59,4,3,0,0,0,0,0.8660254037844386,0.5000000000000001,58.176866927122376,60.858374540330345,135.66666666666666,40.333333333333336,1.0617703499810374
2025-11-27 05:00:00,R4,54.32287421130164,123,3,Arterial,True,25.2,21.0,29.0,0.0,8.8,1016.8,0,0,59,5,3,0,0,0,0,0.9659258262890684,0.2588190451025207,56.41583417619885,60.11184296949056,128.0,41.0,0.9053812368550272
2025-11-27 06:00:00,R4,57.94771271499725,105,3,Arterial,True,25.2,21.0,29.0,0.0,8.8,1016.8,0,0,59,6,3,0,0,0,0,1.0,6.123233995736766e-17,58.65893597505371,59.07660497299025,116.33333333333333,35.0,0.9657952119166209
2025-11-27 07:00:00,R4,37.36844613816483,73,3,Arterial,True,25.2,21.0,29.0,0.0,8.8,1016.8,0,0,59,7,3,0,1,0,1,0.9659258262890684,-0.2588190451025206,49.87967768815457,54.02827230763848,100.33333333333333,24.333333333333332,0.6228074356360804
2025-11-27 08:00:00,R4,36.10385493508805,77,3,Arterial,True,25.2,21.0,29.0,0.0,8.8,1016.8,0,0,59,8,3,0,1,0,1,0.8660254037844387,-0.4999999999999998,43.80667126275004,50.11125271947444,85.0,25.666666666666668,0.6017309155848009
2025-11-27 09:00:00,R4,47.800013532536255,106,3,Arterial,True,25.2,21.0,29.0,0.0,8.8,1016.8,0,0,59,9,3,0,1,0,1,0.7071067811865476,-0.7071067811865475,40.42410486859638,49.54152042182505,85.33333333333333,35.333333333333336,0.7966668922089376
2025-11-27 10:00:00,R4,42.416045990897246,103,3,Arterial,True,25.2,21.0,29.0,0.0,8.8,1016.8,0,0,59,10,3,0,1,0,1,0.4999999999999999,-0.8660254037844387,42.10663815284052,45.99315792049754,95.33333333333333,34.333333333333336,0.7069340998482875
2025-11-27 11:00:00,R4,58.980186912509645,142,3,Arterial,True,25.2,21.0,29.0,0.0,8.8,1016.8,0,0,59,11,3,0,0,0,0,0.258819045102521,-0.9659258262890682,49.732082145314386,46.76937670403222,117.0,47.333333333333336,0.983003115208494
2025-11-27 12:00:00,R4,65.90745865750007,105,3,Arterial,True,25.2,21.0,29.0,0.0,8.8,1016.8,0,0,59,12,3,0,0,0,0,1.2246467991473532e-16,-1.0,55.76789718696898,48.09600102778268,116.66666666666667,35.0,1.0984576442916678
2025-11-27 13:00:00,R4,55.56375961856264,117,3,Arterial,True,25.2,21.0,29.0,0.0,8.8,1016.8,0,0,59,13,3,0,0,0,0,-0.2588190451025208,-0.9659258262890684,60.15046839619078,51.12855327451566,121.33333333333333,39.0,0.9260626603093773
2025-11-27 14:00:00,R4,55.98671531212988,147,3,Arterial,True,25.2,21.0,29.0,0.0,8.8,1016.8,0,0,59,14,3,0,0,0,0,-0.4999999999999997,-0.8660254037844388,59.15264452939753,54.44236333735595,123.0,49.0,0.9331119218688314
2025-11-27 15:00:00,R4,58.9940963728234,103,3,Arterial,True,25.2,21.0,29.0,0.0,8.8,1016.8,0,0,59,15,3,0,0,0,0,-0.7071067811865471,-0.7071067811865479,56.848190434505305,56.30804381073715,122.33333333333333,34.333333333333336,0.9832349395470567
2025-11-27 16:00:00,R4,67.41594691970978,149,3,Arterial,True,25.2,21.0,29.0,0.0,8.8,1016.8,0,0,59,16,3,0,0,0,0,-0.8660254037844384,-0.5000000000000004,60.79891953488769,60.47469396553924,133.0,49.666666666666664,1.1235991153284963
2025-11-27 17:00:00,R4,37.32873681955937,108,3,Arterial,True,25.2,21.0,29.0,0.0,8.8,1016.8,0,0,59,17,3,0,0,1,1,-0.9659258262890684,-0.2588190451025206,54.579593370697516,56.86611895004753,120.0,36.0,0.6221456136593227
2025-11-27 18:00:00,R4,44.260718232209626,100,3,Arterial,True,25.2,21.0,29.0,0.0,8.8,1016.8,0,0,59,18,3,0,0,1,1,-1.0,-1.8369701987210294e-16,49.668467323826256,53.25832887916578,119.0,33.333333333333336,0.7376786372034938
2025-11-27 19:00:00,R4,35.99554351572453,73,3,Arterial,True,25.2,21.0,29.0,0.0,8.8,1016.8,0,0,59,19,3,0,0,1,1,-0.9659258262890684,0.2588190451025203,39.194999522497845,49.99695952869276,93.66666666666667,24.333333333333332,0.5999257252620754
2025-11-27 20:00:00,R4,30.3617980686284,99,3,Arterial,True,25.2,21.0,29.0,0.0,8.8,1016.8,0,0,59,20,3,0,0,1,1,-0.8660254037844386,0.5000000000000001,36.87268660552085,45.72613998810919,90.66666666666667,33.0,0.5060299678104733
2025-11-27 21:00:00,R4,51.78869050699032,142,3,Arterial,True,25.2,21.0,29.0,0.0,8.8,1016.8,0,0,59,21,3,0,0,0,0,-0.7071067811865477,0.7071067811865474,39.38201069711442,44.52523901047034,104.66666666666667,47.333333333333336,0.863144841783172
2025-11-27 22:00:00,R4,59.81441827704099,122,3,Arterial,True,25.2,21.0,29.0,0.0,8.8,1016.8,0,0,59,22,3,0,0,0,0,-0.5000000000000004,0.8660254037844384,47.321635617553234,43.25831757002553,121.0,40.666666666666664,0.9969069712840165
2025-11-27 23:00:00,R4,58.93552187447445,123,3,Arterial,True,25.2,21.0,29.0,0.0,8.8,1016.8,0,0,59,23,3,0,0,0,0,-0.2588190451025215,0.965925826289068,56.84621021950193,46.85944841251139,129.0,41.0,0.9822586979079075
2025-11-28 00:00:00,R4,53.85136495288312,116,3,Arterial,True,25.1,22.0,28.0,0.0,9.6,1017.8,0,0,59,0,4,0,0,0,0,0.0,1.0,57.533768368132854,48.45788953262363,120.33333333333333,38.666666666666664,0.8975227492147186
2025-11-28 01:00:00,R4,64.81822400332429,125,3,Arterial,True,25.1,22.0,28.0,0.0,9.6,1017.8,0,0,59,1,4,0,0,0,0,0.2588190451025207,0.9659258262890684,59.20170361022728,53.26166961389026,121.33333333333333,41.666666666666664,1.0803037333887382
2025-11-28 02:00:00,R4,60.88252465481531,110,3,Arterial,True,25.1,22.0,28.0,0.0,9.6,1017.8,0,0,59,2,4,0,0,0,0,0.4999999999999999,0.8660254037844387,59.85070453700757,58.34845737825475,117.0,36.666666666666664,1.0147087442469218
2025-11-28 03:00:00,R4,54.98699874545615,108,3,Arterial,True,25.1,22.0,28.0,0.0,9.6,1017.8,0,0,59,3,4,0,0,0,0,0.7071067811865476,0.7071067811865476,60.22924913453192,58.8815087513324,114.33333333333333,36.0,0.9164499790909358
2025-11-28 04:00:00,R4,56.61578154751371,141,3,Arterial,True,25.1,22.0,28.0,0.0,9.6,1017.8,0,0,59,4,4,0,0,0,0,0.8660254037844386,0.5000000000000001,57.49510164926173,58.348402629744506,119.66666666666667,47.0,0.9435963591252285
2025-11-28 05:00:00,R4,53.86173968012993,136,3,Arterial,True,25.1,22.0,28.0,0.0,9.6,1017.8,0,0,59,5,4,0,0,0,0,0.9659258262890684,0.2588190451025207,55.15483999103326,57.502772264020415,128.33333333333334,45.333333333333336,0.8976956613354988
2025-11-28 06:00:00,R4,61.13471987261345,128,3,Arterial,True,25.1,22.0,28.0,0.0,9.6,1017.8,0,0,59,6,4,0,0,0,0,1.0,6.123233995736766e-17,57.20408036675237,58.71666475064214,135.0,42.666666666666664,1.0189119978768908
2025-11-28 07:00:00,R4,34.84885888371686,93,3,Arterial,True,25.1,22.0,28.0,0.0,9.6,1017.8,0,0,59,7,4,0,1,0,1,0.9659258262890684,-0.2588190451025206,49.948439478820085,53.7217705640409,119.0,31.0,0.5808143147286143
2025-11-28 08:00:00,R4,35.355687350555684,98,3,Arterial,True,25.1,22.0,28.0,0.0,9.6,1017.8,0,0,59,8,4,0,1,0,1,0.8660254037844387,-0.4999999999999998,43.77975536896199,49.467297679997635,106.33333333333333,32.666666666666664,0.5892614558425947
2025-11-28 09:00:00,R4,32.18013470418823,82,3,Arterial,True,25.1,22.0,28.0,0.0,9.6,1017.8,0,0,59,9,4,0,1,0,1,0.7071067811865476,-0.7071067811865475,34.128226979486925,45.666153673119645,91.0,27.333333333333332,0.5363355784031371
2025-11-28 10:00:00,R4,31.48390464101225,76,3,Arterial,True,25.1,22.0,28.0,0.0,9.6,1017.8,0,0,59,10,4,0,1,0,1,0.4999999999999999,-0.8660254037844387,33.00657556525206,41.47750752203607,85.33333333333333,25.333333333333332,0.5247317440168708
2025-11-28 11:00:00,R4,61.55717429319392,124,3,Arterial,True,25.1,22.0,28.0,0.0,9.6,1017.8,0,0,59,11,4,0,0,0,0,0.258819045102521,-0.9659258262890682,41.740404546131465,42.76007995754673,94.0,41.333333333333336,1.0259529048865652
2025-11-28 12:00:00,R4,61.571924911404935,122,3,Arterial,True,25.1,22.0,28.0,0.0,9.6,1017.8,0,0,59,12,4,0,0,0,0,1.2246467991473532e-16,-1.0,51.537667948537035,42.83294746401197,107.33333333333333,40.666666666666664,1.0261987485234156
2025-11-28 13:00:00,R4,65.11926180399882,137,3,Arterial,True,25.1,22.0,28.0,0.0,9.6,1017.8,0,0,59,13,4,0,0,0,0,-0.2588190451025208,-0.9659258262890684,62.749453669532556,47.8780146173923,127.66666666666667,45.666666666666664,1.0853210300666472
2025-11-28 14:00:00,R4,65.66640125403079,133,3,Arterial,True,25.1,22.0,28.0,0.0,9.6,1017.8,0,0,59,14,4,0,0,0,0,-0.4999999999999997,-0.8660254037844388,64.11919598981152,52.929800267971494,130.66666666666666,44.333333333333336,1.0944400209005132
2025-11-28 15:00:00,R4,52.755130153933095,100,3,Arterial,True,25.1,22.0,28.0,0.0,9.6,1017.8,0,0,59,15,4,0,0,0,0,-0.7071067811865471,-0.7071067811865479,61.18026440398757,56.3589661762623,123.33333333333333,33.333333333333336,0.8792521692322183
2025-11-28 16:00:00,R4,54.88761577381108,134,3,Arterial,True,25.1,22.0,28.0,0.0,9.6,1017.8,0,0,59,16,4,0,0,0,0,-0.8660254037844384,-0.5000000000000004,57.76971572725832,60.259584698395436,122.33333333333333,44.666666666666664,0.9147935962301846
2025-11-28 17:00:00,R4,27.23719877792812,102,3,Arterial,True,25.1,22.0,28.0,0.0,9.6,1017.8,0,0,59,17,4,0,0,1,1,-0.9659258262890684,-0.2588190451025206,44.95998156855743,54.53958877918448,112.0,34.0,0.4539533129654687
2025-11-28 18:00:00,R4,37.87388200292009,90,3,Arterial,True,25.1,22.0,28.0,0.0,9.6,1017.8,0,0,59,18,4,0,0,1,1,-1.0,-1.8369701987210294e-16,39.99956551821976,50.589914961103666,108.66666666666667,30.0,0.6312313667153349
2025-11-28 19:00:00,R4,45.36891491980616,69,3,Arterial,True,25.1,22.0,28.0,0.0,9.6,1017.8,0,0,59,19,4,0,0,1,1,-0.9659258262890684,0.2588190451025203,36.82666523355146,47.29819048040489,87.0,23.0,0.7561485819967693
2025-11-28 20:00:00,R4,31.97512577360781,83,3,Arterial,True,25.1,22.0,28.0,0.0,9.6,1017.8,0,0,59,20,4,0,0,1,1,-0.8660254037844386,0.5000000000000001,38.405974232111355,41.682977900334386,80.66666666666667,27.666666666666668,0.5329187628934635
2025-11-28 21:00:00,R4,70.21802520344193,108,3,Arterial,True,25.1,22.0,28.0,0.0,9.6,1017.8,0,0,59,21,4,0,0,0,0,-0.7071067811865477,0.7071067811865474,49.187355298951964,44.59346040858586,86.66666666666667,36.0,1.1703004200573655
2025-11-28 22:00:00,R4,51.28021892851606,133,3,Arterial,True,25.1,22.0,28.0,0.0,9.6,1017.8,0,0,59,22,4,0,0,0,0,-0.5000000000000004,0.8660254037844384,51.15778996852193,43.992227601036696,108.0,44.333333333333336,0.8546703154752676
2025-11-28 23:00:00,R4,64.86700810466269,111,3,Arterial,True,25.1,22.0,28.0,0.0,9.6,1017.8,0,0,59,23,4,0,0,0,0,-0.2588190451025215,0.965925826289068,62.121750745540226,50.263862488825794,117.33333333333333,37.0,1.0811168017443782
2025-11-29 00:00:00,R4,59.20958200476407,116,3,Arterial,True,25.4,22.0,28.0,0.0,10.8,1016.8,0,0,59,0,5,1,0,0,0,0.0,1.0,58.45226967931427,53.81981248913312,120.0,38.666666666666664,0.9868263667460678
2025-11-29 01:00:00,R4,63.11868972646144,135,3,Arterial,True,25.4,22.0,28.0,0.0,10.8,1016.8,0,0,59,1,5,1,0,0,0,0.2588190451025207,0.9659258262890684,62.398426611962726,56.77810829024233,120.66666666666667,45.0,1.0519781621076907
2025-11-29 02:00:00,R4,59.198117281012586,114,3,Arterial,True,25.4,22.0,28.0,0.0,10.8,1016.8,0,0,59,2,5,1,0,0,0,0.4999999999999999,0.8660254037844387,60.5087963374127,61.31527354147645,121.66666666666667,38.0,0.9866352880168764
2025-11-29 03:00:00,R4,61.52005180793326,145,3,Arterial,True,25.4,22.0,28.0,0.0,10.8,1016.8,0,0,59,3,5,1,0,0,0,0.7071067811865476,0.7071067811865476,61.27895293846908,59.86561130889168,131.33333333333334,48.333333333333336,1.0253341967988876
2025-11-29 04:00:00,R4,48.22020225861466,118,3,Arterial,True,25.4,22.0,28.0,0.0,10.8,1016.8,0,0,59,4,5,1,0,0,0,0.8660254037844386,0.5000000000000001,56.31279044918683,59.355608530574784,125.66666666666667,39.333333333333336,0.8036700376435777
2025-11-29 05:00:00,R4,57.06819931501144,101,3,Arterial,True,25.4,22.0,28.0,0.0,10.8,1016.8,0,0,59,5,5,1,0,0,0,0.9659258262890684,0.2588190451025207,55.60281779385311,58.05580706563291,121.33333333333333,33.666666666666664,0.9511366552501906
2025-11-29 06:00:00,R4,64.12646041593219,111,3,Arterial,True,25.4,22.0,28.0,0.0,10.8,1016.8,0,0,59,6,5,1,0,0,0,1.0,6.123233995736766e-17,56.471620663186094,58.87528680082759,110.0,37.0,1.0687743402655365
2025-11-29 07:00:00,R4,43.9030400764412,78,3,Arterial,True,25.4,22.0,28.0,0.0,10.8,1016.8,0,0,59,7,5,1,1,0,1,0.9659258262890684,-0.2588190451025206,55.0325666024616,55.67267852582423,96.66666666666667,26.0,0.7317173346073533
2025-11-29 08:00:00,R4,33.44490005933123,84,3,Arterial,True,25.4,22.0,28.0,0.0,10.8,1016.8,0,0,59,8,5,1,1,0,1,0.8660254037844387,-0.4999999999999998,47.158133517234866,51.38047565554399,91.0,28.0,0.5574150009888539
2025-11-29 09:00:00,R4,37.89428628839186,66,3,Arterial,True,25.4,22.0,28.0,0.0,10.8,1016.8,0,0,59,9,5,1,1,0,1,0.7071067811865476,-0.7071067811865475,38.41407547472142,47.442848068953765,76.0,22.0,0.6315714381398644
2025-11-29 10:00:00,R4,29.07340017788464,78,3,Arterial,True,25.4,22.0,28.0,0.0,10.8,1016.8,0,0,59,10,5,1,1,0,1,0.4999999999999999,-0.8660254037844387,33.470862175202576,44.25171438883209,76.0,26.0,0.48455666963141064
2025-11-29 11:00:00,R4,55.79902873181737,124,3,Arterial,True,25.4,22.0,28.0,0.0,10.8,1016.8,0,0,59,11,5,1,0,0,0,0.258819045102521,-0.9659258262890682,40.92223839936462,44.04018595829975,89.33333333333333,41.333333333333336,0.9299838121969562
2025-11-29 12:00:00,R4,60.10535390050931,139,3,Arterial,True,25.4,22.0,28.0,0.0,10.8,1016.8,0,0,59,12,5,1,0,0,0,1.2246467991473532e-16,-1.0,48.32592760340376,43.370001539062606,113.66666666666667,46.333333333333336,1.0017558983418218
2025-11-29 13:00:00,R4,53.06230653991249,132,3,Arterial,True,25.4,22.0,28.0,0.0,10.8,1016.8,0,0,59,13,5,1,0,0,0,-0.2588190451025208,-0.9659258262890684,56.322229724079726,44.896545949641144,131.66666666666666,44.0,0.8843717756652082
2025-11-29 14:00:00,R4,62.66469255312025,141,3,Arterial,True,25.4,22.0,28.0,0.0,10.8,1016.8,0,0,59,14,5,1,0,0,0,-0.4999999999999997,-0.8660254037844388,58.610784331180675,49.766511365272656,137.33333333333334,47.0,1.0444115425520042
2025-11-29 15:00:00,R4,64.38281413124591,142,3,Arterial,True,25.4,22.0,28.0,0.0,10.8,1016.8,0,0,59,15,5,1,0,0,0,-0.7071067811865471,-0.7071067811865479,60.03660440809288,54.18126600574832,138.33333333333334,47.333333333333336,1.0730469021874318
2025-11-29 16:00:00,R4,55.83283587449033,108,3,Arterial,True,25.4,22.0,28.0,0.0,10.8,1016.8,0,0,59,16,5,1,0,0,0,-0.8660254037844384,-0.5000000000000004,60.96011418628549,58.641171955182614,130.33333333333334,36.0,0.9305472645748388
2025-11-29 17:00:00,R4,41.04700060784759,63,3,Arterial,True,25.4,22.0,28.0,0.0,10.8,1016.8,0,0,59,17,5,1,0,1,1,-0.9659258262890684,-0.2588190451025206,53.75421687119461,56.182500601187655,104.33333333333333,21.0,0.6841166767974599
2025-11-29 18:00:00,R4,38.41726182337486,92,3,Arterial,True,25.4,22.0,28.0,0.0,10.8,1016.8,0,0,59,18,5,1,0,1,1,-1.0,-1.8369701987210294e-16,45.09903276857093,52.5678185883319,87.66666666666667,30.666666666666668,0.6402876970562477
2025-11-29 19:00:00,R4,45.93910232894766,96,3,Arterial,True,25.4,22.0,28.0,0.0,10.8,1016.8,0,0,59,19,5,1,0,1,1,-0.9659258262890684,0.2588190451025203,41.80112158672336,51.38061788650443,83.66666666666667,32.0,0.7656517054824611
2025-11-29 20:00:00,R4,31.43850465377784,60,3,Arterial,True,25.4,22.0,28.0,0.0,10.8,1016.8,0,0,59,20,5,1,0,1,1,-0.8660254037844386,0.5000000000000001,38.59828960203345,46.17625323661403,82.66666666666667,20.0,0.523975077562964
2025-11-29 21:00:00,R4,64.11947648397263,149,3,Arterial,True,25.4,22.0,28.0,0.0,10.8,1016.8,0,0,59,21,5,1,0,0,0,-0.7071067811865477,0.7071067811865474,47.16569448889938,46.132363628735156,101.66666666666667,49.666666666666664,1.0686579413995438
2025-11-29 22:00:00,R4,61.16208097356787,117,3,Arterial,True,25.4,22.0,28.0,0.0,10.8,1016.8,0,0,59,22,5,1,0,0,0,-0.5000000000000004,0.8660254037844384,52.24002070377278,47.02057114524808,108.66666666666667,39.0,1.0193680162261312
2025-11-29 23:00:00,R4,64.51454461374637,148,3,Arterial,True,25.4,22.0,28.0,0.0,10.8,1016.8,0,0,59,23,5,1,0,0,0,-0.2588190451025215,0.965925826289068,63.26536735709562,50.93182847956454,138.0,49.333333333333336,1.075242410229106
2025-11-30 00:00:00,R4,58.11455753134288,119,3,Arterial,True,25.0,20.0,29.0,0.0,9.0,1016.2,0,0,59,0,6,1,0,0,0,0.0,1.0,61.263727706219036,54.21471109755921,128.0,39.666666666666664,0.9685759588557147
2025-11-30 01:00:00,R4,56.85492223493053,124,3,Arterial,True,25.0,20.0,29.0,0.0,9.0,1016.2,0,0,59,1,6,1,0,0,0,0.2588190451025207,0.9659258262890684,59.82800812667326,56.03401441522302,130.33333333333334,41.333333333333336,0.9475820372488422
2025-11-30 02:00:00,R4,54.795325398185724,107,3,Arterial,True,25.0,20.0,29.0,0.0,9.0,1016.2,0,0,59,2,6,1,0,0,0,0.4999999999999999,0.8660254037844387,56.58826838815304,59.92681787262433,116.66666666666667,35.666666666666664,0.9132554233030954
2025-11-30 03:00:00,R4,69.41338107526528,131,3,Arterial,True,25.0,20.0,29.0,0.0,9.0,1016.2,0,0,59,3,6,1,0,0,0,0.7071067811865476,0.7071067811865476,60.35454290279384,60.80913530450645,120.66666666666667,43.666666666666664,1.1568896845877545
2025-11-30 04:00:00,R4,61.93179799528248,146,3,Arterial,True,25.0,20.0,29.0,0.0,9.0,1016.2,0,0,59,4,6,1,0,0,0,0.8660254037844386,0.5000000000000001,62.04683482291116,60.93742147479222,128.0,48.666666666666664,1.032196633254708
2025-11-30 05:00:00,R4,57.6281391260672,122,3,Arterial,True,25.0,20.0,29.0,0.0,9.0,1016.2,0,0,59,5,6,1,0,0,0,0.9659258262890684,0.2588190451025207,62.99110606553831,59.78968722684568,133.0,40.666666666666664,0.9604689854344532
2025-11-30 06:00:00,R4,53.90088225618656,148,3,Arterial,True,25.0,20.0,29.0,0.0,9.0,1016.2,0,0,59,6,6,1,0,0,0,1.0,6.123233995736766e-17,57.820273125845404,59.08740801431963,138.66666666666666,49.333333333333336,0.8983480376031093
2025-11-30 07:00:00,R4,37.42756064737354,94,3,Arterial,True,25.0,20.0,29.0,0.0,9.0,1016.2,0,0,59,7,6,1,1,0,1,0.9659258262890684,-0.2588190451025206,49.65219400987576,55.84951441639347,121.33333333333333,31.333333333333332,0.6237926774562257
2025-11-30 08:00:00,R4,38.31376704582722,95,3,Arterial,True,25.0,20.0,29.0,0.0,9.0,1016.2,0,0,59,8,6,1,1,0,1,0.8660254037844387,-0.4999999999999998,43.2140699831291,53.102588024333706,112.33333333333333,31.666666666666668,0.6385627840971203
2025-11-30 09:00:00,R4,38.50988894058413,60,3,Arterial,True,25.0,20.0,29.0,0.0,9.0,1016.2,0,0,59,9,6,1,1,0,1,0.7071067811865476,-0.7071067811865475,38.08373887792829,47.95200600188685,83.0,20.0,0.6418314823430689
2025-11-30 10:00:00,R4,39.772895220353526,62,3,Arterial,True,25.0,20.0,29.0,0.0,9.0,1016.2,0,0,59,10,6,1,1,0,1,0.4999999999999999,-0.8660254037844387,38.865517068921626,44.258855539398695,72.33333333333333,20.666666666666668,0.6628815870058921
2025-11-30 11:00:00,R4,60.18525590976832,139,3,Arterial,True,25.0,20.0,29.0,0.0,9.0,1016.2,0,0,59,11,6,1,0,0,0,0.258819045102521,-0.9659258262890682,46.15601335690199,44.68504167001555,87.0,46.333333333333336,1.0030875984961387
2025-11-30 12:00:00,R4,58.58439387234437,148,3,Arterial,True,25.0,20.0,29.0,0.0,9.0,1016.2,0,0,59,12,6,1,0,0,0,1.2246467991473532e-16,-1.0,52.847515000822064,45.46562693937519,116.33333333333333,49.333333333333336,0.9764065645390728
2025-11-30 13:00:00,R4,58.31437471872229,133,3,Arterial,True,25.0,20.0,29.0,0.0,9.0,1016.2,0,0,59,13,6,1,0,0,0,-0.2588190451025208,-0.9659258262890684,59.02800816694499,48.94676261793331,140.0,44.333333333333336,0.9719062453120382
2025-11-30 14:00:00,R4,54.65053388983979,129,3,Arterial,True,25.0,20.0,29.0,0.0,9.0,1016.2,0,0,59,14,6,1,0,0,0,-0.4999999999999997,-0.8660254037844388,57.18310082696882,51.66955709193541,136.66666666666666,43.0,0.9108422314973299
2025-11-30 15:00:00,R4,57.92467955289491,140,3,Arterial,True,25.0,20.0,29.0,0.0,9.0,1016.2,0,0,59,15,6,1,0,0,0,-0.7071067811865471,-0.7071067811865479,56.96319605381899,54.905355527320545,134.0,46.666666666666664,0.9654113258815818
2025-11-30 16:00:00,R4,62.46456030570341,119,3,Arterial,True,25.0,20.0,29.0,0.0,9.0,1016.2,0,0,59,16,6,1,0,0,0,-0.8660254037844384,-0.5000000000000004,58.34659124947936,58.68729970821219,129.33333333333334,39.666666666666664,1.0410760050950567
2025-11-30 17:00:00,R4,37.50051096287297,105,3,Arterial,True,25.0,20.0,29.0,0.0,9.0,1016.2,0,0,59,17,6,1,0,1,1,-0.9659258262890684,-0.2588190451025206,52.62991694049043,54.90650888372963,121.33333333333333,35.0,0.6250085160478829
2025-11-30 18:00:00,R4,41.27748945765113,94,3,Arterial,True,25.0,20.0,29.0,0.0,9.0,1016.2,0,0,59,18,6,1,0,1,1,-1.0,-1.8369701987210294e-16,47.08085357540917,52.02202481461408,106.0,31.333333333333332,0.6879581576275188
2025-11-30 19:00:00,R4,35.87141843181239,94,3,Arterial,True,25.0,20.0,29.0,0.0,9.0,1016.2,0,0,59,19,6,1,0,1,1,-0.9659258262890684,0.2588190451025203,38.21647295077883,48.281532100129105,97.66666666666667,31.333333333333332,0.5978569738635398
2025-11-30 20:00:00,R4,33.01346104213016,77,3,Arterial,True,25.0,20.0,29.0,0.0,9.0,1016.2,0,0,59,20,6,1,0,1,1,-0.8660254037844386,0.5000000000000001,36.720789643864556,44.6753532921775,88.33333333333333,25.666666666666668,0.5502243507021694
2025-11-30 21:00:00,R4,57.20300763080344,141,3,Arterial,True,25.0,20.0,29.0,0.0,9.0,1016.2,0,0,59,21,6,1,0,0,0,-0.7071067811865477,0.7071067811865474,42.029295701581994,44.55507463849559,104.0,47.0,0.9533834605133907
2025-11-30 22:00:00,R4,70.03143393141306,140,3,Arterial,True,25.0,20.0,29.0,0.0,9.0,1016.2,0,0,59,22,6,1,0,0,0,-0.5000000000000004,0.8660254037844384,53.41596753478222,45.816220242780524,119.33333333333333,46.666666666666664,1.167190565523551
2025-11-30 23:00:00,R4,62.68637568640467,124,3,Arterial,True,25.0,20.0,29.0,0.0,9.0,1016.2,0,0,59,23,6,1,0,0,0,-0.2588190451025215,0.965925826289068,63.306939082873726,50.013864363369144,135.0,41.333333333333336,1.0447729281067446
2025-11-01 00:00:00,R5,50.10116095905671,133,2,Local,True,30.5,26.0,34.0,0.0,14.0,1013.0,0,0,59,0,5,1,0,0,0,0.0,1.0,50.10116095905671,50.10116095905671,133.0,66.5,1.2525290239764177
2025-11-01 01:00:00,R5,45.167180249582685,100,2,Local,True,30.5,26.0,34.0,0.0,14.0,1013.0,0,0,59,1,5,1,0,0,0,0.2588190451025207,0.9659258262890684,47.6341706043197,47.6341706043197,116.5,50.0,1.129179506239567
2025-11-01 02:00:00,R5,32.58648931599134,139,2,Local,True,30.5,26.0,34.0,0.0,14.0,1013.0,0,0,59,2,5,1,0,0,0,0.4999999999999999,0.8660254037844387,42.618276841543576,42.618276841543576,124.0,69.5,0.8146622328997835
2025-11-01 03:00:00,R5,35.01835805367719,147,2,Local,True,30.5,26.0,34.0,0.0,14.0,1013.0,0,0,59,3,5,1,0,0,0,0.7071067811865476,0.7071067811865476,37.59067587308374,40.71829714457698,128.66666666666666,73.5,0.8754589513419297
2025-11-01 04:00:00,R5,39.60519629860782,140,2,Local,True,30.5,26.0,34.0,0.0,14.0,1013.0,0,0,59,4,5,1,0,0,0,0.8660254037844386,0.5000000000000001,35.73668122275878,40.49567697538315,142.0,70.0,0.9901299074651956
2025-11-01 05:00:00,R5,36.1807637812319,132,2,Local,True,30.5,26.0,34.0,0.0,14.0,1013.0,0,0,59,5,5,1,0,0,0,0.9659258262890684,0.2588190451025207,36.93477271117231,39.77652477635794,139.66666666666666,66.0,0.9045190945307976
2025-11-01 06:00:00,R5,36.781668604153374,110,2,Local,True,30.5,26.0,34.0,0.0,14.0,1013.0,0,0,59,6,5,1,0,0,0,1.0,6.123233995736766e-17,37.52254289466436,37.55660938387405,127.33333333333333,55.0,0.9195417151038343
2025-11-01 07:00:00,R5,24.78705376181039,90,2,Local,True,30.5,26.0,34.0,0.0,14.0,1013.0,0,0,59,7,5,1,1,0,1,0.9659258262890684,-0.2588190451025206,32.58316204906523,34.159921635912006,110.66666666666667,45.0,0.6196763440452597
2025-11-01 08:00:00,R5,21.380327237930302,72,2,Local,True,30.5,26.0,34.0,0.0,14.0,1013.0,0,0,59,8,5,1,1,0,1,0.8660254037844387,-0.4999999999999998,27.64968320129802,32.292227956235166,90.66666666666667,36.0,0.5345081809482576
2025-11-01 09:00:00,R5,18.758595940889343,79,2,Local,True,30.5,26.0,34.0,0.0,14.0,1013.0,0,0,59,9,5,1,1,0,1,0.7071067811865476,-0.7071067811865475,21.641992313543344,29.58226760410386,80.33333333333333,39.5,0.46896489852223355
2025-11-01 10:00:00,R5,13.862898774409338,74,2,Local,True,30.5,26.0,34.0,0.0,14.0,1013.0,0,0,59,10,5,1,1,0,1,0.4999999999999999,-0.8660254037844387,18.000607317742993,25.291884683404106,75.0,37.0,0.34657246936023345
2025-11-01 11:00:00,R5,42.45165202688392,109,2,Local,True,30.5,26.0,34.0,0.0,14.0,1013.0,0,0,59,11,5,1,0,0,0,0.258819045102521,-0.9659258262890682,25.0243822473942,26.337032724346113,87.33333333333333,54.5,1.061291300672098
2025-11-01 12:00:00,R5,36.25844782754152,117,2,Local,True,30.5,26.0,34.0,0.0,14.0,1013.0,0,0,59,12,5,1,0,0,0,1.2246467991473532e-16,-1.0,30.85766620961159,26.24982926157747,100.0,58.5,0.9064611956885379
2025-11-01 13:00:00,R5,45.18209439188609,112,2,Local,True,30.5,26.0,34.0,0.0,14.0,1013.0,0,0,59,13,5,1,0,0,0,-0.2588190451025208,-0.9659258262890684,41.29739808210385,29.649002699923415,112.66666666666667,56.0,1.1295523597971522
2025-11-01 14:00:00,R5,53.2103612565778,108,2,Local,True,30.5,26.0,34.0,0.0,14.0,1013.0,0,0,59,14,5,1,0,0,0,-0.4999999999999997,-0.8660254037844388,44.883634492001796,34.954008369698,112.33333333333333,54.0,1.330259031414445
2025-11-01 15:00:00,R5,42.43052097291501,132,2,Local,True,30.5,26.0,34.0,0.0,14.0,1013.0,0,0,59,15,5,1,0,0,0,-0.7071067811865471,-0.7071067811865479,46.9409922071263,38.89932920836895,117.33333333333333,66.0,1.0607630243228754
2025-11-01 16:00:00,R5,46.53453460592327,134,2,Local,True,30.5,26.0,34.0,0.0,14.0,1013.0,0,0,59,16,5,1,0,0,0,-0.8660254037844384,-0.5000000000000004,47.39180561180536,44.344601846954596,124.66666666666667,67.0,1.1633633651480817
2025-11-01 17:00:00,R5,24.86330080562262,84,2,Local,True,30.5,26.0,34.0,0.0,14.0,1013.0,0,0,59,17,5,1,0,1,1,-0.9659258262890684,-0.2588190451025206,37.94278546148697,41.41320997674438,116.66666666666667,42.0,0.6215825201405656
2025-11-01 18:00:00,R5,25.96772788239909,64,2,Local,True,30.5,26.0,34.0,0.0,14.0,1013.0,0,0,59,18,5,1,0,1,1,-1.0,-1.8369701987210294e-16,32.45518776464832,39.698089985887314,94.0,32.0,0.6491931970599772
2025-11-01 19:00:00,R5,26.177168885032724,103,2,Local,True,30.5,26.0,34.0,0.0,14.0,1013.0,0,0,59,19,5,1,0,1,1,-0.9659258262890684,0.2588190451025203,25.669399191018144,36.53060240141175,83.66666666666667,51.5,0.6544292221258181
2025-11-01 20:00:00,R5,28.833957461183548,89,2,Local,True,30.5,26.0,34.0,0.0,14.0,1013.0,0,0,59,20,5,1,0,1,1,-0.8660254037844386,0.5000000000000001,26.992951409538453,32.46786843551271,85.33333333333333,44.5,0.7208489365295887
2025-11-01 21:00:00,R5,40.77838563838879,139,2,Local,True,30.5,26.0,34.0,0.0,14.0,1013.0,0,0,59,21,5,1,0,0,0,-0.7071067811865477,0.7071067811865474,31.92983732820169,32.19251254642501,110.33333333333333,69.5,1.0194596409597199
2025-11-01 22:00:00,R5,39.60875077083255,129,2,Local,True,30.5,26.0,34.0,0.0,14.0,1013.0,0,0,59,22,5,1,0,0,0,-0.5000000000000004,0.8660254037844384,36.40703129013496,31.03821524057655,119.0,64.5,0.9902187692708138
2025-11-01 23:00:00,R5,31.31353678537701,120,2,Local,True,30.5,26.0,34.0,0.0,14.0,1013.0,0,0,59,23,5,1,0,0,0,-0.2588190451025215,0.965925826289068,37.233557731532784,32.11325457053562,129.33333333333334,60.0,0.7828384196344252
2025-11-02 00:00:00,R5,40.54382567207165,115,2,Local,True,29.8,26.0,33.0,0.0,11.4,1013.6,0,0,59,0,6,1,0,0,0,0.0,1.0,37.155371076093736,34.542604202147714,121.33333333333333,57.5,1.0135956418017913
2025-11-02 01:00:00,R5,42.754602285384514,122,2,Local,True,29.8,26.0,33.0,0.0,11.4,1013.6,0,0,59,1,6,1,0,0,0,0.2588190451025207,0.9659258262890684,38.20398824761106,37.30550976887301,119.0,61.0,1.0688650571346128
2025-11-02 02:00:00,R5,39.71568146167493,146,2,Local,True,29.8,26.0,33.0,0.0,11.4,1013.6,0,0,59,2,6,1,0,0,0,0.4999999999999999,0.8660254037844387,41.004703139710365,39.11913043562157,127.66666666666667,73.0,0.9928920365418733
2025-11-02 03:00:00,R5,38.75157226017274,146,2,Local,True,29.8,26.0,33.0,0.0,11.4,1013.6,0,0,59,3,6,1,0,0,0,0.7071067811865476,0.7071067811865476,40.407285335744064,38.781328205918896,138.0,73.0,0.9687893065043186
2025-11-02 04:00:00,R5,45.51615503285636,127,2,Local,True,29.8,26.0,33.0,0.0,11.4,1013.6,0,0,59,4,6,1,0,0,0,0.8660254037844386,0.5000000000000001,41.327802918234674,39.765895582922866,139.66666666666666,63.5,1.137903875821409
2025-11-02 05:00:00,R5,33.09284657167042,123,2,Local,True,29.8,26.0,33.0,0.0,11.4,1013.6,0,0,59,5,6,1,0,0,0,0.9659258262890684,0.2588190451025207,39.12019128823318,40.06244721397177,132.0,61.5,0.8273211642917605
2025-11-02 06:00:00,R5,47.2619963517945,132,2,Local,True,29.8,26.0,33.0,0.0,11.4,1013.6,0,0,59,6,6,1,0,0,0,1.0,6.123233995736766e-17,41.95699931877376,41.182142327258916,127.33333333333333,66.0,1.1815499087948624
2025-11-02 07:00:00,R5,23.03182056772352,99,2,Local,True,29.8,26.0,33.0,0.0,11.4,1013.6,0,0,59,7,6,1,1,0,1,0.9659258262890684,-0.2588190451025206,34.46222116372948,37.89501204098208,118.0,49.5,0.575795514193088
2025-11-02 08:00:00,R5,20.752890666804884,79,2,Local,True,29.8,26.0,33.0,0.0,11.4,1013.6,0,0,59,8,6,1,1,0,1,0.8660254037844387,-0.4999999999999998,30.348902528774303,34.73454690850374,103.33333333333333,39.5,0.5188222666701221
2025-11-02 09:00:00,R5,26.08875126507145,90,2,Local,True,29.8,26.0,33.0,0.0,11.4,1013.6,0,0,59,9,6,1,1,0,1,0.7071067811865476,-0.7071067811865475,23.291154166533286,32.62407674265352,89.33333333333333,45.0,0.6522187816267863
2025-11-02 10:00:00,R5,20.996418688068708,83,2,Local,True,29.8,26.0,33.0,0.0,11.4,1013.6,0,0,59,10,6,1,1,0,1,0.4999999999999999,-0.8660254037844387,22.612686873315013,28.53745401852225,84.0,41.5,0.5249104672017177
2025-11-02 11:00:00,R5,34.89464542002089,146,2,Local,True,29.8,26.0,33.0,0.0,11.4,1013.6,0,0,59,11,6,1,0,0,0,0.258819045102521,-0.9659258262890682,27.326605124387015,28.837753826580656,106.33333333333333,73.0,0.8723661355005223
2025-11-02 12:00:00,R5,39.08319230301226,103,2,Local,True,29.8,26.0,33.0,0.0,11.4,1013.6,0,0,59,12,6,1,0,0,0,1.2246467991473532e-16,-1.0,31.658085470367286,27.474619818450282,110.66666666666667,51.5,0.9770798075753065
2025-11-02 13:00:00,R5,38.59744545638888,107,2,Local,True,29.8,26.0,33.0,0.0,11.4,1013.6,0,0,59,13,6,1,0,0,0,-0.2588190451025208,-0.9659258262890684,37.52509439314068,30.06889063322785,118.66666666666667,53.5,0.9649361364097221
2025-11-02 14:00:00,R5,45.160291031430845,114,2,Local,True,29.8,26.0,33.0,0.0,11.4,1013.6,0,0,59,14,6,1,0,0,0,-0.4999999999999997,-0.8660254037844388,40.94697626361066,34.13679069399884,108.0,57.0,1.1290072757857712
2025-11-02 15:00:00,R5,41.163677693429086,105,2,Local,True,29.8,26.0,33.0,0.0,11.4,1013.6,0,0,59,15,6,1,0,0,0,-0.7071067811865471,-0.7071067811865479,41.64047139374961,36.649278432058445,108.66666666666667,52.5,1.0290919423357272
2025-11-02 16:00:00,R5,33.32204115029183,114,2,Local,True,29.8,26.0,33.0,0.0,11.4,1013.6,0,0,59,16,6,1,0,0,0,-0.8660254037844384,-0.5000000000000004,39.88200329171725,38.703548842428965,111.0,57.0,0.8330510287572958
2025-11-02 17:00:00,R5,21.255456677091225,77,2,Local,True,29.8,26.0,33.0,0.0,11.4,1013.6,0,0,59,17,6,1,0,1,1,-0.9659258262890684,-0.2588190451025206,31.91372517360405,36.43035071860735,98.66666666666667,38.5,0.5313864169272806
2025-11-02 18:00:00,R5,25.25997367699231,85,2,Local,True,29.8,26.0,33.0,0.0,11.4,1013.6,0,0,59,18,6,1,0,1,1,-1.0,-1.8369701987210294e-16,26.612490501458456,34.12648094760403,92.0,42.5,0.6314993419248077
2025-11-02 19:00:00,R5,26.188742222208777,66,2,Local,True,29.8,26.0,33.0,0.0,11.4,1013.6,0,0,59,19,6,1,0,1,1,-0.9659258262890684,0.2588190451025203,24.234724192097435,32.05836374190734,76.0,33.0,0.6547185555552194
2025-11-02 20:00:00,R5,16.075949625367052,90,2,Local,True,29.8,26.0,33.0,0.0,11.4,1013.6,0,0,59,20,6,1,0,1,1,-0.8660254037844386,0.5000000000000001,22.50822184152271,27.21097350756338,80.33333333333333,45.0,0.4018987406341763
2025-11-02 21:00:00,R5,38.70217895484461,141,2,Local,True,29.8,26.0,33.0,0.0,11.4,1013.6,0,0,59,21,6,1,0,0,0,-0.7071067811865477,0.7071067811865474,26.988956934140145,26.8007237177993,99.0,70.5,0.9675544738711153
2025-11-02 22:00:00,R5,38.51439874130617,100,2,Local,True,29.8,26.0,33.0,0.0,11.4,1013.6,0,0,59,22,6,1,0,0,0,-0.5000000000000004,0.8660254037844384,31.097509107172613,27.666116649635025,110.33333333333333,50.0,0.9628599685326542
2025-11-02 23:00:00,R5,44.15646605011376,120,2,Local,True,29.8,26.0,33.0,0.0,11.4,1013.6,0,0,59,23,6,1,0,0,0,-0.2588190451025215,0.965925826289068,40.457681248754845,31.482951545138775,120.33333333333333,60.0,1.103911651252844
2025-11-03 00:00:00,R5,47.86893494956775,111,2,Local,True,29.1,25.0,32.0,0.0,13.3,1012.9,0,0,59,0,0,0,0,0,0,0.0,1.0,43.51326658032922,35.25111175723469,110.33333333333333,55.5,1.1967233737391938
2025-11-03 01:00:00,R5,24.9896210763413,107,2,Local,True,29.1,25.0,32.0,0.0,13.3,1012.9,0,0,59,1,0,0,0,0,0,0.2588190451025207,0.9659258262890684,39.00500735867427,35.05125823292344,112.66666666666667,53.5,0.6247405269085325
2025-11-03 02:00:00,R5,46.39911575538192,103,2,Local,True,29.1,25.0,32.0,0.0,13.3,1012.9,0,0,59,2,0,0,0,0,0,0.4999999999999999,0.8660254037844387,39.75255726043033,40.10511925459259,107.0,51.5,1.159977893884548
2025-11-03 03:00:00,R5,30.471554494568807,121,2,Local,True,29.1,25.0,32.0,0.0,13.3,1012.9,0,0,59,3,0,0,0,0,0,0.7071067811865476,0.7071067811865476,33.953430442097336,38.733348511213286,110.33333333333333,60.5,0.7617888623642202
2025-11-03 04:00:00,R5,33.56295123230106,138,2,Local,True,29.1,25.0,32.0,0.0,13.3,1012.9,0,0,59,4,0,0,0,0,0,0.8660254037844386,0.5000000000000001,36.81120716075059,37.90810725971243,120.66666666666667,69.0,0.8390737808075265
2025-11-03 05:00:00,R5,42.54183373853857,141,2,Local,True,29.1,25.0,32.0,0.0,13.3,1012.9,0,0,59,5,0,0,0,0,0,0.9659258262890684,0.2588190451025207,35.52544648846948,37.6390018744499,133.33333333333334,70.5,1.0635458434634644
2025-11-03 06:00:00,R5,41.10371987593064,115,2,Local,True,29.1,25.0,32.0,0.0,13.3,1012.9,0,0,59,6,0,0,0,0,0,1.0,6.123233995736766e-17,39.06950161559009,36.511466028843714,131.33333333333334,57.5,1.027592996898266
2025-11-03 07:00:00,R5,19.441574038572988,86,2,Local,True,29.1,25.0,32.0,0.0,13.3,1012.9,0,0,59,7,0,0,1,0,1,0.9659258262890684,-0.2588190451025206,34.362375884347394,35.586791522549,114.0,43.0,0.4860393509643247
2025-11-03 08:00:00,R5,19.542358357333665,105,2,Local,True,29.1,25.0,32.0,0.0,13.3,1012.9,0,0,59,8,0,0,1,0,1,0.8660254037844387,-0.4999999999999998,26.695884090612427,31.110665289540957,102.0,52.5,0.4885589589333416
2025-11-03 09:00:00,R5,16.41049878365819,80,2,Local,True,29.1,25.0,32.0,0.0,13.3,1012.9,0,0,59,9,0,0,1,0,1,0.7071067811865476,-0.7071067811865475,18.464810393188277,28.76715600438919,90.33333333333333,40.0,0.4102624695914548
2025-11-03 10:00:00,R5,29.125302606020085,96,2,Local,True,29.1,25.0,32.0,0.0,13.3,1012.9,0,0,59,10,0,0,1,0,1,0.4999999999999999,-0.8660254037844387,21.692719915670647,28.027547900009026,93.66666666666667,48.0,0.7281325651505022
2025-11-03 11:00:00,R5,33.60542241212566,133,2,Local,True,29.1,25.0,32.0,0.0,13.3,1012.9,0,0,59,11,0,0,0,0,0,0.258819045102521,-0.9659258262890682,26.380407933934645,26.53814601227354,103.0,66.5,0.8401355603031415
2025-11-03 12:00:00,R5,38.12876305680335,108,2,Local,True,29.1,25.0,32.0,0.0,13.3,1012.9,0,0,59,12,0,0,0,0,0,1.2246467991473532e-16,-1.0,33.619829358316366,26.042319875752327,112.33333333333333,54.0,0.9532190764200837
2025-11-03 13:00:00,R5,43.19399532708696,135,2,Local,True,29.1,25.0,32.0,0.0,13.3,1012.9,0,0,59,13,0,0,0,0,0,-0.2588190451025208,-0.9659258262890684,38.30939359867199,30.001056757171323,125.33333333333333,67.5,1.079849883177174
2025-11-03 14:00:00,R5,26.735888279055537,133,2,Local,True,29.1,25.0,32.0,0.0,13.3,1012.9,0,0,59,14,0,0,0,0,0,-0.4999999999999997,-0.8660254037844388,36.01954888764862,31.19997841079163,125.33333333333333,66.5,0.6683972069763884
2025-11-03 15:00:00,R5,47.03720205348722,141,2,Local,True,29.1,25.0,32.0,0.0,13.3,1012.9,0,0,59,15,0,0,0,0,0,-0.7071067811865471,-0.7071067811865479,38.989028553209906,36.304428955763136,136.33333333333334,70.5,1.1759300513371804
2025-11-03 16:00:00,R5,38.99567752935843,111,2,Local,True,29.1,25.0,32.0,0.0,13.3,1012.9,0,0,59,16,0,0,0,0,0,-0.8660254037844384,-0.5000000000000004,37.58958928730039,37.949491442986194,128.33333333333334,55.5,0.9748919382339608
2025-11-03 17:00:00,R5,26.621459131996247,61,2,Local,True,29.1,25.0,32.0,0.0,13.3,1012.9,0,0,59,17,0,0,0,1,1,-0.9659258262890684,-0.2588190451025206,37.55144623828063,36.78549756296462,104.33333333333333,30.5,0.6655364782999061
2025-11-03 18:00:00,R5,15.07574753235384,98,2,Local,True,29.1,25.0,32.0,0.0,13.3,1012.9,0,0,59,18,0,0,0,1,1,-1.0,-1.8369701987210294e-16,26.897628064569506,32.94332830888971,90.0,49.0,0.376893688308846
2025-11-03 19:00:00,R5,23.293144480808127,77,2,Local,True,29.1,25.0,32.0,0.0,13.3,1012.9,0,0,59,19,0,0,0,1,1,-0.9659258262890684,0.2588190451025203,21.663450381719404,29.626519834509896,78.66666666666667,38.5,0.5823286120202031
2025-11-03 20:00:00,R5,31.86971799938248,97,2,Local,True,29.1,25.0,32.0,0.0,13.3,1012.9,0,0,59,20,0,0,0,1,1,-0.8660254037844386,0.5000000000000001,23.412870004181485,30.482158121231056,90.66666666666667,48.5,0.796742949984562
2025-11-03 21:00:00,R5,37.29973600921988,130,2,Local,True,29.1,25.0,32.0,0.0,13.3,1012.9,0,0,59,21,0,0,0,0,0,-0.7071067811865477,0.7071067811865474,30.820866163136827,28.85924711385317,101.33333333333333,65.0,0.932493400230497
2025-11-03 22:00:00,R5,34.15649773464163,118,2,Local,True,29.1,25.0,32.0,0.0,13.3,1012.9,0,0,59,22,0,0,0,0,0,-0.5000000000000004,0.8660254037844384,34.441983914414664,28.052717148067035,115.0,59.0,0.8539124433660408
2025-11-03 23:00:00,R5,43.4308454682856,102,2,Local,True,29.1,25.0,32.0,0.0,13.3,1012.9,0,0,59,23,0,0,0,0,0,-0.2588190451025215,0.965925826289068,38.2956930707157,30.854281537448596,116.66666666666667,51.0,1.0857711367071399
2025-11-04 00:00:00,R5,36.28311145751096,131,2,Local,True,29.5,25.0,33.0,0.0,12.4,1013.6,0,0,59,0,1,0,0,0,0,0.0,1.0,37.95681822014606,34.388842191641444,117.0,65.5,0.907077786437774
2025-11-04 01:00:00,R5,42.90614640062594,130,2,Local,True,29.5,25.0,33.0,0.0,12.4,1013.6,0,0,59,1,1,0,0,0,0,0.2588190451025207,0.9659258262890684,40.87336777547417,37.657675844944414,121.0,65.0,1.0726536600156487
2025-11-04 02:00:00,R5,37.74818533400685,102,2,Local,True,29.5,25.0,33.0,0.0,12.4,1013.6,0,0,59,2,1,0,0,0,0,0.4999999999999999,0.8660254037844387,38.97914773071458,38.63742040071514,121.0,51.0,0.9437046333501712
2025-11-04 03:00:00,R5,29.24434768250401,110,2,Local,True,29.5,25.0,33.0,0.0,12.4,1013.6,0,0,59,3,1,0,0,0,0,0.7071067811865476,0.7071067811865476,36.6328931390456,37.294855679595834,114.0,55.0,0.7311086920626002
2025-11-04 04:00:00,R5,33.181469125246274,103,2,Local,True,29.5,25.0,33.0,0.0,12.4,1013.6,0,0,59,4,1,0,0,0,0,0.8660254037844386,0.5000000000000001,33.39133404725238,37.13235091136327,105.0,51.5,0.8295367281311569
2025-11-04 05:00:00,R5,41.2131327684741,141,2,Local,True,29.5,25.0,33.0,0.0,12.4,1013.6,0,0,59,5,1,0,0,0,0,0.9659258262890684,0.2588190451025207,34.54631652540812,36.76273212806135,118.0,70.5,1.0303283192118524
2025-11-04 06:00:00,R5,41.921826384078166,106,2,Local,True,29.5,25.0,33.0,0.0,12.4,1013.6,0,0,59,6,1,0,0,0,0,1.0,6.123233995736766e-17,38.77214275926618,37.70251794915589,116.66666666666667,53.0,1.048045659601954
2025-11-04 07:00:00,R5,14.29149523817694,103,2,Local,True,29.5,25.0,33.0,0.0,12.4,1013.6,0,0,59,7,1,0,1,0,1,0.9659258262890684,-0.2588190451025206,32.47548479690973,32.933409422081056,116.66666666666667,51.5,0.35728738095442353
2025-11-04 08:00:00,R5,32.06018867998237,94,2,Local,True,29.5,25.0,33.0,0.0,12.4,1013.6,0,0,59,8,1,0,1,0,1,0.8660254037844387,-0.4999999999999998,29.42450343407916,31.985409979743647,101.0,47.0,0.8015047169995592
2025-11-04 09:00:00,R5,19.421203681720453,67,2,Local,True,29.5,25.0,33.0,0.0,12.4,1013.6,0,0,59,9,1,0,1,0,1,0.7071067811865476,-0.7071067811865475,21.92429586662659,30.348219312946384,88.0,33.5,0.48553009204301134
2025-11-04 10:00:00,R5,27.55923827181556,100,2,Local,True,29.5,25.0,33.0,0.0,12.4,1013.6,0,0,59,10,1,0,1,0,1,0.4999999999999999,-0.8660254037844387,26.346876877839463,29.411180837374598,87.0,50.0,0.688980956795389
2025-11-04 11:00:00,R5,36.31019830180043,117,2,Local,True,29.5,25.0,33.0,0.0,12.4,1013.6,0,0,59,11,1,0,0,0,0,0.258819045102521,-0.9659258262890682,27.76354675177882,28.594025092928984,94.66666666666667,58.5,0.9077549575450108
2025-11-04 12:00:00,R5,45.75777914001152,120,2,Local,True,29.5,25.0,33.0,0.0,12.4,1013.6,0,0,59,12,1,0,0,0,0,1.2246467991473532e-16,-1.0,36.54240523787584,29.233350552251213,112.33333333333333,60.0,1.1439444785002881
2025-11-04 13:00:00,R5,47.23625109767989,103,2,Local,True,29.5,25.0,33.0,0.0,12.4,1013.6,0,0,59,13,1,0,0,0,0,-0.2588190451025208,-0.9659258262890684,43.10140951316395,34.7241431955017,113.33333333333333,51.5,1.1809062774419972
2025-11-04 14:00:00,R5,35.82673157733365,111,2,Local,True,29.5,25.0,33.0,0.0,12.4,1013.6,0,0,59,14,1,0,0,0,0,-0.4999999999999997,-0.8660254037844388,42.94025393834169,35.35190034506025,111.33333333333333,55.5,0.8956682894333413
2025-11-04 15:00:00,R5,42.762768342615495,136,2,Local,True,29.5,25.0,33.0,0.0,12.4,1013.6,0,0,59,15,1,0,0,0,0,-0.7071067811865471,-0.7071067811865479,41.94191700587635,39.242161121876094,116.66666666666667,68.0,1.0690692085653875
2025-11-04 16:00:00,R5,40.81919696548726,149,2,Local,True,29.5,25.0,33.0,0.0,12.4,1013.6,0,0,59,16,1,0,0,0,0,-0.8660254037844384,-0.5000000000000004,39.80289896181214,41.45215423748804,132.0,74.5,1.0204799241371814
2025-11-04 17:00:00,R5,23.38067717625523,98,2,Local,True,29.5,25.0,33.0,0.0,12.4,1013.6,0,0,59,17,1,0,0,1,1,-0.9659258262890684,-0.2588190451025206,35.654214161452664,39.29723404989718,127.66666666666667,49.0,0.5845169294063808
2025-11-04 18:00:00,R5,12.64806702144861,72,2,Local,True,29.5,25.0,33.0,0.0,12.4,1013.6,0,0,59,18,1,0,0,1,1,-1.0,-1.8369701987210294e-16,25.61598038773037,33.778948696803354,106.33333333333333,36.0,0.31620167553621525
2025-11-04 19:00:00,R5,32.33438839889213,72,2,Local,True,29.5,25.0,33.0,0.0,12.4,1013.6,0,0,59,19,1,0,0,1,1,-0.9659258262890684,0.2588190451025203,22.78771086553199,31.295304913672066,80.66666666666667,36.0,0.8083597099723032
2025-11-04 20:00:00,R5,27.95088208641393,74,2,Local,True,29.5,25.0,33.0,0.0,12.4,1013.6,0,0,59,20,1,0,0,1,1,-0.8660254037844386,0.5000000000000001,24.311112502251557,29.98266333185211,72.66666666666667,37.0,0.6987720521603482
2025-11-04 21:00:00,R5,42.66984166296736,134,2,Local,True,29.5,25.0,33.0,0.0,12.4,1013.6,0,0,59,21,1,0,0,0,0,-0.7071067811865477,0.7071067811865474,34.318370716091145,29.967175551910753,93.33333333333333,67.0,1.0667460415741838
2025-11-04 22:00:00,R5,33.681348138667474,140,2,Local,True,29.5,25.0,33.0,0.0,12.4,1013.6,0,0,59,22,1,0,0,0,0,-0.5000000000000004,0.8660254037844384,34.76735729601626,28.77753408077412,116.0,70.0,0.8420337034666868
2025-11-04 23:00:00,R5,36.38302810202216,137,2,Local,True,29.5,25.0,33.0,0.0,12.4,1013.6,0,0,59,23,1,0,0,0,0,-0.2588190451025215,0.965925826289068,37.578072634552335,30.944592568401944,137.0,68.5,0.909575702550554
2025-11-05 00:00:00,R5,37.55342523007448,120,2,Local,True,29.7,26.0,33.0,0.0,12.2,1013.3,0,0,59,0,2,0,0,0,0,0.0,1.0,35.872600490254705,35.095485603172925,132.33333333333334,60.0,0.938835630751862
2025-11-05 01:00:00,R5,46.49617047876887,124,2,Local,True,29.7,26.0,33.0,0.0,12.2,1013.3,0,0,59,1,2,0,0,0,0,0.2588190451025207,0.9659258262890684,40.144207936955176,37.45578261648571,127.0,62.0,1.1624042619692216
2025-11-05 02:00:00,R5,49.51646711788529,118,2,Local,True,29.7,26.0,33.0,0.0,12.2,1013.3,0,0,59,2,2,0,0,0,0,0.4999999999999999,0.8660254037844387,44.522020942242875,41.05004678839761,120.66666666666667,59.0,1.2379116779471322
2025-11-05 03:00:00,R5,34.29597103473156,139,2,Local,True,29.7,26.0,33.0,0.0,12.2,1013.3,0,0,59,3,2,0,0,0,0,0.7071067811865476,0.7071067811865476,43.43620287712857,39.65440168369164,127.0,69.5,0.8573992758682889
2025-11-05 04:00:00,R5,40.10203875060251,101,2,Local,True,29.7,26.0,33.0,0.0,12.2,1013.3,0,0,59,4,2,0,0,0,0,0.8660254037844386,0.5000000000000001,41.304825634406455,40.72451678568081,119.33333333333333,50.5,1.0025509687650627
2025-11-05 05:00:00,R5,39.128681457740505,129,2,Local,True,29.7,26.0,33.0,0.0,12.2,1013.3,0,0,59,5,2,0,0,0,0,0.9659258262890684,0.2588190451025207,37.84223041435819,41.18212567830054,123.0,64.5,0.9782170364435127
2025-11-05 06:00:00,R5,43.27724154601421,129,2,Local,True,29.7,26.0,33.0,0.0,12.2,1013.3,0,0,59,6,2,0,0,0,0,1.0,6.123233995736766e-17,40.835987251452416,42.136095064290494,119.66666666666667,64.5,1.0819310386503553
2025-11-05 07:00:00,R5,20.282219342914544,68,2,Local,True,29.7,26.0,33.0,0.0,12.2,1013.3,0,0,59,7,2,0,1,0,1,0.9659258262890684,-0.2588190451025206,34.229380782223096,37.76710320831477,108.66666666666667,34.0,0.5070554835728636
2025-11-05 08:00:00,R5,22.6891645124401,101,2,Local,True,29.7,26.0,33.0,0.0,12.2,1013.3,0,0,59,8,2,0,1,0,1,0.8660254037844387,-0.4999999999999998,28.749541800456285,33.295886107407235,99.33333333333333,50.5,0.5672291128110025
2025-11-05 09:00:00,R5,21.61899342874725,96,2,Local,True,29.7,26.0,33.0,0.0,12.2,1013.3,0,0,59,9,2,0,1,0,1,0.7071067811865476,-0.7071067811865475,21.5301257613673,31.18305650640985,88.33333333333333,48.0,0.5404748357186813
2025-11-05 10:00:00,R5,28.72217557593804,74,2,Local,True,29.7,26.0,33.0,0.0,12.2,1013.3,0,0,59,10,2,0,1,0,1,0.4999999999999999,-0.8660254037844387,24.343444505708465,29.286412643965775,90.33333333333333,37.0,0.718054389398451
2025-11-05 11:00:00,R5,48.36110820383238,105,2,Local,True,29.7,26.0,33.0,0.0,12.2,1013.3,0,0,59,11,2,0,0,0,0,0.258819045102521,-0.9659258262890682,32.90075906950589,30.825150434981087,91.66666666666667,52.5,1.2090277050958096
2025-11-05 12:00:00,R5,41.70423097913712,121,2,Local,True,29.7,26.0,33.0,0.0,12.2,1013.3,0,0,59,12,2,0,0,0,0,1.2246467991473532e-16,-1.0,39.59583825296918,30.56298200716824,100.0,60.5,1.042605774478428
2025-11-05 13:00:00,R5,40.16072915678029,145,2,Local,True,29.7,26.0,33.0,0.0,12.2,1013.3,0,0,59,13,2,0,0,0,0,-0.2588190451025208,-0.9659258262890684,43.408689446583274,33.876066976145864,123.66666666666667,72.5,1.0040182289195072
2025-11-05 14:00:00,R5,40.23924933275725,110,2,Local,True,29.7,26.0,33.0,0.0,12.2,1013.3,0,0,59,14,2,0,0,0,0,-0.4999999999999997,-0.8660254037844388,40.70140315622489,36.80108111286539,125.33333333333333,55.0,1.005981233318931
2025-11-05 15:00:00,R5,45.70713827940752,135,2,Local,True,29.7,26.0,33.0,0.0,12.2,1013.3,0,0,59,15,2,0,0,0,0,-0.7071067811865471,-0.7071067811865479,42.03570558964835,40.815771921308766,130.0,67.5,1.142678456985188
2025-11-05 16:00:00,R5,38.28252695946132,130,2,Local,True,29.7,26.0,33.0,0.0,12.2,1013.3,0,0,59,16,2,0,0,0,0,-0.8660254037844384,-0.5000000000000004,41.40963819054203,42.40916381856265,125.0,65.0,0.9570631739865331
2025-11-05 17:00:00,R5,19.23506313679572,82,2,Local,True,29.7,26.0,33.0,0.0,12.2,1013.3,0,0,59,17,2,0,0,1,1,-0.9659258262890684,-0.2588190451025206,34.408242791888185,37.55482297405654,115.66666666666667,41.0,0.480876578419893
2025-11-05 18:00:00,R5,20.03476307230433,89,2,Local,True,29.7,26.0,33.0,0.0,12.2,1013.3,0,0,59,18,2,0,0,1,1,-1.0,-1.8369701987210294e-16,25.850784389520456,33.94324498958441,100.33333333333333,44.5,0.5008690768076083
2025-11-05 19:00:00,R5,22.37985106479837,77,2,Local,True,29.7,26.0,33.0,0.0,12.2,1013.3,0,0,59,19,2,0,0,1,1,-0.9659258262890684,0.2588190451025203,20.549892424632805,30.979765307587417,82.66666666666667,38.5,0.5594962766199593
2025-11-05 20:00:00,R5,22.96744116844989,98,2,Local,True,29.7,26.0,33.0,0.0,12.2,1013.3,0,0,59,20,2,0,0,1,1,-0.8660254037844386,0.5000000000000001,21.7940184351842,28.10113061353619,88.0,49.0,0.5741860292112473
2025-11-05 21:00:00,R5,40.75859269076783,137,2,Local,True,29.7,26.0,33.0,0.0,12.2,1013.3,0,0,59,21,2,0,0,0,0,-0.7071067811865477,0.7071067811865474,28.7019616413387,27.276373015429574,104.0,68.5,1.0189648172691956
2025-11-05 22:00:00,R5,46.689119642950814,113,2,Local,True,29.7,26.0,33.0,0.0,12.2,1013.3,0,0,59,22,2,0,0,0,0,-0.5000000000000004,0.8660254037844384,36.805051167389514,28.67747179601116,116.0,56.5,1.1672279910737704
2025-11-05 23:00:00,R5,31.42619352169979,138,2,Local,True,29.7,26.0,33.0,0.0,12.2,1013.3,0,0,59,23,2,0,0,0,0,-0.2588190451025215,0.965925826289068,39.624635285139476,30.709326860161838,129.33333333333334,69.0,0.7856548380424948
2025-11-06 00:00:00,R5,43.27493284836318,132,2,Local,True,29.1,26.0,34.0,0.0,11.4,1013.0,0,0,59,0,3,0,0,0,0,0.0,1.0,40.46341533767126,34.58268848950498,127.66666666666667,66.0,1.0818733212090794
2025-11-06 01:00:00,R5,43.89188702764087,112,2,Local,True,29.1,26.0,34.0,0.0,11.4,1013.0,0,0,59,1,3,0,0,0,0,0.2588190451025207,0.9659258262890684,39.531004465901276,38.1680278166454,127.33333333333333,56.0,1.0972971756910217
2025-11-06 02:00:00,R5,41.07197770629648,145,2,Local,True,29.1,26.0,34.0,0.0,11.4,1013.0,0,0,59,2,3,0,0,0,0,0.4999999999999999,0.8660254037844387,42.74626586076684,41.185450572953165,129.66666666666666,72.5,1.026799442657412
2025-11-06 03:00:00,R5,38.47359787115848,147,2,Local,True,29.1,26.0,34.0,0.0,11.4,1013.0,0,0,59,3,3,0,0,0,0,0.7071067811865476,0.7071067811865476,41.14582086836528,40.80461810301827,134.66666666666666,73.5,0.961839946778962
2025-11-06 04:00:00,R5,32.78167748309141,149,2,Local,True,29.1,26.0,34.0,0.0,11.4,1013.0,0,0,59,4,3,0,0,0,0,0.8660254037844386,0.5000000000000001,37.44241768684879,38.48671107637504,147.0,74.5,0.8195419370772852
2025-11-06 05:00:00,R5,37.500871015363245,123,2,Local,True,29.1,26.0,34.0,0.0,11.4,1013.0,0,0,59,5,3,0,0,0,0,0.9659258262890684,0.2588190451025207,36.25204878987105,39.49915732531894,139.66666666666666,61.5,0.9375217753840811
2025-11-06 06:00:00,R5,40.46219332050842,144,2,Local,True,29.1,26.0,34.0,0.0,11.4,1013.0,0,0,59,6,3,0,0,0,0,1.0,6.123233995736766e-17,36.914913939654355,39.030367404009816,138.66666666666666,72.0,1.0115548330127104
2025-11-06 07:00:00,R5,17.612244409654018,63,2,Local,True,29.1,26.0,34.0,0.0,11.4,1013.0,0,0,59,7,3,0,1,0,1,0.9659258262890684,-0.2588190451025206,31.858436248508557,34.650426967678676,110.0,31.5,0.44030611024135047
2025-11-06 08:00:00,R5,26.454171345568763,91,2,Local,True,29.1,26.0,34.0,0.0,11.4,1013.0,0,0,59,8,3,0,1,0,1,0.8660254037844387,-0.4999999999999998,28.176203025243733,32.21412590755739,99.33333333333333,45.5,0.6613542836392191
2025-11-06 09:00:00,R5,19.18391211112588,66,2,Local,True,29.1,26.0,34.0,0.0,11.4,1013.0,0,0,59,9,3,0,1,0,1,0.7071067811865476,-0.7071067811865475,21.08344262211622,28.999178280885292,73.33333333333333,33.0,0.479597802778147
2025-11-06 10:00:00,R5,37.7206116532609,66,2,Local,True,29.1,26.0,34.0,0.0,11.4,1013.0,0,0,59,10,3,0,1,0,1,0.4999999999999999,-0.8660254037844387,27.786231703318517,29.82233397591354,74.33333333333333,33.0,0.9430152913315226
2025-11-06 11:00:00,R5,34.133130784480954,124,2,Local,True,29.1,26.0,34.0,0.0,11.4,1013.0,0,0,59,11,3,0,0,0,0,0.258819045102521,-0.9659258262890682,30.34588484962258,29.261043937433158,85.33333333333333,62.0,0.8533282696120239
2025-11-06 12:00:00,R5,46.15430533844555,134,2,Local,True,29.1,26.0,34.0,0.0,11.4,1013.0,0,0,59,12,3,0,0,0,0,1.2246467991473532e-16,-1.0,39.336015925395806,30.20972927375601,108.0,67.0,1.1538576334611388
2025-11-06 13:00:00,R5,39.01969912357796,123,2,Local,True,29.1,26.0,34.0,0.0,11.4,1013.0,0,0,59,13,3,0,0,0,0,-0.2588190451025208,-0.9659258262890684,39.769045082168155,33.777638392743334,127.0,61.5,0.9754924780894489
2025-11-06 14:00:00,R5,49.86849875739633,134,2,Local,True,29.1,26.0,34.0,0.0,11.4,1013.0,0,0,59,14,3,0,0,0,0,-0.4999999999999997,-0.8660254037844388,45.01416773980662,37.680026294714594,130.33333333333334,67.0,1.2467124689349083
2025-11-06 15:00:00,R5,33.820909169001624,122,2,Local,True,29.1,26.0,34.0,0.0,11.4,1013.0,0,0,59,15,3,0,0,0,0,-0.7071067811865471,-0.7071067811865479,40.90303568332531,40.119525804360556,126.33333333333333,61.0,0.8455227292250406
2025-11-06 16:00:00,R5,29.118723232342777,101,2,Local,True,29.1,26.0,34.0,0.0,11.4,1013.0,0,0,59,16,3,0,0,0,0,-0.8660254037844384,-0.5000000000000004,37.60271038624691,38.68587773420753,119.0,50.5,0.7279680808085695
2025-11-06 17:00:00,R5,28.8153741688018,94,2,Local,True,29.1,26.0,34.0,0.0,11.4,1013.0,0,0,59,17,3,0,0,1,1,-0.9659258262890684,-0.2588190451025206,30.585002190048737,37.799584964927675,105.66666666666667,47.0,0.720384354220045
2025-11-06 18:00:00,R5,21.33319837735453,68,2,Local,True,29.1,26.0,34.0,0.0,11.4,1013.0,0,0,59,18,3,0,0,1,1,-1.0,-1.8369701987210294e-16,26.422431926166368,33.662733804745834,87.66666666666667,34.0,0.5333299594338633
2025-11-06 19:00:00,R5,32.73793537855924,85,2,Local,True,29.1,26.0,34.0,0.0,11.4,1013.0,0,0,59,19,3,0,0,1,1,-0.9659258262890684,0.2588190451025203,27.62883597490519,32.61577318057605,82.33333333333333,42.5,0.818448384463981
2025-11-06 20:00:00,R5,22.68580356291666,72,2,Local,True,29.1,26.0,34.0,0.0,11.4,1013.0,0,0,59,20,3,0,0,1,1,-0.8660254037844386,0.5000000000000001,25.58564577294348,28.085323981496106,75.0,36.0,0.5671450890729165
2025-11-06 21:00:00,R5,32.59867625986237,142,2,Local,True,29.1,26.0,34.0,0.0,11.4,1013.0,0,0,59,21,3,0,0,0,0,-0.7071067811865477,0.7071067811865474,29.340805067112758,27.88161849663956,99.66666666666667,71.0,0.8149669064965593
2025-11-06 22:00:00,R5,40.42747787560168,123,2,Local,True,29.1,26.0,34.0,0.0,11.4,1013.0,0,0,59,22,3,0,0,0,0,-0.5000000000000004,0.8660254037844384,31.903985899460235,29.766410937182712,112.33333333333333,61.5,1.0106869468900421
2025-11-06 23:00:00,R5,41.74115410181796,122,2,Local,True,29.1,26.0,34.0,0.0,11.4,1013.0,0,0,59,23,3,0,0,0,0,-0.2588190451025215,0.965925826289068,38.255769412427334,31.920707592685407,129.0,61.0,1.0435288525454491
2025-11-07 00:00:00,R5,37.94651097971293,149,2,Local,True,27.9,24.0,32.0,0.0,11.0,1014.8,0,0,59,0,4,0,0,0,0,0.0,1.0,40.03838098571086,34.689593026411806,131.33333333333334,74.5,0.9486627744928233
2025-11-07 01:00:00,R5,42.87002578316283,136,2,Local,True,27.9,24.0,32.0,0.0,11.0,1014.8,0,0,59,1,4,0,0,0,0,0.2588190451025207,0.9659258262890684,40.85256362156457,36.378274760512404,135.66666666666666,68.0,1.0717506445790708
2025-11-07 02:00:00,R5,41.38186059889087,104,2,Local,True,27.9,24.0,32.0,0.0,11.0,1014.8,0,0,59,2,4,0,0,0,0,0.4999999999999999,0.8660254037844387,40.73279912058888,39.49428426650811,129.66666666666666,52.0,1.0345465149722717
2025-11-07 03:00:00,R5,41.73101548207345,105,2,Local,True,27.9,24.0,32.0,0.0,11.0,1014.8,0,0,59,3,4,0,0,0,0,0.7071067811865476,0.7071067811865476,41.994300621375714,41.01634080354329,115.0,52.5,1.0432753870518363
2025-11-07 04:00:00,R5,40.56311141429973,126,2,Local,True,27.9,24.0,32.0,0.0,11.0,1014.8,0,0,59,4,4,0,0,0,0,0.8660254037844386,0.5000000000000001,41.22532916508802,41.03894639332629,111.66666666666667,63.0,1.0140777853574934
2025-11-07 05:00:00,R5,43.77040979928965,146,2,Local,True,27.9,24.0,32.0,0.0,11.0,1014.8,0,0,59,5,4,0,0,0,0,0.9659258262890684,0.2588190451025207,42.02151223188761,41.377155676238246,125.66666666666667,73.0,1.0942602449822414
2025-11-07 06:00:00,R5,40.58564799057294,122,2,Local,True,27.9,24.0,32.0,0.0,11.0,1014.8,0,0,59,6,4,0,0,0,0,1.0,6.123233995736766e-17,41.63972306805411,41.81701184471491,131.33333333333334,61.0,1.0146411997643234
2025-11-07 07:00:00,R5,27.122461635317336,77,2,Local,True,27.9,24.0,32.0,0.0,11.0,1014.8,0,0,59,7,4,0,1,0,1,0.9659258262890684,-0.2588190451025206,37.15950647505997,39.19241782007399,115.0,38.5,0.6780615408829334
2025-11-07 08:00:00,R5,20.28300887089065,108,2,Local,True,27.9,24.0,32.0,0.0,11.0,1014.8,0,0,59,8,4,0,1,0,1,0.8660254037844387,-0.4999999999999998,29.330372832260306,35.67594253207396,102.33333333333333,54.0,0.5070752217722663
2025-11-07 09:00:00,R5,20.890720064692523,87,2,Local,True,27.9,24.0,32.0,0.0,11.0,1014.8,0,0,59,9,4,0,1,0,1,0.7071067811865476,-0.7071067811865475,22.765396856966834,32.20255996251047,90.66666666666667,43.5,0.5222680016173131
2025-11-07 10:00:00,R5,26.25296912179084,106,2,Local,True,27.9,24.0,32.0,0.0,11.0,1014.8,0,0,59,10,4,0,1,0,1,0.4999999999999999,-0.8660254037844387,22.47556601912467,29.817536247092324,100.33333333333333,53.0,0.656324228044771
2025-11-07 11:00:00,R5,42.97969965505011,144,2,Local,True,27.9,24.0,32.0,0.0,11.0,1014.8,0,0,59,11,4,0,0,0,0,0.258819045102521,-0.9659258262890682,30.04112961384449,29.685751223052403,112.33333333333333,72.0,1.0744924913762528
2025-11-07 12:00:00,R5,34.17709674693663,108,2,Local,True,27.9,24.0,32.0,0.0,11.0,1014.8,0,0,59,12,4,0,0,0,0,1.2246467991473532e-16,-1.0,34.46992184125919,28.617659349113012,119.33333333333333,54.0,0.8544274186734157
2025-11-07 13:00:00,R5,40.27136865525643,132,2,Local,True,27.9,24.0,32.0,0.0,11.0,1014.8,0,0,59,13,4,0,0,0,0,-0.2588190451025208,-0.9659258262890684,39.14272168574772,30.809143852436197,128.0,66.0,1.0067842163814107
2025-11-07 14:00:00,R5,49.80315418539804,118,2,Local,True,27.9,24.0,32.0,0.0,11.0,1014.8,0,0,59,14,4,0,0,0,0,-0.4999999999999997,-0.8660254037844388,41.41720652919704,35.72916807152076,119.33333333333333,59.0,1.2450788546349512
2025-11-07 15:00:00,R5,29.49575013448112,146,2,Local,True,27.9,24.0,32.0,0.0,11.0,1014.8,0,0,59,15,4,0,0,0,0,-0.7071067811865471,-0.7071067811865479,39.856757658378534,37.16333974981887,132.0,73.0,0.7373937533620281
2025-11-07 16:00:00,R5,39.59746060705017,135,2,Local,True,27.9,24.0,32.0,0.0,11.0,1014.8,0,0,59,16,4,0,0,0,0,-0.8660254037844384,-0.5000000000000004,39.63212164230978,39.38742166402875,133.0,67.5,0.9899365151762541
2025-11-07 17:00:00,R5,26.42382295391819,76,2,Local,True,27.9,24.0,32.0,0.0,11.0,1014.8,0,0,59,17,4,0,0,1,1,-0.9659258262890684,-0.2588190451025206,31.839011231816496,36.628108880506765,119.0,38.0,0.6605955738479548
2025-11-07 18:00:00,R5,21.303657132724723,75,2,Local,True,27.9,24.0,32.0,0.0,11.0,1014.8,0,0,59,18,4,0,0,1,1,-1.0,-1.8369701987210294e-16,29.10831356456436,34.48253561147144,95.33333333333333,37.5,0.5325914283181181
2025-11-07 19:00:00,R5,29.337087482667965,88,2,Local,True,27.9,24.0,32.0,0.0,11.0,1014.8,0,0,59,19,4,0,0,1,1,-0.9659258262890684,0.2588190451025203,25.688189189770295,32.660155416040034,79.66666666666667,44.0,0.7334271870666991
2025-11-07 20:00:00,R5,21.00926680177253,78,2,Local,True,27.9,24.0,32.0,0.0,11.0,1014.8,0,0,59,20,4,0,0,1,1,-0.8660254037844386,0.5000000000000001,23.883337139055072,27.861174185435782,80.33333333333333,39.0,0.5252316700443133
2025-11-07 21:00:00,R5,40.54368143861583,131,2,Local,True,27.9,24.0,32.0,0.0,11.0,1014.8,0,0,59,21,4,0,0,0,0,-0.7071067811865477,0.7071067811865474,30.296678574352104,29.702496069458235,99.0,65.5,1.0135920359653956
2025-11-07 22:00:00,R5,39.45020795110621,141,2,Local,True,27.9,24.0,32.0,0.0,11.0,1014.8,0,0,59,22,4,0,0,0,0,-0.5000000000000004,0.8660254037844384,33.66771873049819,29.677953960134243,116.66666666666667,70.5,0.9862551987776552
2025-11-07 23:00:00,R5,37.774164760589656,137,2,Local,True,27.9,24.0,32.0,0.0,11.0,1014.8,0,0,59,23,4,0,0,0,0,-0.2588190451025215,0.965925826289068,39.2560180501039,31.569677594579485,136.33333333333334,68.5,0.9443541190147414
2025-11-08 00:00:00,R5,41.2569269849033,143,2,Local,True,27.9,23.0,32.0,0.0,11.0,1016.7,0,0,59,0,5,1,0,0,0,0.0,1.0,39.49376656553306,34.89522256994258,140.33333333333334,71.5,1.0314231746225826
2025-11-08 01:00:00,R5,48.97789203866521,117,2,Local,True,27.9,23.0,32.0,0.0,11.0,1016.7,0,0,59,1,5,1,0,0,0,0.2588190451025207,0.9659258262890684,42.66966126138606,38.168689995942124,132.33333333333334,58.5,1.2244473009666303
2025-11-08 02:00:00,R5,28.678058447782643,100,2,Local,True,27.9,23.0,32.0,0.0,11.0,1016.7,0,0,59,2,5,1,0,0,0,0.4999999999999999,0.8660254037844387,39.63762582378372,39.44682193694381,120.0,50.0,0.7169514611945661
2025-11-08 03:00:00,R5,37.771761696290326,141,2,Local,True,27.9,23.0,32.0,0.0,11.0,1016.7,0,0,59,3,5,1,0,0,0,0.7071067811865476,0.7071067811865476,38.47590406091273,38.984835313222895,119.33333333333333,70.5,0.9442940424072581
2025-11-08 04:00:00,R5,44.19212397399875,125,2,Local,True,27.9,23.0,32.0,0.0,11.0,1016.7,0,0,59,4,5,1,0,0,0,0.8660254037844386,0.5000000000000001,36.88064803935724,39.77515465037165,122.0,62.5,1.1048030993499687
2025-11-08 05:00:00,R5,38.73123956273331,128,2,Local,True,27.9,23.0,32.0,0.0,11.0,1016.7,0,0,59,5,5,1,0,0,0,0.9659258262890684,0.2588190451025207,40.23170841100746,39.934667117395584,131.33333333333334,64.0,0.9682809890683327
2025-11-08 06:00:00,R5,41.173879731394905,127,2,Local,True,27.9,23.0,32.0,0.0,11.0,1016.7,0,0,59,6,5,1,0,0,0,1.0,6.123233995736766e-17,41.36574775604232,39.920825908477525,126.66666666666667,63.5,1.0293469932848727
2025-11-08 07:00:00,R5,24.132517912853828,87,2,Local,True,27.9,23.0,32.0,0.0,11.0,1016.7,0,0,59,7,5,1,1,0,1,0.9659258262890684,-0.2588190451025206,34.679212402327344,35.77993022084229,114.0,43.5,0.6033129478213457
2025-11-08 08:00:00,R5,18.98592158687748,104,2,Local,True,27.9,23.0,32.0,0.0,11.0,1016.7,0,0,59,8,5,1,1,0,1,0.8660254037844387,-0.4999999999999998,28.097439743708737,34.164574077358104,106.0,52.0,0.474648039671937
2025-11-08 09:00:00,R5,24.3266934881664,89,2,Local,True,27.9,23.0,32.0,0.0,11.0,1016.7,0,0,59,9,5,1,1,0,1,0.7071067811865476,-0.7071067811865475,22.4817109959659,31.923729376004115,93.33333333333333,44.5,0.6081673372041599
2025-11-08 10:00:00,R5,25.96152003755109,85,2,Local,True,27.9,23.0,32.0,0.0,11.0,1016.7,0,0,59,10,5,1,1,0,1,0.4999999999999999,-0.8660254037844387,23.091378370864987,28.88529538659617,92.66666666666667,42.5,0.6490380009387773
2025-11-08 11:00:00,R5,42.98715709491092,119,2,Local,True,27.9,23.0,32.0,0.0,11.0,1016.7,0,0,59,11,5,1,0,0,0,0.258819045102521,-0.9659258262890682,31.091790206876137,29.594614975292433,97.66666666666667,59.5,1.074678927372773
2025-11-08 12:00:00,R5,42.67461105526071,145,2,Local,True,27.9,23.0,32.0,0.0,11.0,1016.7,0,0,59,12,5,1,0,0,0,1.2246467991473532e-16,-1.0,37.207762729240905,29.8447368626034,116.33333333333333,72.5,1.0668652763815178
2025-11-08 13:00:00,R5,31.92197698681745,146,2,Local,True,27.9,23.0,32.0,0.0,11.0,1016.7,0,0,59,13,5,1,0,0,0,-0.2588190451025208,-0.9659258262890684,39.1945817123297,31.142980041597344,136.66666666666666,73.0,0.7980494246704363
2025-11-08 14:00:00,R5,45.07133211684144,139,2,Local,True,27.9,23.0,32.0,0.0,11.0,1016.7,0,0,59,14,5,1,0,0,0,-0.4999999999999997,-0.8660254037844388,39.88930671963987,35.490548463258,143.33333333333334,69.5,1.126783302921036
2025-11-08 15:00:00,R5,45.78495193539314,137,2,Local,True,27.9,23.0,32.0,0.0,11.0,1016.7,0,0,59,15,5,1,0,0,0,-0.7071067811865471,-0.7071067811865479,40.926087013017344,39.066924871129125,140.66666666666666,68.5,1.1446237983848284
2025-11-08 16:00:00,R5,43.540278800597015,138,2,Local,True,27.9,23.0,32.0,0.0,11.0,1016.7,0,0,59,16,5,1,0,0,0,-0.8660254037844384,-0.5000000000000004,44.79885428427719,41.996717998303446,138.0,69.0,1.0885069700149255
2025-11-08 17:00:00,R5,24.24762666877072,76,2,Local,True,27.9,23.0,32.0,0.0,11.0,1016.7,0,0,59,17,5,1,0,1,1,-0.9659258262890684,-0.2588190451025206,37.85761913492029,38.87346292728008,117.0,38.0,0.606190666719268
2025-11-08 18:00:00,R5,25.37026280537315,67,2,Local,True,27.9,23.0,32.0,0.0,11.0,1016.7,0,0,59,18,5,1,0,1,1,-1.0,-1.8369701987210294e-16,31.05272275824696,35.989404885632155,93.66666666666667,33.5,0.6342565701343288
2025-11-08 19:00:00,R5,19.76747017513532,95,2,Local,True,27.9,23.0,32.0,0.0,11.0,1016.7,0,0,59,19,5,1,0,1,1,-0.9659258262890684,0.2588190451025203,23.128453216426397,33.963653750351796,79.33333333333333,47.5,0.494186754378383
2025-11-08 20:00:00,R5,26.791981996425285,69,2,Local,True,27.9,23.0,32.0,0.0,11.0,1016.7,0,0,59,20,5,1,0,1,1,-0.8660254037844386,0.5000000000000001,23.976571658977917,30.917095396949104,77.0,34.5,0.6697995499106322
2025-11-08 21:00:00,R5,43.96663828204428,115,2,Local,True,27.9,23.0,32.0,0.0,11.0,1016.7,0,0,59,21,5,1,0,0,0,-0.7071067811865477,0.7071067811865474,30.175363484534966,30.61404312139096,93.0,57.5,1.099165957051107
2025-11-08 22:00:00,R5,45.49127116905588,139,2,Local,True,27.9,23.0,32.0,0.0,11.0,1016.7,0,0,59,22,5,1,0,0,0,-0.5000000000000004,0.8660254037844384,38.74996381584182,30.939208516134105,107.66666666666667,69.5,1.137281779226397
2025-11-08 23:00:00,R5,40.51941016935195,135,2,Local,True,27.9,23.0,32.0,0.0,11.0,1016.7,0,0,59,23,5,1,0,0,0,-0.2588190451025215,0.965925826289068,43.32577320681737,33.651172432897646,129.66666666666666,67.5,1.0129852542337987
2025-11-09 00:00:00,R5,43.77952876831336,114,2,Local,True,28.2,24.0,31.0,0.0,12.7,1016.2,0,0,59,0,6,1,0,0,0,0.0,1.0,43.26340336890706,36.71938342672101,129.33333333333334,57.0,1.094488219207834
2025-11-09 01:00:00,R5,40.14061625129114,128,2,Local,True,28.2,24.0,31.0,0.0,12.7,1016.2,0,0,59,1,6,1,0,0,0,0.2588190451025207,0.9659258262890684,41.479851729652154,40.11490777274698,125.66666666666667,64.0,1.0035154062822786
2025-11-09 02:00:00,R5,38.80548728262744,115,2,Local,True,28.2,24.0,31.0,0.0,12.7,1016.2,0,0,59,2,6,1,0,0,0,0.4999999999999999,0.8660254037844387,40.90854410074399,42.11715865378068,119.0,57.5,0.970137182065686
2025-11-09 03:00:00,R5,44.79843011216983,145,2,Local,True,28.2,24.0,31.0,0.0,12.7,1016.2,0,0,59,3,6,1,0,0,0,0.7071067811865476,0.7071067811865476,41.24817788202947,42.255790625468265,129.33333333333334,72.5,1.119960752804246
2025-11-09 04:00:00,R5,27.42074693372352,106,2,Local,True,28.2,24.0,31.0,0.0,12.7,1016.2,0,0,59,4,6,1,0,0,0,0.8660254037844386,0.5000000000000001,37.00822144284027,39.24403658624621,122.0,53.0,0.685518673343088
2025-11-09 05:00:00,R5,37.953810322835416,132,2,Local,True,28.2,24.0,31.0,0.0,12.7,1016.2,0,0,59,5,6,1,0,0,0,0.9659258262890684,0.2588190451025207,36.724329122909595,38.81643661182679,127.66666666666667,66.0,0.9488452580708854
2025-11-09 06:00:00,R5,35.382435897470614,119,2,Local,True,28.2,24.0,31.0,0.0,12.7,1016.2,0,0,59,6,6,1,0,0,0,1.0,6.123233995736766e-17,33.58566438467652,37.41692113335299,119.0,59.5,0.8845608974367654
2025-11-09 07:00:00,R5,27.4752125288862,97,2,Local,True,28.2,24.0,31.0,0.0,12.7,1016.2,0,0,59,7,6,1,1,0,1,0.9659258262890684,-0.2588190451025206,33.60381958306408,35.306020512952166,116.0,48.5,0.686880313222155
2025-11-09 08:00:00,R5,35.63101829009172,93,2,Local,True,28.2,24.0,31.0,0.0,12.7,1016.2,0,0,59,8,6,1,1,0,1,0.8660254037844387,-0.4999999999999998,32.82955557214951,34.77694234752955,103.0,46.5,0.8907754572522929
2025-11-09 09:00:00,R5,20.934553017994023,85,2,Local,True,28.2,24.0,31.0,0.0,12.7,1016.2,0,0,59,9,6,1,1,0,1,0.7071067811865476,-0.7071067811865475,28.013594612323985,30.79962949850025,91.66666666666667,42.5,0.5233638254498506
2025-11-09 10:00:00,R5,26.65649783663634,70,2,Local,True,28.2,24.0,31.0,0.0,12.7,1016.2,0,0,59,10,6,1,1,0,1,0.4999999999999999,-0.8660254037844387,27.74068971490736,30.672254648985717,82.66666666666667,35.0,0.6664124459159085
2025-11-09 11:00:00,R5,35.333579602055686,135,2,Local,True,28.2,24.0,31.0,0.0,12.7,1016.2,0,0,59,11,6,1,0,0,0,0.258819045102521,-0.9659258262890682,27.64154348556202,30.23554952885576,96.66666666666667,67.5,0.8833394900513921
2025-11-09 12:00:00,R5,33.909235751194856,117,2,Local,True,28.2,24.0,31.0,0.0,12.7,1016.2,0,0,59,12,6,1,0,0,0,1.2246467991473532e-16,-1.0,31.966437729962298,29.99001617114314,107.33333333333333,58.5,0.8477308937798714
2025-11-09 13:00:00,R5,42.917339061111846,149,2,Local,True,28.2,24.0,31.0,0.0,12.7,1016.2,0,0,59,13,6,1,0,0,0,-0.2588190451025208,-0.9659258262890684,37.3867181381208,32.56370392651408,133.66666666666666,74.5,1.0729334765277962
2025-11-09 14:00:00,R5,34.81770794770935,146,2,Local,True,28.2,24.0,31.0,0.0,12.7,1016.2,0,0,59,14,6,1,0,0,0,-0.4999999999999997,-0.8660254037844388,37.214760920005354,32.42815220278368,137.33333333333334,73.0,0.8704426986927338
2025-11-09 15:00:00,R5,46.64905101413309,125,2,Local,True,28.2,24.0,31.0,0.0,12.7,1016.2,0,0,59,15,6,1,0,0,0,-0.7071067811865471,-0.7071067811865479,41.461366007651435,36.713901868806865,140.0,62.5,1.1662262753533272
2025-11-09 16:00:00,R5,36.986703215327566,119,2,Local,True,28.2,24.0,31.0,0.0,12.7,1016.2,0,0,59,16,6,1,0,0,0,-0.8660254037844384,-0.5000000000000004,39.48448739239001,38.4356027652554,130.0,59.5,0.9246675803831892
2025-11-09 17:00:00,R5,19.21101830451345,79,2,Local,True,28.2,24.0,31.0,0.0,12.7,1016.2,0,0,59,17,6,1,0,1,1,-0.9659258262890684,-0.2588190451025206,34.28225751132471,35.74850921566503,107.66666666666667,39.5,0.4802754576128362
2025-11-09 18:00:00,R5,20.34290379594936,75,2,Local,True,28.2,24.0,31.0,0.0,12.7,1016.2,0,0,59,18,6,1,0,1,1,-1.0,-1.8369701987210294e-16,25.513541771930132,33.48745388979078,91.0,37.5,0.5085725948987341
2025-11-09 19:00:00,R5,22.195836471158607,79,2,Local,True,28.2,24.0,31.0,0.0,12.7,1016.2,0,0,59,19,6,1,0,1,1,-0.9659258262890684,0.2588190451025203,20.583252857207142,30.033870124798568,77.66666666666667,39.5,0.5548959117789651
2025-11-09 20:00:00,R5,28.896524386765307,86,2,Local,True,28.2,24.0,31.0,0.0,12.7,1016.2,0,0,59,20,6,1,0,1,1,-0.8660254037844386,0.5000000000000001,23.81175488462443,29.047006197974568,80.0,43.0,0.7224131096691326
2025-11-09 21:00:00,R5,33.90479320948114,145,2,Local,True,28.2,24.0,31.0,0.0,12.7,1016.2,0,0,59,21,6,1,0,0,0,-0.7071067811865477,0.7071067811865474,28.332384689135022,26.92296323053257,103.33333333333333,72.5,0.8476198302370286
2025-11-09 22:00:00,R5,31.306377207496347,126,2,Local,True,28.2,24.0,31.0,0.0,12.7,1016.2,0,0,59,22,6,1,0,0,0,-0.5000000000000004,0.8660254037844384,31.369231601247606,25.976242229227367,119.0,63.0,0.7826594301874087
2025-11-09 23:00:00,R5,43.2972335152693,110,2,Local,True,28.2,24.0,31.0,0.0,12.7,1016.2,0,0,59,23,6,1,0,0,0,-0.2588190451025215,0.965925826289068,36.1694679774156,29.99061143102001,127.0,55.0,1.0824308378817324
2025-11-10 00:00:00,R5,29.474224398748493,114,2,Local,True,27.9,24.0,31.0,0.0,10.4,1014.8,0,0,59,0,0,0,0,0,0,0.0,1.0,34.69261170717139,31.512498198153196,116.66666666666667,57.0,0.7368556099687124
2025-11-10 01:00:00,R5,45.73164663191393,145,2,Local,True,27.9,24.0,31.0,0.0,10.4,1014.8,0,0,59,1,0,0,0,0,0,0.2588190451025207,0.9659258262890684,39.50103484864392,35.43513322494575,123.0,72.5,1.1432911657978484
2025-11-10 02:00:00,R5,38.622248407707325,106,2,Local,True,27.9,24.0,31.0,0.0,10.4,1014.8,0,0,59,2,0,0,0,0,0,0.4999999999999999,0.8660254037844387,37.9427064794566,37.05608722843609,121.66666666666667,53.0,0.9655562101926831
2025-11-10 03:00:00,R5,44.53151969911988,100,2,Local,True,27.9,24.0,31.0,0.0,10.4,1014.8,0,0,59,3,0,0,0,0,0,0.7071067811865476,0.7071067811865476,42.96180491291372,38.82720831004255,117.0,50.0,1.113287992477997
2025-11-10 04:00:00,R5,35.38677055064706,135,2,Local,True,27.9,24.0,31.0,0.0,10.4,1014.8,0,0,59,4,0,0,0,0,0,0.8660254037844386,0.5000000000000001,39.51351288582476,39.50727386723433,113.66666666666667,67.5,0.8846692637661764
2025-11-10 05:00:00,R5,38.11190899811928,111,2,Local,True,27.9,24.0,31.0,0.0,10.4,1014.8,0,0,59,5,0,0,0,0,0,0.9659258262890684,0.2588190451025207,39.34339974929541,38.643053114375995,115.33333333333333,55.5,0.9527977249529821
2025-11-10 06:00:00,R5,37.04846877188838,117,2,Local,True,27.9,24.0,31.0,0.0,10.4,1014.8,0,0,59,6,0,0,0,0,0,1.0,6.123233995736766e-17,36.849049440218245,39.90542717656598,121.0,58.5,0.9262117192972095
2025-11-10 07:00:00,R5,30.53392653724733,72,2,Local,True,27.9,24.0,31.0,0.0,10.4,1014.8,0,0,59,7,0,0,1,0,1,0.9659258262890684,-0.2588190451025206,35.231434769085,37.372473827454876,100.0,36.0,0.7633481634311832
2025-11-10 08:00:00,R5,36.766893355522704,81,2,Local,True,27.9,24.0,31.0,0.0,10.4,1014.8,0,0,59,8,0,0,1,0,1,0.8660254037844387,-0.4999999999999998,34.78309622155281,37.063247985424105,90.0,40.5,0.9191723338880676
2025-11-10 09:00:00,R5,25.80874692683324,82,2,Local,True,27.9,24.0,31.0,0.0,10.4,1014.8,0,0,59,9,0,0,1,0,1,0.7071067811865476,-0.7071067811865475,31.036522273201097,33.94278585670967,78.33333333333333,41.0,0.645218673170831
2025-11-10 10:00:00,R5,24.682340135017267,60,2,Local,True,27.9,24.0,31.0,0.0,10.4,1014.8,0,0,59,10,0,0,1,0,1,0.4999999999999999,-0.8660254037844387,29.085993472457744,32.15871412077137,74.33333333333333,30.0,0.6170585033754317
2025-11-10 11:00:00,R5,51.762065092115,147,2,Local,True,27.9,24.0,31.0,0.0,10.4,1014.8,0,0,59,11,0,0,0,0,0,0.258819045102521,-0.9659258262890682,34.08438405132184,34.433740136437315,96.33333333333333,73.5,1.294051627302875
2025-11-10 12:00:00,R5,39.19345224723002,116,2,Local,True,27.9,24.0,31.0,0.0,10.4,1014.8,0,0,59,12,0,0,0,0,0,1.2246467991473532e-16,-1.0,38.5459524914541,34.791237382327594,107.66666666666667,58.0,0.9798363061807505
2025-11-10 13:00:00,R5,46.181407152516506,106,2,Local,True,27.9,24.0,31.0,0.0,10.4,1014.8,0,0,59,13,0,0,0,0,0,-0.2588190451025208,-0.9659258262890684,45.71230816395385,37.39915081820579,123.0,53.0,1.1545351788129126
2025-11-10 14:00:00,R5,43.68896815514973,104,2,Local,True,27.9,24.0,31.0,0.0,10.4,1014.8,0,0,59,14,0,0,0,0,0,-0.4999999999999997,-0.8660254037844388,43.02127585163209,38.55282995147696,108.66666666666667,52.0,1.0922242038787433
2025-11-10 15:00:00,R5,34.93553811001132,120,2,Local,True,27.9,24.0,31.0,0.0,10.4,1014.8,0,0,59,15,0,0,0,0,0,-0.7071067811865471,-0.7071067811865479,41.60197113922586,40.07396181533997,110.0,60.0,0.8733884527502831
2025-11-10 16:00:00,R5,42.45363294521224,122,2,Local,True,27.9,24.0,31.0,0.0,10.4,1014.8,0,0,59,16,0,0,0,0,0,-0.8660254037844384,-0.5000000000000004,40.359379736791105,43.035843950372474,115.33333333333333,61.0,1.0613408236303061
2025-11-10 17:00:00,R5,26.01178511608516,99,2,Local,True,27.9,24.0,31.0,0.0,10.4,1014.8,0,0,59,17,0,0,0,1,1,-0.9659258262890684,-0.2588190451025206,34.46698539043624,38.74413062103417,113.66666666666667,49.5,0.650294627902129
2025-11-10 18:00:00,R5,30.8147574955196,97,2,Local,True,27.9,24.0,31.0,0.0,10.4,1014.8,0,0,59,18,0,0,0,1,1,-1.0,-1.8369701987210294e-16,33.09339185227234,37.34768149574909,106.0,48.5,0.7703689373879901
2025-11-10 19:00:00,R5,23.384435076683584,94,2,Local,True,27.9,24.0,31.0,0.0,10.4,1014.8,0,0,59,19,0,0,0,1,1,-0.9659258262890684,0.2588190451025203,26.736992562762783,33.54818614977694,96.66666666666667,47.0,0.5846108769170896
2025-11-10 20:00:00,R5,25.04484245153451,101,2,Local,True,27.9,24.0,31.0,0.0,10.4,1014.8,0,0,59,20,0,0,0,1,1,-0.8660254037844386,0.5000000000000001,26.414678341245903,30.440831865841073,97.33333333333333,50.5,0.6261210612883628
2025-11-10 21:00:00,R5,38.00241044554723,139,2,Local,True,27.9,24.0,31.0,0.0,10.4,1014.8,0,0,59,21,0,0,0,0,0,-0.7071067811865477,0.7071067811865474,28.81056265792178,30.951977255097052,111.33333333333333,69.5,0.9500602611386807
2025-11-10 22:00:00,R5,37.45257081252316,144,2,Local,True,27.9,24.0,31.0,0.0,10.4,1014.8,0,0,59,22,0,0,0,0,0,-0.5000000000000004,0.8660254037844384,33.49994123653497,30.118466899648876,128.0,72.0,0.9363142703130791
2025-11-10 23:00:00,R5,39.80879734185071,117,2,Local,True,27.9,24.0,31.0,0.0,10.4,1014.8,0,0,59,23,0,0,0,0,0,-0.2588190451025215,0.965925826289068,38.421259533307044,32.41796893727646,133.33333333333334,58.5,0.9952199335462678
2025-11-11 00:00:00,R5,41.49050849889018,130,2,Local,True,27.7,24.0,31.0,0.0,10.9,1014.8,0,0,59,0,1,0,0,0,0,0.0,1.0,39.58395888442136,34.197260771171564,130.33333333333334,65.0,1.0372627124722544
2025-11-11 01:00:00,R5,35.917148729669684,135,2,Local,True,27.7,24.0,31.0,0.0,10.9,1014.8,0,0,59,1,1,0,0,0,0,0.2588190451025207,0.9659258262890684,39.072151523470204,36.28604638000258,127.33333333333333,67.5,0.8979287182417421
2025-11-11 02:00:00,R5,44.00095533851831,148,2,Local,True,27.7,24.0,31.0,0.0,10.9,1014.8,0,0,59,2,1,0,0,0,0,0.4999999999999999,0.8660254037844387,40.469537522359396,39.44539852783321,137.66666666666666,74.0,1.1000238834629577
2025-11-11 03:00:00,R5,39.40111136849913,148,2,Local,True,27.7,24.0,31.0,0.0,10.9,1014.8,0,0,59,3,1,0,0,0,0,0.7071067811865476,0.7071067811865476,39.773071812229055,39.67851534832519,143.66666666666666,74.0,0.9850277842124783
2025-11-11 04:00:00,R5,42.27251178281925,110,2,Local,True,27.7,24.0,31.0,0.0,10.9,1014.8,0,0,59,4,1,0,0,0,0,0.8660254037844386,0.5000000000000001,41.891526163278904,40.48183884337454,135.33333333333334,55.0,1.0568127945704813
2025-11-11 05:00:00,R5,28.439928952209545,146,2,Local,True,27.7,24.0,31.0,0.0,10.9,1014.8,0,0,59,5,1,0,0,0,0,0.9659258262890684,0.2588190451025207,36.70451736784265,38.58702744510102,134.66666666666666,73.0,0.7109982238052386
2025-11-11 06:00:00,R5,39.32394728640092,119,2,Local,True,27.7,24.0,31.0,0.0,10.9,1014.8,0,0,59,6,1,0,0,0,0,1.0,6.123233995736766e-17,36.67879600714325,38.22593390968614,125.0,59.5,0.983098682160023
2025-11-11 07:00:00,R5,23.813647228377526,85,2,Local,True,27.7,24.0,31.0,0.0,10.9,1014.8,0,0,59,7,1,0,1,0,1,0.9659258262890684,-0.2588190451025206,30.525841155662675,36.20868365947078,116.66666666666667,42.5,0.5953411807094382
2025-11-11 08:00:00,R5,27.984993424149604,64,2,Local,True,27.7,24.0,31.0,0.0,10.9,1014.8,0,0,59,8,1,0,1,0,1,0.8660254037844387,-0.4999999999999998,30.374195979642693,33.53935667374267,89.33333333333333,32.0,0.6996248356037401
2025-11-11 09:00:00,R5,22.454411275651875,77,2,Local,True,27.7,24.0,31.0,0.0,10.9,1014.8,0,0,59,9,1,0,1,0,1,0.7071067811865476,-0.7071067811865475,24.75101730939301,30.71490665826812,75.33333333333333,38.5,0.5613602818912968
2025-11-11 10:00:00,R5,15.950973666114752,91,2,Local,True,27.7,24.0,31.0,0.0,10.9,1014.8,0,0,59,10,1,0,1,0,1,0.4999999999999999,-0.8660254037844387,22.130126121972086,26.327983638817372,77.33333333333333,45.5,0.3987743416528688
2025-11-11 11:00:00,R5,45.527015485385,108,2,Local,True,27.7,24.0,31.0,0.0,10.9,1014.8,0,0,59,11,1,0,0,0,0,0.258819045102521,-0.9659258262890682,27.97746680905055,29.175831394346613,92.0,54.0,1.138175387134625
2025-11-11 12:00:00,R5,39.438885586627215,124,2,Local,True,27.7,24.0,31.0,0.0,10.9,1014.8,0,0,59,12,1,0,0,0,0,1.2246467991473532e-16,-1.0,33.63895824604233,29.19498777771766,107.66666666666667,62.0,0.9859721396656804
2025-11-11 13:00:00,R5,40.04101102430801,135,2,Local,True,27.7,24.0,31.0,0.0,10.9,1014.8,0,0,59,13,1,0,0,0,0,-0.2588190451025208,-0.9659258262890684,41.66897069877342,31.899548410372745,122.33333333333333,67.5,1.0010252756077003
2025-11-11 14:00:00,R5,30.75266741903353,142,2,Local,True,27.7,24.0,31.0,0.0,10.9,1014.8,0,0,59,14,1,0,0,0,0,-0.4999999999999997,-0.8660254037844388,36.74418800998959,32.36082740952006,133.66666666666666,71.0,0.7688166854758383
2025-11-11 15:00:00,R5,38.34792651776662,121,2,Local,True,27.7,24.0,31.0,0.0,10.9,1014.8,0,0,59,15,1,0,0,0,0,-0.7071067811865471,-0.7071067811865479,36.380534987036064,35.00974661653919,132.66666666666666,60.5,0.9586981629441655
2025-11-11 16:00:00,R5,45.87604130525636,109,2,Local,True,27.7,24.0,31.0,0.0,10.9,1014.8,0,0,59,16,1,0,0,0,0,-0.8660254037844384,-0.5000000000000004,38.32554508068551,39.997257889729454,124.0,54.5,1.1469010326314089
2025-11-11 17:00:00,R5,27.247377565456915,88,2,Local,True,27.7,24.0,31.0,0.0,10.9,1014.8,0,0,59,17,1,0,0,1,1,-0.9659258262890684,-0.2588190451025206,37.157115129493306,36.950651569741446,106.0,44.0,0.6811844391364229
2025-11-11 18:00:00,R5,21.4109040256491,87,2,Local,True,27.7,24.0,31.0,0.0,10.9,1014.8,0,0,59,18,1,0,0,1,1,-1.0,-1.8369701987210294e-16,31.51144096545413,33.94598797624509,94.66666666666667,43.5,0.5352726006412275
2025-11-11 19:00:00,R5,23.230134702770066,82,2,Local,True,27.7,24.0,31.0,0.0,10.9,1014.8,0,0,59,19,1,0,0,1,1,-0.9659258262890684,0.2588190451025203,23.962805431292036,31.144175255988767,85.66666666666667,41.0,0.5807533675692517
2025-11-11 20:00:00,R5,36.10355629668477,68,2,Local,True,27.7,24.0,31.0,0.0,10.9,1014.8,0,0,59,20,1,0,0,1,1,-0.8660254037844386,0.5000000000000001,26.914865008367986,32.03599006893064,79.0,34.0,0.9025889074171193
2025-11-11 21:00:00,R5,34.53300510749786,127,2,Local,True,27.7,24.0,31.0,0.0,10.9,1014.8,0,0,59,21,1,0,0,0,0,-0.7071067811865477,0.7071067811865474,31.28889870231757,31.400169833885844,92.33333333333333,63.5,0.8633251276874464
2025-11-11 22:00:00,R5,36.311473437025896,128,2,Local,True,27.7,24.0,31.0,0.0,10.9,1014.8,0,0,59,22,1,0,0,0,0,-0.5000000000000004,0.8660254037844384,35.649344947069515,29.80607518918077,107.66666666666667,64.0,0.9077868359256474
2025-11-11 23:00:00,R5,39.419085958264944,136,2,Local,True,27.7,24.0,31.0,0.0,10.9,1014.8,0,0,59,23,1,0,0,0,0,-0.2588190451025215,0.965925826289068,36.75452150092958,31.834693254648773,130.33333333333334,68.0,0.9854771489566236
2025-11-12 00:00:00,R5,42.24653387793957,128,2,Local,True,27.9,23.0,33.0,0.0,10.5,1016.3,0,0,59,0,2,0,0,0,0,0.0,1.0,39.32569775774348,35.30729823003052,130.66666666666666,64.0,1.0561633469484892
2025-11-12 01:00:00,R5,41.38448715153584,100,2,Local,True,27.9,23.0,33.0,0.0,10.5,1016.3,0,0,59,1,2,0,0,0,0,0.2588190451025207,0.9659258262890684,41.01670232924679,38.333023638158146,121.33333333333333,50.0,1.0346121787883962
2025-11-12 02:00:00,R5,45.6203891624694,136,2,Local,True,27.9,23.0,33.0,0.0,10.5,1016.3,0,0,59,2,2,0,0,0,0,0.4999999999999999,0.8660254037844387,43.083803397314945,39.91916244912225,121.33333333333333,68.0,1.140509729061735
2025-11-12 03:00:00,R5,39.67497370630654,114,2,Local,True,27.9,23.0,33.0,0.0,10.5,1016.3,0,0,59,3,2,0,0,0,0,0.7071067811865476,0.7071067811865476,42.22661667343727,40.776157215590366,116.66666666666667,57.0,0.9918743426576635
2025-11-12 04:00:00,R5,40.25134303072415,127,2,Local,True,27.9,23.0,33.0,0.0,10.5,1016.3,0,0,59,4,2,0,0,0,0,0.8660254037844386,0.5000000000000001,41.848901966500044,41.43280214787341,125.66666666666667,63.5,1.0062835757681037
2025-11-12 05:00:00,R5,39.53106237961272,105,2,Local,True,27.9,23.0,33.0,0.0,10.5,1016.3,0,0,59,5,2,0,0,0,0,0.9659258262890684,0.2588190451025207,39.81912637221448,41.451464884764704,115.33333333333333,52.5,0.988276559490318
2025-11-12 06:00:00,R5,38.39623643340094,131,2,Local,True,27.9,23.0,33.0,0.0,10.5,1016.3,0,0,59,6,2,0,0,0,0,1.0,6.123233995736766e-17,39.392880614579276,40.809748644008266,121.0,65.5,0.9599059108350234
2025-11-12 07:00:00,R5,21.575324671433243,97,2,Local,True,27.9,23.0,33.0,0.0,10.5,1016.3,0,0,59,7,2,0,1,0,1,0.9659258262890684,-0.2588190451025206,33.16754116148231,37.508221563991164,111.0,48.5,0.5393831167858311
2025-11-12 08:00:00,R5,22.475622638198946,73,2,Local,True,27.9,23.0,33.0,0.0,10.5,1016.3,0,0,59,8,2,0,1,0,1,0.8660254037844387,-0.4999999999999998,27.48239458101105,33.65076047661276,100.33333333333333,36.5,0.5618905659549737
2025-11-12 09:00:00,R5,27.186548549690222,87,2,Local,True,27.9,23.0,33.0,0.0,10.5,1016.3,0,0,59,9,2,0,1,0,1,0.7071067811865476,-0.7071067811865475,23.74583195310748,31.569356283843366,85.66666666666667,43.5,0.6796637137422555
2025-11-12 10:00:00,R5,21.206104421309146,105,2,Local,True,27.9,23.0,33.0,0.0,10.5,1016.3,0,0,59,10,2,0,1,0,1,0.4999999999999999,-0.8660254037844387,23.62275853639945,28.39514984894087,88.33333333333333,52.5,0.5301526105327287
2025-11-12 11:00:00,R5,38.81705423577474,119,2,Local,True,27.9,23.0,33.0,0.0,10.5,1016.3,0,0,59,11,2,0,0,0,0,0.258819045102521,-0.9659258262890682,29.069902402258048,28.27614849163454,103.66666666666667,59.5,0.9704263558943685
2025-11-12 12:00:00,R5,39.18921257792905,119,2,Local,True,27.9,23.0,33.0,0.0,10.5,1016.3,0,0,59,12,2,0,0,0,0,1.2246467991473532e-16,-1.0,33.07079041167099,28.408311182389223,114.33333333333333,59.5,0.9797303144482262
2025-11-12 13:00:00,R5,40.40046019046972,141,2,Local,True,27.9,23.0,33.0,0.0,10.5,1016.3,0,0,59,13,2,0,0,0,0,-0.2588190451025208,-0.9659258262890684,39.46890900139118,31.545833768895307,126.33333333333333,70.5,1.010011504761743
2025-11-12 14:00:00,R5,45.19607824377705,144,2,Local,True,27.9,23.0,33.0,0.0,10.5,1016.3,0,0,59,14,2,0,0,0,0,-0.4999999999999997,-0.8660254037844388,41.59525033739195,35.332576369824984,134.66666666666666,72.0,1.1299019560944263
2025-11-12 15:00:00,R5,48.08399782695308,114,2,Local,True,27.9,23.0,33.0,0.0,10.5,1016.3,0,0,59,15,2,0,0,0,0,-0.7071067811865471,-0.7071067811865479,44.560178753733304,38.81548458270213,133.0,57.0,1.202099945673827
2025-11-12 16:00:00,R5,45.09973548066354,128,2,Local,True,27.9,23.0,33.0,0.0,10.5,1016.3,0,0,59,16,2,0,0,0,0,-0.8660254037844384,-0.5000000000000004,46.12660385046456,42.797756425927865,128.66666666666666,64.0,1.1274933870165884
2025-11-12 17:00:00,R5,29.380613180467705,97,2,Local,True,27.9,23.0,33.0,0.0,10.5,1016.3,0,0,59,17,2,0,0,1,1,-0.9659258262890684,-0.2588190451025206,40.85478216269478,41.22501625004336,113.0,48.5,0.7345153295116926
2025-11-12 18:00:00,R5,24.492408514600264,91,2,Local,True,27.9,23.0,33.0,0.0,10.5,1016.3,0,0,59,18,2,0,0,1,1,-1.0,-1.8369701987210294e-16,32.990919058577184,38.77554890615523,105.33333333333333,45.5,0.6123102128650066
2025-11-12 19:00:00,R5,29.27230910293768,89,2,Local,True,27.9,23.0,33.0,0.0,10.5,1016.3,0,0,59,19,2,0,0,1,1,-0.9659258262890684,0.2588190451025203,27.71511026600189,36.920857058233224,92.33333333333333,44.5,0.731807727573442
2025-11-12 20:00:00,R5,19.2868611224278,79,2,Local,True,27.9,23.0,33.0,0.0,10.5,1016.3,0,0,59,20,2,0,0,1,1,-0.8660254037844386,0.5000000000000001,24.35052624665526,32.60265420467501,86.33333333333333,39.5,0.482171528060695
2025-11-12 21:00:00,R5,33.97784757925053,114,2,Local,True,27.9,23.0,33.0,0.0,10.5,1016.3,0,0,59,21,2,0,0,0,0,-0.7071067811865477,0.7071067811865474,27.51233926820534,30.251629163391254,94.0,57.0,0.8494461894812633
2025-11-12 22:00:00,R5,39.24815997869132,130,2,Local,True,27.9,23.0,33.0,0.0,10.5,1016.3,0,0,59,22,2,0,0,0,0,-0.5000000000000004,0.8660254037844384,30.837622893456558,29.276366579729217,107.66666666666667,65.0,0.981203999467283
2025-11-12 23:00:00,R5,35.905765643157146,138,2,Local,True,27.9,23.0,33.0,0.0,10.5,1016.3,0,0,59,23,2,0,0,0,0,-0.2588190451025215,0.965925826289068,36.37725773369967,30.363891990177454,127.33333333333333,69.0,0.8976441410789286
2025-11-13 00:00:00,R5,44.643486593788126,130,2,Local,True,27.6,23.0,31.0,0.0,11.5,1017.7,0,0,59,0,3,0,0,0,0,0.0,1.0,39.93247073854554,33.722405003375435,132.66666666666666,65.0,1.116087164844703
2025-11-13 01:00:00,R5,45.2772848420759,142,2,Local,True,27.6,23.0,31.0,0.0,11.5,1017.7,0,0,59,1,3,0,0,0,0,0.2588190451025207,0.9659258262890684,41.9421790263404,36.38990095989847,136.66666666666666,71.0,1.1319321210518976
2025-11-13 02:00:00,R5,42.17838879362585,112,2,Local,True,27.6,23.0,31.0,0.0,11.5,1017.7,0,0,59,2,3,0,0,0,0,0.4999999999999999,0.8660254037844387,44.03305340982997,40.20515557176481,128.0,56.0,1.0544597198406462
2025-11-13 03:00:00,R5,42.66904843645428,100,2,Local,True,27.6,23.0,31.0,0.0,11.5,1017.7,0,0,59,3,3,0,0,0,0,0.7071067811865476,0.7071067811865476,43.37490735738535,41.653689047965436,118.0,50.0,1.066726210911357
2025-11-13 04:00:00,R5,39.31403296920615,120,2,Local,True,27.6,23.0,31.0,0.0,11.5,1017.7,0,0,59,4,3,0,0,0,0,0.8660254037844386,0.5000000000000001,41.38715673309544,41.66466787971791,110.66666666666667,60.0,0.9828508242301538
2025-11-13 05:00:00,R5,33.63485308747278,124,2,Local,True,27.6,23.0,31.0,0.0,11.5,1017.7,0,0,59,5,3,0,0,0,0,0.9659258262890684,0.2588190451025207,38.539311497711076,41.286182453770515,114.66666666666667,62.0,0.8408713271868195
2025-11-13 06:00:00,R5,44.28652525670064,142,2,Local,True,27.6,23.0,31.0,0.0,11.5,1017.7,0,0,59,6,3,0,0,0,0,1.0,6.123233995736766e-17,39.0784704377932,41.22668889758927,128.66666666666666,71.0,1.107163131417516
2025-11-13 07:00:00,R5,27.15134693893298,77,2,Local,True,27.6,23.0,31.0,0.0,11.5,1017.7,0,0,59,7,3,0,1,0,1,0.9659258262890684,-0.2588190451025206,35.024241761035476,38.205699247065446,114.33333333333333,38.5,0.6787836734733246
2025-11-13 08:00:00,R5,18.462355224124625,88,2,Local,True,27.6,23.0,31.0,0.0,11.5,1017.7,0,0,59,8,3,0,1,0,1,0.8660254037844387,-0.4999999999999998,29.966742473252754,34.25302698548191,102.33333333333333,44.0,0.4615588806031156
2025-11-13 09:00:00,R5,25.412173953998145,61,2,Local,True,27.6,23.0,31.0,0.0,11.5,1017.7,0,0,59,9,3,0,1,0,1,0.7071067811865476,-0.7071067811865475,23.67529203901859,31.37688123840589,75.33333333333333,30.5,0.6353043488499537
2025-11-13 10:00:00,R5,24.42837750302332,101,2,Local,True,27.6,23.0,31.0,0.0,11.5,1017.7,0,0,59,10,3,0,1,0,1,0.4999999999999999,-0.8660254037844387,22.767635560382036,28.89593866070875,83.33333333333333,50.5,0.610709437575583
2025-11-13 11:00:00,R5,42.62921940887428,136,2,Local,True,27.6,23.0,31.0,0.0,11.5,1017.7,0,0,59,11,3,0,0,0,0,0.258819045102521,-0.9659258262890682,30.82325695529859,30.394999714275666,99.33333333333333,68.0,1.065730485221857
2025-11-13 12:00:00,R5,33.820957443693366,103,2,Local,True,27.6,23.0,31.0,0.0,11.5,1017.7,0,0,59,12,3,0,0,0,0,1.2246467991473532e-16,-1.0,33.62618478519699,28.650738412107785,113.33333333333333,51.5,0.8455239360923341
2025-11-13 13:00:00,R5,40.42802182714459,104,2,Local,True,27.6,23.0,31.0,0.0,11.5,1017.7,0,0,59,13,3,0,0,0,0,-0.2588190451025208,-0.9659258262890684,38.959399559904085,30.863517560143052,114.33333333333333,52.0,1.0107005456786147
2025-11-13 14:00:00,R5,33.891415547554104,108,2,Local,True,27.6,23.0,31.0,0.0,11.5,1017.7,0,0,59,14,3,0,0,0,0,-0.4999999999999997,-0.8660254037844388,36.04679827279736,33.43502761404796,105.0,54.0,0.8472853886888526
2025-11-13 15:00:00,R5,37.33318864013501,123,2,Local,True,27.6,23.0,31.0,0.0,11.5,1017.7,0,0,59,15,3,0,0,0,0,-0.7071067811865471,-0.7071067811865479,37.217542004944576,35.42186339507078,111.66666666666667,61.5,0.9333297160033753
2025-11-13 16:00:00,R5,37.97834463790675,135,2,Local,True,27.6,23.0,31.0,0.0,11.5,1017.7,0,0,59,16,3,0,0,0,0,-0.8660254037844384,-0.5000000000000004,36.400982941865294,37.68019125088468,122.0,67.5,0.9494586159476688
2025-11-13 17:00:00,R5,13.822836486761046,80,2,Local,True,27.6,23.0,31.0,0.0,11.5,1017.7,0,0,59,17,3,0,0,1,1,-0.9659258262890684,-0.2588190451025206,29.71145658826761,32.87912743053248,112.66666666666667,40.0,0.34557091216902613
2025-11-13 18:00:00,R5,13.218445329349285,72,2,Local,True,27.6,23.0,31.0,0.0,11.5,1017.7,0,0,59,18,3,0,0,1,1,-1.0,-1.8369701987210294e-16,21.6732088180057,29.44537541147513,95.66666666666667,36.0,0.3304611332337321
2025-11-13 19:00:00,R5,22.671177836518183,86,2,Local,True,27.6,23.0,31.0,0.0,11.5,1017.7,0,0,59,19,3,0,0,1,1,-0.9659258262890684,0.2588190451025203,16.570819884209513,26.485901413037396,79.33333333333333,43.0,0.5667794459129546
2025-11-13 20:00:00,R5,16.042604536946047,70,2,Local,True,27.6,23.0,31.0,0.0,11.5,1017.7,0,0,59,20,3,0,0,1,1,-0.8660254037844386,0.5000000000000001,17.31074256760451,23.511099577936054,76.0,35.0,0.4010651134236512
2025-11-13 21:00:00,R5,42.935533399975625,130,2,Local,True,27.6,23.0,31.0,0.0,11.5,1017.7,0,0,59,21,3,0,0,0,0,-0.7071067811865477,0.7071067811865474,27.216438591146627,24.444823704576155,95.33333333333333,65.0,1.0733883349993907
2025-11-13 22:00:00,R5,36.144764789225874,101,2,Local,True,27.6,23.0,31.0,0.0,11.5,1017.7,0,0,59,22,3,0,0,0,0,-0.5000000000000004,0.8660254037844384,31.707634242049192,24.139227063129344,100.33333333333333,50.5,0.9036191197306469
2025-11-13 23:00:00,R5,44.84727335557758,114,2,Local,True,27.6,23.0,31.0,0.0,11.5,1017.7,0,0,59,23,3,0,0,0,0,-0.2588190451025215,0.965925826289068,41.30919051492637,29.309966541265435,115.0,57.0,1.1211818338894395
2025-11-14 00:00:00,R5,32.41816335876327,138,2,Local,True,27.4,23.0,31.0,0.0,11.5,1017.0,0,0,59,0,4,0,0,0,0,0.0,1.0,37.80340050118891,32.50991954616776,117.66666666666667,69.0,0.8104540839690818
2025-11-14 01:00:00,R5,40.06655066956117,148,2,Local,True,27.4,23.0,31.0,0.0,11.5,1017.0,0,0,59,1,4,0,0,0,0,0.2588190451025207,0.9659258262890684,39.11066246130068,35.40914835167492,133.33333333333334,74.0,1.0016637667390291
2025-11-14 02:00:00,R5,44.144271433489024,137,2,Local,True,27.4,23.0,31.0,0.0,11.5,1017.0,0,0,59,2,4,0,0,0,0,0.4999999999999999,0.8660254037844387,38.87632848727116,40.092759501098755,141.0,68.5,1.1036067858372256
2025-11-14 03:00:00,R5,39.36194227816982,108,2,Local,True,27.4,23.0,31.0,0.0,11.5,1017.0,0,0,59,3,4,0,0,0,0,0.7071067811865476,0.7071067811865476,41.19092146040668,39.497160980797794,131.0,54.0,0.9840485569542455
2025-11-14 04:00:00,R5,37.20045097775274,104,2,Local,True,27.4,23.0,31.0,0.0,11.5,1017.0,0,0,59,4,4,0,0,0,0,0.8660254037844386,0.5000000000000001,40.23555489647053,39.6731086788856,116.33333333333333,52.0,0.9300112744438185
2025-11-14 05:00:00,R5,32.66868606779453,128,2,Local,True,27.4,23.0,31.0,0.0,11.5,1017.0,0,0,59,5,4,0,0,0,0,0.9659258262890684,0.2588190451025207,36.41035977457238,37.64334413092176,113.33333333333333,64.0,0.8167171516948633
2025-11-14 06:00:00,R5,43.572758204507736,140,2,Local,True,27.4,23.0,31.0,0.0,11.5,1017.0,0,0,59,6,4,0,0,0,0,1.0,6.123233995736766e-17,37.81396508335167,39.50244327187917,124.0,70.0,1.0893189551126934
2025-11-14 07:00:00,R5,26.38036949357256,69,2,Local,True,27.4,23.0,31.0,0.0,11.5,1017.0,0,0,59,7,4,0,1,0,1,0.9659258262890684,-0.2588190451025206,34.20727125529162,37.22141307588107,112.33333333333333,34.5,0.659509237339314
2025-11-14 08:00:00,R5,27.41910004285593,101,2,Local,True,27.4,23.0,31.0,0.0,11.5,1017.0,0,0,59,8,4,0,1,0,1,0.8660254037844387,-0.4999999999999998,32.45740924697875,34.433884510775556,103.33333333333333,50.5,0.6854775010713983
2025-11-14 09:00:00,R5,23.371689552217475,79,2,Local,True,27.4,23.0,31.0,0.0,11.5,1017.0,0,0,59,9,4,0,1,0,1,0.7071067811865476,-0.7071067811865475,25.72371969621533,31.768842389783497,83.0,39.5,0.5842922388054369
2025-11-14 10:00:00,R5,22.02354296934492,83,2,Local,True,27.4,23.0,31.0,0.0,11.5,1017.0,0,0,59,10,4,0,1,0,1,0.4999999999999999,-0.8660254037844387,24.27144418813945,29.239357721715525,87.66666666666667,41.5,0.550588574233623
2025-11-14 11:00:00,R5,37.25034776234783,110,2,Local,True,27.4,23.0,31.0,0.0,11.5,1017.0,0,0,59,11,4,0,0,0,0,0.258819045102521,-0.9659258262890682,27.548526761303417,30.00296800414107,90.66666666666667,55.0,0.9312586940586958
2025-11-14 12:00:00,R5,53.02290289331684,107,2,Local,True,27.4,23.0,31.0,0.0,11.5,1017.0,0,0,59,12,4,0,0,0,0,1.2246467991473532e-16,-1.0,37.43226454166987,31.57799211894259,100.0,53.5,1.325572572332921
2025-11-14 13:00:00,R5,37.34034401203399,107,2,Local,True,27.4,23.0,31.0,0.0,11.5,1017.0,0,0,59,13,4,0,0,0,0,-0.2588190451025208,-0.9659258262890684,42.5378648892329,33.40465453868617,108.0,53.5,0.9335086003008497
2025-11-14 14:00:00,R5,35.61498001232849,103,2,Local,True,27.4,23.0,31.0,0.0,11.5,1017.0,0,0,59,14,4,0,0,0,0,-0.4999999999999997,-0.8660254037844388,41.99274230589311,34.77063453359826,105.66666666666667,51.5,0.8903745003082122
2025-11-14 15:00:00,R5,32.86501950441277,141,2,Local,True,27.4,23.0,31.0,0.0,11.5,1017.0,0,0,59,15,4,0,0,0,0,-0.7071067811865471,-0.7071067811865479,35.273447842925094,36.35285619229747,117.0,70.5,0.8216254876103193
2025-11-14 16:00:00,R5,34.109268765540605,119,2,Local,True,27.4,23.0,31.0,0.0,11.5,1017.0,0,0,59,16,4,0,0,0,0,-0.8660254037844384,-0.5000000000000004,34.19642276076063,38.36714382499675,121.0,59.5,0.8527317191385151
2025-11-14 17:00:00,R5,16.943024869736195,83,2,Local,True,27.4,23.0,31.0,0.0,11.5,1017.0,0,0,59,17,4,0,0,1,1,-0.9659258262890684,-0.2588190451025206,27.972437713229866,34.98259000956148,114.33333333333333,41.5,0.4235756217434049
2025-11-14 18:00:00,R5,24.211335923268035,69,2,Local,True,27.4,23.0,31.0,0.0,11.5,1017.0,0,0,59,18,4,0,0,1,1,-1.0,-1.8369701987210294e-16,25.087876519514953,30.180662181220015,90.33333333333333,34.5,0.6052833980817008
2025-11-14 19:00:00,R5,25.97303544775157,77,2,Local,True,27.4,23.0,31.0,0.0,11.5,1017.0,0,0,59,19,4,0,0,1,1,-0.9659258262890684,0.2588190451025203,22.37579874691861,28.28611075383961,76.33333333333333,38.5,0.6493258861937893
2025-11-14 20:00:00,R5,23.58292822281579,109,2,Local,True,27.4,23.0,31.0,0.0,11.5,1017.0,0,0,59,20,4,0,0,1,1,-0.8660254037844386,0.5000000000000001,24.58909986461181,26.280768788920827,85.0,54.5,0.5895732055703948
2025-11-14 21:00:00,R5,31.02378616634537,147,2,Local,True,27.4,23.0,31.0,0.0,11.5,1017.0,0,0,59,21,4,0,0,0,0,-0.7071067811865477,0.7071067811865474,26.85991661230425,25.973896565909595,111.0,73.5,0.7755946541586343
2025-11-14 22:00:00,R5,41.3296589817019,141,2,Local,True,27.4,23.0,31.0,0.0,11.5,1017.0,0,0,59,22,4,0,0,0,0,-0.5000000000000004,0.8660254037844384,31.978791123621033,27.17729493526981,132.33333333333334,70.5,1.0332414745425473
2025-11-14 23:00:00,R5,34.43482629675682,102,2,Local,True,27.4,23.0,31.0,0.0,11.5,1017.0,0,0,59,23,4,0,0,0,0,-0.2588190451025215,0.965925826289068,35.59609048160137,30.092595173106584,130.0,51.0,0.8608706574189204
2025-11-15 00:00:00,R5,38.27147251979133,119,2,Local,True,27.1,23.0,31.0,0.0,11.1,1016.6,0,0,59,0,5,1,0,0,0,0.0,1.0,38.01198593275003,32.43595127252713,120.66666666666667,59.5,0.9567868129947833
2025-11-15 01:00:00,R5,51.49554276199018,141,2,Local,True,27.1,23.0,31.0,0.0,11.1,1016.6,0,0,59,1,5,1,0,0,0,0.2588190451025207,0.9659258262890684,41.40061385951279,36.6897024915669,120.66666666666667,70.5,1.2873885690497544
2025-11-15 02:00:00,R5,44.6062813171428,121,2,Local,True,27.1,23.0,31.0,0.0,11.1,1016.6,0,0,59,2,5,1,0,0,0,0.4999999999999999,0.8660254037844387,44.79109886630812,40.19359467395473,127.0,60.5,1.11515703292857
2025-11-15 03:00:00,R5,46.333740947334334,104,2,Local,True,27.1,23.0,31.0,0.0,11.1,1016.6,0,0,59,3,5,1,0,0,0,0.7071067811865476,0.7071067811865476,47.47852167548911,42.74525380411956,122.0,52.0,1.1583435236833584
2025-11-15 04:00:00,R5,38.82683571691829,111,2,Local,True,27.1,23.0,31.0,0.0,11.1,1016.6,0,0,59,4,5,1,0,0,0,0.8660254037844386,0.5000000000000001,43.25561932713182,42.32811659332229,112.0,55.5,0.9706708929229573
2025-11-15 05:00:00,R5,41.90340028946097,103,2,Local,True,27.1,23.0,31.0,0.0,11.1,1016.6,0,0,59,5,5,1,0,0,0,0.9659258262890684,0.2588190451025207,42.35465898457121,43.57287892543965,106.0,51.5,1.0475850072365243
2025-11-15 06:00:00,R5,38.49622721999394,136,2,Local,True,27.1,23.0,31.0,0.0,11.1,1016.6,0,0,59,6,5,1,0,0,0,1.0,6.123233995736766e-17,39.74215440879107,43.610338042140086,116.66666666666667,68.0,0.9624056804998485
2025-11-15 07:00:00,R5,20.46083225775837,70,2,Local,True,27.1,23.0,31.0,0.0,11.1,1016.6,0,0,59,7,5,1,1,0,1,0.9659258262890684,-0.2588190451025206,33.62015325573777,38.437886291434786,103.0,35.0,0.5115208064439593
2025-11-15 08:00:00,R5,25.24791149981225,63,2,Local,True,27.1,23.0,31.0,0.0,11.1,1016.6,0,0,59,8,5,1,1,0,1,0.8660254037844387,-0.4999999999999998,28.068323659188195,35.21149132187969,89.66666666666667,31.5,0.6311977874953063
2025-11-15 09:00:00,R5,29.144713993782844,83,2,Local,True,27.1,23.0,31.0,0.0,11.1,1016.6,0,0,59,9,5,1,1,0,1,0.7071067811865476,-0.7071067811865475,24.951152583784495,32.34665349628778,72.0,41.5,0.7286178498445711
2025-11-15 10:00:00,R5,29.223246995382283,60,2,Local,True,27.1,23.0,31.0,0.0,11.1,1016.6,0,0,59,10,5,1,1,0,1,0.4999999999999999,-0.8660254037844387,27.871957496325802,30.746055376031777,68.66666666666667,30.0,0.7305811748845571
2025-11-15 11:00:00,R5,40.64628345065187,124,2,Local,True,27.1,23.0,31.0,0.0,11.1,1016.6,0,0,59,11,5,1,0,0,0,0.258819045102521,-0.9659258262890682,33.00474814660568,30.53653590289693,89.0,62.0,1.0161570862662967
2025-11-15 12:00:00,R5,44.83749610236658,129,2,Local,True,27.1,23.0,31.0,0.0,11.1,1016.6,0,0,59,12,5,1,0,0,0,1.2246467991473532e-16,-1.0,38.23567551613359,31.593414049959033,104.33333333333333,64.5,1.1209374025591645
2025-11-15 13:00:00,R5,47.05028670845358,138,2,Local,True,27.1,23.0,31.0,0.0,11.1,1016.6,0,0,59,13,5,1,0,0,0,-0.2588190451025208,-0.9659258262890684,44.17802208715735,36.02498979174157,130.33333333333334,69.0,1.1762571677113394
2025-11-15 14:00:00,R5,45.722245147530906,116,2,Local,True,27.1,23.0,31.0,0.0,11.1,1016.6,0,0,59,14,5,1,0,0,0,-0.4999999999999997,-0.8660254037844388,45.87000931945036,39.43737873302801,127.66666666666667,58.0,1.1430561286882726
2025-11-15 15:00:00,R5,41.91874462656412,141,2,Local,True,27.1,23.0,31.0,0.0,11.1,1016.6,0,0,59,15,5,1,0,0,0,-0.7071067811865471,-0.7071067811865479,44.897092160849546,41.566383838491554,131.66666666666666,70.5,1.047968615664103
2025-11-15 16:00:00,R5,42.60220050126764,141,2,Local,True,27.1,23.0,31.0,0.0,11.1,1016.6,0,0,59,16,5,1,0,0,0,-0.8660254037844384,-0.5000000000000004,43.414396758454224,43.79620942280578,132.66666666666666,70.5,1.0650550125316909
2025-11-15 17:00:00,R5,18.329627950984506,87,2,Local,True,27.1,23.0,31.0,0.0,11.1,1016.6,0,0,59,17,5,1,0,1,1,-0.9659258262890684,-0.2588190451025206,34.28352435960543,40.076766839527885,123.0,43.5,0.45824069877461265
2025-11-15 18:00:00,R5,28.32403526729265,70,2,Local,True,27.1,23.0,31.0,0.0,11.1,1016.6,0,0,59,18,5,1,0,1,1,-1.0,-1.8369701987210294e-16,29.751954573181607,37.324523367015566,99.33333333333333,35.0,0.7081008816823162
2025-11-15 19:00:00,R5,15.928984163949105,100,2,Local,True,27.1,23.0,31.0,0.0,11.1,1016.6,0,0,59,19,5,1,0,1,1,-0.9659258262890684,0.2588190451025203,20.860882460742097,32.13763960959815,85.66666666666667,50.0,0.3982246040987276
2025-11-15 20:00:00,R5,16.774716758335384,80,2,Local,True,27.1,23.0,31.0,0.0,11.1,1016.6,0,0,59,20,5,1,0,1,1,-0.8660254037844386,0.5000000000000001,20.342578729859053,27.313051544732232,83.33333333333333,40.0,0.4193679189583846
2025-11-15 21:00:00,R5,42.20524993224084,113,2,Local,True,27.1,23.0,31.0,0.0,11.1,1016.6,0,0,59,21,5,1,0,0,0,-0.7071067811865477,0.7071067811865474,24.969650284841787,27.360802429011684,97.66666666666667,56.5,1.055131248306021
2025-11-15 22:00:00,R5,36.946416125029344,143,2,Local,True,27.1,23.0,31.0,0.0,11.1,1016.6,0,0,59,22,5,1,0,0,0,-0.5000000000000004,0.8660254037844384,31.975460938535196,26.418171699638638,112.0,71.5,0.9236604031257336
2025-11-15 23:00:00,R5,41.06873336001232,143,2,Local,True,27.1,23.0,31.0,0.0,11.1,1016.6,0,0,59,23,5,1,0,0,0,-0.2588190451025215,0.965925826289068,40.073466472427505,30.208022601143274,133.0,71.5,1.0267183340003079
2025-11-16 00:00:00,R5,39.50970228831559,127,2,Local,True,27.4,23.0,33.0,0.0,11.2,1018.4,0,0,59,0,6,1,0,0,0,0.0,1.0,39.17495059111909,32.07230043798043,137.66666666666666,63.5,0.9877425572078897
2025-11-16 01:00:00,R5,38.34533890181099,113,2,Local,True,27.4,23.0,33.0,0.0,11.2,1018.4,0,0,59,1,6,1,0,0,0,0.2588190451025207,0.9659258262890684,39.64125818337964,35.808359560957406,127.66666666666667,56.5,0.9586334725452748
2025-11-16 02:00:00,R5,48.659179610773606,128,2,Local,True,27.4,23.0,33.0,0.0,11.2,1018.4,0,0,59,2,6,1,0,0,0,0.4999999999999999,0.8660254037844387,42.1714069336334,41.122436703030445,122.66666666666667,64.0,1.21647949026934
2025-11-16 03:00:00,R5,36.58786470758472,109,2,Local,True,27.4,23.0,33.0,0.0,11.2,1018.4,0,0,59,3,6,1,0,0,0,0.7071067811865476,0.7071067811865476,41.19746107338978,40.18620583225442,116.66666666666667,54.5,0.9146966176896181
2025-11-16 04:00:00,R5,47.54045376613595,135,2,Local,True,27.4,23.0,33.0,0.0,11.2,1018.4,0,0,59,4,6,1,0,0,0,0.8660254037844386,0.5000000000000001,44.2624993614981,41.95187877243886,124.0,67.5,1.1885113441533988
2025-11-16 05:00:00,R5,27.803154988257205,127,2,Local,True,27.4,23.0,33.0,0.0,11.2,1018.4,0,0,59,5,6,1,0,0,0,0.9659258262890684,0.2588190451025207,37.310491153992636,39.74094904381301,123.66666666666667,63.5,0.6950788747064301
2025-11-16 06:00:00,R5,41.358073869966354,142,2,Local,True,27.4,23.0,33.0,0.0,11.2,1018.4,0,0,59,6,6,1,0,0,0,1.0,6.123233995736766e-17,38.900560874786514,40.049010974088134,134.66666666666666,71.0,1.0339518467491589
2025-11-16 07:00:00,R5,13.979128259265618,95,2,Local,True,27.4,23.0,33.0,0.0,11.2,1018.4,0,0,59,7,6,1,1,0,1,0.9659258262890684,-0.2588190451025206,27.713452372496402,35.98797586699724,121.33333333333333,47.5,0.34947820648164046
2025-11-16 08:00:00,R5,27.270563328411804,100,2,Local,True,27.4,23.0,33.0,0.0,11.2,1018.4,0,0,59,8,6,1,1,0,1,0.8660254037844387,-0.4999999999999998,27.535921819214604,32.42320648660361,112.33333333333333,50.0,0.6817640832102951
2025-11-16 09:00:00,R5,21.083720083983643,97,2,Local,True,27.4,23.0,33.0,0.0,11.2,1018.4,0,0,59,9,6,1,1,0,1,0.7071067811865476,-0.7071067811865475,20.7778038905537,29.8391823826701,97.33333333333333,48.5,0.5270930020995911
2025-11-16 10:00:00,R5,15.977019105361324,105,2,Local,True,27.4,23.0,33.0,0.0,11.2,1018.4,0,0,59,10,6,1,1,0,1,0.4999999999999999,-0.8660254037844387,21.44376750591893,24.578609939207656,100.66666666666667,52.5,0.3994254776340331
2025-11-16 11:00:00,R5,37.58938530382574,117,2,Local,True,27.4,23.0,33.0,0.0,11.2,1018.4,0,0,59,11,6,1,0,0,0,0.258819045102521,-0.9659258262890682,24.883374831056916,26.20964832513575,106.33333333333333,58.5,0.9397346325956436
2025-11-16 12:00:00,R5,40.37000436017577,104,2,Local,True,27.4,23.0,33.0,0.0,11.2,1018.4,0,0,59,12,6,1,0,0,0,1.2246467991473532e-16,-1.0,31.312136256454284,26.044970073503986,108.66666666666667,52.0,1.0092501090043942
2025-11-16 13:00:00,R5,36.36085924428466,113,2,Local,True,27.4,23.0,33.0,0.0,11.2,1018.4,0,0,59,13,6,1,0,0,0,-0.2588190451025208,-0.9659258262890684,38.1067496360954,29.775258571007157,111.33333333333333,56.5,0.9090214811071166
2025-11-16 14:00:00,R5,46.88410044050467,120,2,Local,True,27.4,23.0,33.0,0.0,11.2,1018.4,0,0,59,14,6,1,0,0,0,-0.4999999999999997,-0.8660254037844388,41.20498801498838,33.044181423022636,112.33333333333333,60.0,1.1721025110126166
2025-11-16 15:00:00,R5,37.01840102218564,132,2,Local,True,27.4,23.0,33.0,0.0,11.2,1018.4,0,0,59,15,6,1,0,0,0,-0.7071067811865471,-0.7071067811865479,40.087786902325,35.69996157938963,121.66666666666667,66.0,0.925460025554641
2025-11-16 16:00:00,R5,32.922380548459635,135,2,Local,True,27.4,23.0,33.0,0.0,11.2,1018.4,0,0,59,16,6,1,0,0,0,-0.8660254037844384,-0.5000000000000004,38.941627337049994,38.52418848657269,129.0,67.5,0.8230595137114909
2025-11-16 17:00:00,R5,28.54499980346003,106,2,Local,True,27.4,23.0,33.0,0.0,11.2,1018.4,0,0,59,17,6,1,0,1,1,-0.9659258262890684,-0.2588190451025206,32.82859379136844,37.016790903178396,124.33333333333333,53.0,0.7136249950865008
2025-11-16 18:00:00,R5,18.40430671321318,91,2,Local,True,27.4,23.0,33.0,0.0,11.2,1018.4,0,0,59,18,6,1,0,1,1,-1.0,-1.8369701987210294e-16,26.623895688377626,33.355841295351304,110.66666666666667,45.5,0.4601076678303295
2025-11-16 19:00:00,R5,24.30667837114372,64,2,Local,True,27.4,23.0,33.0,0.0,11.2,1018.4,0,0,59,19,6,1,0,1,1,-0.9659258262890684,0.2588190451025203,23.751994962605654,31.346811149827815,87.0,32.0,0.607666959278593
2025-11-16 20:00:00,R5,21.808861658535843,84,2,Local,True,27.4,23.0,33.0,0.0,11.2,1018.4,0,0,59,20,6,1,0,1,1,-0.8660254037844386,0.5000000000000001,21.50661558096426,27.167604686166342,79.66666666666667,42.0,0.5452215414633961
2025-11-16 21:00:00,R5,38.71106899102782,129,2,Local,True,27.4,23.0,33.0,0.0,11.2,1018.4,0,0,59,21,6,1,0,0,0,-0.7071067811865477,0.7071067811865474,28.275536340235806,27.449716014306706,92.33333333333333,64.5,0.9677767247756955
2025-11-16 22:00:00,R5,38.69938065427168,110,2,Local,True,27.4,23.0,33.0,0.0,11.2,1018.4,0,0,59,22,6,1,0,0,0,-0.5000000000000004,0.8660254037844384,33.07310376794513,28.412549365275378,107.66666666666667,55.0,0.967484516356792
2025-11-16 23:00:00,R5,30.07982506549853,121,2,Local,True,27.4,23.0,33.0,0.0,11.2,1018.4,0,0,59,23,6,1,0,0,0,-0.2588190451025215,0.965925826289068,35.83009157026602,28.66835357561513,120.0,60.5,0.7519956266374632
2025-11-17 00:00:00,R5,38.53522029039027,107,2,Local,True,27.1,23.0,31.0,0.0,11.5,1018.9,0,0,59,0,0,0,0,0,0,0.0,1.0,35.771475336720165,32.02350583847798,112.66666666666667,53.5,0.9633805072597568
2025-11-17 01:00:00,R5,43.978821693328,141,2,Local,True,27.1,23.0,31.0,0.0,11.5,1018.9,0,0,59,1,0,0,0,0,0,0.2588190451025207,0.9659258262890684,37.531289016405616,35.302196392175354,123.0,70.5,1.0994705423332
2025-11-17 02:00:00,R5,37.75510628132138,103,2,Local,True,27.1,23.0,31.0,0.0,11.5,1018.9,0,0,59,2,0,0,0,0,0,0.4999999999999999,0.8660254037844387,40.08971608834656,37.95990382930628,117.0,51.5,0.9438776570330345
2025-11-17 03:00:00,R5,35.34714990357321,108,2,Local,True,27.1,23.0,31.0,0.0,11.5,1018.9,0,0,59,3,0,0,0,0,0,0.7071067811865476,0.7071067811865476,39.027025959407545,37.39925064806385,117.33333333333333,54.0,0.8836787475893303
2025-11-17 04:00:00,R5,34.0378670153042,104,2,Local,True,27.1,23.0,31.0,0.0,11.5,1018.9,0,0,59,4,0,0,0,0,0,0.8660254037844386,0.5000000000000001,35.71337440006627,36.622331708235926,105.0,52.0,0.850946675382605
2025-11-17 05:00:00,R5,38.41727100966492,137,2,Local,True,27.1,23.0,31.0,0.0,11.5,1018.9,0,0,59,5,0,0,0,0,0,0.9659258262890684,0.2588190451025207,35.934095976180785,38.01190603226366,116.33333333333333,68.5,0.960431775241623
2025-11-17 06:00:00,R5,41.46144079289223,136,2,Local,True,27.1,23.0,31.0,0.0,11.5,1018.9,0,0,59,6,0,0,0,0,0,1.0,6.123233995736766e-17,37.97219293928713,38.499609449347325,125.66666666666667,68.0,1.036536019822306
2025-11-17 07:00:00,R5,32.57266840621968,84,2,Local,True,27.1,23.0,31.0,0.0,11.5,1018.9,0,0,59,7,0,0,1,0,1,0.9659258262890684,-0.2588190451025206,37.48379340292562,36.598583901495935,119.0,42.0,0.8143167101554919
2025-11-17 08:00:00,R5,23.168007373369484,84,2,Local,True,27.1,23.0,31.0,0.0,11.5,1018.9,0,0,59,8,0,0,1,0,1,0.8660254037844387,-0.4999999999999998,32.40070552416048,34.16740075017062,101.33333333333333,42.0,0.5792001843342371
2025-11-17 09:00:00,R5,31.232568207568423,101,2,Local,True,27.1,23.0,31.0,0.0,11.5,1018.9,0,0,59,9,0,0,1,0,1,0.7071067811865476,-0.7071067811865475,28.991081329052538,33.48163713416982,89.66666666666667,50.5,0.7808142051892106
2025-11-17 10:00:00,R5,24.00653428277533,106,2,Local,True,27.1,23.0,31.0,0.0,11.5,1018.9,0,0,59,10,0,0,1,0,1,0.4999999999999999,-0.8660254037844387,26.13570328790442,31.809748345415013,97.0,53.0,0.6001633570693833
2025-11-17 11:00:00,R5,37.46152157169328,139,2,Local,True,27.1,23.0,31.0,0.0,11.5,1018.9,0,0,59,11,0,0,0,0,0,0.258819045102521,-0.9659258262890682,30.90020802067902,31.65045677241974,115.33333333333333,69.5,0.936538039292332
2025-11-17 12:00:00,R5,39.6584522146993,143,2,Local,True,27.1,23.0,31.0,0.0,11.5,1018.9,0,0,59,12,0,0,0,0,0,1.2246467991473532e-16,-1.0,33.70883602305599,31.349958676054246,129.33333333333334,71.5,0.9914613053674826
2025-11-17 13:00:00,R5,41.53149753282944,147,2,Local,True,27.1,23.0,31.0,0.0,11.5,1018.9,0,0,59,13,0,0,0,0,0,-0.2588190451025208,-0.9659258262890684,39.550490439740685,32.843096863822545,143.0,73.5,1.0382874383207361
2025-11-17 14:00:00,R5,32.90899872023087,131,2,Local,True,27.1,23.0,31.0,0.0,11.5,1018.9,0,0,59,14,0,0,0,0,0,-0.4999999999999997,-0.8660254037844388,38.03298282258655,34.466595421632775,140.33333333333334,65.5,0.8227249680057718
2025-11-17 15:00:00,R5,48.00734311724181,122,2,Local,True,27.1,23.0,31.0,0.0,11.5,1018.9,0,0,59,15,0,0,0,0,0,-0.7071067811865471,-0.7071067811865479,40.815946456767385,37.26239123991167,133.33333333333334,61.0,1.2001835779310452
2025-11-17 16:00:00,R5,45.72225324616125,121,2,Local,True,27.1,23.0,31.0,0.0,11.5,1018.9,0,0,59,16,0,0,0,0,0,-0.8660254037844384,-0.5000000000000004,42.21286502787799,40.881677733809326,124.66666666666667,60.5,1.1430563311540314
2025-11-17 17:00:00,R5,23.069240699907155,73,2,Local,True,27.1,23.0,31.0,0.0,11.5,1018.9,0,0,59,17,0,0,0,1,1,-0.9659258262890684,-0.2588190451025206,38.93294568777008,38.48296425517831,105.33333333333333,36.5,0.5767310174976789
2025-11-17 18:00:00,R5,19.43345280526449,86,2,Local,True,27.1,23.0,31.0,0.0,11.5,1018.9,0,0,59,18,0,0,0,1,1,-1.0,-1.8369701987210294e-16,29.408315583777647,35.11213102027251,93.33333333333333,43.0,0.48583632013161226
2025-11-17 19:00:00,R5,26.679635398947813,99,2,Local,True,27.1,23.0,31.0,0.0,11.5,1018.9,0,0,59,19,0,0,0,1,1,-0.9659258262890684,0.2588190451025203,23.060776301373163,32.63682066462557,86.0,49.5,0.6669908849736953
2025-11-17 20:00:00,R5,28.98596014615685,74,2,Local,True,27.1,23.0,31.0,0.0,11.5,1018.9,0,0,59,20,0,0,0,1,1,-0.8660254037844386,0.5000000000000001,25.033016116789724,31.982980902279895,86.33333333333333,37.0,0.7246490036539213
2025-11-17 21:00:00,R5,38.58013331906466,115,2,Local,True,27.1,23.0,31.0,0.0,11.5,1018.9,0,0,59,21,0,0,0,0,0,-0.7071067811865477,0.7071067811865474,31.415242954723112,30.41177926925037,96.0,57.5,0.9645033329766164
2025-11-17 22:00:00,R5,42.36126588665954,116,2,Local,True,27.1,23.0,31.0,0.0,11.5,1018.9,0,0,59,22,0,0,0,0,0,-0.5000000000000004,0.8660254037844384,36.64245311729369,29.85161470933342,101.66666666666667,58.0,1.0590316471664885
2025-11-17 23:00:00,R5,36.97177667790546,127,2,Local,True,27.1,23.0,31.0,0.0,11.5,1018.9,0,0,59,23,0,0,0,0,0,-0.2588190451025215,0.965925826289068,39.304391961209895,32.1687040389998,119.33333333333333,63.5,0.9242944169476365
2025-11-18 00:00:00,R5,41.05271943891243,146,2,Local,True,26.8,23.0,31.0,0.0,10.4,1016.3,0,0,59,0,1,0,0,0,0,0.0,1.0,40.12858733449249,35.77191514460779,129.66666666666666,73.0,1.0263179859728109
2025-11-18 01:00:00,R5,36.68481327241136,105,2,Local,True,26.8,23.0,31.0,0.0,10.4,1016.3,0,0,59,1,1,0,0,0,0,0.2588190451025207,0.9659258262890684,38.23643646307642,37.43944479018505,126.0,52.5,0.9171203318102841
2025-11-18 02:00:00,R5,40.09598989635961,108,2,Local,True,26.8,23.0,31.0,0.0,10.4,1016.3,0,0,59,2,1,0,0,0,0,0.4999999999999999,0.8660254037844387,39.27784086922781,39.291116415218845,119.66666666666667,54.0,1.0023997474089903
2025-11-18 03:00:00,R5,43.44061704676015,137,2,Local,True,26.8,23.0,31.0,0.0,10.4,1016.3,0,0,59,3,1,0,0,0,0,0.7071067811865476,0.7071067811865476,40.073806738510385,40.101197036501425,116.66666666666667,68.5,1.0860154261690038
2025-11-18 04:00:00,R5,29.14420694542128,123,2,Local,True,26.8,23.0,31.0,0.0,10.4,1016.3,0,0,59,4,1,0,0,0,0,0.8660254037844386,0.5000000000000001,37.56027129618036,37.89835387962838,122.66666666666667,61.5,0.728605173635532
2025-11-18 05:00:00,R5,35.04238536434104,119,2,Local,True,26.8,23.0,31.0,0.0,10.4,1016.3,0,0,59,5,1,0,0,0,0,0.9659258262890684,0.2588190451025207,35.875736452174166,37.57678866070098,126.33333333333333,59.5,0.8760596341085259
2025-11-18 06:00:00,R5,40.70047704650632,145,2,Local,True,26.8,23.0,31.0,0.0,10.4,1016.3,0,0,59,6,1,0,0,0,0,1.0,6.123233995736766e-17,34.96235645208956,37.51808159529996,129.0,72.5,1.017511926162658
2025-11-18 07:00:00,R5,25.443562955779587,95,2,Local,True,26.8,23.0,31.0,0.0,10.4,1016.3,0,0,59,7,1,0,1,0,1,0.9659258262890684,-0.2588190451025206,33.72880845554232,35.644539875861334,119.66666666666667,47.5,0.6360890738944897
2025-11-18 08:00:00,R5,36.0007847503186,65,2,Local,True,26.8,23.0,31.0,0.0,10.4,1016.3,0,0,59,8,1,0,1,0,1,0.8660254037844387,-0.4999999999999998,34.04827491753485,34.962005684854496,101.66666666666667,32.5,0.900019618757965
2025-11-18 09:00:00,R5,29.20673753226479,72,2,Local,True,26.8,23.0,31.0,0.0,10.4,1016.3,0,0,59,9,1,0,1,0,1,0.7071067811865476,-0.7071067811865475,30.21702841278767,32.5896924324386,77.33333333333333,36.0,0.7301684383066197
2025-11-18 10:00:00,R5,18.897409964977104,90,2,Local,True,26.8,23.0,31.0,0.0,10.4,1016.3,0,0,59,10,1,0,1,0,1,0.4999999999999999,-0.8660254037844387,28.034977415853508,30.881892935697906,75.66666666666667,45.0,0.4724352491244276
2025-11-18 11:00:00,R5,43.39972881286116,147,2,Local,True,26.8,23.0,31.0,0.0,10.4,1016.3,0,0,59,11,1,0,0,0,0,0.258819045102521,-0.9659258262890682,30.501292103367692,32.274783510451265,103.0,73.5,1.0849932203215291
2025-11-18 12:00:00,R5,45.14982332160613,116,2,Local,True,26.8,23.0,31.0,0.0,10.4,1016.3,0,0,59,12,1,0,0,0,0,1.2246467991473532e-16,-1.0,35.81565403314814,33.016341222967895,117.66666666666667,58.0,1.1287455830401532
2025-11-18 13:00:00,R5,36.2279843362882,140,2,Local,True,26.8,23.0,31.0,0.0,10.4,1016.3,0,0,59,13,1,0,0,0,0,-0.2588190451025208,-0.9659258262890684,41.59251215691851,34.813744786386,134.33333333333334,70.0,0.9056996084072051
2025-11-18 14:00:00,R5,43.33242134265856,134,2,Local,True,26.8,23.0,31.0,0.0,10.4,1016.3,0,0,59,14,1,0,0,0,0,-0.4999999999999997,-0.8660254037844388,41.57007633351764,36.03568421844266,130.0,67.0,1.0833105335664641
2025-11-18 15:00:00,R5,35.887685697410106,124,2,Local,True,26.8,23.0,31.0,0.0,10.4,1016.3,0,0,59,15,1,0,0,0,0,-0.7071067811865471,-0.7071067811865479,38.4826971254523,37.14917557930021,132.66666666666666,62.0,0.8971921424352527
2025-11-18 16:00:00,R5,40.21978371088142,129,2,Local,True,26.8,23.0,31.0,0.0,10.4,1016.3,0,0,59,16,1,0,0,0,0,-0.8660254037844384,-0.5000000000000004,39.81329691698337,40.70290453695093,129.0,64.5,1.0054945927720356
2025-11-18 17:00:00,R5,23.13762562872811,80,2,Local,True,26.8,23.0,31.0,0.0,10.4,1016.3,0,0,59,17,1,0,0,1,1,-0.9659258262890684,-0.2588190451025206,33.08169834567322,37.325887339595425,111.0,40.0,0.5784406407182028
2025-11-18 18:00:00,R5,26.87309983500609,96,2,Local,True,26.8,23.0,31.0,0.0,10.4,1016.3,0,0,59,18,1,0,0,1,1,-1.0,-1.8369701987210294e-16,30.07683639153855,34.27976675849542,101.66666666666667,48.0,0.6718274958751522
2025-11-18 19:00:00,R5,30.51356414760036,72,2,Local,True,26.8,23.0,31.0,0.0,10.4,1016.3,0,0,59,19,1,0,0,1,1,-0.9659258262890684,0.2588190451025203,26.84142987044486,33.32736339371411,82.66666666666667,36.0,0.762839103690009
2025-11-18 20:00:00,R5,27.686888405130457,91,2,Local,True,26.8,23.0,31.0,0.0,10.4,1016.3,0,0,59,20,1,0,0,1,1,-0.8660254037844386,0.5000000000000001,28.35785079591231,30.719774570792755,86.33333333333333,45.5,0.6921722101282615
2025-11-18 21:00:00,R5,39.35897193393676,113,2,Local,True,26.8,23.0,31.0,0.0,10.4,1016.3,0,0,59,21,1,0,0,0,0,-0.7071067811865477,0.7071067811865474,32.51980816222253,31.298322276880537,92.0,56.5,0.983974298348419
2025-11-18 22:00:00,R5,40.83801091481576,126,2,Local,True,26.8,23.0,31.0,0.0,10.4,1016.3,0,0,59,22,1,0,0,0,0,-0.5000000000000004,0.8660254037844384,35.961290417961,31.401360144202926,110.0,63.0,1.020950272870394
2025-11-18 23:00:00,R5,38.56944090960738,106,2,Local,True,26.8,23.0,31.0,0.0,10.4,1016.3,0,0,59,23,1,0,0,0,0,-0.2588190451025215,0.965925826289068,39.5888079194533,33.9733293576828,115.0,53.0,0.9642360227401845
2025-11-19 00:00:00,R5,41.97715928715775,121,2,Local,True,27.2,23.0,33.0,0.0,9.9,1015.0,0,0,59,0,2,0,0,0,0,0.0,1.0,40.46153703719364,36.49067259970808,117.66666666666667,60.5,1.0494289821789438
2025-11-19 01:00:00,R5,43.31266696473598,134,2,Local,True,27.2,23.0,33.0,0.0,9.9,1015.0,0,0,59,1,2,0,0,0,0,0.2588190451025207,0.9659258262890684,41.28642238716704,38.62385640256401,120.33333333333333,67.0,1.0828166741183995
2025-11-19 02:00:00,R5,48.89633269021914,128,2,Local,True,27.2,23.0,33.0,0.0,9.9,1015.0,0,0,59,2,2,0,0,0,0,0.4999999999999999,0.8660254037844387,44.72871964737096,42.15876378341213,127.66666666666667,64.0,1.2224083172554785
2025-11-19 03:00:00,R5,40.66884437758937,113,2,Local,True,27.2,23.0,33.0,0.0,9.9,1015.0,0,0,59,3,2,0,0,0,0,0.7071067811865476,0.7071067811865476,44.29261467751484,42.377075857354235,125.0,56.5,1.0167211094397344
2025-11-19 04:00:00,R5,40.10417750678637,112,2,Local,True,27.2,23.0,33.0,0.0,9.9,1015.0,0,0,59,4,2,0,0,0,0,0.8660254037844386,0.5000000000000001,43.223118191531626,42.25477028934933,117.66666666666667,56.0,1.0026044376696592
2025-11-19 05:00:00,R5,36.866134171328966,117,2,Local,True,27.2,23.0,33.0,0.0,9.9,1015.0,0,0,59,5,2,0,0,0,0,0.9659258262890684,0.2588190451025207,39.21305201856824,41.97088583296959,114.0,58.5,0.9216533542832241
2025-11-19 06:00:00,R5,37.482448721074405,146,2,Local,True,27.2,23.0,33.0,0.0,9.9,1015.0,0,0,59,6,2,0,0,0,0,1.0,6.123233995736766e-17,38.15092013306325,41.221767405289036,125.0,73.0,0.9370612180268602
2025-11-19 07:00:00,R5,23.74853881176832,89,2,Local,True,27.2,23.0,33.0,0.0,9.9,1015.0,0,0,59,7,2,0,1,0,1,0.9659258262890684,-0.2588190451025206,32.699040568057235,37.961079379794434,117.33333333333333,44.5,0.593713470294208
2025-11-19 08:00:00,R5,18.27423541640053,107,2,Local,True,27.2,23.0,33.0,0.0,9.9,1015.0,0,0,59,8,2,0,1,0,1,0.8660254037844387,-0.4999999999999998,26.50174098308109,32.85739650082466,114.0,53.5,0.4568558854100132
2025-11-19 09:00:00,R5,24.656069856485047,62,2,Local,True,27.2,23.0,33.0,0.0,9.9,1015.0,0,0,59,9,2,0,1,0,1,0.7071067811865476,-0.7071067811865475,22.226281361551305,30.188600747307273,86.0,31.0,0.6164017464121262
2025-11-19 10:00:00,R5,16.822682011320044,81,2,Local,True,27.2,23.0,33.0,0.0,9.9,1015.0,0,0,59,10,2,0,1,0,1,0.4999999999999999,-0.8660254037844387,19.917662428068542,26.30835149806288,83.33333333333333,40.5,0.4205670502830011
2025-11-19 11:00:00,R5,42.9608113430632,105,2,Local,True,27.2,23.0,33.0,0.0,9.9,1015.0,0,0,59,11,2,0,0,0,0,0.258819045102521,-0.9659258262890682,28.146521070289435,27.32413102668526,82.66666666666667,52.5,1.07402028357658
2025-11-19 12:00:00,R5,38.6740304958388,114,2,Local,True,27.2,23.0,33.0,0.0,9.9,1015.0,0,0,59,12,2,0,0,0,0,1.2246467991473532e-16,-1.0,32.81917461674069,27.52272798914599,100.0,57.0,0.96685076239597
2025-11-19 13:00:00,R5,37.21555907332499,130,2,Local,True,27.2,23.0,33.0,0.0,9.9,1015.0,0,0,59,13,2,0,0,0,0,-0.2588190451025208,-0.9659258262890684,39.61680030407567,29.7672313660721,116.33333333333333,65.0,0.9303889768331247
2025-11-19 14:00:00,R5,40.27816530923921,106,2,Local,True,27.2,23.0,33.0,0.0,9.9,1015.0,0,0,59,14,2,0,0,0,0,-0.4999999999999997,-0.8660254037844388,38.722584959467675,33.43455301487855,116.66666666666667,53.0,1.0069541327309803
2025-11-19 15:00:00,R5,40.80286662558788,112,2,Local,True,27.2,23.0,33.0,0.0,9.9,1015.0,0,0,59,15,2,0,0,0,0,-0.7071067811865471,-0.7071067811865479,39.432197002717366,36.12568580972902,116.0,56.0,1.020071665639697
2025-11-19 16:00:00,R5,40.725975099578,138,2,Local,True,27.2,23.0,33.0,0.0,9.9,1015.0,0,0,59,16,2,0,0,0,0,-0.8660254037844384,-0.5000000000000004,40.602335678135034,40.10956799110535,118.66666666666667,69.0,1.0181493774894501
2025-11-19 17:00:00,R5,25.435858986101067,64,2,Local,True,27.2,23.0,33.0,0.0,9.9,1015.0,0,0,59,17,2,0,0,1,1,-0.9659258262890684,-0.2588190451025206,35.65490023708899,37.188742598278324,104.66666666666667,32.0,0.6358964746525266
2025-11-19 18:00:00,R5,19.1803126774995,83,2,Local,True,27.2,23.0,33.0,0.0,9.9,1015.0,0,0,59,18,2,0,0,1,1,-1.0,-1.8369701987210294e-16,28.447382254392863,33.93978962855511,95.0,41.5,0.4795078169374875
2025-11-19 19:00:00,R5,30.308136264621844,68,2,Local,True,27.2,23.0,33.0,0.0,9.9,1015.0,0,0,59,19,2,0,0,1,1,-0.9659258262890684,0.2588190451025203,24.974769309407474,32.78855249377125,71.66666666666667,34.0,0.7577034066155461
2025-11-19 20:00:00,R5,22.899951658934103,73,2,Local,True,27.2,23.0,33.0,0.0,9.9,1015.0,0,0,59,20,2,0,0,1,1,-0.8660254037844386,0.5000000000000001,24.12946686701849,29.892183552053734,74.66666666666667,36.5,0.5724987914733526
2025-11-19 21:00:00,R5,43.70680892807902,149,2,Local,True,27.2,23.0,33.0,0.0,9.9,1015.0,0,0,59,21,2,0,0,0,0,-0.7071067811865477,0.7071067811865474,32.30496561721166,30.376173935802257,96.66666666666667,74.5,1.0926702232019756
2025-11-19 22:00:00,R5,41.184691989238495,139,2,Local,True,27.2,23.0,33.0,0.0,9.9,1015.0,0,0,59,22,2,0,0,0,0,-0.5000000000000004,0.8660254037844384,35.930484192083874,30.45262675074567,120.33333333333333,69.5,1.0296172997309623
2025-11-19 23:00:00,R5,41.23228552356732,140,2,Local,True,27.2,23.0,33.0,0.0,9.9,1015.0,0,0,59,23,2,0,0,0,0,-0.2588190451025215,0.965925826289068,42.041262146961614,33.08536450699005,142.66666666666666,70.0,1.030807138089183
2025-11-20 00:00:00,R5,51.81662683034735,112,2,Local,True,26.4,20.0,31.0,0.0,11.3,1016.5,0,0,59,0,3,0,0,0,0,0.0,1.0,44.744534781051065,38.524750199131354,130.33333333333334,56.0,1.295415670758684
2025-11-20 01:00:00,R5,40.855199473078926,111,2,Local,True,26.4,20.0,31.0,0.0,11.3,1016.5,0,0,59,1,3,0,0,0,0,0.2588190451025207,0.9659258262890684,44.63470394233121,40.28259406720753,121.0,55.5,1.021379986826973
2025-11-20 02:00:00,R5,39.40497190941051,124,2,Local,True,26.4,20.0,31.0,0.0,11.3,1016.5,0,0,59,2,3,0,0,0,0,0.4999999999999999,0.8660254037844387,44.02559940427894,43.033430775620275,115.66666666666667,62.0,0.9851242977352628
2025-11-20 03:00:00,R5,38.01442524455333,118,2,Local,True,26.4,20.0,31.0,0.0,11.3,1016.5,0,0,59,3,3,0,0,0,0,0.7071067811865476,0.7071067811865476,39.42486554234759,42.084700161699324,117.66666666666667,59.0,0.9503606311138333
2025-11-20 04:00:00,R5,42.25053836746663,128,2,Local,True,26.4,20.0,31.0,0.0,11.3,1016.5,0,0,59,4,3,0,0,0,0,0.8660254037844386,0.5000000000000001,39.889978507143496,42.26234122473735,123.33333333333333,64.0,1.0562634591866658
2025-11-20 05:00:00,R5,42.58489218755784,108,2,Local,True,26.4,20.0,31.0,0.0,11.3,1016.5,0,0,59,5,3,0,0,0,0,0.9659258262890684,0.2588190451025207,40.94995193319261,42.487775668735765,118.0,54.0,1.064622304688946
2025-11-20 06:00:00,R5,31.460628607525106,137,2,Local,True,26.4,20.0,31.0,0.0,11.3,1016.5,0,0,59,6,3,0,0,0,0,1.0,6.123233995736766e-17,38.765353054183194,39.09510929826539,124.33333333333333,68.5,0.7865157151881277
2025-11-20 07:00:00,R5,17.067475698527247,104,2,Local,True,26.4,20.0,31.0,0.0,11.3,1016.5,0,0,59,7,3,0,1,0,1,0.9659258262890684,-0.2588190451025206,30.370998831203398,35.130488669173445,116.33333333333333,52.0,0.42668689246318114
2025-11-20 08:00:00,R5,27.02765321133714,65,2,Local,True,26.4,20.0,31.0,0.0,11.3,1016.5,0,0,59,8,3,0,1,0,1,0.8660254037844387,-0.4999999999999998,25.1852525057965,33.06760221949455,102.0,32.5,0.6756913302834284
2025-11-20 09:00:00,R5,17.18151799705584,80,2,Local,True,26.4,20.0,31.0,0.0,11.3,1016.5,0,0,59,9,3,0,1,0,1,0.7071067811865476,-0.7071067811865475,20.425548968973413,29.5954510115783,83.0,40.0,0.42953794992639593
2025-11-20 10:00:00,R5,22.33523504029464,74,2,Local,True,26.4,20.0,31.0,0.0,11.3,1016.5,0,0,59,10,3,0,1,0,1,0.4999999999999999,-0.8660254037844387,22.181468749562544,26.27623379038297,73.0,37.0,0.5583808760073661
2025-11-20 11:00:00,R5,38.68168333966777,139,2,Local,True,26.4,20.0,31.0,0.0,11.3,1016.5,0,0,59,11,3,0,0,0,0,0.258819045102521,-0.9659258262890682,26.066145459006083,25.625698982401293,97.66666666666667,69.5,0.9670420834916943
2025-11-20 12:00:00,R5,40.86284261088424,101,2,Local,True,26.4,20.0,31.0,0.0,11.3,1016.5,0,0,59,12,3,0,0,0,0,1.2246467991473532e-16,-1.0,33.95992033028222,27.192734649627813,104.66666666666667,50.5,1.0215710652721062
2025-11-20 13:00:00,R5,41.766913582423314,148,2,Local,True,26.4,20.0,31.0,0.0,11.3,1016.5,0,0,59,13,3,0,0,0,0,-0.2588190451025208,-0.9659258262890684,40.43714651099179,31.309307630277157,129.33333333333334,74.0,1.044172839560583
2025-11-20 14:00:00,R5,37.52613079394438,105,2,Local,True,26.4,20.0,31.0,0.0,11.3,1016.5,0,0,59,14,3,0,0,0,0,-0.4999999999999997,-0.8660254037844388,40.051962329083985,33.05905389404503,118.0,52.5,0.9381532698486096
2025-11-20 15:00:00,R5,42.56169837119409,138,2,Local,True,26.4,20.0,31.0,0.0,11.3,1016.5,0,0,59,15,3,0,0,0,0,-0.7071067811865471,-0.7071067811865479,40.6182475825206,37.289083956401406,130.33333333333334,69.0,1.0640424592798523
2025-11-20 16:00:00,R5,39.24523738524523,108,2,Local,True,26.4,20.0,31.0,0.0,11.3,1016.5,0,0,59,16,3,0,0,0,0,-0.8660254037844384,-0.5000000000000004,39.7776888501279,40.10741768055984,117.0,54.0,0.9811309346311308
2025-11-20 17:00:00,R5,27.230393784409355,66,2,Local,True,26.4,20.0,31.0,0.0,11.3,1016.5,0,0,59,17,3,0,0,1,1,-0.9659258262890684,-0.2588190451025206,36.34577651361623,38.1988694213501,104.0,33.0,0.6807598446102339
2025-11-20 18:00:00,R5,17.164056492737366,98,2,Local,True,26.4,20.0,31.0,0.0,11.3,1016.5,0,0,59,18,3,0,0,1,1,-1.0,-1.8369701987210294e-16,27.87989588746399,34.24907173499229,90.66666666666667,49.0,0.42910141231843413
2025-11-20 19:00:00,R5,22.35311791629224,72,2,Local,True,26.4,20.0,31.0,0.0,11.3,1016.5,0,0,59,19,3,0,0,1,1,-0.9659258262890684,0.2588190451025203,22.249189397812994,31.013439123970443,78.66666666666667,36.0,0.558827947907306
2025-11-20 20:00:00,R5,29.660479114135907,61,2,Local,True,26.4,20.0,31.0,0.0,11.3,1016.5,0,0,59,20,3,0,0,1,1,-0.8660254037844386,0.5000000000000001,23.059217841055176,29.702497177335697,77.0,30.5,0.7415119778533976
2025-11-20 21:00:00,R5,39.40262777931502,121,2,Local,True,26.4,20.0,31.0,0.0,11.3,1016.5,0,0,59,21,3,0,0,0,0,-0.7071067811865477,0.7071067811865474,30.472074936581063,29.175985412022516,84.66666666666667,60.5,0.9850656944828755
2025-11-20 22:00:00,R5,35.57255625292018,134,2,Local,True,26.4,20.0,31.0,0.0,11.3,1016.5,0,0,59,22,3,0,0,0,0,-0.5000000000000004,0.8660254037844384,34.8785543821237,28.563871889968343,105.33333333333333,67.0,0.8893139063230044
2025-11-20 23:00:00,R5,31.282909039786297,118,2,Local,True,26.4,20.0,31.0,0.0,11.3,1016.5,0,0,59,23,3,0,0,0,0,-0.2588190451025215,0.965925826289068,35.4193643573405,29.239291099197832,124.33333333333333,59.0,0.7820727259946574
2025-11-21 00:00:00,R5,39.21908215522487,131,2,Local,True,27.2,22.0,31.0,0.0,9.5,1017.4,0,0,59,0,4,0,0,0,0,0.0,1.0,35.35818248264379,32.91512870961242,127.66666666666667,65.5,0.9804770538806217
2025-11-21 01:00:00,R5,39.74030499146981,130,2,Local,True,27.2,22.0,31.0,0.0,9.5,1017.4,0,0,59,1,4,0,0,0,0,0.2588190451025207,0.9659258262890684,36.74743206216033,35.81299322214202,126.33333333333333,65.0,0.9935076247867454
2025-11-21 02:00:00,R5,41.11712579034756,108,2,Local,True,27.2,22.0,31.0,0.0,9.5,1017.4,0,0,59,2,4,0,0,0,0,0.4999999999999999,0.8660254037844387,40.025504312347415,37.72243433484396,123.0,54.0,1.027928144758689
2025-11-21 03:00:00,R5,40.59627191616844,103,2,Local,True,27.2,22.0,31.0,0.0,9.5,1017.4,0,0,59,3,4,0,0,0,0,0.7071067811865476,0.7071067811865476,40.48456756599528,37.921375024319524,113.66666666666667,51.5,1.014906797904211
2025-11-21 04:00:00,R5,35.635323462169346,130,2,Local,True,27.2,22.0,31.0,0.0,9.5,1017.4,0,0,59,4,4,0,0,0,0,0.8660254037844386,0.5000000000000001,39.11624038956179,37.931836225861055,113.66666666666667,65.0,0.8908830865542336
2025-11-21 05:00:00,R5,33.775812201081216,102,2,Local,True,27.2,22.0,31.0,0.0,9.5,1017.4,0,0,59,5,4,0,0,0,0,0.9659258262890684,0.2588190451025207,36.66913585980634,38.34732008607688,111.66666666666667,51.0,0.8443953050270304
2025-11-21 06:00:00,R5,38.78038390699739,118,2,Local,True,27.2,22.0,31.0,0.0,9.5,1017.4,0,0,59,6,4,0,0,0,0,1.0,6.123233995736766e-17,36.063839856749325,38.274203711372294,116.66666666666667,59.0,0.9695095976749348
2025-11-21 07:00:00,R5,32.129160813123846,71,2,Local,True,27.2,22.0,31.0,0.0,9.5,1017.4,0,0,59,7,4,0,1,0,1,0.9659258262890684,-0.2588190451025206,34.89511897373416,37.00567968164797,97.0,35.5,0.8032290203280962
2025-11-21 08:00:00,R5,24.834266887183915,60,2,Local,True,27.2,22.0,31.0,0.0,9.5,1017.4,0,0,59,8,4,0,1,0,1,0.8660254037844387,-0.4999999999999998,31.91460386910172,34.29186986445402,83.0,30.0,0.6208566721795978
2025-11-21 09:00:00,R5,21.11709305541488,89,2,Local,True,27.2,22.0,31.0,0.0,9.5,1017.4,0,0,59,9,4,0,1,0,1,0.7071067811865476,-0.7071067811865475,26.026840251907554,31.045340054328435,73.33333333333333,44.5,0.527927326385372
2025-11-21 10:00:00,R5,22.72424233059684,84,2,Local,True,27.2,22.0,31.0,0.0,9.5,1017.4,0,0,59,10,4,0,1,0,1,0.4999999999999999,-0.8660254037844387,22.89186742439855,28.893493199066352,77.66666666666667,42.0,0.568106058264921
2025-11-21 11:00:00,R5,49.48000070824075,105,2,Local,True,27.2,22.0,31.0,0.0,9.5,1017.4,0,0,59,11,4,0,0,0,0,0.258819045102521,-0.9659258262890682,31.107112031417497,31.510857950259602,92.66666666666667,52.5,1.2370000177060188
2025-11-21 12:00:00,R5,40.40356724126062,101,2,Local,True,27.2,22.0,31.0,0.0,9.5,1017.4,0,0,59,12,4,0,0,0,0,1.2246467991473532e-16,-1.0,37.53593676003274,31.781388505970142,96.66666666666667,50.5,1.0100891810315153
2025-11-21 13:00:00,R5,35.30075810329863,142,2,Local,True,27.2,22.0,31.0,0.0,9.5,1017.4,0,0,59,13,4,0,0,0,0,-0.2588190451025208,-0.9659258262890684,41.728108684266665,32.3099880543326,116.0,71.0,0.8825189525824657
2025-11-21 14:00:00,R5,48.16865709239249,139,2,Local,True,27.2,22.0,31.0,0.0,9.5,1017.4,0,0,59,14,4,0,0,0,0,-0.4999999999999997,-0.8660254037844388,41.290994145650586,36.199053088534036,127.33333333333333,69.5,1.2042164273098124
2025-11-21 15:00:00,R5,46.46543367209623,118,2,Local,True,27.2,22.0,31.0,0.0,9.5,1017.4,0,0,59,15,4,0,0,0,0,-0.7071067811865471,-0.7071067811865479,43.31161628926245,40.42377652464759,133.0,59.0,1.1616358418024058
2025-11-21 16:00:00,R5,42.40594577072065,146,2,Local,True,27.2,22.0,31.0,0.0,9.5,1017.4,0,0,59,16,4,0,0,0,0,-0.8660254037844384,-0.5000000000000004,45.68001217840313,43.70406043133489,134.33333333333334,73.0,1.0601486442680161
2025-11-21 17:00:00,R5,29.873656970039782,68,2,Local,True,27.2,22.0,31.0,0.0,9.5,1017.4,0,0,59,17,4,0,0,1,1,-0.9659258262890684,-0.2588190451025206,39.58167880428556,40.436336474968066,110.66666666666667,34.0,0.7468414242509945
2025-11-21 18:00:00,R5,21.443950735430462,63,2,Local,True,27.2,22.0,31.0,0.0,9.5,1017.4,0,0,59,18,4,0,0,1,1,-1.0,-1.8369701987210294e-16,31.24118449206364,37.27640039066304,92.33333333333333,31.5,0.5360987683857615
2025-11-21 19:00:00,R5,21.05422765934408,63,2,Local,True,27.2,22.0,31.0,0.0,9.5,1017.4,0,0,59,19,4,0,0,1,1,-0.9659258262890684,0.2588190451025203,24.123945121604777,34.90197865000395,64.66666666666667,31.5,0.526355691483602
2025-11-21 20:00:00,R5,25.57373824338285,100,2,Local,True,27.2,22.0,31.0,0.0,9.5,1017.4,0,0,59,20,4,0,0,1,1,-0.8660254037844386,0.5000000000000001,22.6906388793858,31.13615884183568,75.33333333333333,50.0,0.6393434560845712
2025-11-21 21:00:00,R5,38.02332247243688,115,2,Local,True,27.2,22.0,31.0,0.0,9.5,1017.4,0,0,59,21,4,0,0,0,0,-0.7071067811865477,0.7071067811865474,28.21709612505461,29.729140308559113,92.66666666666667,57.5,0.950583061810922
2025-11-21 22:00:00,R5,42.44802814556013,110,2,Local,True,27.2,22.0,31.0,0.0,9.5,1017.4,0,0,59,22,4,0,0,0,0,-0.5000000000000004,0.8660254037844384,35.34836295379329,29.736154037699027,108.33333333333333,55.0,1.0612007036390032
2025-11-21 23:00:00,R5,40.5336052387925,123,2,Local,True,27.2,22.0,31.0,0.0,9.5,1017.4,0,0,59,23,4,0,0,0,0,-0.2588190451025215,0.965925826289068,40.33498528559651,31.51281208249115,116.0,61.5,1.0133401309698125
2025-11-22 00:00:00,R5,37.86714341349634,124,2,Local,True,26.9,21.0,33.0,0.0,9.1,1017.3,0,0,59,0,5,1,0,0,0,0.0,1.0,40.282925599283,34.2500108621688,119.0,62.0,0.9466785853374086
2025-11-22 01:00:00,R5,35.92502095118833,104,2,Local,True,26.9,21.0,33.0,0.0,9.1,1017.3,0,0,59,1,5,1,0,0,0,0.2588190451025207,0.9659258262890684,38.108589867825735,36.728476410809506,117.0,52.0,0.8981255237797082
2025-11-22 02:00:00,R5,38.00246209256952,135,2,Local,True,26.9,21.0,33.0,0.0,9.1,1017.3,0,0,59,2,5,1,0,0,0,0.4999999999999999,0.8660254037844387,37.2648754857514,38.79993038567395,121.0,67.5,0.9500615523142381
2025-11-22 03:00:00,R5,37.08895745726973,125,2,Local,True,26.9,21.0,33.0,0.0,9.1,1017.3,0,0,59,3,5,1,0,0,0,0.7071067811865476,0.7071067811865476,37.005480167009196,38.64420288314609,121.33333333333333,62.5,0.9272239364317432
2025-11-22 04:00:00,R5,40.57805716895725,136,2,Local,True,26.9,21.0,33.0,0.0,9.1,1017.3,0,0,59,4,5,1,0,0,0,0.8660254037844386,0.5000000000000001,38.55649223959884,38.33254105371228,132.0,68.0,1.0144514292239313
2025-11-22 05:00:00,R5,38.39793383120232,108,2,Local,True,26.9,21.0,33.0,0.0,9.1,1017.3,0,0,59,5,5,1,0,0,0,0.9659258262890684,0.2588190451025207,38.68831615247644,37.97659581911392,123.0,54.0,0.959948345780058
2025-11-22 06:00:00,R5,46.318584723420514,118,2,Local,True,26.9,21.0,33.0,0.0,9.1,1017.3,0,0,59,6,5,1,0,0,0,1.0,6.123233995736766e-17,41.7648585745267,39.38516937076795,120.66666666666667,59.0,1.1579646180855128
2025-11-22 07:00:00,R5,29.464157178011988,88,2,Local,True,26.9,21.0,33.0,0.0,9.1,1017.3,0,0,59,7,5,1,1,0,1,0.9659258262890684,-0.2588190451025206,38.06022524421161,38.308358741905224,104.66666666666667,44.0,0.7366039294502997
2025-11-22 08:00:00,R5,17.612169317087528,88,2,Local,True,26.9,21.0,33.0,0.0,9.1,1017.3,0,0,59,8,5,1,1,0,1,0.8660254037844387,-0.4999999999999998,31.13163707284001,34.90997661265823,98.0,44.0,0.4403042329271882
2025-11-22 09:00:00,R5,25.5960458472802,64,2,Local,True,26.9,21.0,33.0,0.0,9.1,1017.3,0,0,59,9,5,1,1,0,1,0.7071067811865476,-0.7071067811865475,24.224124114126578,32.99449134432663,80.0,32.0,0.639901146182005
2025-11-22 10:00:00,R5,22.8280616018748,71,2,Local,True,26.9,21.0,33.0,0.0,9.1,1017.3,0,0,59,10,5,1,1,0,1,0.4999999999999999,-0.8660254037844387,22.012092255414178,30.036158749812888,74.33333333333333,35.5,0.57070154004687
2025-11-22 11:00:00,R5,38.3637125766163,105,2,Local,True,26.9,21.0,33.0,0.0,9.1,1017.3,0,0,59,11,5,1,0,0,0,0.258819045102521,-0.9659258262890682,28.92927334192377,30.030455207381888,80.0,52.5,0.9590928144154075
2025-11-22 12:00:00,R5,32.57082576216739,142,2,Local,True,26.9,21.0,33.0,0.0,9.1,1017.3,0,0,59,12,5,1,0,0,0,1.2246467991473532e-16,-1.0,31.2541999802195,27.739162047173036,106.0,71.0,0.8142706440541847
2025-11-22 13:00:00,R5,42.2633740227574,115,2,Local,True,26.9,21.0,33.0,0.0,9.1,1017.3,0,0,59,13,5,1,0,0,0,-0.2588190451025208,-0.9659258262890684,37.73263745384704,29.872364854630604,120.66666666666667,57.5,1.056584350568935
2025-11-22 14:00:00,R5,39.69496690117808,108,2,Local,True,26.9,21.0,33.0,0.0,9.1,1017.3,0,0,59,14,5,1,0,0,0,-0.4999999999999997,-0.8660254037844388,38.17638889536763,33.55283111864569,121.66666666666667,54.0,0.9923741725294519
2025-11-22 15:00:00,R5,39.35571932268377,138,2,Local,True,26.9,21.0,33.0,0.0,9.1,1017.3,0,0,59,15,5,1,0,0,0,-0.7071067811865471,-0.7071067811865479,40.438020082206414,35.84611003121296,120.33333333333333,69.0,0.9838929830670942
2025-11-22 16:00:00,R5,38.9963490416046,148,2,Local,True,26.9,21.0,33.0,0.0,9.1,1017.3,0,0,59,16,5,1,0,0,0,-0.8660254037844384,-0.5000000000000004,39.34901175515549,38.54082460450125,131.33333333333334,74.0,0.974908726040115
2025-11-22 17:00:00,R5,25.901348560398507,93,2,Local,True,26.9,21.0,33.0,0.0,9.1,1017.3,0,0,59,17,5,1,0,1,1,-0.9659258262890684,-0.2588190451025206,34.75113897489563,36.463763935131624,126.33333333333333,46.5,0.6475337140099626
2025-11-22 18:00:00,R5,20.27653223990506,67,2,Local,True,26.9,21.0,33.0,0.0,9.1,1017.3,0,0,59,18,5,1,0,1,1,-1.0,-1.8369701987210294e-16,28.391409947302723,34.41471501475457,102.66666666666667,33.5,0.5069133059976265
2025-11-22 19:00:00,R5,20.452396024087733,105,2,Local,True,26.9,21.0,33.0,0.0,9.1,1017.3,0,0,59,19,5,1,0,1,1,-0.9659258262890684,0.2588190451025203,22.210092274797105,30.77955201497629,88.33333333333333,52.5,0.5113099006021933
2025-11-22 20:00:00,R5,10.139870593658118,84,2,Local,True,26.9,21.0,33.0,0.0,9.1,1017.3,0,0,59,20,5,1,0,1,1,-0.8660254037844386,0.5000000000000001,16.956266285883643,25.853702630389634,85.33333333333333,42.0,0.25349676484145295
2025-11-22 21:00:00,R5,39.05974873985717,102,2,Local,True,26.9,21.0,33.0,0.0,9.1,1017.3,0,0,59,21,5,1,0,0,0,-0.7071067811865477,0.7071067811865474,23.217338452534346,25.80437419991853,97.0,51.0,0.9764937184964293
2025-11-22 22:00:00,R5,44.21978445010342,144,2,Local,True,26.9,21.0,33.0,0.0,9.1,1017.3,0,0,59,22,5,1,0,0,0,-0.5000000000000004,0.8660254037844384,31.13980126120624,26.67494676800167,110.0,72.0,1.1054946112525854
2025-11-22 23:00:00,R5,32.35354999167943,128,2,Local,True,26.9,21.0,33.0,0.0,9.1,1017.3,0,0,59,23,5,1,0,0,0,-0.2588190451025215,0.965925826289068,38.54436106054668,27.750313673215157,124.66666666666667,64.0,0.8088387497919858
2025-11-23 00:00:00,R5,40.42240456929977,123,2,Local,True,26.6,21.0,32.0,0.0,8.8,1016.9,0,0,59,0,6,1,0,0,0,0.0,1.0,38.998579670360876,31.107959061447605,131.66666666666666,61.5,1.0105601142324943
2025-11-23 01:00:00,R5,41.02117745324016,137,2,Local,True,26.6,21.0,32.0,0.0,8.8,1016.9,0,0,59,1,6,1,0,0,0,0.2588190451025207,0.9659258262890684,37.93237733807313,34.53608929963968,129.33333333333334,68.5,1.0255294363310041
2025-11-23 02:00:00,R5,42.6666951016766,118,2,Local,True,26.6,21.0,32.0,0.0,8.8,1016.9,0,0,59,2,6,1,0,0,0,0.4999999999999999,0.8660254037844387,41.37009237473885,39.95722671764276,126.0,59.0,1.066667377541915
2025-11-23 03:00:00,R5,40.30743587587092,110,2,Local,True,26.6,21.0,32.0,0.0,8.8,1016.9,0,0,59,3,6,1,0,0,0,0.7071067811865476,0.7071067811865476,41.33176947692923,40.165174573645054,121.66666666666667,55.0,1.007685896896773
2025-11-23 04:00:00,R5,37.527416831591125,101,2,Local,True,26.6,21.0,32.0,0.0,8.8,1016.9,0,0,59,4,6,1,0,0,0,0.8660254037844386,0.5000000000000001,40.16718260304622,39.049779970559676,109.66666666666667,50.5,0.9381854207897782
2025-11-23 05:00:00,R5,40.56327695299024,119,2,Local,True,26.6,21.0,32.0,0.0,8.8,1016.9,0,0,59,5,6,1,0,0,0,0.9659258262890684,0.2588190451025207,39.466043220150766,40.418067797444806,110.0,59.5,1.014081923824756
2025-11-23 06:00:00,R5,39.0770139644015,146,2,Local,True,26.6,21.0,32.0,0.0,8.8,1016.9,0,0,59,6,6,1,0,0,0,1.0,6.123233995736766e-17,39.05590258299429,40.19383602996176,122.0,73.0,0.9769253491100376
2025-11-23 07:00:00,R5,21.351655073103714,105,2,Local,True,26.6,21.0,32.0,0.0,8.8,1016.9,0,0,59,7,6,1,1,0,1,0.9659258262890684,-0.2588190451025206,33.66398199683183,36.91558229993902,123.33333333333333,52.5,0.5337913768275928
2025-11-23 08:00:00,R5,28.452912956840184,103,2,Local,True,26.6,21.0,32.0,0.0,8.8,1016.9,0,0,59,8,6,1,1,0,1,0.8660254037844387,-0.4999999999999998,29.627193998115136,34.54661860913295,118.0,51.5,0.7113228239210045
2025-11-23 09:00:00,R5,25.40539839800136,98,2,Local,True,26.6,21.0,32.0,0.0,8.8,1016.9,0,0,59,9,6,1,1,0,1,0.7071067811865476,-0.7071067811865475,25.06998880931509,32.062945696154685,102.0,49.0,0.635134959950034
2025-11-23 10:00:00,R5,19.278655768818965,71,2,Local,True,26.6,21.0,32.0,0.0,8.8,1016.9,0,0,59,10,6,1,1,0,1,0.4999999999999999,-0.8660254037844387,24.378989041220176,29.021485519025997,90.66666666666667,35.5,0.4819663942204741
2025-11-23 11:00:00,R5,44.03698628105816,141,2,Local,True,26.6,21.0,32.0,0.0,8.8,1016.9,0,0,59,11,6,1,0,0,0,0.258819045102521,-0.9659258262890682,29.573680149292837,29.600437073703983,103.33333333333333,70.5,1.1009246570264541
2025-11-23 12:00:00,R5,45.09140145277175,141,2,Local,True,26.6,21.0,32.0,0.0,8.8,1016.9,0,0,59,12,6,1,0,0,0,1.2246467991473532e-16,-1.0,36.13568116754963,30.602834988432353,117.66666666666667,70.5,1.1272850363192937
2025-11-23 13:00:00,R5,40.9797212640788,101,2,Local,True,26.6,21.0,32.0,0.0,8.8,1016.9,0,0,59,13,6,1,0,0,0,-0.2588190451025208,-0.9659258262890684,43.36936966596957,33.87417935359487,127.66666666666667,50.5,1.02449303160197
2025-11-23 14:00:00,R5,49.3835299534972,144,2,Local,True,26.6,21.0,32.0,0.0,8.8,1016.9,0,0,59,14,6,1,0,0,0,-0.4999999999999997,-0.8660254037844388,45.15155089011592,37.36261551970437,128.66666666666666,72.0,1.23458824883743
2025-11-23 15:00:00,R5,39.889721098357576,132,2,Local,True,26.6,21.0,32.0,0.0,8.8,1016.9,0,0,59,15,6,1,0,0,0,-0.7071067811865471,-0.7071067811865479,43.41765743864453,39.77666930309707,125.66666666666667,66.0,0.9972430274589394
2025-11-23 16:00:00,R5,35.43557764908888,123,2,Local,True,26.6,21.0,32.0,0.0,8.8,1016.9,0,0,59,16,6,1,0,0,0,-0.8660254037844384,-0.5000000000000004,41.56960956698123,42.46948961647539,133.0,61.5,0.8858894412272219
2025-11-23 17:00:00,R5,21.80618039608487,99,2,Local,True,26.6,21.0,32.0,0.0,8.8,1016.9,0,0,59,17,6,1,0,1,1,-0.9659258262890684,-0.2588190451025206,32.37715971451045,38.764355302313184,118.0,49.5,0.5451545099021218
2025-11-23 18:00:00,R5,20.49978318958003,92,2,Local,True,26.6,21.0,32.0,0.0,8.8,1016.9,0,0,59,18,6,1,0,1,1,-1.0,-1.8369701987210294e-16,25.913847078251262,34.66575225844789,104.66666666666667,46.0,0.5124945797395007
2025-11-23 19:00:00,R5,26.79036225800622,64,2,Local,True,26.6,21.0,32.0,0.0,8.8,1016.9,0,0,59,19,6,1,0,1,1,-0.9659258262890684,0.2588190451025203,23.032108614557046,32.30085909076913,85.0,32.0,0.6697590564501554
2025-11-23 20:00:00,R5,20.68715785745121,107,2,Local,True,26.6,21.0,32.0,0.0,8.8,1016.9,0,0,59,20,6,1,0,1,1,-0.8660254037844386,0.5000000000000001,22.65910110167916,27.518130408094795,87.66666666666667,53.5,0.5171789464362803
2025-11-23 21:00:00,R5,44.91107964033903,102,2,Local,True,26.6,21.0,32.0,0.0,8.8,1016.9,0,0,59,21,6,1,0,0,0,-0.7071067811865477,0.7071067811865474,30.796199918598827,28.35502349842504,91.0,51.0,1.1227769910084757
2025-11-23 22:00:00,R5,30.72795245997971,132,2,Local,True,26.6,21.0,32.0,0.0,8.8,1016.9,0,0,59,22,6,1,0,0,0,-0.5000000000000004,0.8660254037844384,32.108729985923326,27.57041930024018,113.66666666666667,66.0,0.7681988114994928
2025-11-23 23:00:00,R5,40.72437791787701,137,2,Local,True,26.6,21.0,32.0,0.0,8.8,1016.9,0,0,59,23,6,1,0,0,0,-0.2588190451025215,0.965925826289068,38.787803339398586,30.72345222053887,123.66666666666667,68.5,1.0181094479469253
2025-11-24 00:00:00,R5,46.55691355907753,123,2,Local,True,26.5,22.0,31.0,0.0,10.0,1016.7,0,0,59,0,0,0,0,0,0,0.0,1.0,39.33641464564476,35.066307282121784,130.66666666666666,61.5,1.1639228389769383
2025-11-24 01:00:00,R5,30.61032454063102,116,2,Local,True,26.5,22.0,31.0,0.0,10.0,1016.7,0,0,59,1,0,0,0,0,0,0.2588190451025207,0.9659258262890684,39.29720533919519,35.70296766255925,125.33333333333333,58.0,0.7652581135157754
2025-11-24 02:00:00,R5,47.10708338388903,103,2,Local,True,26.5,22.0,31.0,0.0,10.0,1016.7,0,0,59,2,0,0,0,0,0,0.4999999999999999,0.8660254037844387,41.42477382786586,40.10628858363222,114.0,51.5,1.1776770845972258
2025-11-24 03:00:00,R5,46.04334622164051,104,2,Local,True,26.5,22.0,31.0,0.0,10.0,1016.7,0,0,59,3,0,0,0,0,0,0.7071067811865476,0.7071067811865476,41.25358471538686,40.2949996805158,107.66666666666667,52.0,1.1510836555410129
2025-11-24 04:00:00,R5,37.188137977600576,142,2,Local,True,26.5,22.0,31.0,0.0,10.0,1016.7,0,0,59,4,0,0,0,0,0,0.8660254037844386,0.5000000000000001,43.44618919437671,41.371697266785944,116.33333333333333,71.0,0.9297034494400144
2025-11-24 05:00:00,R5,40.80098373022929,107,2,Local,True,26.5,22.0,31.0,0.0,10.0,1016.7,0,0,59,5,0,0,0,0,0,0.9659258262890684,0.2588190451025207,41.34415597649013,41.384464902177996,117.66666666666667,53.5,1.0200245932557324
2025-11-24 06:00:00,R5,34.201702967888544,139,2,Local,True,26.5,22.0,31.0,0.0,10.0,1016.7,0,0,59,6,0,0,0,0,0,1.0,6.123233995736766e-17,37.39694155857281,39.32526313697983,129.33333333333334,69.5,0.8550425741972136
2025-11-24 07:00:00,R5,24.51039859264758,104,2,Local,True,26.5,22.0,31.0,0.0,10.0,1016.7,0,0,59,7,0,0,1,0,1,0.9659258262890684,-0.2588190451025206,33.17102843025514,38.308608812315924,116.66666666666667,52.0,0.6127599648161894
2025-11-24 08:00:00,R5,28.649845129660683,67,2,Local,True,26.5,22.0,31.0,0.0,10.0,1016.7,0,0,59,8,0,0,1,0,1,0.8660254037844387,-0.4999999999999998,29.120648896732273,35.232402436611196,103.33333333333333,33.5,0.7162461282415171
2025-11-24 09:00:00,R5,15.283950973046416,105,2,Local,True,26.5,22.0,31.0,0.0,10.0,1016.7,0,0,59,9,0,0,1,0,1,0.7071067811865476,-0.7071067811865475,22.814731565118233,30.10583656184551,92.0,52.5,0.3820987743261604
2025-11-24 10:00:00,R5,21.065064341418832,100,2,Local,True,26.5,22.0,31.0,0.0,10.0,1016.7,0,0,59,10,0,0,1,0,1,0.4999999999999999,-0.8660254037844387,21.666286814708652,27.418657622481888,90.66666666666667,50.0,0.5266266085354708
2025-11-24 11:00:00,R5,45.18043466522309,148,2,Local,True,26.5,22.0,31.0,0.0,10.0,1016.7,0,0,59,11,0,0,0,0,0,0.258819045102521,-0.9659258262890682,27.176483326562785,28.148566111647522,117.66666666666667,74.0,1.1295108666305773
2025-11-24 12:00:00,R5,42.41621599991389,107,2,Local,True,26.5,22.0,31.0,0.0,10.0,1016.7,0,0,59,12,0,0,0,0,0,1.2246467991473532e-16,-1.0,36.22057166885194,29.51765161698508,118.33333333333333,53.5,1.060405399997847
2025-11-24 13:00:00,R5,37.188033269935104,113,2,Local,True,26.5,22.0,31.0,0.0,10.0,1016.7,0,0,59,13,0,0,0,0,0,-0.2588190451025208,-0.9659258262890684,41.594894645024034,31.630590729866338,122.66666666666667,56.5,0.9297008317483776
2025-11-24 14:00:00,R5,37.12389396092473,146,2,Local,True,26.5,22.0,31.0,0.0,10.0,1016.7,0,0,59,14,0,0,0,0,0,-0.4999999999999997,-0.8660254037844388,38.90938107692458,33.042932201743675,122.0,73.0,0.9280973490231184
2025-11-24 15:00:00,R5,34.57533798157272,131,2,Local,True,26.5,22.0,31.0,0.0,10.0,1016.7,0,0,59,15,0,0,0,0,0,-0.7071067811865471,-0.7071067811865479,36.295755070810856,36.2581633698314,130.0,65.5,0.8643834495393181
2025-11-24 16:00:00,R5,35.229122576418206,102,2,Local,True,26.5,22.0,31.0,0.0,10.0,1016.7,0,0,59,16,0,0,0,0,0,-0.8660254037844384,-0.5000000000000004,35.64278483963856,38.618839742331296,126.33333333333333,51.0,0.8807280644104551
2025-11-24 17:00:00,R5,26.41194049359404,99,2,Local,True,26.5,22.0,31.0,0.0,10.0,1016.7,0,0,59,17,0,0,0,1,1,-0.9659258262890684,-0.2588190451025206,32.07213368386166,35.49075738039312,110.66666666666667,49.5,0.660298512339851
2025-11-24 18:00:00,R5,26.699454334458405,66,2,Local,True,26.5,22.0,31.0,0.0,10.0,1016.7,0,0,59,18,0,0,0,1,1,-1.0,-1.8369701987210294e-16,29.446839134823552,32.8712971028172,89.0,33.0,0.6674863583614601
2025-11-24 19:00:00,R5,30.70740457234889,94,2,Local,True,26.5,22.0,31.0,0.0,10.0,1016.7,0,0,59,19,0,0,0,1,1,-0.9659258262890684,0.2588190451025203,27.93959980013378,31.791192319886168,86.33333333333333,47.0,0.7676851143087222
2025-11-24 20:00:00,R5,18.83603949821265,63,2,Local,True,26.5,22.0,31.0,0.0,10.0,1016.7,0,0,59,20,0,0,0,1,1,-0.8660254037844386,0.5000000000000001,25.414299468339987,28.74321657610082,74.33333333333333,31.5,0.4709009874553162
2025-11-24 21:00:00,R5,36.7429399804485,144,2,Local,True,26.5,22.0,31.0,0.0,10.0,1016.7,0,0,59,21,0,0,0,0,0,-0.7071067811865477,0.7071067811865474,28.762128017003352,29.104483575913445,100.33333333333333,72.0,0.9185734995112125
2025-11-24 22:00:00,R5,33.96046210673963,141,2,Local,True,26.5,22.0,31.0,0.0,10.0,1016.7,0,0,59,22,0,0,0,0,0,-0.5000000000000004,0.8660254037844384,29.84648052846693,28.89304016430035,116.0,70.5,0.8490115526684907
2025-11-24 23:00:00,R5,39.129958684162894,103,2,Local,True,26.5,22.0,31.0,0.0,10.0,1016.7,0,0,59,23,0,0,0,0,0,-0.2588190451025215,0.965925826289068,36.611120257117015,31.01270986272849,129.33333333333334,51.5,0.9782489671040724
2025-11-25 00:00:00,R5,31.480342167900456,141,2,Local,True,25.6,21.0,31.0,0.0,10.4,1017.2,0,0,59,0,1,0,0,0,0,0.0,1.0,34.85692098626767,31.809524501635497,128.33333333333334,70.5,0.7870085541975114
2025-11-25 01:00:00,R5,46.38852098906743,132,2,Local,True,25.6,21.0,31.0,0.0,10.4,1017.2,0,0,59,1,1,0,0,0,0,0.2588190451025207,0.9659258262890684,38.999607280376935,34.423043904421924,125.33333333333333,66.0,1.1597130247266858
2025-11-25 02:00:00,R5,42.29583651891395,128,2,Local,True,25.6,21.0,31.0,0.0,10.4,1017.2,0,0,59,2,1,0,0,0,0,0.4999999999999999,0.8660254037844387,40.054899891960616,38.33301007453881,133.66666666666666,64.0,1.0573959129728487
2025-11-25 03:00:00,R5,30.57368465683406,103,2,Local,True,25.6,21.0,31.0,0.0,10.4,1017.2,0,0,59,3,1,0,0,0,0,0.7071067811865476,0.7071067811865476,39.75268072160515,37.304800853936406,121.0,51.5,0.7643421164208515
2025-11-25 04:00:00,R5,43.630055987315,133,2,Local,True,25.6,21.0,31.0,0.0,10.4,1017.2,0,0,59,4,1,0,0,0,0,0.8660254037844386,0.5000000000000001,38.83319238768768,38.9163998340323,121.33333333333333,66.5,1.0907513996828748
2025-11-25 05:00:00,R5,37.50875520475398,126,2,Local,True,25.6,21.0,31.0,0.0,10.4,1017.2,0,0,59,5,1,0,0,0,0,0.9659258262890684,0.2588190451025207,37.237498616301025,38.64619925413081,120.66666666666667,63.0,0.9377188801188495
2025-11-25 06:00:00,R5,40.99732500201816,143,2,Local,True,25.6,21.0,31.0,0.0,10.4,1017.2,0,0,59,6,1,0,0,0,0,1.0,6.123233995736766e-17,40.712045398029055,40.2323630598171,134.0,71.5,1.0249331250504539
2025-11-25 07:00:00,R5,28.42258517929506,65,2,Local,True,25.6,21.0,31.0,0.0,10.4,1017.2,0,0,59,7,1,0,1,0,1,0.9659258262890684,-0.2588190451025206,35.642888462022405,37.238040424855036,111.33333333333333,32.5,0.7105646294823764
2025-11-25 08:00:00,R5,24.66855779835395,93,2,Local,True,25.6,21.0,31.0,0.0,10.4,1017.2,0,0,59,8,1,0,1,0,1,0.8660254037844387,-0.4999999999999998,31.362822659889066,34.30016063809503,100.33333333333333,46.5,0.6167139449588488
2025-11-25 09:00:00,R5,23.92083544759768,88,2,Local,True,25.6,21.0,31.0,0.0,10.4,1017.2,0,0,59,9,1,0,1,0,1,0.7071067811865476,-0.7071067811865475,25.670659475082243,33.19135243655564,82.0,44.0,0.598020886189942
2025-11-25 10:00:00,R5,19.37271292932636,105,2,Local,True,25.6,21.0,31.0,0.0,10.4,1017.2,0,0,59,10,1,0,1,0,1,0.4999999999999999,-0.8660254037844387,22.65403539175934,29.14846192689087,95.33333333333333,52.5,0.48431782323315903
2025-11-25 11:00:00,R5,39.287307741126426,106,2,Local,True,25.6,21.0,31.0,0.0,10.4,1017.2,0,0,59,11,1,0,0,0,0,0.258819045102521,-0.9659258262890682,27.526952039350164,29.44488734961961,99.66666666666667,53.0,0.9821826935281607
2025-11-25 12:00:00,R5,43.64960641033868,140,2,Local,True,25.6,21.0,31.0,0.0,10.4,1017.2,0,0,59,12,1,0,0,0,0,1.2246467991473532e-16,-1.0,34.1032090269305,29.886934251006362,117.0,70.0,1.091240160258467
2025-11-25 13:00:00,R5,38.99393497406801,120,2,Local,True,25.6,21.0,31.0,0.0,10.4,1017.2,0,0,59,13,1,0,0,0,0,-0.2588190451025208,-0.9659258262890684,40.643616375177714,31.648825883468515,122.0,60.0,0.9748483743517002
2025-11-25 14:00:00,R5,47.89193450710368,125,2,Local,True,25.6,21.0,31.0,0.0,10.4,1017.2,0,0,59,14,1,0,0,0,0,-0.4999999999999997,-0.8660254037844388,43.511825297170134,35.51938866826014,128.33333333333334,62.5,1.197298362677592
2025-11-25 15:00:00,R5,42.20745409372416,144,2,Local,True,25.6,21.0,31.0,0.0,10.4,1017.2,0,0,59,15,1,0,0,0,0,-0.7071067811865471,-0.7071067811865479,43.03110785829862,38.567158442614556,129.66666666666666,72.0,1.055186352343104
2025-11-25 16:00:00,R5,43.69081870260435,115,2,Local,True,25.6,21.0,31.0,0.0,10.4,1017.2,0,0,59,16,1,0,0,0,0,-0.8660254037844384,-0.5000000000000004,44.59673576781074,42.620176071494214,128.0,57.5,1.092270467565109
2025-11-25 17:00:00,R5,24.027456419262844,102,2,Local,True,25.6,21.0,31.0,0.0,10.4,1017.2,0,0,59,17,1,0,0,1,1,-0.9659258262890684,-0.2588190451025206,36.641909738530465,40.07686751785029,120.33333333333333,51.0,0.6006864104815711
2025-11-25 18:00:00,R5,14.909231380542291,109,2,Local,True,25.6,21.0,31.0,0.0,10.4,1017.2,0,0,59,18,1,0,0,1,1,-1.0,-1.8369701987210294e-16,27.542502167469838,35.28680501288422,108.66666666666667,54.5,0.3727307845135573
2025-11-25 19:00:00,R5,26.783374002339727,71,2,Local,True,25.6,21.0,31.0,0.0,10.4,1017.2,0,0,59,19,1,0,0,1,1,-0.9659258262890684,0.2588190451025203,21.90668726738163,33.25171151759618,94.0,35.5,0.6695843500584931
2025-11-25 20:00:00,R5,26.198470073305344,99,2,Local,True,25.6,21.0,31.0,0.0,10.4,1017.2,0,0,59,20,1,0,0,1,1,-0.8660254037844386,0.5000000000000001,22.6303584853958,29.63613411196312,93.0,49.5,0.6549617518326336
2025-11-25 21:00:00,R5,38.4511314270421,107,2,Local,True,25.6,21.0,31.0,0.0,10.4,1017.2,0,0,59,21,1,0,0,0,0,-0.7071067811865477,0.7071067811865474,30.477658500895732,29.010080334182774,92.33333333333333,53.5,0.9612782856760524
2025-11-25 22:00:00,R5,39.97590887119133,140,2,Local,True,25.6,21.0,31.0,0.0,10.4,1017.2,0,0,59,22,1,0,0,0,0,-0.5000000000000004,0.8660254037844384,34.87517012384627,28.39092869561394,115.33333333333333,70.0,0.9993977217797833
2025-11-25 23:00:00,R5,41.18922328600578,114,2,Local,True,25.6,21.0,31.0,0.0,10.4,1017.2,0,0,59,23,1,0,0,0,0,-0.2588190451025215,0.965925826289068,39.87208786141308,31.25122317340443,120.33333333333333,57.0,1.0297305821501443
2025-11-26 00:00:00,R5,42.037560820455695,110,2,Local,True,25.3,20.0,30.0,0.0,9.7,1016.5,0,0,59,0,2,0,0,0,0,0.0,1.0,41.06756432588428,35.772611413389996,121.33333333333333,55.0,1.0509390205113924
2025-11-26 01:00:00,R5,42.56607829665264,148,2,Local,True,25.3,20.0,30.0,0.0,9.7,1016.5,0,0,59,1,2,0,0,0,0,0.2588190451025207,0.9659258262890684,41.93095413437138,38.40306212910881,124.0,74.0,1.064151957416316
2025-11-26 02:00:00,R5,32.75750804558654,103,2,Local,True,25.3,20.0,30.0,0.0,9.7,1016.5,0,0,59,2,2,0,0,0,0,0.4999999999999999,0.8660254037844387,39.120382387564966,39.49623512448901,120.33333333333333,51.5,0.8189377011396635
2025-11-26 03:00:00,R5,33.12012536744801,100,2,Local,True,25.3,20.0,30.0,0.0,9.7,1016.5,0,0,59,3,2,0,0,0,0,0.7071067811865476,0.7071067811865476,36.14790390322907,38.60773411455667,117.0,50.0,0.8280031341862003
2025-11-26 04:00:00,R5,37.24720913774317,121,2,Local,True,25.3,20.0,30.0,0.0,9.7,1016.5,0,0,59,4,2,0,0,0,0,0.8660254037844386,0.5000000000000001,34.374947516925914,38.15295082564864,108.0,60.5,0.9311802284435793
2025-11-26 05:00:00,R5,35.461067402379555,117,2,Local,True,25.3,20.0,30.0,0.0,9.7,1016.5,0,0,59,5,2,0,0,0,0,0.9659258262890684,0.2588190451025207,35.276133969190255,37.19825817837761,112.66666666666667,58.5,0.8865266850594888
2025-11-26 06:00:00,R5,39.84186719236957,106,2,Local,True,25.3,20.0,30.0,0.0,9.7,1016.5,0,0,59,6,2,0,0,0,0,1.0,6.123233995736766e-17,37.516714577497446,36.832309240363244,114.66666666666667,53.0,0.9960466798092392
2025-11-26 07:00:00,R5,24.36634046554889,61,2,Local,True,25.3,20.0,30.0,0.0,9.7,1016.5,0,0,59,7,2,0,1,0,1,0.9659258262890684,-0.2588190451025206,33.22309168676602,33.799019601845956,94.66666666666667,30.5,0.6091585116387223
2025-11-26 08:00:00,R5,22.09190790681633,102,2,Local,True,25.3,20.0,30.0,0.0,9.7,1016.5,0,0,59,8,2,0,1,0,1,0.8660254037844387,-0.4999999999999998,28.76670518824494,32.02141957871759,89.66666666666667,51.0,0.5522976976704083
2025-11-26 09:00:00,R5,18.16101355913665,106,2,Local,True,25.3,20.0,30.0,0.0,9.7,1016.5,0,0,59,9,2,0,1,0,1,0.7071067811865476,-0.7071067811865475,21.539753977167297,29.528234277332363,89.66666666666667,53.0,0.45402533897841624
2025-11-26 10:00:00,R5,14.71398815679924,92,2,Local,True,25.3,20.0,30.0,0.0,9.7,1016.5,0,0,59,10,2,0,1,0,1,0.4999999999999999,-0.8660254037844387,18.322303207584085,25.772697447175045,100.0,46.0,0.367849703919981
2025-11-26 11:00:00,R5,43.82188192446244,125,2,Local,True,25.3,20.0,30.0,0.0,9.7,1016.5,0,0,59,11,2,0,0,0,0,0.258819045102521,-0.9659258262890682,25.56562788013279,27.166166534188857,107.66666666666667,62.5,1.095547048111561
2025-11-26 12:00:00,R5,33.10503412973559,119,2,Local,True,25.3,20.0,30.0,0.0,9.7,1016.5,0,0,59,12,2,0,0,0,0,1.2246467991473532e-16,-1.0,30.546968070332436,26.043361023749856,112.0,59.5,0.8276258532433898
2025-11-26 13:00:00,R5,35.64485392057375,122,2,Local,True,25.3,20.0,30.0,0.0,9.7,1016.5,0,0,59,13,2,0,0,0,0,-0.2588190451025208,-0.9659258262890684,37.523923324923935,27.923113266254003,122.0,61.0,0.8911213480143438
2025-11-26 14:00:00,R5,37.723262381599305,115,2,Local,True,25.3,20.0,30.0,0.0,9.7,1016.5,0,0,59,14,2,0,0,0,0,-0.4999999999999997,-0.8660254037844388,35.49105014396957,30.528339012051163,118.66666666666667,57.5,0.9430815595399826
2025-11-26 15:00:00,R5,42.50481381278863,118,2,Local,True,25.3,20.0,30.0,0.0,9.7,1016.5,0,0,59,15,2,0,0,0,0,-0.7071067811865471,-0.7071067811865479,38.62431003832057,34.58563905432649,118.33333333333333,59.0,1.0626203453197158
2025-11-26 16:00:00,R5,37.101205760012064,130,2,Local,True,25.3,20.0,30.0,0.0,9.7,1016.5,0,0,59,16,2,0,0,0,0,-0.8660254037844384,-0.5000000000000004,39.10976065146668,38.3168419881953,121.0,65.0,0.9275301440003016
2025-11-26 17:00:00,R5,27.02799206901784,86,2,Local,True,25.3,20.0,30.0,0.0,9.7,1016.5,0,0,59,17,2,0,0,1,1,-0.9659258262890684,-0.2588190451025206,35.54467054727286,35.517860345621195,111.33333333333333,43.0,0.6756998017254461
2025-11-26 18:00:00,R5,29.21714298818643,102,2,Local,True,25.3,20.0,30.0,0.0,9.7,1016.5,0,0,59,18,2,0,0,1,1,-1.0,-1.8369701987210294e-16,31.115446939072125,34.86987848869634,106.0,51.0,0.7304285747046608
2025-11-26 19:00:00,R5,21.675157146007585,102,2,Local,True,25.3,20.0,30.0,0.0,9.7,1016.5,0,0,59,19,2,0,0,1,1,-0.9659258262890684,0.2588190451025203,25.973430734403962,32.54159569293531,96.66666666666667,51.0,0.5418789286501896
2025-11-26 20:00:00,R5,20.85310133114557,105,2,Local,True,25.3,20.0,30.0,0.0,9.7,1016.5,0,0,59,20,2,0,0,1,1,-0.8660254037844386,0.5000000000000001,23.91513382177987,29.729902184526352,103.0,52.5,0.5213275332786392
2025-11-26 21:00:00,R5,29.19932710662089,131,2,Local,True,25.3,20.0,30.0,0.0,9.7,1016.5,0,0,59,21,2,0,0,0,0,-0.7071067811865477,0.7071067811865474,23.90919519459136,27.51232106683173,112.66666666666667,65.5,0.7299831776655222
2025-11-26 22:00:00,R5,39.11239386577446,109,2,Local,True,25.3,20.0,30.0,0.0,9.7,1016.5,0,0,59,22,2,0,0,0,0,-0.5000000000000004,0.8660254037844384,29.721607434513647,27.847519084458796,115.0,54.5,0.9778098466443614
2025-11-26 23:00:00,R5,31.34843569718341,122,2,Local,True,25.3,20.0,30.0,0.0,9.7,1016.5,0,0,59,23,2,0,0,0,0,-0.2588190451025215,0.965925826289068,33.22005222319293,28.567593022486392,120.66666666666667,61.0,0.7837108924295852
2025-11-27 00:00:00,R5,38.21418599673283,128,2,Local,True,25.2,21.0,29.0,0.0,8.8,1016.8,0,0,59,0,3,0,0,0,0,0.0,1.0,36.22500518656357,30.06710019057746,119.66666666666667,64.0,0.9553546499183208
2025-11-27 01:00:00,R5,34.7027283276891,109,2,Local,True,25.2,21.0,29.0,0.0,8.8,1016.8,0,0,59,1,3,0,0,0,0,0.2588190451025207,0.9659258262890684,34.75511667386846,32.23836205419104,119.66666666666667,54.5,0.8675682081922276
2025-11-27 02:00:00,R5,39.32174950573173,100,2,Local,True,25.2,21.0,29.0,0.0,8.8,1016.8,0,0,59,2,3,0,0,0,0,0.4999999999999999,0.8660254037844387,37.41288794338456,35.31647008328874,112.33333333333333,50.0,0.9830437376432932
2025-11-27 03:00:00,R5,39.08632443646156,142,2,Local,True,25.2,21.0,29.0,0.0,8.8,1016.8,0,0,59,3,3,0,0,0,0,0.7071067811865476,0.7071067811865476,37.70360075662747,36.964302971595515,117.0,71.0,0.977158110911539
2025-11-27 04:00:00,R5,40.332644237954206,139,2,Local,True,25.2,21.0,29.0,0.0,8.8,1016.8,0,0,59,4,3,0,0,0,0,0.8660254037844386,0.5000000000000001,39.580239393382506,37.16767803362547,127.0,69.5,1.0083161059488552
2025-11-27 05:00:00,R5,38.13930237408472,114,2,Local,True,25.2,21.0,29.0,0.0,8.8,1016.8,0,0,59,5,3,0,0,0,0,0.9659258262890684,0.2588190451025207,39.18609034950017,38.29948914644236,131.66666666666666,57.0,0.953482559352118
2025-11-27 06:00:00,R5,38.445827638736006,101,2,Local,True,25.2,21.0,29.0,0.0,8.8,1016.8,0,0,59,6,3,0,0,0,0,1.0,6.123233995736766e-17,38.972591416924985,38.33809608677622,118.0,50.5,0.9611456909684002
2025-11-27 07:00:00,R5,30.013821423782247,65,2,Local,True,25.2,21.0,29.0,0.0,8.8,1016.8,0,0,59,7,3,0,1,0,1,0.9659258262890684,-0.2588190451025206,35.532983812201,37.55661160279174,93.33333333333333,32.5,0.7503455355945562
2025-11-27 08:00:00,R5,24.45083132888288,86,2,Local,True,25.2,21.0,29.0,0.0,8.8,1016.8,0,0,59,8,3,0,1,0,1,0.8660254037844387,-0.4999999999999998,30.970160130467054,35.0781252399836,84.0,43.0,0.6112707832220721
2025-11-27 09:00:00,R5,24.974927403800898,70,2,Local,True,25.2,21.0,29.0,0.0,8.8,1016.8,0,0,59,9,3,0,1,0,1,0.7071067811865476,-0.7071067811865475,26.47986005215535,32.72622573454016,73.66666666666667,35.0,0.6243731850950225
2025-11-27 10:00:00,R5,28.486604816466738,97,2,Local,True,25.2,21.0,29.0,0.0,8.8,1016.8,0,0,59,10,3,0,1,0,1,0.4999999999999999,-0.8660254037844387,25.970787849716846,30.751885830958912,84.33333333333333,48.5,0.7121651204116685
2025-11-27 11:00:00,R5,33.667194960506095,147,2,Local,True,25.2,21.0,29.0,0.0,8.8,1016.8,0,0,59,11,3,0,0,0,0,0.258819045102521,-0.9659258262890682,29.042909060257916,30.006534595362478,104.66666666666667,73.5,0.8416798740126523
2025-11-27 12:00:00,R5,39.517061633016255,125,2,Local,True,25.2,21.0,29.0,0.0,8.8,1016.8,0,0,59,12,3,0,0,0,0,1.2246467991473532e-16,-1.0,33.89028713666304,30.185073594409186,123.0,62.5,0.9879265408254063
2025-11-27 13:00:00,R5,37.70633476838581,107,2,Local,True,25.2,21.0,29.0,0.0,8.8,1016.8,0,0,59,13,3,0,0,0,0,-0.2588190451025208,-0.9659258262890684,36.96353045396939,31.467159151843116,126.33333333333333,53.5,0.9426583692096452
2025-11-27 14:00:00,R5,39.04429793923682,101,2,Local,True,25.2,21.0,29.0,0.0,8.8,1016.8,0,0,59,14,3,0,0,0,0,-0.4999999999999997,-0.8660254037844388,38.7558981135463,33.8994035869021,111.0,50.5,0.9761074484809205
2025-11-27 15:00:00,R5,40.32256023889031,142,2,Local,True,25.2,21.0,29.0,0.0,8.8,1016.8,0,0,59,15,3,0,0,0,0,-0.7071067811865471,-0.7071067811865479,39.024397648837656,36.45734239275034,116.66666666666667,71.0,1.0080640059722579
2025-11-27 16:00:00,R5,43.88689927660258,130,2,Local,True,25.2,21.0,29.0,0.0,8.8,1016.8,0,0,59,16,3,0,0,0,0,-0.8660254037844384,-0.5000000000000004,41.08458581824325,39.02405813610631,124.33333333333333,65.0,1.0971724819150643
2025-11-27 17:00:00,R5,26.37220352668786,73,2,Local,True,25.2,21.0,29.0,0.0,8.8,1016.8,0,0,59,17,3,0,0,1,1,-0.9659258262890684,-0.2588190451025206,36.860554347393595,37.80822623046994,115.0,36.5,0.6593050881671965
2025-11-27 18:00:00,R5,22.60986709231421,100,2,Local,True,25.2,21.0,29.0,0.0,8.8,1016.8,0,0,59,18,3,0,0,1,1,-1.0,-1.8369701987210294e-16,30.956323298534887,34.990360473686266,101.0,50.0,0.5652466773078553
2025-11-27 19:00:00,R5,21.40907298849186,108,2,Local,True,25.2,21.0,29.0,0.0,8.8,1016.8,0,0,59,19,3,0,0,1,1,-0.9659258262890684,0.2588190451025203,23.46371453583132,32.27415017703727,93.66666666666667,54.0,0.5352268247122965
2025-11-27 20:00:00,R5,22.3018281140556,91,2,Local,True,25.2,21.0,29.0,0.0,8.8,1016.8,0,0,59,20,3,0,0,1,1,-0.8660254037844386,0.5000000000000001,22.106922731620568,29.48373853950707,99.66666666666667,45.5,0.5575457028513899
2025-11-27 21:00:00,R5,44.34399981602271,114,2,Local,True,25.2,21.0,29.0,0.0,8.8,1016.8,0,0,59,21,3,0,0,0,0,-0.7071067811865477,0.7071067811865474,29.3516336395234,30.15397846902913,104.33333333333333,57.0,1.1085999954005676
2025-11-27 22:00:00,R5,38.21324783817688,143,2,Local,True,25.2,21.0,29.0,0.0,8.8,1016.8,0,0,59,22,3,0,0,0,0,-0.5000000000000004,0.8660254037844384,34.95302525608508,29.208369895958185,116.0,71.5,0.9553311959544221
2025-11-27 23:00:00,R5,45.29857280187597,100,2,Local,True,25.2,21.0,29.0,0.0,8.8,1016.8,0,0,59,23,3,0,0,0,0,-0.2588190451025215,0.965925826289068,42.618606818691866,32.3627647751562,119.0,50.0,1.1324643200468993
2025-11-28 00:00:00,R5,34.34473068966092,133,2,Local,True,25.1,22.0,28.0,0.0,9.6,1017.8,0,0,59,0,4,0,0,0,0,0.0,1.0,39.285517109904596,34.318575374713994,125.33333333333333,66.5,0.858618267241523
2025-11-28 01:00:00,R5,38.560551021267344,106,2,Local,True,25.1,22.0,28.0,0.0,9.6,1017.8,0,0,59,1,4,0,0,0,0,0.2588190451025207,0.9659258262890684,39.40128483760142,37.17715504684324,113.0,53.0,0.9640137755316835
2025-11-28 02:00:00,R5,38.92303902826626,112,2,Local,True,25.1,22.0,28.0,0.0,9.6,1017.8,0,0,59,2,4,0,0,0,0,0.4999999999999999,0.8660254037844387,37.27610691306486,39.94735686587835,117.0,56.0,0.9730759757066565
2025-11-28 03:00:00,R5,36.912806992623615,121,2,Local,True,25.1,22.0,28.0,0.0,9.6,1017.8,0,0,59,3,4,0,0,0,0,0.7071067811865476,0.7071067811865476,38.13213234738575,38.70882472864516,113.0,60.5,0.9228201748155904
2025-11-28 04:00:00,R5,36.28553548208716,103,2,Local,True,25.1,22.0,28.0,0.0,9.6,1017.8,0,0,59,4,4,0,0,0,0,0.8660254037844386,0.5000000000000001,37.37379383432569,38.387539335963545,112.0,51.5,0.9071383870521791
2025-11-28 05:00:00,R5,42.66454441236259,105,2,Local,True,25.1,22.0,28.0,0.0,9.6,1017.8,0,0,59,5,4,0,0,0,0,0.9659258262890684,0.2588190451025207,38.620962295691136,37.94853460437798,109.66666666666667,52.5,1.0666136103090647
2025-11-28 06:00:00,R5,46.61169073287044,113,2,Local,True,25.1,22.0,28.0,0.0,9.6,1017.8,0,0,59,6,4,0,0,0,0,1.0,6.123233995736766e-17,41.85392354244007,39.9930279449129,107.0,56.5,1.165292268321761
2025-11-28 07:00:00,R5,23.85811807192141,68,2,Local,True,25.1,22.0,28.0,0.0,9.6,1017.8,0,0,59,7,4,0,1,0,1,0.9659258262890684,-0.2588190451025206,37.711451072384826,37.54262245335524,95.33333333333333,34.0,0.5964529517980353
2025-11-28 08:00:00,R5,28.740212919429325,77,2,Local,True,25.1,22.0,28.0,0.0,9.6,1017.8,0,0,59,8,4,0,1,0,1,0.8660254037844387,-0.4999999999999998,33.07000724140707,35.84548476854909,86.0,38.5,0.7185053229857331
2025-11-28 09:00:00,R5,28.193403184380152,82,2,Local,True,25.1,22.0,28.0,0.0,9.6,1017.8,0,0,59,9,4,0,1,0,1,0.7071067811865476,-0.7071067811865475,26.93057805857697,34.39225080050851,75.66666666666667,41.0,0.7048350796095038
2025-11-28 10:00:00,R5,24.03130227872195,87,2,Local,True,25.1,22.0,28.0,0.0,9.6,1017.8,0,0,59,10,4,0,1,0,1,0.4999999999999999,-0.8660254037844387,26.988306127510484,32.34987859994765,82.0,43.5,0.6007825569680487
2025-11-28 11:00:00,R5,42.70835269395704,134,2,Local,True,25.1,22.0,28.0,0.0,9.6,1017.8,0,0,59,11,4,0,0,0,0,0.258819045102521,-0.9659258262890682,31.64435271901972,32.35717998021338,101.0,67.0,1.067708817348926
2025-11-28 12:00:00,R5,40.74590682571703,115,2,Local,True,25.1,22.0,28.0,0.0,9.6,1017.8,0,0,59,12,4,0,0,0,0,1.2246467991473532e-16,-1.0,35.82852059946534,31.37954932902115,112.0,57.5,1.0186476706429257
2025-11-28 13:00:00,R5,42.94716314170421,145,2,Local,True,25.1,22.0,28.0,0.0,9.6,1017.8,0,0,59,13,4,0,0,0,0,-0.2588190451025208,-0.9659258262890684,42.13380755379277,34.56105684065162,131.33333333333334,72.5,1.0736790785426051
2025-11-28 14:00:00,R5,41.164348839508754,103,2,Local,True,25.1,22.0,28.0,0.0,9.6,1017.8,0,0,59,14,4,0,0,0,0,-0.4999999999999997,-0.8660254037844388,41.61913960231001,36.631746160664854,121.0,51.5,1.0291087209877188
2025-11-28 15:00:00,R5,36.21090955921076,149,2,Local,True,25.1,22.0,28.0,0.0,9.6,1017.8,0,0,59,15,4,0,0,0,0,-0.7071067811865471,-0.7071067811865479,40.10747384680792,37.96799722313663,132.33333333333334,74.5,0.905272738980269
2025-11-28 16:00:00,R5,39.30460963031648,118,2,Local,True,25.1,22.0,28.0,0.0,9.6,1017.8,0,0,59,16,4,0,0,0,0,-0.8660254037844384,-0.5000000000000004,38.89328934301201,40.513548448402375,123.33333333333333,59.0,0.982615240757912
2025-11-28 17:00:00,R5,18.927025523587616,102,2,Local,True,25.1,22.0,28.0,0.0,9.6,1017.8,0,0,59,17,4,0,0,1,1,-0.9659258262890684,-0.2588190451025206,31.480848237704958,36.54999392000747,123.0,51.0,0.47317563808969043
2025-11-28 18:00:00,R5,30.52804977830733,97,2,Local,True,25.1,22.0,28.0,0.0,9.6,1017.8,0,0,59,18,4,0,0,1,1,-1.0,-1.8369701987210294e-16,29.586561644070485,34.847017745439196,105.66666666666667,48.5,0.7632012444576832
2025-11-28 19:00:00,R5,35.47337608891864,85,2,Local,True,25.1,22.0,28.0,0.0,9.6,1017.8,0,0,59,19,4,0,0,1,1,-0.9659258262890684,0.2588190451025203,28.309483796937872,33.60138656997493,94.66666666666667,42.5,0.8868344022229661
2025-11-28 20:00:00,R5,21.15791877152757,80,2,Local,True,25.1,22.0,28.0,0.0,9.6,1017.8,0,0,59,20,4,0,0,1,1,-0.8660254037844386,0.5000000000000001,29.053114879584523,30.26698155864473,87.33333333333333,40.0,0.5289479692881892
2025-11-28 21:00:00,R5,38.61107555970053,114,2,Local,True,25.1,22.0,28.0,0.0,9.6,1017.8,0,0,59,21,4,0,0,0,0,-0.7071067811865477,0.7071067811865474,31.74745680671559,30.667009225393027,93.0,57.0,0.9652768889925133
2025-11-28 22:00:00,R5,40.53898576372292,102,2,Local,True,25.1,22.0,28.0,0.0,9.6,1017.8,0,0,59,22,4,0,0,0,0,-0.5000000000000004,0.8660254037844384,33.43599336498368,30.87273858096077,98.66666666666667,51.0,1.013474644093073
2025-11-28 23:00:00,R5,39.15760681090355,101,2,Local,True,25.1,22.0,28.0,0.0,9.6,1017.8,0,0,59,23,4,0,0,0,0,-0.2588190451025215,0.965925826289068,39.43588937810901,34.244502128846754,105.66666666666667,50.5,0.9789401702725888
2025-11-29 00:00:00,R5,39.69192003330085,116,2,Local,True,25.4,22.0,28.0,0.0,10.8,1016.8,0,0,59,0,5,1,0,0,0,0.0,1.0,39.796170869309115,35.77181383801234,106.33333333333333,58.0,0.9922980008325213
2025-11-29 01:00:00,R5,30.222496236859563,112,2,Local,True,25.4,22.0,28.0,0.0,10.8,1016.8,0,0,59,1,5,1,0,0,0,0.2588190451025207,0.9659258262890684,36.357341027021334,34.8966671960025,109.66666666666667,56.0,0.755562405921489
2025-11-29 02:00:00,R5,42.22418092989993,131,2,Local,True,25.4,22.0,28.0,0.0,10.8,1016.8,0,0,59,2,5,1,0,0,0,0.4999999999999999,0.8660254037844387,37.37953240002012,38.40771088906456,119.66666666666667,65.5,1.0556045232474982
2025-11-29 03:00:00,R5,43.58332104004513,137,2,Local,True,25.4,22.0,28.0,0.0,10.8,1016.8,0,0,59,3,5,1,0,0,0,0.7071067811865476,0.7071067811865476,38.676666068934885,39.23641846912199,126.66666666666667,68.5,1.089583026001128
2025-11-29 04:00:00,R5,36.21054405130972,140,2,Local,True,25.4,22.0,28.0,0.0,10.8,1016.8,0,0,59,4,5,1,0,0,0,0.8660254037844386,0.5000000000000001,40.67268200708494,38.51501151705312,136.0,70.0,0.905263601282743
2025-11-29 05:00:00,R5,39.14786145545187,124,2,Local,True,25.4,22.0,28.0,0.0,10.8,1016.8,0,0,59,5,5,1,0,0,0,0.9659258262890684,0.2588190451025207,39.64724218226891,38.51338729114451,133.66666666666666,62.0,0.9786965363862967
2025-11-29 06:00:00,R5,40.26487765142558,104,2,Local,True,25.4,22.0,28.0,0.0,10.8,1016.8,0,0,59,6,5,1,0,0,0,1.0,6.123233995736766e-17,38.5410943860624,38.60888022749864,122.66666666666667,52.0,1.0066219412856394
2025-11-29 07:00:00,R5,30.641432214878744,68,2,Local,True,25.4,22.0,28.0,0.0,10.8,1016.8,0,0,59,7,5,1,1,0,1,0.9659258262890684,-0.2588190451025206,36.68472377391874,38.67870289050183,98.66666666666667,34.0,0.7660358053719686
2025-11-29 08:00:00,R5,25.925206679257656,67,2,Local,True,25.4,22.0,28.0,0.0,10.8,1016.8,0,0,59,8,5,1,1,0,1,0.8660254037844387,-0.4999999999999998,32.277172181854006,35.96220718206145,79.66666666666667,33.5,0.6481301669814414
2025-11-29 09:00:00,R5,32.82445380354373,101,2,Local,True,25.4,22.0,28.0,0.0,10.8,1016.8,0,0,59,9,5,1,1,0,1,0.7071067811865476,-0.7071067811865475,29.797030899226723,34.16906264264455,78.66666666666667,50.5,0.8206113450885933
2025-11-29 10:00:00,R5,25.54203882284596,100,2,Local,True,25.4,22.0,28.0,0.0,10.8,1016.8,0,0,59,10,5,1,1,0,1,0.4999999999999999,-0.8660254037844387,28.097233101882455,32.39097843790059,89.33333333333333,50.0,0.638550970571149
2025-11-29 11:00:00,R5,47.22137047748511,130,2,Local,True,25.4,22.0,28.0,0.0,10.8,1016.8,0,0,59,11,5,1,0,0,0,0.258819045102521,-0.9659258262890682,35.19595436795828,33.73656327490613,110.33333333333333,65.0,1.1805342619371277
2025-11-29 12:00:00,R5,49.46578921777298,123,2,Local,True,25.4,22.0,28.0,0.0,10.8,1016.8,0,0,59,12,5,1,0,0,0,1.2246467991473532e-16,-1.0,40.74306617270136,35.27004853596403,117.66666666666667,61.5,1.2366447304443244
2025-11-29 13:00:00,R5,39.2032900981416,142,2,Local,True,25.4,22.0,28.0,0.0,10.8,1016.8,0,0,59,13,5,1,0,0,0,-0.2588190451025208,-0.9659258262890684,45.2968165977999,36.69702484984117,131.66666666666666,71.0,0.98008225245354
2025-11-29 14:00:00,R5,36.42008735698913,135,2,Local,True,25.4,22.0,28.0,0.0,10.8,1016.8,0,0,59,14,5,1,0,0,0,-0.4999999999999997,-0.8660254037844388,41.69638889096792,38.44617162946309,133.33333333333334,67.5,0.9105021839247283
2025-11-29 15:00:00,R5,44.31864307374422,119,2,Local,True,25.4,22.0,28.0,0.0,10.8,1016.8,0,0,59,15,5,1,0,0,0,-0.7071067811865471,-0.7071067811865479,39.980673509625,40.36186984116316,132.0,59.5,1.1079660768436055
2025-11-29 16:00:00,R5,43.38724520615872,116,2,Local,True,25.4,22.0,28.0,0.0,10.8,1016.8,0,0,59,16,5,1,0,0,0,-0.8660254037844384,-0.5000000000000004,41.37532521229736,43.33607090504862,123.33333333333333,58.0,1.0846811301539678
2025-11-29 17:00:00,R5,21.705617495961512,87,2,Local,True,25.4,22.0,28.0,0.0,10.8,1016.8,0,0,59,17,5,1,0,1,1,-0.9659258262890684,-0.2588190451025206,36.470501925288154,39.08344540812802,107.33333333333333,43.5,0.5426404373990378
2025-11-29 18:00:00,R5,16.73590874081007,103,2,Local,True,25.4,22.0,28.0,0.0,10.8,1016.8,0,0,59,18,5,1,0,1,1,-1.0,-1.8369701987210294e-16,27.276257147643438,33.62846532863421,102.0,51.5,0.41839771852025176
2025-11-29 19:00:00,R5,21.63835346791701,95,2,Local,True,25.4,22.0,28.0,0.0,10.8,1016.8,0,0,59,19,5,1,0,1,1,-0.9659258262890684,0.2588190451025203,20.026626568229542,30.700975890263447,95.0,47.5,0.5409588366979252
2025-11-29 20:00:00,R5,17.61755981250827,101,2,Local,True,25.4,22.0,28.0,0.0,10.8,1016.8,0,0,59,20,5,1,0,1,1,-0.8660254037844386,0.5000000000000001,18.663940673745127,27.567221299516632,99.66666666666667,50.5,0.4404389953127067
2025-11-29 21:00:00,R5,35.26734486238573,135,2,Local,True,25.4,22.0,28.0,0.0,10.8,1016.8,0,0,59,21,5,1,0,0,0,-0.7071067811865477,0.7071067811865474,24.841086047603678,26.058671597623547,110.33333333333333,67.5,0.8816836215596432
2025-11-29 22:00:00,R5,39.844716232520106,135,2,Local,True,25.4,22.0,28.0,0.0,10.8,1016.8,0,0,59,22,5,1,0,0,0,-0.5000000000000004,0.8660254037844384,30.90987363580471,25.468250102017112,123.66666666666667,67.5,0.9961179058130026
2025-11-29 23:00:00,R5,38.55027669129851,129,2,Local,True,25.4,22.0,28.0,0.0,10.8,1016.8,0,0,59,23,5,1,0,0,0,-0.2588190451025215,0.965925826289068,37.88744592873479,28.275693301239944,133.0,64.5,0.9637569172824627
2025-11-30 00:00:00,R5,46.33429416398458,117,2,Local,True,25.0,20.0,29.0,0.0,9.0,1016.2,0,0,59,0,6,1,0,0,0,0.0,1.0,41.57642902926774,33.2087575384357,127.0,58.5,1.1583573540996146
2025-11-30 01:00:00,R5,48.33437163010877,121,2,Local,True,25.0,20.0,29.0,0.0,9.0,1016.2,0,0,59,1,6,1,0,0,0,0.2588190451025207,0.9659258262890684,44.4063141617973,37.65809389880099,122.33333333333333,60.5,1.2083592907527192
2025-11-30 02:00:00,R5,32.13531692700976,139,2,Local,True,25.0,20.0,29.0,0.0,9.0,1016.2,0,0,59,2,6,1,0,0,0,0.4999999999999999,0.8660254037844387,42.26799424036771,40.07772008455124,125.66666666666667,69.5,0.8033829231752441
2025-11-30 03:00:00,R5,44.30445740472287,130,2,Local,True,25.0,20.0,29.0,0.0,9.0,1016.2,0,0,59,3,6,1,0,0,0,0.7071067811865476,0.7071067811865476,41.59138198728048,41.58390550827409,130.0,65.0,1.1076114351180717
2025-11-30 04:00:00,R5,42.75478188804857,135,2,Local,True,25.0,20.0,29.0,0.0,9.0,1016.2,0,0,59,4,6,1,0,0,0,0.8660254037844386,0.5000000000000001,39.731518739927076,42.06891645086217,134.66666666666666,67.5,1.0688695472012142
2025-11-30 05:00:00,R5,39.53884130559605,121,2,Local,True,25.0,20.0,29.0,0.0,9.0,1016.2,0,0,59,5,6,1,0,0,0,0.9659258262890684,0.2588190451025207,42.19936019945584,42.23367721991176,128.66666666666666,60.5,0.9884710326399013
2025-11-30 06:00:00,R5,33.98501629966577,109,2,Local,True,25.0,20.0,29.0,0.0,9.0,1016.2,0,0,59,6,6,1,0,0,0,1.0,6.123233995736766e-17,38.75954649777014,40.1754642425253,121.66666666666667,54.5,0.8496254074916443
2025-11-30 07:00:00,R5,33.08695010495364,88,2,Local,True,25.0,20.0,29.0,0.0,9.0,1016.2,0,0,59,7,6,1,1,0,1,0.9659258262890684,-0.2588190451025206,35.53693590340516,37.63422732166611,106.0,44.0,0.827173752623841
2025-11-30 08:00:00,R5,33.738365235999304,102,2,Local,True,25.0,20.0,29.0,0.0,9.0,1016.2,0,0,59,8,6,1,1,0,1,0.8660254037844387,-0.4999999999999998,33.60344388020625,37.901402039831034,99.66666666666667,51.0,0.8434591308999826
2025-11-30 09:00:00,R5,29.770412548727872,66,2,Local,True,25.0,20.0,29.0,0.0,9.0,1016.2,0,0,59,9,6,1,1,0,1,0.7071067811865476,-0.7071067811865475,32.19857596322695,35.47906123049853,85.33333333333333,33.0,0.7442603137181968
2025-11-30 10:00:00,R5,23.082603151135373,81,2,Local,True,25.0,20.0,29.0,0.0,9.0,1016.2,0,0,59,10,6,1,1,0,1,0.4999999999999999,-0.8660254037844387,28.863793645287526,32.20036477434633,83.0,40.5,0.5770650787783843
2025-11-30 11:00:00,R5,35.623343348648945,139,2,Local,True,25.0,20.0,29.0,0.0,9.0,1016.2,0,0,59,11,6,1,0,0,0,0.258819045102521,-0.9659258262890682,29.49211968283741,31.54778178152182,95.33333333333333,69.5,0.8905835837162236
2025-11-30 12:00:00,R5,36.8345891432398,118,2,Local,True,25.0,20.0,29.0,0.0,9.0,1016.2,0,0,59,12,6,1,0,0,0,1.2246467991473532e-16,-1.0,31.846845214341382,32.02271058878416,112.66666666666667,59.0,0.9208647285809951
2025-11-30 13:00:00,R5,48.76897120554587,133,2,Local,True,25.0,20.0,29.0,0.0,9.0,1016.2,0,0,59,13,6,1,0,0,0,-0.2588190451025208,-0.9659258262890684,40.408967899144876,34.63638077221619,130.0,66.5,1.2192242801386466
2025-11-30 14:00:00,R5,35.50666361986925,130,2,Local,True,25.0,20.0,29.0,0.0,9.0,1016.2,0,0,59,14,6,1,0,0,0,-0.4999999999999997,-0.8660254037844388,40.370074656218314,34.93109716952785,127.0,65.0,0.8876665904967312
2025-11-30 15:00:00,R5,35.426635898266014,118,2,Local,True,25.0,20.0,29.0,0.0,9.0,1016.2,0,0,59,15,6,1,0,0,0,-0.7071067811865471,-0.7071067811865479,39.900756907893715,35.87380106111755,127.0,59.0,0.8856658974566504
2025-11-30 16:00:00,R5,43.91487208830959,103,2,Local,True,25.0,20.0,29.0,0.0,9.0,1016.2,0,0,59,16,6,1,0,0,0,-0.8660254037844384,-0.5000000000000004,38.28272386881496,39.34584588397991,117.0,51.5,1.0978718022077398
2025-11-30 17:00:00,R5,22.550474159601748,104,2,Local,True,25.0,20.0,29.0,0.0,9.0,1016.2,0,0,59,17,6,1,0,1,1,-0.9659258262890684,-0.2588190451025206,33.963994048725795,37.167034352472044,108.33333333333333,52.0,0.5637618539900437
2025-11-30 18:00:00,R5,24.848839749997,81,2,Local,True,25.0,20.0,29.0,0.0,9.0,1016.2,0,0,59,18,6,1,0,1,1,-1.0,-1.8369701987210294e-16,30.43806199930279,35.16940945359825,96.0,40.5,0.621220993749925
2025-11-30 19:00:00,R5,26.928732068059617,73,2,Local,True,25.0,20.0,29.0,0.0,9.0,1016.2,0,0,59,19,6,1,0,1,1,-0.9659258262890684,0.2588190451025203,24.77601532588613,31.529369597350538,86.0,36.5,0.6732183017014904
2025-11-30 20:00:00,R5,21.30857844315869,104,2,Local,True,25.0,20.0,29.0,0.0,9.0,1016.2,0,0,59,20,6,1,0,1,1,-0.8660254037844386,0.5000000000000001,24.362050087071776,29.163022067898776,86.0,52.0,0.5327144610789672
2025-11-30 21:00:00,R5,36.73447050967928,104,2,Local,True,25.0,20.0,29.0,0.0,9.0,1016.2,0,0,59,21,6,1,0,0,0,-0.7071067811865477,0.7071067811865474,28.32392700696587,29.38099450313432,93.66666666666667,52.0,0.9183617627419819
2025-11-30 22:00:00,R5,42.62952395736508,114,2,Local,True,25.0,20.0,29.0,0.0,9.0,1016.2,0,0,59,22,6,1,0,0,0,-0.5000000000000004,0.8660254037844384,33.557524303401024,29.16676981464357,107.33333333333333,57.0,1.065738098934127
2025-11-30 23:00:00,R5,51.189191749180814,137,2,Local,True,25.0,20.0,29.0,0.0,9.0,1016.2,0,0,59,23,6,1,0,0,0,-0.2588190451025215,0.965925826289068,43.51772873874173,33.939889412906744,118.33333333333333,68.5,1.2797297937295204
