datetime,road_id,avg_speed,vehicle_count,lane_count,road_type,synthetic_flag,temperature,tmin,tmax,rain_mm,wind_kph,pres,tsun,is_holiday,humidity,hour,day_of_week,is_weekend,is_morning_peak,is_evening_peak,is_peak_hour,hour_sin,hour_cos
2025-11-01 00:00:00,R1,100.74781257141922,115,4,Highway,True,30.5,26.0,34.0,0.0,14.0,1013.0,0,0,59,0,5,1,0,0,0,0.0,1.0
2025-11-01 01:00:00,R1,95.76414836591464,148,4,Highway,True,30.5,26.0,34.0,0.0,14.0,1013.0,0,0,59,1,5,1,0,0,0,0.25881904510252074,0.9659258262890683
2025-11-01 02:00:00,R1,100.6046393159908,104,4,Highway,True,30.5,26.0,34.0,0.0,14.0,1013.0,0,0,59,2,5,1,0,0,0,0.49999999999999994,0.8660254037844387
2025-11-01 03:00:00,R1,99.05044665016035,149,4,Highway,True,30.5,26.0,34.0,0.0,14.0,1013.0,0,0,59,3,5,1,0,0,0,0.7071067811865476,0.7071067811865476
2025-11-01 04:00:00,R1,103.27653498802415,130,4,Highway,True,30.5,26.0,34.0,0.0,14.0,1013.0,0,0,59,4,5,1,0,0,0,0.8660254037844386,0.5000000000000001
2025-11-01 05:00:00,R1,97.46417108048485,117,4,Highway,True,30.5,26.0,34.0,0.0,14.0,1013.0,0,0,59,5,5,1,0,0,0,0.9659258262890683,0.25881904510252074
2025-11-01 06:00:00,R1,94.02508884497205,102,4,Highway,True,30.5,26.0,34.0,0.0,14.0,1013.0,0,0,59,6,5,1,0,0,0,1.0,6.123233995736766e-17
2025-11-01 07:00:00,R1,52.21145279305122,104,4,Highway,True,30.5,26.0,34.0,0.0,14.0,1013.0,0,0,59,7,5,1,1,0,1,0.9659258262890683,-0.25881904510252063
2025-11-01 08:00:00,R1,57.93394461091459,106,4,Highway,True,30.5,26.0,34.0,0.0,14.0,1013.0,0,0,59,8,5,1,1,0,1,0.8660254037844387,-0.4999999999999998
2025-11-01 09:00:00,R1,62.54711340431889,90,4,Highway,True,30.5,26.0,34.0,0.0,14.0,1013.0,0,0,59,9,5,1,1,0,1,0.7071067811865476,-0.7071067811865475
2025-11-01 10:00:00,R1,56.56755343176644,85,4,Highway,True,30.5,26.0,34.0,0.0,14.0,1013.0,0,0,59,10,5,1,1,0,1,0.49999999999999994,-0.8660254037844387
2025-11-01 11:00:00,R1,98.92633620410952,126,4,Highway,True,30.5,26.0,34.0,0.0,14.0,1013.0,0,0,59,11,5,1,0,0,0,0.258819045102521,-0.9659258262890682
2025-11-01 12:00:00,R1,95.0574387504424,138,4,Highway,True,30.5,26.0,34.0,0.0,14.0,1013.0,0,0,59,12,5,1,0,0,0,1.2246467991473532e-16,-1.0
2025-11-01 13:00:00,R1,101.4777422722852,104,4,Highway,True,30.5,26.0,34.0,0.0,14.0,1013.0,0,0,59,13,5,1,0,0,0,-0.2588190451025208,-0.9659258262890683
2025-11-01 14:00:00,R1,91.67327654085608,136,4,Highway,True,30.5,26.0,34.0,0.0,14.0,1013.0,0,0,59,14,5,1,0,0,0,-0.4999999999999997,-0.8660254037844388
2025-11-01 15:00:00,R1,101.45617598093058,126,4,Highway,True,30.5,26.0,34.0,0.0,14.0,1013.0,0,0,59,15,5,1,0,0,0,-0.7071067811865471,-0.7071067811865479
2025-11-01 16:00:00,R1,98.87108102856278,130,4,Highway,True,30.5,26.0,34.0,0.0,14.0,1013.0,0,0,59,16,5,1,0,0,0,-0.8660254037844384,-0.5000000000000004
2025-11-01 17:00:00,R1,61.16540152610353,77,4,Highway,True,30.5,26.0,34.0,0.0,14.0,1013.0,0,0,59,17,5,1,0,1,1,-0.9659258262890683,-0.25881904510252063
2025-11-01 18:00:00,R1,65.21187333102435,102,4,Highway,True,30.5,26.0,34.0,0.0,14.0,1013.0,0,0,59,18,5,1,0,1,1,-1.0,-1.8369701987210297e-16
2025-11-01 19:00:00,R1,56.08386703339988,64,4,Highway,True,30.5,26.0,34.0,0.0,14.0,1013.0,0,0,59,19,5,1,0,1,1,-0.9659258262890684,0.2588190451025203
2025-11-01 20:00:00,R1,58.48486017305629,105,4,Highway,True,30.5,26.0,34.0,0.0,14.0,1013.0,0,0,59,20,5,1,0,1,1,-0.8660254037844386,0.5000000000000001
2025-11-01 21:00:00,R1,99.54407067084524,120,4,Highway,True,30.5,26.0,34.0,0.0,14.0,1013.0,0,0,59,21,5,1,0,0,0,-0.7071067811865477,0.7071067811865474
2025-11-01 22:00:00,R1,104.1982912730388,120,4,Highway,True,30.5,26.0,34.0,0.0,14.0,1013.0,0,0,59,22,5,1,0,0,0,-0.5000000000000004,0.8660254037844384
2025-11-01 23:00:00,R1,105.11784317798964,128,4,Highway,True,30.5,26.0,34.0,0.0,14.0,1013.0,0,0,59,23,5,1,0,0,0,-0.25881904510252157,0.9659258262890681
2025-11-02 00:00:00,R1,97.03280602106094,145,4,Highway,True,29.8,26.0,33.0,0.0,11.4,1013.6,0,0,59,0,6,1,0,0,0,0.0,1.0
2025-11-02 01:00:00,R1,82.95002354274284,111,4,Highway,True,29.8,26.0,33.0,0.0,11.4,1013.6,0,0,59,1,6,1,0,0,0,0.25881904510252074,0.9659258262890683
2025-11-02 02:00:00,R1,94.05364083200296,139,4,Highway,True,29.8,26.0,33.0,0.0,11.4,1013.6,0,0,59,2,6,1,0,0,0,0.49999999999999994,0.8660254037844387
2025-11-02 03:00:00,R1,96.957412282595,135,4,Highway,True,29.8,26.0,33.0,0.0,11.4,1013.6,0,0,59,3,6,1,0,0,0,0.7071067811865476,0.7071067811865476
2025-11-02 04:00:00,R1,101.292071069953,147,4,Highway,True,29.8,26.0,33.0,0.0,11.4,1013.6,0,0,59,4,6,1,0,0,0,0.8660254037844386,0.5000000000000001
2025-11-02 05:00:00,R1,91.62980447657364,106,4,Highway,True,29.8,26.0,33.0,0.0,11.4,1013.6,0,0,59,5,6,1,0,0,0,0.9659258262890683,0.25881904510252074
2025-11-02 06:00:00,R1,101.2361437650858,119,4,Highway,True,29.8,26.0,33.0,0.0,11.4,1013.6,0,0,59,6,6,1,0,0,0,1.0,6.123233995736766e-17
2025-11-02 07:00:00,R1,53.75917215180539,93,4,Highway,True,29.8,26.0,33.0,0.0,11.4,1013.6,0,0,59,7,6,1,1,0,1,0.9659258262890683,-0.25881904510252063
2025-11-02 08:00:00,R1,64.04451078516689,81,4,Highway,True,29.8,26.0,33.0,0.0,11.4,1013.6,0,0,59,8,6,1,1,0,1,0.8660254037844387,-0.4999999999999998
2025-11-02 09:00:00,R1,59.47696147305603,89,4,Highway,True,29.8,26.0,33.0,0.0,11.4,1013.6,0,0,59,9,6,1,1,0,1,0.7071067811865476,-0.7071067811865475
2025-11-02 10:00:00,R1,59.36157892745768,91,4,Highway,True,29.8,26.0,33.0,0.0,11.4,1013.6,0,0,59,10,6,1,1,0,1,0.49999999999999994,-0.8660254037844387
2025-11-02 11:00:00,R1,100.92732588901768,102,4,Highway,True,29.8,26.0,33.0,0.0,11.4,1013.6,0,0,59,11,6,1,0,0,0,0.258819045102521,-0.9659258262890682
2025-11-02 12:00:00,R1,95.47512678266726,114,4,Highway,True,29.8,26.0,33.0,0.0,11.4,1013.6,0,0,59,12,6,1,0,0,0,1.2246467991473532e-16,-1.0
2025-11-02 13:00:00,R1,99.91033628112628,113,4,Highway,True,29.8,26.0,33.0,0.0,11.4,1013.6,0,0,59,13,6,1,0,0,0,-0.2588190451025208,-0.9659258262890683
2025-11-02 14:00:00,R1,98.34875159966266,102,4,Highway,True,29.8,26.0,33.0,0.0,11.4,1013.6,0,0,59,14,6,1,0,0,0,-0.4999999999999997,-0.8660254037844388
2025-11-02 15:00:00,R1,101.21331479623726,123,4,Highway,True,29.8,26.0,33.0,0.0,11.4,1013.6,0,0,59,15,6,1,0,0,0,-0.7071067811865471,-0.7071067811865479
2025-11-02 16:00:00,R1,97.66078345637828,107,4,Highway,True,29.8,26.0,33.0,0.0,11.4,1013.6,0,0,59,16,6,1,0,0,0,-0.8660254037844384,-0.5000000000000004
2025-11-02 17:00:00,R1,56.52701427234503,60,4,Highway,True,29.8,26.0,33.0,0.0,11.4,1013.6,0,0,59,17,6,1,0,1,1,-0.9659258262890683,-0.25881904510252063
2025-11-02 18:00:00,R1,60.52556305257379,83,4,Highway,True,29.8,26.0,33.0,0.0,11.4,1013.6,0,0,59,18,6,1,0,1,1,-1.0,-1.8369701987210297e-16
2025-11-02 19:00:00,R1,55.46544060967671,71,4,Highway,True,29.8,26.0,33.0,0.0,11.4,1013.6,0,0,59,19,6,1,0,1,1,-0.9659258262890684,0.2588190451025203
2025-11-02 20:00:00,R1,65.13685715483507,109,4,Highway,True,29.8,26.0,33.0,0.0,11.4,1013.6,0,0,59,20,6,1,0,1,1,-0.8660254037844386,0.5000000000000001
2025-11-02 21:00:00,R1,108.13055873059632,146,4,Highway,True,29.8,26.0,33.0,0.0,11.4,1013.6,0,0,59,21,6,1,0,0,0,-0.7071067811865477,0.7071067811865474
2025-11-02 22:00:00,R1,102.05572001902642,141,4,Highway,True,29.8,26.0,33.0,0.0,11.4,1013.6,0,0,59,22,6,1,0,0,0,-0.5000000000000004,0.8660254037844384
2025-11-02 23:00:00,R1,100.44839012098504,123,4,Highway,True,29.8,26.0,33.0,0.0,11.4,1013.6,0,0,59,23,6,1,0,0,0,-0.25881904510252157,0.9659258262890681
2025-11-03 00:00:00,R1,99.74174791327,127,4,Highway,True,29.1,25.0,32.0,0.0,13.3,1012.9,0,0,59,0,0,0,0,0,0,0.0,1.0
2025-11-03 01:00:00,R1,97.0034126206088,110,4,Highway,True,29.1,25.0,32.0,0.0,13.3,1012.9,0,0,59,1,0,0,0,0,0,0.25881904510252074,0.9659258262890683
2025-11-03 02:00:00,R1,93.22828628433572,101,4,Highway,True,29.1,25.0,32.0,0.0,13.3,1012.9,0,0,59,2,0,0,0,0,0,0.49999999999999994,0.8660254037844387
2025-11-03 03:00:00,R1,103.0277936353986,127,4,Highway,True,29.1,25.0,32.0,0.0,13.3,1012.9,0,0,59,3,0,0,0,0,0,0.7071067811865476,0.7071067811865476
2025-11-03 04:00:00,R1,100.97021502520798,126,4,Highway,True,29.1,25.0,32.0,0.0,13.3,1012.9,0,0,59,4,0,0,0,0,0,0.8660254037844386,0.5000000000000001
2025-11-03 05:00:00,R1,101.78659719364158,118,4,Highway,True,29.1,25.0,32.0,0.0,13.3,1012.9,0,0,59,5,0,0,0,0,0,0.9659258262890683,0.25881904510252074
2025-11-03 06:00:00,R1,96.55674723309532,137,4,Highway,True,29.1,25.0,32.0,0.0,13.3,1012.9,0,0,59,6,0,0,0,0,0,1.0,6.123233995736766e-17
2025-11-03 07:00:00,R1,62.32588841662435,74,4,Highway,True,29.1,25.0,32.0,0.0,13.3,1012.9,0,0,59,7,0,0,1,0,1,0.9659258262890683,-0.25881904510252063
2025-11-03 08:00:00,R1,63.57052848561048,65,4,Highway,True,29.1,25.0,32.0,0.0,13.3,1012.9,0,0,59,8,0,0,1,0,1,0.8660254037844387,-0.4999999999999998
2025-11-03 09:00:00,R1,48.85801884134588,74,4,Highway,True,29.1,25.0,32.0,0.0,13.3,1012.9,0,0,59,9,0,0,1,0,1,0.7071067811865476,-0.7071067811865475
2025-11-03 10:00:00,R1,65.45785554911069,89,4,Highway,True,29.1,25.0,32.0,0.0,13.3,1012.9,0,0,59,10,0,0,1,0,1,0.49999999999999994,-0.8660254037844387
2025-11-03 11:00:00,R1,100.23379698713852,137,4,Highway,True,29.1,25.0,32.0,0.0,13.3,1012.9,0,0,59,11,0,0,0,0,0,0.258819045102521,-0.9659258262890682
2025-11-03 12:00:00,R1,101.57455017329556,133,4,Highway,True,29.1,25.0,32.0,0.0,13.3,1012.9,0,0,59,12,0,0,0,0,0,1.2246467991473532e-16,-1.0
2025-11-03 13:00:00,R1,103.1516019292284,115,4,Highway,True,29.1,25.0,32.0,0.0,13.3,1012.9,0,0,59,13,0,0,0,0,0,-0.2588190451025208,-0.9659258262890683
2025-11-03 14:00:00,R1,103.15580984053472,139,4,Highway,True,29.1,25.0,32.0,0.0,13.3,1012.9,0,0,59,14,0,0,0,0,0,-0.4999999999999997,-0.8660254037844388
2025-11-03 15:00:00,R1,93.38006865748451,122,4,Highway,True,29.1,25.0,32.0,0.0,13.3,1012.9,0,0,59,15,0,0,0,0,0,-0.7071067811865471,-0.7071067811865479
2025-11-03 16:00:00,R1,105.04894151530053,101,4,Highway,True,29.1,25.0,32.0,0.0,13.3,1012.9,0,0,59,16,0,0,0,0,0,-0.8660254037844384,-0.5000000000000004
2025-11-03 17:00:00,R1,61.75883641485608,78,4,Highway,True,29.1,25.0,32.0,0.0,13.3,1012.9,0,0,59,17,0,0,0,1,1,-0.9659258262890683,-0.25881904510252063
2025-11-03 18:00:00,R1,53.31747737678066,70,4,Highway,True,29.1,25.0,32.0,0.0,13.3,1012.9,0,0,59,18,0,0,0,1,1,-1.0,-1.8369701987210297e-16
2025-11-03 19:00:00,R1,70.42255278808774,79,4,Highway,True,29.1,25.0,32.0,0.0,13.3,1012.9,0,0,59,19,0,0,0,1,1,-0.9659258262890684,0.2588190451025203
2025-11-03 20:00:00,R1,60.74122511846949,91,4,Highway,True,29.1,25.0,32.0,0.0,13.3,1012.9,0,0,59,20,0,0,0,1,1,-0.8660254037844386,0.5000000000000001
2025-11-03 21:00:00,R1,94.28124621466088,143,4,Highway,True,29.1,25.0,32.0,0.0,13.3,1012.9,0,0,59,21,0,0,0,0,0,-0.7071067811865477,0.7071067811865474
2025-11-03 22:00:00,R1,101.4542801131392,130,4,Highway,True,29.1,25.0,32.0,0.0,13.3,1012.9,0,0,59,22,0,0,0,0,0,-0.5000000000000004,0.8660254037844384
2025-11-03 23:00:00,R1,96.37486065535168,110,4,Highway,True,29.1,25.0,32.0,0.0,13.3,1012.9,0,0,59,23,0,0,0,0,0,-0.25881904510252157,0.9659258262890681
2025-11-04 00:00:00,R1,105.96341268945925,142,4,Highway,True,29.5,25.0,33.0,0.0,12.4,1013.6,0,0,59,0,1,0,0,0,0,0.0,1.0
2025-11-04 01:00:00,R1,108.551788098358,124,4,Highway,True,29.5,25.0,33.0,0.0,12.4,1013.6,0,0,59,1,1,0,0,0,0,0.25881904510252074,0.9659258262890683
2025-11-04 02:00:00,R1,102.3408101559626,143,4,Highway,True,29.5,25.0,33.0,0.0,12.4,1013.6,0,0,59,2,1,0,0,0,0,0.49999999999999994,0.8660254037844387
2025-11-04 03:00:00,R1,106.16932394213502,113,4,Highway,True,29.5,25.0,33.0,0.0,12.4,1013.6,0,0,59,3,1,0,0,0,0,0.7071067811865476,0.7071067811865476
2025-11-04 04:00:00,R1,100.71478544681344,105,4,Highway,True,29.5,25.0,33.0,0.0,12.4,1013.6,0,0,59,4,1,0,0,0,0,0.8660254037844386,0.5000000000000001
2025-11-04 05:00:00,R1,101.19750958662254,104,4,Highway,True,29.5,25.0,33.0,0.0,12.4,1013.6,0,0,59,5,1,0,0,0,0,0.9659258262890683,0.25881904510252074
2025-11-04 06:00:00,R1,100.37483694897988,114,4,Highway,True,29.5,25.0,33.0,0.0,12.4,1013.6,0,0,59,6,1,0,0,0,0,1.0,6.123233995736766e-17
2025-11-04 07:00:00,R1,54.39150019978067,97,4,Highway,True,29.5,25.0,33.0,0.0,12.4,1013.6,0,0,59,7,1,0,1,0,1,0.9659258262890683,-0.25881904510252063
2025-11-04 08:00:00,R1,68.37492880268161,100,4,Highway,True,29.5,25.0,33.0,0.0,12.4,1013.6,0,0,59,8,1,0,1,0,1,0.8660254037844387,-0.4999999999999998
2025-11-04 09:00:00,R1,63.043386232448576,91,4,Highway,True,29.5,25.0,33.0,0.0,12.4,1013.6,0,0,59,9,1,0,1,0,1,0.7071067811865476,-0.7071067811865475
2025-11-04 10:00:00,R1,57.86405061792525,70,4,Highway,True,29.5,25.0,33.0,0.0,12.4,1013.6,0,0,59,10,1,0,1,0,1,0.49999999999999994,-0.8660254037844387
2025-11-04 11:00:00,R1,111.02055916354526,112,4,Highway,True,29.5,25.0,33.0,0.0,12.4,1013.6,0,0,59,11,1,0,0,0,0,0.258819045102521,-0.9659258262890682
2025-11-04 12:00:00,R1,86.60094137435843,133,4,Highway,True,29.5,25.0,33.0,0.0,12.4,1013.6,0,0,59,12,1,0,0,0,0,1.2246467991473532e-16,-1.0
2025-11-04 13:00:00,R1,95.72918257283465,136,4,Highway,True,29.5,25.0,33.0,0.0,12.4,1013.6,0,0,59,13,1,0,0,0,0,-0.2588190451025208,-0.9659258262890683
2025-11-04 14:00:00,R1,92.65876117221872,133,4,Highway,True,29.5,25.0,33.0,0.0,12.4,1013.6,0,0,59,14,1,0,0,0,0,-0.4999999999999997,-0.8660254037844388
2025-11-04 15:00:00,R1,96.78353497746838,147,4,Highway,True,29.5,25.0,33.0,0.0,12.4,1013.6,0,0,59,15,1,0,0,0,0,-0.7071067811865471,-0.7071067811865479
2025-11-04 16:00:00,R1,103.01173695721354,126,4,Highway,True,29.5,25.0,33.0,0.0,12.4,1013.6,0,0,59,16,1,0,0,0,0,-0.8660254037844384,-0.5000000000000004
2025-11-04 17:00:00,R1,63.47050289996135,88,4,Highway,True,29.5,25.0,33.0,0.0,12.4,1013.6,0,0,59,17,1,0,0,1,1,-0.9659258262890683,-0.25881904510252063
2025-11-04 18:00:00,R1,59.84641014362766,84,4,Highway,True,29.5,25.0,33.0,0.0,12.4,1013.6,0,0,59,18,1,0,0,1,1,-1.0,-1.8369701987210297e-16
2025-11-04 19:00:00,R1,55.469089707812174,73,4,Highway,True,29.5,25.0,33.0,0.0,12.4,1013.6,0,0,59,19,1,0,0,1,1,-0.9659258262890684,0.2588190451025203
2025-11-04 20:00:00,R1,50.92271300570684,77,4,Highway,True,29.5,25.0,33.0,0.0,12.4,1013.6,0,0,59,20,1,0,0,1,1,-0.8660254037844386,0.5000000000000001
2025-11-04 21:00:00,R1,87.92729063772708,147,4,Highway,True,29.5,25.0,33.0,0.0,12.4,1013.6,0,0,59,21,1,0,0,0,0,-0.7071067811865477,0.7071067811865474
2025-11-04 22:00:00,R1,103.4519573572344,107,4,Highway,True,29.5,25.0,33.0,0.0,12.4,1013.6,0,0,59,22,1,0,0,0,0,-0.5000000000000004,0.8660254037844384
2025-11-04 23:00:00,R1,105.51570582920644,148,4,Highway,True,29.5,25.0,33.0,0.0,12.4,1013.6,0,0,59,23,1,0,0,0,0,-0.25881904510252157,0.9659258262890681
2025-11-05 00:00:00,R1,105.31504021084028,127,4,Highway,True,29.7,26.0,33.0,0.0,12.2,1013.3,0,0,59,0,2,0,0,0,0,0.0,1.0
2025-11-05 01:00:00,R1,102.44187513716852,126,4,Highway,True,29.7,26.0,33.0,0.0,12.2,1013.3,0,0,59,1,2,0,0,0,0,0.25881904510252074,0.9659258262890683
2025-11-05 02:00:00,R1,97.65971412992464,139,4,Highway,True,29.7,26.0,33.0,0.0,12.2,1013.3,0,0,59,2,2,0,0,0,0,0.49999999999999994,0.8660254037844387
2025-11-05 03:00:00,R1,103.59581666715737,123,4,Highway,True,29.7,26.0,33.0,0.0,12.2,1013.3,0,0,59,3,2,0,0,0,0,0.7071067811865476,0.7071067811865476
2025-11-05 04:00:00,R1,100.81321291852178,145,4,Highway,True,29.7,26.0,33.0,0.0,12.2,1013.3,0,0,59,4,2,0,0,0,0,0.8660254037844386,0.5000000000000001
2025-11-05 05:00:00,R1,98.67794895555755,139,4,Highway,True,29.7,26.0,33.0,0.0,12.2,1013.3,0,0,59,5,2,0,0,0,0,0.9659258262890683,0.25881904510252074
2025-11-05 06:00:00,R1,104.3769702676466,117,4,Highway,True,29.7,26.0,33.0,0.0,12.2,1013.3,0,0,59,6,2,0,0,0,0,1.0,6.123233995736766e-17
2025-11-05 07:00:00,R1,55.12147601792247,109,4,Highway,True,29.7,26.0,33.0,0.0,12.2,1013.3,0,0,59,7,2,0,1,0,1,0.9659258262890683,-0.25881904510252063
2025-11-05 08:00:00,R1,62.96416534683377,75,4,Highway,True,29.7,26.0,33.0,0.0,12.2,1013.3,0,0,59,8,2,0,1,0,1,0.8660254037844387,-0.4999999999999998
2025-11-05 09:00:00,R1,61.40564722662274,109,4,Highway,True,29.7,26.0,33.0,0.0,12.2,1013.3,0,0,59,9,2,0,1,0,1,0.7071067811865476,-0.7071067811865475
2025-11-05 10:00:00,R1,58.8389679794566,91,4,Highway,True,29.7,26.0,33.0,0.0,12.2,1013.3,0,0,59,10,2,0,1,0,1,0.49999999999999994,-0.8660254037844387
2025-11-05 11:00:00,R1,99.84059509437496,112,4,Highway,True,29.7,26.0,33.0,0.0,12.2,1013.3,0,0,59,11,2,0,0,0,0,0.258819045102521,-0.9659258262890682
2025-11-05 12:00:00,R1,106.893093146951,133,4,Highway,True,29.7,26.0,33.0,0.0,12.2,1013.3,0,0,59,12,2,0,0,0,0,1.2246467991473532e-16,-1.0
2025-11-05 13:00:00,R1,107.58477394942248,104,4,Highway,True,29.7,26.0,33.0,0.0,12.2,1013.3,0,0,59,13,2,0,0,0,0,-0.2588190451025208,-0.9659258262890683
2025-11-05 14:00:00,R1,107.31607136054804,128,4,Highway,True,29.7,26.0,33.0,0.0,12.2,1013.3,0,0,59,14,2,0,0,0,0,-0.4999999999999997,-0.8660254037844388
2025-11-05 15:00:00,R1,97.33199194057067,140,4,Highway,True,29.7,26.0,33.0,0.0,12.2,1013.3,0,0,59,15,2,0,0,0,0,-0.7071067811865471,-0.7071067811865479
2025-11-05 16:00:00,R1,99.82549590327068,103,4,Highway,True,29.7,26.0,33.0,0.0,12.2,1013.3,0,0,59,16,2,0,0,0,0,-0.8660254037844384,-0.5000000000000004
2025-11-05 17:00:00,R1,59.45518382886256,89,4,Highway,True,29.7,26.0,33.0,0.0,12.2,1013.3,0,0,59,17,2,0,0,1,1,-0.9659258262890683,-0.25881904510252063
2025-11-05 18:00:00,R1,67.24997029394014,81,4,Highway,True,29.7,26.0,33.0,0.0,12.2,1013.3,0,0,59,18,2,0,0,1,1,-1.0,-1.8369701987210297e-16
2025-11-05 19:00:00,R1,60.43503125306178,74,4,Highway,True,29.7,26.0,33.0,0.0,12.2,1013.3,0,0,59,19,2,0,0,1,1,-0.9659258262890684,0.2588190451025203
2025-11-05 20:00:00,R1,67.06439252592197,61,4,Highway,True,29.7,26.0,33.0,0.0,12.2,1013.3,0,0,59,20,2,0,0,1,1,-0.8660254037844386,0.5000000000000001
2025-11-05 21:00:00,R1,97.80734708284956,102,4,Highway,True,29.7,26.0,33.0,0.0,12.2,1013.3,0,0,59,21,2,0,0,0,0,-0.7071067811865477,0.7071067811865474
2025-11-05 22:00:00,R1,96.54164003946288,116,4,Highway,True,29.7,26.0,33.0,0.0,12.2,1013.3,0,0,59,22,2,0,0,0,0,-0.5000000000000004,0.8660254037844384
2025-11-05 23:00:00,R1,103.70440514302766,139,4,Highway,True,29.7,26.0,33.0,0.0,12.2,1013.3,0,0,59,23,2,0,0,0,0,-0.25881904510252157,0.9659258262890681
2025-11-06 00:00:00,R1,108.08042831342462,110,4,Highway,True,29.1,26.0,34.0,0.0,11.4,1013.0,0,0,59,0,3,0,0,0,0,0.0,1.0
2025-11-06 01:00:00,R1,106.99147400838156,128,4,Highway,True,29.1,26.0,34.0,0.0,11.4,1013.0,0,0,59,1,3,0,0,0,0,0.25881904510252074,0.9659258262890683
2025-11-06 02:00:00,R1,103.91869052496877,115,4,Highway,True,29.1,26.0,34.0,0.0,11.4,1013.0,0,0,59,2,3,0,0,0,0,0.49999999999999994,0.8660254037844387
2025-11-06 03:00:00,R1,99.83712455945953,102,4,Highway,True,29.1,26.0,34.0,0.0,11.4,1013.0,0,0,59,3,3,0,0,0,0,0.7071067811865476,0.7071067811865476
2025-11-06 04:00:00,R1,109.67791487712134,107,4,Highway,True,29.1,26.0,34.0,0.0,11.4,1013.0,0,0,59,4,3,0,0,0,0,0.8660254037844386,0.5000000000000001
2025-11-06 05:00:00,R1,92.4018674114878,117,4,Highway,True,29.1,26.0,34.0,0.0,11.4,1013.0,0,0,59,5,3,0,0,0,0,0.9659258262890683,0.25881904510252074
2025-11-06 06:00:00,R1,94.65117452816872,122,4,Highway,True,29.1,26.0,34.0,0.0,11.4,1013.0,0,0,59,6,3,0,0,0,0,1.0,6.123233995736766e-17
2025-11-06 07:00:00,R1,61.26116214372404,104,4,Highway,True,29.1,26.0,34.0,0.0,11.4,1013.0,0,0,59,7,3,0,1,0,1,0.9659258262890683,-0.25881904510252063
2025-11-06 08:00:00,R1,61.04211818657506,109,4,Highway,True,29.1,26.0,34.0,0.0,11.4,1013.0,0,0,59,8,3,0,1,0,1,0.8660254037844387,-0.4999999999999998
2025-11-06 09:00:00,R1,62.13968019650456,71,4,Highway,True,29.1,26.0,34.0,0.0,11.4,1013.0,0,0,59,9,3,0,1,0,1,0.7071067811865476,-0.7071067811865475
2025-11-06 10:00:00,R1,56.81156394572151,87,4,Highway,True,29.1,26.0,34.0,0.0,11.4,1013.0,0,0,59,10,3,0,1,0,1,0.49999999999999994,-0.8660254037844387
2025-11-06 11:00:00,R1,101.89221099784442,107,4,Highway,True,29.1,26.0,34.0,0.0,11.4,1013.0,0,0,59,11,3,0,0,0,0,0.258819045102521,-0.9659258262890682
2025-11-06 12:00:00,R1,98.4598258538382,102,4,Highway,True,29.1,26.0,34.0,0.0,11.4,1013.0,0,0,59,12,3,0,0,0,0,1.2246467991473532e-16,-1.0
2025-11-06 13:00:00,R1,106.31321585255044,105,4,Highway,True,29.1,26.0,34.0,0.0,11.4,1013.0,0,0,59,13,3,0,0,0,0,-0.2588190451025208,-0.9659258262890683
2025-11-06 14:00:00,R1,98.30528378576292,117,4,Highway,True,29.1,26.0,34.0,0.0,11.4,1013.0,0,0,59,14,3,0,0,0,0,-0.4999999999999997,-0.8660254037844388
2025-11-06 15:00:00,R1,98.0070660698105,116,4,Highway,True,29.1,26.0,34.0,0.0,11.4,1013.0,0,0,59,15,3,0,0,0,0,-0.7071067811865471,-0.7071067811865479
2025-11-06 16:00:00,R1,99.23465642724383,149,4,Highway,True,29.1,26.0,34.0,0.0,11.4,1013.0,0,0,59,16,3,0,0,0,0,-0.8660254037844384,-0.5000000000000004
2025-11-06 17:00:00,R1,50.34979196242831,100,4,Highway,True,29.1,26.0,34.0,0.0,11.4,1013.0,0,0,59,17,3,0,0,1,1,-0.9659258262890683,-0.25881904510252063
2025-11-06 18:00:00,R1,53.89462378659743,76,4,Highway,True,29.1,26.0,34.0,0.0,11.4,1013.0,0,0,59,18,3,0,0,1,1,-1.0,-1.8369701987210297e-16
2025-11-06 19:00:00,R1,67.13344132603262,72,4,Highway,True,29.1,26.0,34.0,0.0,11.4,1013.0,0,0,59,19,3,0,0,1,1,-0.9659258262890684,0.2588190451025203
2025-11-06 20:00:00,R1,56.977198435702846,88,4,Highway,True,29.1,26.0,34.0,0.0,11.4,1013.0,0,0,59,20,3,0,0,1,1,-0.8660254037844386,0.5000000000000001
2025-11-06 21:00:00,R1,89.53665889689188,138,4,Highway,True,29.1,26.0,34.0,0.0,11.4,1013.0,0,0,59,21,3,0,0,0,0,-0.7071067811865477,0.7071067811865474
2025-11-06 22:00:00,R1,97.21958503179852,127,4,Highway,True,29.1,26.0,34.0,0.0,11.4,1013.0,0,0,59,22,3,0,0,0,0,-0.5000000000000004,0.8660254037844384
2025-11-06 23:00:00,R1,93.01100626381398,115,4,Highway,True,29.1,26.0,34.0,0.0,11.4,1013.0,0,0,59,23,3,0,0,0,0,-0.25881904510252157,0.9659258262890681
2025-11-07 00:00:00,R1,99.07014007281646,116,4,Highway,True,27.9,24.0,32.0,0.0,11.0,1014.8,0,0,59,0,4,0,0,0,0,0.0,1.0
2025-11-07 01:00:00,R1,99.8874995136091,111,4,Highway,True,27.9,24.0,32.0,0.0,11.0,1014.8,0,0,59,1,4,0,0,0,0,0.25881904510252074,0.9659258262890683
2025-11-07 02:00:00,R1,104.69014066701573,118,4,Highway,True,27.9,24.0,32.0,0.0,11.0,1014.8,0,0,59,2,4,0,0,0,0,0.49999999999999994,0.8660254037844387
2025-11-07 03:00:00,R1,106.54713360608068,111,4,Highway,True,27.9,24.0,32.0,0.0,11.0,1014.8,0,0,59,3,4,0,0,0,0,0.7071067811865476,0.7071067811865476
2025-11-07 04:00:00,R1,98.25685167590645,103,4,Highway,True,27.9,24.0,32.0,0.0,11.0,1014.8,0,0,59,4,4,0,0,0,0,0.8660254037844386,0.5000000000000001
2025-11-07 05:00:00,R1,97.98122521447875,146,4,Highway,True,27.9,24.0,32.0,0.0,11.0,1014.8,0,0,59,5,4,0,0,0,0,0.9659258262890683,0.25881904510252074
2025-11-07 06:00:00,R1,98.51099127525254,124,4,Highway,True,27.9,24.0,32.0,0.0,11.0,1014.8,0,0,59,6,4,0,0,0,0,1.0,6.123233995736766e-17
2025-11-07 07:00:00,R1,67.1354452079464,70,4,Highway,True,27.9,24.0,32.0,0.0,11.0,1014.8,0,0,59,7,4,0,1,0,1,0.9659258262890683,-0.25881904510252063
2025-11-07 08:00:00,R1,52.82075291245274,93,4,Highway,True,27.9,24.0,32.0,0.0,11.0,1014.8,0,0,59,8,4,0,1,0,1,0.8660254037844387,-0.4999999999999998
2025-11-07 09:00:00,R1,63.98057143751933,75,4,Highway,True,27.9,24.0,32.0,0.0,11.0,1014.8,0,0,59,9,4,0,1,0,1,0.7071067811865476,-0.7071067811865475
2025-11-07 10:00:00,R1,56.44326915063352,77,4,Highway,True,27.9,24.0,32.0,0.0,11.0,1014.8,0,0,59,10,4,0,1,0,1,0.49999999999999994,-0.8660254037844387
2025-11-07 11:00:00,R1,99.03685188110568,103,4,Highway,True,27.9,24.0,32.0,0.0,11.0,1014.8,0,0,59,11,4,0,0,0,0,0.258819045102521,-0.9659258262890682
2025-11-07 12:00:00,R1,95.15348800149503,131,4,Highway,True,27.9,24.0,32.0,0.0,11.0,1014.8,0,0,59,12,4,0,0,0,0,1.2246467991473532e-16,-1.0
2025-11-07 13:00:00,R1,100.93202564467208,121,4,Highway,True,27.9,24.0,32.0,0.0,11.0,1014.8,0,0,59,13,4,0,0,0,0,-0.2588190451025208,-0.9659258262890683
2025-11-07 14:00:00,R1,90.83388783200924,148,4,Highway,True,27.9,24.0,32.0,0.0,11.0,1014.8,0,0,59,14,4,0,0,0,0,-0.4999999999999997,-0.8660254037844388
2025-11-07 15:00:00,R1,94.96970930149809,119,4,Highway,True,27.9,24.0,32.0,0.0,11.0,1014.8,0,0,59,15,4,0,0,0,0,-0.7071067811865471,-0.7071067811865479
2025-11-07 16:00:00,R1,97.9983433804002,141,4,Highway,True,27.9,24.0,32.0,0.0,11.0,1014.8,0,0,59,16,4,0,0,0,0,-0.8660254037844384,-0.5000000000000004
2025-11-07 17:00:00,R1,60.11294652123554,78,4,Highway,True,27.9,24.0,32.0,0.0,11.0,1014.8,0,0,59,17,4,0,0,1,1,-0.9659258262890683,-0.25881904510252063
2025-11-07 18:00:00,R1,52.59130395316988,88,4,Highway,True,27.9,24.0,32.0,0.0,11.0,1014.8,0,0,59,18,4,0,0,1,1,-1.0,-1.8369701987210297e-16
2025-11-07 19:00:00,R1,69.50267421727546,87,4,Highway,True,27.9,24.0,32.0,0.0,11.0,1014.8,0,0,59,19,4,0,0,1,1,-0.9659258262890684,0.2588190451025203
2025-11-07 20:00:00,R1,53.78488470145663,79,4,Highway,True,27.9,24.0,32.0,0.0,11.0,1014.8,0,0,59,20,4,0,0,1,1,-0.8660254037844386,0.5000000000000001
2025-11-07 21:00:00,R1,87.49411615897918,122,4,Highway,True,27.9,24.0,32.0,0.0,11.0,1014.8,0,0,59,21,4,0,0,0,0,-0.7071067811865477,0.7071067811865474
2025-11-07 22:00:00,R1,102.66828255383032,123,4,Highway,True,27.9,24.0,32.0,0.0,11.0,1014.8,0,0,59,22,4,0,0,0,0,-0.5000000000000004,0.8660254037844384
2025-11-07 23:00:00,R1,107.8561242175646,135,4,Highway,True,27.9,24.0,32.0,0.0,11.0,1014.8,0,0,59,23,4,0,0,0,0,-0.25881904510252157,0.9659258262890681
2025-11-08 00:00:00,R1,89.87248152798966,136,4,Highway,True,27.9,23.0,32.0,0.0,11.0,1016.7,0,0,59,0,5,1,0,0,0,0.0,1.0
2025-11-08 01:00:00,R1,100.2684324860711,126,4,Highway,True,27.9,23.0,32.0,0.0,11.0,1016.7,0,0,59,1,5,1,0,0,0,0.25881904510252074,0.9659258262890683
2025-11-08 02:00:00,R1,98.65962209807846,133,4,Highway,True,27.9,23.0,32.0,0.0,11.0,1016.7,0,0,59,2,5,1,0,0,0,0.49999999999999994,0.8660254037844387
2025-11-08 03:00:00,R1,90.866478525665,100,4,Highway,True,27.9,23.0,32.0,0.0,11.0,1016.7,0,0,59,3,5,1,0,0,0,0.7071067811865476,0.7071067811865476
2025-11-08 04:00:00,R1,101.81326861061602,124,4,Highway,True,27.9,23.0,32.0,0.0,11.0,1016.7,0,0,59,4,5,1,0,0,0,0.8660254037844386,0.5000000000000001
2025-11-08 05:00:00,R1,107.83041646686648,127,4,Highway,True,27.9,23.0,32.0,0.0,11.0,1016.7,0,0,59,5,5,1,0,0,0,0.9659258262890683,0.25881904510252074
2025-11-08 06:00:00,R1,103.7997026750096,142,4,Highway,True,27.9,23.0,32.0,0.0,11.0,1016.7,0,0,59,6,5,1,0,0,0,1.0,6.123233995736766e-17
2025-11-08 07:00:00,R1,58.40039032400967,81,4,Highway,True,27.9,23.0,32.0,0.0,11.0,1016.7,0,0,59,7,5,1,1,0,1,0.9659258262890683,-0.25881904510252063
2025-11-08 08:00:00,R1,58.003285640861705,87,4,Highway,True,27.9,23.0,32.0,0.0,11.0,1016.7,0,0,59,8,5,1,1,0,1,0.8660254037844387,-0.4999999999999998
2025-11-08 09:00:00,R1,46.9738167177334,97,4,Highway,True,27.9,23.0,32.0,0.0,11.0,1016.7,0,0,59,9,5,1,1,0,1,0.7071067811865476,-0.7071067811865475
2025-11-08 10:00:00,R1,63.49754151405355,71,4,Highway,True,27.9,23.0,32.0,0.0,11.0,1016.7,0,0,59,10,5,1,1,0,1,0.49999999999999994,-0.8660254037844387
2025-11-08 11:00:00,R1,105.3083035887622,125,4,Highway,True,27.9,23.0,32.0,0.0,11.0,1016.7,0,0,59,11,5,1,0,0,0,0.258819045102521,-0.9659258262890682
2025-11-08 12:00:00,R1,98.87562222897938,133,4,Highway,True,27.9,23.0,32.0,0.0,11.0,1016.7,0,0,59,12,5,1,0,0,0,1.2246467991473532e-16,-1.0
2025-11-08 13:00:00,R1,101.30465504028284,109,4,Highway,True,27.9,23.0,32.0,0.0,11.0,1016.7,0,0,59,13,5,1,0,0,0,-0.2588190451025208,-0.9659258262890683
2025-11-08 14:00:00,R1,104.66935379903047,120,4,Highway,True,27.9,23.0,32.0,0.0,11.0,1016.7,0,0,59,14,5,1,0,0,0,-0.4999999999999997,-0.8660254037844388
2025-11-08 15:00:00,R1,102.99064523060729,136,4,Highway,True,27.9,23.0,32.0,0.0,11.0,1016.7,0,0,59,15,5,1,0,0,0,-0.7071067811865471,-0.7071067811865479
2025-11-08 16:00:00,R1,96.12282493908867,117,4,Highway,True,27.9,23.0,32.0,0.0,11.0,1016.7,0,0,59,16,5,1,0,0,0,-0.8660254037844384,-0.5000000000000004
2025-11-08 17:00:00,R1,62.22036502128321,67,4,Highway,True,27.9,23.0,32.0,0.0,11.0,1016.7,0,0,59,17,5,1,0,1,1,-0.9659258262890683,-0.25881904510252063
2025-11-08 18:00:00,R1,63.65055468944558,75,4,Highway,True,27.9,23.0,32.0,0.0,11.0,1016.7,0,0,59,18,5,1,0,1,1,-1.0,-1.8369701987210297e-16
2025-11-08 19:00:00,R1,55.38606030213894,77,4,Highway,True,27.9,23.0,32.0,0.0,11.0,1016.7,0,0,59,19,5,1,0,1,1,-0.9659258262890684,0.2588190451025203
2025-11-08 20:00:00,R1,57.87477711726445,96,4,Highway,True,27.9,23.0,32.0,0.0,11.0,1016.7,0,0,59,20,5,1,0,1,1,-0.8660254037844386,0.5000000000000001
2025-11-08 21:00:00,R1,108.32499512033904,110,4,Highway,True,27.9,23.0,32.0,0.0,11.0,1016.7,0,0,59,21,5,1,0,0,0,-0.7071067811865477,0.7071067811865474
2025-11-08 22:00:00,R1,99.01223545198305,122,4,Highway,True,27.9,23.0,32.0,0.0,11.0,1016.7,0,0,59,22,5,1,0,0,0,-0.5000000000000004,0.8660254037844384
2025-11-08 23:00:00,R1,100.35932939020752,129,4,Highway,True,27.9,23.0,32.0,0.0,11.0,1016.7,0,0,59,23,5,1,0,0,0,-0.25881904510252157,0.9659258262890681
2025-11-09 00:00:00,R1,96.26591943144952,105,4,Highway,True,28.2,24.0,31.0,0.0,12.7,1016.2,0,0,59,0,6,1,0,0,0,0.0,1.0
2025-11-09 01:00:00,R1,98.05994896860368,141,4,Highway,True,28.2,24.0,31.0,0.0,12.7,1016.2,0,0,59,1,6,1,0,0,0,0.25881904510252074,0.9659258262890683
2025-11-09 02:00:00,R1,98.3471617141272,112,4,Highway,True,28.2,24.0,31.0,0.0,12.7,1016.2,0,0,59,2,6,1,0,0,0,0.49999999999999994,0.8660254037844387
2025-11-09 03:00:00,R1,101.15212341075028,139,4,Highway,True,28.2,24.0,31.0,0.0,12.7,1016.2,0,0,59,3,6,1,0,0,0,0.7071067811865476,0.7071067811865476
2025-11-09 04:00:00,R1,101.40881810424374,103,4,Highway,True,28.2,24.0,31.0,0.0,12.7,1016.2,0,0,59,4,6,1,0,0,0,0.8660254037844386,0.5000000000000001
2025-11-09 05:00:00,R1,98.4464617970722,148,4,Highway,True,28.2,24.0,31.0,0.0,12.7,1016.2,0,0,59,5,6,1,0,0,0,0.9659258262890683,0.25881904510252074
2025-11-09 06:00:00,R1,111.14854864677288,139,4,Highway,True,28.2,24.0,31.0,0.0,12.7,1016.2,0,0,59,6,6,1,0,0,0,1.0,6.123233995736766e-17
2025-11-09 07:00:00,R1,63.19500091407652,105,4,Highway,True,28.2,24.0,31.0,0.0,12.7,1016.2,0,0,59,7,6,1,1,0,1,0.9659258262890683,-0.25881904510252063
2025-11-09 08:00:00,R1,58.187268675140345,77,4,Highway,True,28.2,24.0,31.0,0.0,12.7,1016.2,0,0,59,8,6,1,1,0,1,0.8660254037844387,-0.4999999999999998
2025-11-09 09:00:00,R1,62.80652389089971,78,4,Highway,True,28.2,24.0,31.0,0.0,12.7,1016.2,0,0,59,9,6,1,1,0,1,0.7071067811865476,-0.7071067811865475
2025-11-09 10:00:00,R1,61.10597257001615,87,4,Highway,True,28.2,24.0,31.0,0.0,12.7,1016.2,0,0,59,10,6,1,1,0,1,0.49999999999999994,-0.8660254037844387
2025-11-09 11:00:00,R1,106.50847898948209,120,4,Highway,True,28.2,24.0,31.0,0.0,12.7,1016.2,0,0,59,11,6,1,0,0,0,0.258819045102521,-0.9659258262890682
2025-11-09 12:00:00,R1,109.6212377542371,106,4,Highway,True,28.2,24.0,31.0,0.0,12.7,1016.2,0,0,59,12,6,1,0,0,0,1.2246467991473532e-16,-1.0
2025-11-09 13:00:00,R1,96.82714712784862,142,4,Highway,True,28.2,24.0,31.0,0.0,12.7,1016.2,0,0,59,13,6,1,0,0,0,-0.2588190451025208,-0.9659258262890683
2025-11-09 14:00:00,R1,111.00994286603397,104,4,Highway,True,28.2,24.0,31.0,0.0,12.7,1016.2,0,0,59,14,6,1,0,0,0,-0.4999999999999997,-0.8660254037844388
2025-11-09 15:00:00,R1,90.990094708878,105,4,Highway,True,28.2,24.0,31.0,0.0,12.7,1016.2,0,0,59,15,6,1,0,0,0,-0.7071067811865471,-0.7071067811865479
2025-11-09 16:00:00,R1,100.32165321537964,102,4,Highway,True,28.2,24.0,31.0,0.0,12.7,1016.2,0,0,59,16,6,1,0,0,0,-0.8660254037844384,-0.5000000000000004
2025-11-09 17:00:00,R1,58.09326047799867,88,4,Highway,True,28.2,24.0,31.0,0.0,12.7,1016.2,0,0,59,17,6,1,0,1,1,-0.9659258262890683,-0.25881904510252063
2025-11-09 18:00:00,R1,57.90417260979349,60,4,Highway,True,28.2,24.0,31.0,0.0,12.7,1016.2,0,0,59,18,6,1,0,1,1,-1.0,-1.8369701987210297e-16
2025-11-09 19:00:00,R1,65.97792778540988,102,4,Highway,True,28.2,24.0,31.0,0.0,12.7,1016.2,0,0,59,19,6,1,0,1,1,-0.9659258262890684,0.2588190451025203
2025-11-09 20:00:00,R1,62.03594496455706,77,4,Highway,True,28.2,24.0,31.0,0.0,12.7,1016.2,0,0,59,20,6,1,0,1,1,-0.8660254037844386,0.5000000000000001
2025-11-09 21:00:00,R1,99.73399531956912,117,4,Highway,True,28.2,24.0,31.0,0.0,12.7,1016.2,0,0,59,21,6,1,0,0,0,-0.7071067811865477,0.7071067811865474
2025-11-09 22:00:00,R1,94.6171487015118,117,4,Highway,True,28.2,24.0,31.0,0.0,12.7,1016.2,0,0,59,22,6,1,0,0,0,-0.5000000000000004,0.8660254037844384
2025-11-09 23:00:00,R1,93.40345658999055,110,4,Highway,True,28.2,24.0,31.0,0.0,12.7,1016.2,0,0,59,23,6,1,0,0,0,-0.25881904510252157,0.9659258262890681
2025-11-10 00:00:00,R1,98.88050772578868,121,4,Highway,True,27.9,24.0,31.0,0.0,10.4,1014.8,0,0,59,0,0,0,0,0,0,0.0,1.0
2025-11-10 01:00:00,R1,95.63995148923948,104,4,Highway,True,27.9,24.0,31.0,0.0,10.4,1014.8,0,0,59,1,0,0,0,0,0,0.25881904510252074,0.9659258262890683
2025-11-10 02:00:00,R1,101.4803823053443,146,4,Highway,True,27.9,24.0,31.0,0.0,10.4,1014.8,0,0,59,2,0,0,0,0,0,0.49999999999999994,0.8660254037844387
2025-11-10 03:00:00,R1,103.5533131262518,140,4,Highway,True,27.9,24.0,31.0,0.0,10.4,1014.8,0,0,59,3,0,0,0,0,0,0.7071067811865476,0.7071067811865476
2025-11-10 04:00:00,R1,102.99408575125187,105,4,Highway,True,27.9,24.0,31.0,0.0,10.4,1014.8,0,0,59,4,0,0,0,0,0,0.8660254037844386,0.5000000000000001
2025-11-10 05:00:00,R1,99.8718810360476,116,4,Highway,True,27.9,24.0,31.0,0.0,10.4,1014.8,0,0,59,5,0,0,0,0,0,0.9659258262890683,0.25881904510252074
2025-11-10 06:00:00,R1,102.60685679224832,136,4,Highway,True,27.9,24.0,31.0,0.0,10.4,1014.8,0,0,59,6,0,0,0,0,0,1.0,6.123233995736766e-17
2025-11-10 07:00:00,R1,65.60231448446639,66,4,Highway,True,27.9,24.0,31.0,0.0,10.4,1014.8,0,0,59,7,0,0,1,0,1,0.9659258262890683,-0.25881904510252063
2025-11-10 08:00:00,R1,67.59658948363821,74,4,Highway,True,27.9,24.0,31.0,0.0,10.4,1014.8,0,0,59,8,0,0,1,0,1,0.8660254037844387,-0.4999999999999998
2025-11-10 09:00:00,R1,59.89650569446774,99,4,Highway,True,27.9,24.0,31.0,0.0,10.4,1014.8,0,0,59,9,0,0,1,0,1,0.7071067811865476,-0.7071067811865475
2025-11-10 10:00:00,R1,58.47736117848033,103,4,Highway,True,27.9,24.0,31.0,0.0,10.4,1014.8,0,0,59,10,0,0,1,0,1,0.49999999999999994,-0.8660254037844387
2025-11-10 11:00:00,R1,113.0288750939122,107,4,Highway,True,27.9,24.0,31.0,0.0,10.4,1014.8,0,0,59,11,0,0,0,0,0,0.258819045102521,-0.9659258262890682
2025-11-10 12:00:00,R1,100.4964245822908,146,4,Highway,True,27.9,24.0,31.0,0.0,10.4,1014.8,0,0,59,12,0,0,0,0,0,1.2246467991473532e-16,-1.0
2025-11-10 13:00:00,R1,94.67195735123929,135,4,Highway,True,27.9,24.0,31.0,0.0,10.4,1014.8,0,0,59,13,0,0,0,0,0,-0.2588190451025208,-0.9659258262890683
2025-11-10 14:00:00,R1,106.3545067465009,118,4,Highway,True,27.9,24.0,31.0,0.0,10.4,1014.8,0,0,59,14,0,0,0,0,0,-0.4999999999999997,-0.8660254037844388
2025-11-10 15:00:00,R1,96.3839161641751,135,4,Highway,True,27.9,24.0,31.0,0.0,10.4,1014.8,0,0,59,15,0,0,0,0,0,-0.7071067811865471,-0.7071067811865479
2025-11-10 16:00:00,R1,102.33928466536553,113,4,Highway,True,27.9,24.0,31.0,0.0,10.4,1014.8,0,0,59,16,0,0,0,0,0,-0.8660254037844384,-0.5000000000000004
2025-11-10 17:00:00,R1,57.73408423712043,65,4,Highway,True,27.9,24.0,31.0,0.0,10.4,1014.8,0,0,59,17,0,0,0,1,1,-0.9659258262890683,-0.25881904510252063
2025-11-10 18:00:00,R1,58.05645698907665,63,4,Highway,True,27.9,24.0,31.0,0.0,10.4,1014.8,0,0,59,18,0,0,0,1,1,-1.0,-1.8369701987210297e-16
2025-11-10 19:00:00,R1,55.39008769197373,92,4,Highway,True,27.9,24.0,31.0,0.0,10.4,1014.8,0,0,59,19,0,0,0,1,1,-0.9659258262890684,0.2588190451025203
2025-11-10 20:00:00,R1,56.24801290808806,95,4,Highway,True,27.9,24.0,31.0,0.0,10.4,1014.8,0,0,59,20,0,0,0,1,1,-0.8660254037844386,0.5000000000000001
2025-11-10 21:00:00,R1,101.6666818347352,147,4,Highway,True,27.9,24.0,31.0,0.0,10.4,1014.8,0,0,59,21,0,0,0,0,0,-0.7071067811865477,0.7071067811865474
2025-11-10 22:00:00,R1,102.57163777368062,106,4,Highway,True,27.9,24.0,31.0,0.0,10.4,1014.8,0,0,59,22,0,0,0,0,0,-0.5000000000000004,0.8660254037844384
2025-11-10 23:00:00,R1,91.53302920338986,126,4,Highway,True,27.9,24.0,31.0,0.0,10.4,1014.8,0,0,59,23,0,0,0,0,0,-0.25881904510252157,0.9659258262890681
2025-11-11 00:00:00,R1,100.04813668832352,132,4,Highway,True,27.7,24.0,31.0,0.0,10.9,1014.8,0,0,59,0,1,0,0,0,0,0.0,1.0
2025-11-11 01:00:00,R1,101.01332910316708,142,4,Highway,True,27.7,24.0,31.0,0.0,10.9,1014.8,0,0,59,1,1,0,0,0,0,0.25881904510252074,0.9659258262890683
2025-11-11 02:00:00,R1,97.63649959798046,137,4,Highway,True,27.7,24.0,31.0,0.0,10.9,1014.8,0,0,59,2,1,0,0,0,0,0.49999999999999994,0.8660254037844387
2025-11-11 03:00:00,R1,96.75702969719774,114,4,Highway,True,27.7,24.0,31.0,0.0,10.9,1014.8,0,0,59,3,1,0,0,0,0,0.7071067811865476,0.7071067811865476
2025-11-11 04:00:00,R1,101.29975083500312,140,4,Highway,True,27.7,24.0,31.0,0.0,10.9,1014.8,0,0,59,4,1,0,0,0,0,0.8660254037844386,0.5000000000000001
2025-11-11 05:00:00,R1,103.30558351314156,132,4,Highway,True,27.7,24.0,31.0,0.0,10.9,1014.8,0,0,59,5,1,0,0,0,0,0.9659258262890683,0.25881904510252074
2025-11-11 06:00:00,R1,96.43837924090872,137,4,Highway,True,27.7,24.0,31.0,0.0,10.9,1014.8,0,0,59,6,1,0,0,0,0,1.0,6.123233995736766e-17
2025-11-11 07:00:00,R1,65.32558349321074,82,4,Highway,True,27.7,24.0,31.0,0.0,10.9,1014.8,0,0,59,7,1,0,1,0,1,0.9659258262890683,-0.25881904510252063
2025-11-11 08:00:00,R1,58.70234410699493,98,4,Highway,True,27.7,24.0,31.0,0.0,10.9,1014.8,0,0,59,8,1,0,1,0,1,0.8660254037844387,-0.4999999999999998
2025-11-11 09:00:00,R1,54.62579090958134,60,4,Highway,True,27.7,24.0,31.0,0.0,10.9,1014.8,0,0,59,9,1,0,1,0,1,0.7071067811865476,-0.7071067811865475
2025-11-11 10:00:00,R1,63.00873170202488,93,4,Highway,True,27.7,24.0,31.0,0.0,10.9,1014.8,0,0,59,10,1,0,1,0,1,0.49999999999999994,-0.8660254037844387
2025-11-11 11:00:00,R1,92.81164621658736,122,4,Highway,True,27.7,24.0,31.0,0.0,10.9,1014.8,0,0,59,11,1,0,0,0,0,0.258819045102521,-0.9659258262890682
2025-11-11 12:00:00,R1,93.92200755656349,132,4,Highway,True,27.7,24.0,31.0,0.0,10.9,1014.8,0,0,59,12,1,0,0,0,0,1.2246467991473532e-16,-1.0
2025-11-11 13:00:00,R1,104.15492301961856,119,4,Highway,True,27.7,24.0,31.0,0.0,10.9,1014.8,0,0,59,13,1,0,0,0,0,-0.2588190451025208,-0.9659258262890683
2025-11-11 14:00:00,R1,108.93696078478408,126,4,Highway,True,27.7,24.0,31.0,0.0,10.9,1014.8,0,0,59,14,1,0,0,0,0,-0.4999999999999997,-0.8660254037844388
2025-11-11 15:00:00,R1,106.48020336504791,146,4,Highway,True,27.7,24.0,31.0,0.0,10.9,1014.8,0,0,59,15,1,0,0,0,0,-0.7071067811865471,-0.7071067811865479
2025-11-11 16:00:00,R1,98.27948321810956,134,4,Highway,True,27.7,24.0,31.0,0.0,10.9,1014.8,0,0,59,16,1,0,0,0,0,-0.8660254037844384,-0.5000000000000004
2025-11-11 17:00:00,R1,61.78894407517608,92,4,Highway,True,27.7,24.0,31.0,0.0,10.9,1014.8,0,0,59,17,1,0,0,1,1,-0.9659258262890683,-0.25881904510252063
2025-11-11 18:00:00,R1,64.38109256782344,70,4,Highway,True,27.7,24.0,31.0,0.0,10.9,1014.8,0,0,59,18,1,0,0,1,1,-1.0,-1.8369701987210297e-16
2025-11-11 19:00:00,R1,57.69196684636825,102,4,Highway,True,27.7,24.0,31.0,0.0,10.9,1014.8,0,0,59,19,1,0,0,1,1,-0.9659258262890684,0.2588190451025203
2025-11-11 20:00:00,R1,65.14712372289057,83,4,Highway,True,27.7,24.0,31.0,0.0,10.9,1014.8,0,0,59,20,1,0,0,1,1,-0.8660254037844386,0.5000000000000001
2025-11-11 21:00:00,R1,96.99172870992084,133,4,Highway,True,27.7,24.0,31.0,0.0,10.9,1014.8,0,0,59,21,1,0,0,0,0,-0.7071067811865477,0.7071067811865474
2025-11-11 22:00:00,R1,101.2682059981702,143,4,Highway,True,27.7,24.0,31.0,0.0,10.9,1014.8,0,0,59,22,1,0,0,0,0,-0.5000000000000004,0.8660254037844384
2025-11-11 23:00:00,R1,98.2114444357814,132,4,Highway,True,27.7,24.0,31.0,0.0,10.9,1014.8,0,0,59,23,1,0,0,0,0,-0.25881904510252157,0.9659258262890681
2025-11-12 00:00:00,R1,101.19307972530456,131,4,Highway,True,27.9,23.0,33.0,0.0,10.5,1016.3,0,0,59,0,2,0,0,0,0,0.0,1.0
2025-11-12 01:00:00,R1,98.62704443706136,115,4,Highway,True,27.9,23.0,33.0,0.0,10.5,1016.3,0,0,59,1,2,0,0,0,0,0.25881904510252074,0.9659258262890683
2025-11-12 02:00:00,R1,98.22343166394658,145,4,Highway,True,27.9,23.0,33.0,0.0,10.5,1016.3,0,0,59,2,2,0,0,0,0,0.49999999999999994,0.8660254037844387
2025-11-12 03:00:00,R1,105.70048807735806,137,4,Highway,True,27.9,23.0,33.0,0.0,10.5,1016.3,0,0,59,3,2,0,0,0,0,0.7071067811865476,0.7071067811865476
2025-11-12 04:00:00,R1,98.85618145983916,102,4,Highway,True,27.9,23.0,33.0,0.0,10.5,1016.3,0,0,59,4,2,0,0,0,0,0.8660254037844386,0.5000000000000001
2025-11-12 05:00:00,R1,95.66892970366212,138,4,Highway,True,27.9,23.0,33.0,0.0,10.5,1016.3,0,0,59,5,2,0,0,0,0,0.9659258262890683,0.25881904510252074
2025-11-12 06:00:00,R1,105.2638622602046,131,4,Highway,True,27.9,23.0,33.0,0.0,10.5,1016.3,0,0,59,6,2,0,0,0,0,1.0,6.123233995736766e-17
2025-11-12 07:00:00,R1,73.25900401082745,75,4,Highway,True,27.9,23.0,33.0,0.0,10.5,1016.3,0,0,59,7,2,0,1,0,1,0.9659258262890683,-0.25881904510252063
2025-11-12 08:00:00,R1,62.19680079340348,75,4,Highway,True,27.9,23.0,33.0,0.0,10.5,1016.3,0,0,59,8,2,0,1,0,1,0.8660254037844387,-0.4999999999999998
2025-11-12 09:00:00,R1,53.0636645500168,93,4,Highway,True,27.9,23.0,33.0,0.0,10.5,1016.3,0,0,59,9,2,0,1,0,1,0.7071067811865476,-0.7071067811865475
2025-11-12 10:00:00,R1,54.89532668228672,70,4,Highway,True,27.9,23.0,33.0,0.0,10.5,1016.3,0,0,59,10,2,0,1,0,1,0.49999999999999994,-0.8660254037844387
2025-11-12 11:00:00,R1,100.924777438311,125,4,Highway,True,27.9,23.0,33.0,0.0,10.5,1016.3,0,0,59,11,2,0,0,0,0,0.258819045102521,-0.9659258262890682
2025-11-12 12:00:00,R1,108.32985219246544,108,4,Highway,True,27.9,23.0,33.0,0.0,10.5,1016.3,0,0,59,12,2,0,0,0,0,1.2246467991473532e-16,-1.0
2025-11-12 13:00:00,R1,104.58781864162192,124,4,Highway,True,27.9,23.0,33.0,0.0,10.5,1016.3,0,0,59,13,2,0,0,0,0,-0.2588190451025208,-0.9659258262890683
2025-11-12 14:00:00,R1,95.0457732663439,120,4,Highway,True,27.9,23.0,33.0,0.0,10.5,1016.3,0,0,59,14,2,0,0,0,0,-0.4999999999999997,-0.8660254037844388
2025-11-12 15:00:00,R1,99.31542355466232,124,4,Highway,True,27.9,23.0,33.0,0.0,10.5,1016.3,0,0,59,15,2,0,0,0,0,-0.7071067811865471,-0.7071067811865479
2025-11-12 16:00:00,R1,88.88458334794241,100,4,Highway,True,27.9,23.0,33.0,0.0,10.5,1016.3,0,0,59,16,2,0,0,0,0,-0.8660254037844384,-0.5000000000000004
2025-11-12 17:00:00,R1,63.87649368756186,93,4,Highway,True,27.9,23.0,33.0,0.0,10.5,1016.3,0,0,59,17,2,0,0,1,1,-0.9659258262890683,-0.25881904510252063
2025-11-12 18:00:00,R1,55.49735379278229,81,4,Highway,True,27.9,23.0,33.0,0.0,10.5,1016.3,0,0,59,18,2,0,0,1,1,-1.0,-1.8369701987210297e-16
2025-11-12 19:00:00,R1,53.67609222954975,65,4,Highway,True,27.9,23.0,33.0,0.0,10.5,1016.3,0,0,59,19,2,0,0,1,1,-0.9659258262890684,0.2588190451025203
2025-11-12 20:00:00,R1,61.39853761213904,67,4,Highway,True,27.9,23.0,33.0,0.0,10.5,1016.3,0,0,59,20,2,0,0,1,1,-0.8660254037844386,0.5000000000000001
2025-11-12 21:00:00,R1,97.61343851471158,133,4,Highway,True,27.9,23.0,33.0,0.0,10.5,1016.3,0,0,59,21,2,0,0,0,0,-0.7071067811865477,0.7071067811865474
2025-11-12 22:00:00,R1,95.92494218031769,128,4,Highway,True,27.9,23.0,33.0,0.0,10.5,1016.3,0,0,59,22,2,0,0,0,0,-0.5000000000000004,0.8660254037844384
2025-11-12 23:00:00,R1,100.11312080856568,144,4,Highway,True,27.9,23.0,33.0,0.0,10.5,1016.3,0,0,59,23,2,0,0,0,0,-0.25881904510252157,0.9659258262890681
2025-11-13 00:00:00,R1,101.97710901435606,129,4,Highway,True,27.6,23.0,31.0,0.0,11.5,1017.7,0,0,59,0,3,0,0,0,0,0.0,1.0
2025-11-13 01:00:00,R1,98.69602490369287,128,4,Highway,True,27.6,23.0,31.0,0.0,11.5,1017.7,0,0,59,1,3,0,0,0,0,0.25881904510252074,0.9659258262890683
2025-11-13 02:00:00,R1,97.73833594114896,122,4,Highway,True,27.6,23.0,31.0,0.0,11.5,1017.7,0,0,59,2,3,0,0,0,0,0.49999999999999994,0.8660254037844387
2025-11-13 03:00:00,R1,91.79349629150887,125,4,Highway,True,27.6,23.0,31.0,0.0,11.5,1017.7,0,0,59,3,3,0,0,0,0,0.7071067811865476,0.7071067811865476
2025-11-13 04:00:00,R1,98.89474516739898,103,4,Highway,True,27.6,23.0,31.0,0.0,11.5,1017.7,0,0,59,4,3,0,0,0,0,0.8660254037844386,0.5000000000000001
2025-11-13 05:00:00,R1,109.25009025350433,148,4,Highway,True,27.6,23.0,31.0,0.0,11.5,1017.7,0,0,59,5,3,0,0,0,0,0.9659258262890683,0.25881904510252074
2025-11-13 06:00:00,R1,96.78578406617454,128,4,Highway,True,27.6,23.0,31.0,0.0,11.5,1017.7,0,0,59,6,3,0,0,0,0,1.0,6.123233995736766e-17
2025-11-13 07:00:00,R1,52.31002922246698,81,4,Highway,True,27.6,23.0,31.0,0.0,11.5,1017.7,0,0,59,7,3,0,1,0,1,0.9659258262890683,-0.25881904510252063
2025-11-13 08:00:00,R1,57.69106963226149,80,4,Highway,True,27.6,23.0,31.0,0.0,11.5,1017.7,0,0,59,8,3,0,1,0,1,0.8660254037844387,-0.4999999999999998
2025-11-13 09:00:00,R1,53.70918723268928,106,4,Highway,True,27.6,23.0,31.0,0.0,11.5,1017.7,0,0,59,9,3,0,1,0,1,0.7071067811865476,-0.7071067811865475
2025-11-13 10:00:00,R1,60.97394757257681,104,4,Highway,True,27.6,23.0,31.0,0.0,11.5,1017.7,0,0,59,10,3,0,1,0,1,0.49999999999999994,-0.8660254037844387
2025-11-13 11:00:00,R1,104.6685850937324,142,4,Highway,True,27.6,23.0,31.0,0.0,11.5,1017.7,0,0,59,11,3,0,0,0,0,0.258819045102521,-0.9659258262890682
2025-11-13 12:00:00,R1,96.48821428996114,143,4,Highway,True,27.6,23.0,31.0,0.0,11.5,1017.7,0,0,59,12,3,0,0,0,0,1.2246467991473532e-16,-1.0
2025-11-13 13:00:00,R1,105.5880200386594,121,4,Highway,True,27.6,23.0,31.0,0.0,11.5,1017.7,0,0,59,13,3,0,0,0,0,-0.2588190451025208,-0.9659258262890683
2025-11-13 14:00:00,R1,96.00697338061372,142,4,Highway,True,27.6,23.0,31.0,0.0,11.5,1017.7,0,0,59,14,3,0,0,0,0,-0.4999999999999997,-0.8660254037844388
2025-11-13 15:00:00,R1,94.982757920643,109,4,Highway,True,27.6,23.0,31.0,0.0,11.5,1017.7,0,0,59,15,3,0,0,0,0,-0.7071067811865471,-0.7071067811865479
2025-11-13 16:00:00,R1,93.4505348636826,125,4,Highway,True,27.6,23.0,31.0,0.0,11.5,1017.7,0,0,59,16,3,0,0,0,0,-0.8660254037844384,-0.5000000000000004
2025-11-13 17:00:00,R1,63.1280716529128,98,4,Highway,True,27.6,23.0,31.0,0.0,11.5,1017.7,0,0,59,17,3,0,0,1,1,-0.9659258262890683,-0.25881904510252063
2025-11-13 18:00:00,R1,61.09405769243737,65,4,Highway,True,27.6,23.0,31.0,0.0,11.5,1017.7,0,0,59,18,3,0,0,1,1,-1.0,-1.8369701987210297e-16
2025-11-13 19:00:00,R1,63.77658177245261,86,4,Highway,True,27.6,23.0,31.0,0.0,11.5,1017.7,0,0,59,19,3,0,0,1,1,-0.9659258262890684,0.2588190451025203
2025-11-13 20:00:00,R1,62.6406926529578,71,4,Highway,True,27.6,23.0,31.0,0.0,11.5,1017.7,0,0,59,20,3,0,0,1,1,-0.8660254037844386,0.5000000000000001
2025-11-13 21:00:00,R1,100.99732121644206,111,4,Highway,True,27.6,23.0,31.0,0.0,11.5,1017.7,0,0,59,21,3,0,0,0,0,-0.7071067811865477,0.7071067811865474
2025-11-13 22:00:00,R1,95.4970853564261,120,4,Highway,True,27.6,23.0,31.0,0.0,11.5,1017.7,0,0,59,22,3,0,0,0,0,-0.5000000000000004,0.8660254037844384
2025-11-13 23:00:00,R1,103.98504931111798,109,4,Highway,True,27.6,23.0,31.0,0.0,11.5,1017.7,0,0,59,23,3,0,0,0,0,-0.25881904510252157,0.9659258262890681
2025-11-14 00:00:00,R1,93.60677873181292,144,4,Highway,True,27.4,23.0,31.0,0.0,11.5,1017.0,0,0,59,0,4,0,0,0,0,0.0,1.0
2025-11-14 01:00:00,R1,99.50549549981346,106,4,Highway,True,27.4,23.0,31.0,0.0,11.5,1017.0,0,0,59,1,4,0,0,0,0,0.25881904510252074,0.9659258262890683
2025-11-14 02:00:00,R1,98.49119699956609,138,4,Highway,True,27.4,23.0,31.0,0.0,11.5,1017.0,0,0,59,2,4,0,0,0,0,0.49999999999999994,0.8660254037844387
2025-11-14 03:00:00,R1,99.07774473607466,129,4,Highway,True,27.4,23.0,31.0,0.0,11.5,1017.0,0,0,59,3,4,0,0,0,0,0.7071067811865476,0.7071067811865476
2025-11-14 04:00:00,R1,96.856496652987,122,4,Highway,True,27.4,23.0,31.0,0.0,11.5,1017.0,0,0,59,4,4,0,0,0,0,0.8660254037844386,0.5000000000000001
2025-11-14 05:00:00,R1,95.749657255735,145,4,Highway,True,27.4,23.0,31.0,0.0,11.5,1017.0,0,0,59,5,4,0,0,0,0,0.9659258262890683,0.25881904510252074
2025-11-14 06:00:00,R1,103.1394981578794,105,4,Highway,True,27.4,23.0,31.0,0.0,11.5,1017.0,0,0,59,6,4,0,0,0,0,1.0,6.123233995736766e-17
2025-11-14 07:00:00,R1,61.90516660748577,64,4,Highway,True,27.4,23.0,31.0,0.0,11.5,1017.0,0,0,59,7,4,0,1,0,1,0.9659258262890683,-0.25881904510252063
2025-11-14 08:00:00,R1,48.24133687079579,104,4,Highway,True,27.4,23.0,31.0,0.0,11.5,1017.0,0,0,59,8,4,0,1,0,1,0.8660254037844387,-0.4999999999999998
2025-11-14 09:00:00,R1,63.99009625296782,68,4,Highway,True,27.4,23.0,31.0,0.0,11.5,1017.0,0,0,59,9,4,0,1,0,1,0.7071067811865476,-0.7071067811865475
2025-11-14 10:00:00,R1,53.1067921156594,62,4,Highway,True,27.4,23.0,31.0,0.0,11.5,1017.0,0,0,59,10,4,0,1,0,1,0.49999999999999994,-0.8660254037844387
2025-11-14 11:00:00,R1,95.14785109517224,136,4,Highway,True,27.4,23.0,31.0,0.0,11.5,1017.0,0,0,59,11,4,0,0,0,0,0.258819045102521,-0.9659258262890682
2025-11-14 12:00:00,R1,99.08851994163312,124,4,Highway,True,27.4,23.0,31.0,0.0,11.5,1017.0,0,0,59,12,4,0,0,0,0,1.2246467991473532e-16,-1.0
2025-11-14 13:00:00,R1,97.90767973697383,114,4,Highway,True,27.4,23.0,31.0,0.0,11.5,1017.0,0,0,59,13,4,0,0,0,0,-0.2588190451025208,-0.9659258262890683
2025-11-14 14:00:00,R1,111.7512340794014,135,4,Highway,True,27.4,23.0,31.0,0.0,11.5,1017.0,0,0,59,14,4,0,0,0,0,-0.4999999999999997,-0.8660254037844388
2025-11-14 15:00:00,R1,108.56650540516593,121,4,Highway,True,27.4,23.0,31.0,0.0,11.5,1017.0,0,0,59,15,4,0,0,0,0,-0.7071067811865471,-0.7071067811865479
2025-11-14 16:00:00,R1,107.33272536170747,134,4,Highway,True,27.4,23.0,31.0,0.0,11.5,1017.0,0,0,59,16,4,0,0,0,0,-0.8660254037844384,-0.5000000000000004
2025-11-14 17:00:00,R1,59.163590515979735,62,4,Highway,True,27.4,23.0,31.0,0.0,11.5,1017.0,0,0,59,17,4,0,0,1,1,-0.9659258262890683,-0.25881904510252063
2025-11-14 18:00:00,R1,71.0584087413577,75,4,Highway,True,27.4,23.0,31.0,0.0,11.5,1017.0,0,0,59,18,4,0,0,1,1,-1.0,-1.8369701987210297e-16
2025-11-14 19:00:00,R1,59.84852447162711,91,4,Highway,True,27.4,23.0,31.0,0.0,11.5,1017.0,0,0,59,19,4,0,0,1,1,-0.9659258262890684,0.2588190451025203
2025-11-14 20:00:00,R1,67.95654833398093,83,4,Highway,True,27.4,23.0,31.0,0.0,11.5,1017.0,0,0,59,20,4,0,0,1,1,-0.8660254037844386,0.5000000000000001
2025-11-14 21:00:00,R1,84.33717508430216,126,4,Highway,True,27.4,23.0,31.0,0.0,11.5,1017.0,0,0,59,21,4,0,0,0,0,-0.7071067811865477,0.7071067811865474
2025-11-14 22:00:00,R1,98.19091478821711,148,4,Highway,True,27.4,23.0,31.0,0.0,11.5,1017.0,0,0,59,22,4,0,0,0,0,-0.5000000000000004,0.8660254037844384
2025-11-14 23:00:00,R1,92.56354325681704,106,4,Highway,True,27.4,23.0,31.0,0.0,11.5,1017.0,0,0,59,23,4,0,0,0,0,-0.25881904510252157,0.9659258262890681
2025-11-15 00:00:00,R1,88.36988476320498,125,4,Highway,True,27.1,23.0,31.0,0.0,11.1,1016.6,0,0,59,0,5,1,0,0,0,0.0,1.0
2025-11-15 01:00:00,R1,99.59994479486774,114,4,Highway,True,27.1,23.0,31.0,0.0,11.1,1016.6,0,0,59,1,5,1,0,0,0,0.25881904510252074,0.9659258262890683
2025-11-15 02:00:00,R1,99.23195010210324,111,4,Highway,True,27.1,23.0,31.0,0.0,11.1,1016.6,0,0,59,2,5,1,0,0,0,0.49999999999999994,0.8660254037844387
2025-11-15 03:00:00,R1,96.71762838834702,144,4,Highway,True,27.1,23.0,31.0,0.0,11.1,1016.6,0,0,59,3,5,1,0,0,0,0.7071067811865476,0.7071067811865476
2025-11-15 04:00:00,R1,102.81418388880827,129,4,Highway,True,27.1,23.0,31.0,0.0,11.1,1016.6,0,0,59,4,5,1,0,0,0,0.8660254037844386,0.5000000000000001
2025-11-15 05:00:00,R1,106.67165434227296,118,4,Highway,True,27.1,23.0,31.0,0.0,11.1,1016.6,0,0,59,5,5,1,0,0,0,0.9659258262890683,0.25881904510252074
2025-11-15 06:00:00,R1,106.92770500416472,129,4,Highway,True,27.1,23.0,31.0,0.0,11.1,1016.6,0,0,59,6,5,1,0,0,0,1.0,6.123233995736766e-17
2025-11-15 07:00:00,R1,66.31540637629114,103,4,Highway,True,27.1,23.0,31.0,0.0,11.1,1016.6,0,0,59,7,5,1,1,0,1,0.9659258262890683,-0.25881904510252063
2025-11-15 08:00:00,R1,55.21865122051023,82,4,Highway,True,27.1,23.0,31.0,0.0,11.1,1016.6,0,0,59,8,5,1,1,0,1,0.8660254037844387,-0.4999999999999998
2025-11-15 09:00:00,R1,61.75976084048601,104,4,Highway,True,27.1,23.0,31.0,0.0,11.1,1016.6,0,0,59,9,5,1,1,0,1,0.7071067811865476,-0.7071067811865475
2025-11-15 10:00:00,R1,62.34710981652879,86,4,Highway,True,27.1,23.0,31.0,0.0,11.1,1016.6,0,0,59,10,5,1,1,0,1,0.49999999999999994,-0.8660254037844387
2025-11-15 11:00:00,R1,101.118950606497,116,4,Highway,True,27.1,23.0,31.0,0.0,11.1,1016.6,0,0,59,11,5,1,0,0,0,0.258819045102521,-0.9659258262890682
2025-11-15 12:00:00,R1,96.96055944218978,125,4,Highway,True,27.1,23.0,31.0,0.0,11.1,1016.6,0,0,59,12,5,1,0,0,0,1.2246467991473532e-16,-1.0
2025-11-15 13:00:00,R1,106.99684627501692,144,4,Highway,True,27.1,23.0,31.0,0.0,11.1,1016.6,0,0,59,13,5,1,0,0,0,-0.2588190451025208,-0.9659258262890683
2025-11-15 14:00:00,R1,98.13581857918015,135,4,Highway,True,27.1,23.0,31.0,0.0,11.1,1016.6,0,0,59,14,5,1,0,0,0,-0.4999999999999997,-0.8660254037844388
2025-11-15 15:00:00,R1,102.81815174226408,110,4,Highway,True,27.1,23.0,31.0,0.0,11.1,1016.6,0,0,59,15,5,1,0,0,0,-0.7071067811865471,-0.7071067811865479
2025-11-15 16:00:00,R1,97.16866904059631,111,4,Highway,True,27.1,23.0,31.0,0.0,11.1,1016.6,0,0,59,16,5,1,0,0,0,-0.8660254037844384,-0.5000000000000004
2025-11-15 17:00:00,R1,68.35821302631709,71,4,Highway,True,27.1,23.0,31.0,0.0,11.1,1016.6,0,0,59,17,5,1,0,1,1,-0.9659258262890683,-0.25881904510252063
2025-11-15 18:00:00,R1,63.33653971768116,97,4,Highway,True,27.1,23.0,31.0,0.0,11.1,1016.6,0,0,59,18,5,1,0,1,1,-1.0,-1.8369701987210297e-16
2025-11-15 19:00:00,R1,53.47481205485168,72,4,Highway,True,27.1,23.0,31.0,0.0,11.1,1016.6,0,0,59,19,5,1,0,1,1,-0.9659258262890684,0.2588190451025203
2025-11-15 20:00:00,R1,60.18979483277493,79,4,Highway,True,27.1,23.0,31.0,0.0,11.1,1016.6,0,0,59,20,5,1,0,1,1,-0.8660254037844386,0.5000000000000001
2025-11-15 21:00:00,R1,101.31541775624162,135,4,Highway,True,27.1,23.0,31.0,0.0,11.1,1016.6,0,0,59,21,5,1,0,0,0,-0.7071067811865477,0.7071067811865474
2025-11-15 22:00:00,R1,106.7923433907864,144,4,Highway,True,27.1,23.0,31.0,0.0,11.1,1016.6,0,0,59,22,5,1,0,0,0,-0.5000000000000004,0.8660254037844384
2025-11-15 23:00:00,R1,103.15246311466107,131,4,Highway,True,27.1,23.0,31.0,0.0,11.1,1016.6,0,0,59,23,5,1,0,0,0,-0.25881904510252157,0.9659258262890681
2025-11-16 00:00:00,R1,101.34130379672293,134,4,Highway,True,27.4,23.0,33.0,0.0,11.2,1018.4,0,0,59,0,6,1,0,0,0,0.0,1.0
2025-11-16 01:00:00,R1,84.3215436674513,100,4,Highway,True,27.4,23.0,33.0,0.0,11.2,1018.4,0,0,59,1,6,1,0,0,0,0.25881904510252074,0.9659258262890683
2025-11-16 02:00:00,R1,104.41197217985422,133,4,Highway,True,27.4,23.0,33.0,0.0,11.2,1018.4,0,0,59,2,6,1,0,0,0,0.49999999999999994,0.8660254037844387
2025-11-16 03:00:00,R1,101.81369516951632,124,4,Highway,True,27.4,23.0,33.0,0.0,11.2,1018.4,0,0,59,3,6,1,0,0,0,0.7071067811865476,0.7071067811865476
2025-11-16 04:00:00,R1,110.17097670415578,111,4,Highway,True,27.4,23.0,33.0,0.0,11.2,1018.4,0,0,59,4,6,1,0,0,0,0.8660254037844386,0.5000000000000001
2025-11-16 05:00:00,R1,99.67913077258552,143,4,Highway,True,27.4,23.0,33.0,0.0,11.2,1018.4,0,0,59,5,6,1,0,0,0,0.9659258262890683,0.25881904510252074
2025-11-16 06:00:00,R1,98.27370014799386,108,4,Highway,True,27.4,23.0,33.0,0.0,11.2,1018.4,0,0,59,6,6,1,0,0,0,1.0,6.123233995736766e-17
2025-11-16 07:00:00,R1,53.385353594713685,93,4,Highway,True,27.4,23.0,33.0,0.0,11.2,1018.4,0,0,59,7,6,1,1,0,1,0.9659258262890683,-0.25881904510252063
2025-11-16 08:00:00,R1,59.84704770226516,69,4,Highway,True,27.4,23.0,33.0,0.0,11.2,1018.4,0,0,59,8,6,1,1,0,1,0.8660254037844387,-0.4999999999999998
2025-11-16 09:00:00,R1,55.45308860434509,76,4,Highway,True,27.4,23.0,33.0,0.0,11.2,1018.4,0,0,59,9,6,1,1,0,1,0.7071067811865476,-0.7071067811865475
2025-11-16 10:00:00,R1,59.16775745555162,106,4,Highway,True,27.4,23.0,33.0,0.0,11.2,1018.4,0,0,59,10,6,1,1,0,1,0.49999999999999994,-0.8660254037844387
2025-11-16 11:00:00,R1,93.56949283620185,118,4,Highway,True,27.4,23.0,33.0,0.0,11.2,1018.4,0,0,59,11,6,1,0,0,0,0.258819045102521,-0.9659258262890682
2025-11-16 12:00:00,R1,99.54845578954613,139,4,Highway,True,27.4,23.0,33.0,0.0,11.2,1018.4,0,0,59,12,6,1,0,0,0,1.2246467991473532e-16,-1.0
2025-11-16 13:00:00,R1,101.6205142732424,116,4,Highway,True,27.4,23.0,33.0,0.0,11.2,1018.4,0,0,59,13,6,1,0,0,0,-0.2588190451025208,-0.9659258262890683
2025-11-16 14:00:00,R1,98.66680674975994,127,4,Highway,True,27.4,23.0,33.0,0.0,11.2,1018.4,0,0,59,14,6,1,0,0,0,-0.4999999999999997,-0.8660254037844388
2025-11-16 15:00:00,R1,91.19829206937086,127,4,Highway,True,27.4,23.0,33.0,0.0,11.2,1018.4,0,0,59,15,6,1,0,0,0,-0.7071067811865471,-0.7071067811865479
2025-11-16 16:00:00,R1,98.23304913209154,101,4,Highway,True,27.4,23.0,33.0,0.0,11.2,1018.4,0,0,59,16,6,1,0,0,0,-0.8660254037844384,-0.5000000000000004
2025-11-16 17:00:00,R1,57.90587539594664,105,4,Highway,True,27.4,23.0,33.0,0.0,11.2,1018.4,0,0,59,17,6,1,0,1,1,-0.9659258262890683,-0.25881904510252063
2025-11-16 18:00:00,R1,55.12744268343029,73,4,Highway,True,27.4,23.0,33.0,0.0,11.2,1018.4,0,0,59,18,6,1,0,1,1,-1.0,-1.8369701987210297e-16
2025-11-16 19:00:00,R1,62.54424748005426,68,4,Highway,True,27.4,23.0,33.0,0.0,11.2,1018.4,0,0,59,19,6,1,0,1,1,-0.9659258262890684,0.2588190451025203
2025-11-16 20:00:00,R1,61.35782466506013,97,4,Highway,True,27.4,23.0,33.0,0.0,11.2,1018.4,0,0,59,20,6,1,0,1,1,-0.8660254037844386,0.5000000000000001
2025-11-16 21:00:00,R1,99.6464848756986,110,4,Highway,True,27.4,23.0,33.0,0.0,11.2,1018.4,0,0,59,21,6,1,0,0,0,-0.7071067811865477,0.7071067811865474
2025-11-16 22:00:00,R1,92.53331228399716,122,4,Highway,True,27.4,23.0,33.0,0.0,11.2,1018.4,0,0,59,22,6,1,0,0,0,-0.5000000000000004,0.8660254037844384
2025-11-16 23:00:00,R1,105.07036352556965,142,4,Highway,True,27.4,23.0,33.0,0.0,11.2,1018.4,0,0,59,23,6,1,0,0,0,-0.25881904510252157,0.9659258262890681
2025-11-17 00:00:00,R1,105.36292704266042,123,4,Highway,True,27.1,23.0,31.0,0.0,11.5,1018.9,0,0,59,0,0,0,0,0,0,0.0,1.0
2025-11-17 01:00:00,R1,99.61735535832464,123,4,Highway,True,27.1,23.0,31.0,0.0,11.5,1018.9,0,0,59,1,0,0,0,0,0,0.25881904510252074,0.9659258262890683
2025-11-17 02:00:00,R1,99.47231295643272,107,4,Highway,True,27.1,23.0,31.0,0.0,11.5,1018.9,0,0,59,2,0,0,0,0,0,0.49999999999999994,0.8660254037844387
2025-11-17 03:00:00,R1,104.19557251728943,100,4,Highway,True,27.1,23.0,31.0,0.0,11.5,1018.9,0,0,59,3,0,0,0,0,0,0.7071067811865476,0.7071067811865476
2025-11-17 04:00:00,R1,95.7696849823143,121,4,Highway,True,27.1,23.0,31.0,0.0,11.5,1018.9,0,0,59,4,0,0,0,0,0,0.8660254037844386,0.5000000000000001
2025-11-17 05:00:00,R1,98.56862015939144,119,4,Highway,True,27.1,23.0,31.0,0.0,11.5,1018.9,0,0,59,5,0,0,0,0,0,0.9659258262890683,0.25881904510252074
2025-11-17 06:00:00,R1,99.31694408617062,120,4,Highway,True,27.1,23.0,31.0,0.0,11.5,1018.9,0,0,59,6,0,0,0,0,0,1.0,6.123233995736766e-17
2025-11-17 07:00:00,R1,57.86150118639237,76,4,Highway,True,27.1,23.0,31.0,0.0,11.5,1018.9,0,0,59,7,0,0,1,0,1,0.9659258262890683,-0.25881904510252063
2025-11-17 08:00:00,R1,59.62692291543305,74,4,Highway,True,27.1,23.0,31.0,0.0,11.5,1018.9,0,0,59,8,0,0,1,0,1,0.8660254037844387,-0.4999999999999998
2025-11-17 09:00:00,R1,64.04773181858945,101,4,Highway,True,27.1,23.0,31.0,0.0,11.5,1018.9,0,0,59,9,0,0,1,0,1,0.7071067811865476,-0.7071067811865475
2025-11-17 10:00:00,R1,60.5273005151172,69,4,Highway,True,27.1,23.0,31.0,0.0,11.5,1018.9,0,0,59,10,0,0,1,0,1,0.49999999999999994,-0.8660254037844387
2025-11-17 11:00:00,R1,101.69547539958982,108,4,Highway,True,27.1,23.0,31.0,0.0,11.5,1018.9,0,0,59,11,0,0,0,0,0,0.258819045102521,-0.9659258262890682
2025-11-17 12:00:00,R1,109.58050278953988,123,4,Highway,True,27.1,23.0,31.0,0.0,11.5,1018.9,0,0,59,12,0,0,0,0,0,1.2246467991473532e-16,-1.0
2025-11-17 13:00:00,R1,100.41657010124194,140,4,Highway,True,27.1,23.0,31.0,0.0,11.5,1018.9,0,0,59,13,0,0,0,0,0,-0.2588190451025208,-0.9659258262890683
2025-11-17 14:00:00,R1,103.5895771564531,140,4,Highway,True,27.1,23.0,31.0,0.0,11.5,1018.9,0,0,59,14,0,0,0,0,0,-0.4999999999999997,-0.8660254037844388
2025-11-17 15:00:00,R1,104.0890165359006,135,4,Highway,True,27.1,23.0,31.0,0.0,11.5,1018.9,0,0,59,15,0,0,0,0,0,-0.7071067811865471,-0.7071067811865479
2025-11-17 16:00:00,R1,99.30552116149003,115,4,Highway,True,27.1,23.0,31.0,0.0,11.5,1018.9,0,0,59,16,0,0,0,0,0,-0.8660254037844384,-0.5000000000000004
2025-11-17 17:00:00,R1,49.030744738196326,105,4,Highway,True,27.1,23.0,31.0,0.0,11.5,1018.9,0,0,59,17,0,0,0,1,1,-0.9659258262890683,-0.25881904510252063
2025-11-17 18:00:00,R1,63.56681610642501,62,4,Highway,True,27.1,23.0,31.0,0.0,11.5,1018.9,0,0,59,18,0,0,0,1,1,-1.0,-1.8369701987210297e-16
2025-11-17 19:00:00,R1,62.25538503587645,92,4,Highway,True,27.1,23.0,31.0,0.0,11.5,1018.9,0,0,59,19,0,0,0,1,1,-0.9659258262890684,0.2588190451025203
2025-11-17 20:00:00,R1,54.65374380455504,91,4,Highway,True,27.1,23.0,31.0,0.0,11.5,1018.9,0,0,59,20,0,0,0,1,1,-0.8660254037844386,0.5000000000000001
2025-11-17 21:00:00,R1,84.80246908839125,100,4,Highway,True,27.1,23.0,31.0,0.0,11.5,1018.9,0,0,59,21,0,0,0,0,0,-0.7071067811865477,0.7071067811865474
2025-11-17 22:00:00,R1,100.48638881838902,128,4,Highway,True,27.1,23.0,31.0,0.0,11.5,1018.9,0,0,59,22,0,0,0,0,0,-0.5000000000000004,0.8660254037844384
2025-11-17 23:00:00,R1,106.50357365677893,124,4,Highway,True,27.1,23.0,31.0,0.0,11.5,1018.9,0,0,59,23,0,0,0,0,0,-0.25881904510252157,0.9659258262890681
2025-11-18 00:00:00,R1,108.77188854970592,145,4,Highway,True,26.8,23.0,31.0,0.0,10.4,1016.3,0,0,59,0,1,0,0,0,0,0.0,1.0
2025-11-18 01:00:00,R1,106.3681990264958,122,4,Highway,True,26.8,23.0,31.0,0.0,10.4,1016.3,0,0,59,1,1,0,0,0,0,0.25881904510252074,0.9659258262890683
2025-11-18 02:00:00,R1,105.79279987719266,121,4,Highway,True,26.8,23.0,31.0,0.0,10.4,1016.3,0,0,59,2,1,0,0,0,0,0.49999999999999994,0.8660254037844387
2025-11-18 03:00:00,R1,103.51591541482432,105,4,Highway,True,26.8,23.0,31.0,0.0,10.4,1016.3,0,0,59,3,1,0,0,0,0,0.7071067811865476,0.7071067811865476
2025-11-18 04:00:00,R1,99.7415900339518,144,4,Highway,True,26.8,23.0,31.0,0.0,10.4,1016.3,0,0,59,4,1,0,0,0,0,0.8660254037844386,0.5000000000000001
2025-11-18 05:00:00,R1,101.27026466764502,134,4,Highway,True,26.8,23.0,31.0,0.0,10.4,1016.3,0,0,59,5,1,0,0,0,0,0.9659258262890683,0.25881904510252074
2025-11-18 06:00:00,R1,92.93237416639114,140,4,Highway,True,26.8,23.0,31.0,0.0,10.4,1016.3,0,0,59,6,1,0,0,0,0,1.0,6.123233995736766e-17
2025-11-18 07:00:00,R1,55.34578574642682,65,4,Highway,True,26.8,23.0,31.0,0.0,10.4,1016.3,0,0,59,7,1,0,1,0,1,0.9659258262890683,-0.25881904510252063
2025-11-18 08:00:00,R1,69.97778068724799,71,4,Highway,True,26.8,23.0,31.0,0.0,10.4,1016.3,0,0,59,8,1,0,1,0,1,0.8660254037844387,-0.4999999999999998
2025-11-18 09:00:00,R1,60.50881258955789,96,4,Highway,True,26.8,23.0,31.0,0.0,10.4,1016.3,0,0,59,9,1,0,1,0,1,0.7071067811865476,-0.7071067811865475
2025-11-18 10:00:00,R1,58.196590465487176,101,4,Highway,True,26.8,23.0,31.0,0.0,10.4,1016.3,0,0,59,10,1,0,1,0,1,0.49999999999999994,-0.8660254037844387
2025-11-18 11:00:00,R1,102.30612384825008,131,4,Highway,True,26.8,23.0,31.0,0.0,10.4,1016.3,0,0,59,11,1,0,0,0,0,0.258819045102521,-0.9659258262890682
2025-11-18 12:00:00,R1,111.56450177526702,147,4,Highway,True,26.8,23.0,31.0,0.0,10.4,1016.3,0,0,59,12,1,0,0,0,0,1.2246467991473532e-16,-1.0
2025-11-18 13:00:00,R1,104.51235523644922,103,4,Highway,True,26.8,23.0,31.0,0.0,10.4,1016.3,0,0,59,13,1,0,0,0,0,-0.2588190451025208,-0.9659258262890683
2025-11-18 14:00:00,R1,91.61962047858296,129,4,Highway,True,26.8,23.0,31.0,0.0,10.4,1016.3,0,0,59,14,1,0,0,0,0,-0.4999999999999997,-0.8660254037844388
2025-11-18 15:00:00,R1,103.46436990018968,111,4,Highway,True,26.8,23.0,31.0,0.0,10.4,1016.3,0,0,59,15,1,0,0,0,0,-0.7071067811865471,-0.7071067811865479
2025-11-18 16:00:00,R1,99.85881204255404,104,4,Highway,True,26.8,23.0,31.0,0.0,10.4,1016.3,0,0,59,16,1,0,0,0,0,-0.8660254037844384,-0.5000000000000004
2025-11-18 17:00:00,R1,61.338477212081806,77,4,Highway,True,26.8,23.0,31.0,0.0,10.4,1016.3,0,0,59,17,1,0,0,1,1,-0.9659258262890683,-0.25881904510252063
2025-11-18 18:00:00,R1,61.21485942058764,66,4,Highway,True,26.8,23.0,31.0,0.0,10.4,1016.3,0,0,59,18,1,0,0,1,1,-1.0,-1.8369701987210297e-16
2025-11-18 19:00:00,R1,66.54367465076486,80,4,Highway,True,26.8,23.0,31.0,0.0,10.4,1016.3,0,0,59,19,1,0,0,1,1,-0.9659258262890684,0.2588190451025203
2025-11-18 20:00:00,R1,70.25313220942505,70,4,Highway,True,26.8,23.0,31.0,0.0,10.4,1016.3,0,0,59,20,1,0,0,1,1,-0.8660254037844386,0.5000000000000001
2025-11-18 21:00:00,R1,92.3900214538856,147,4,Highway,True,26.8,23.0,31.0,0.0,10.4,1016.3,0,0,59,21,1,0,0,0,0,-0.7071067811865477,0.7071067811865474
2025-11-18 22:00:00,R1,97.9141016830444,103,4,Highway,True,26.8,23.0,31.0,0.0,10.4,1016.3,0,0,59,22,1,0,0,0,0,-0.5000000000000004,0.8660254037844384
2025-11-18 23:00:00,R1,101.08576932919487,130,4,Highway,True,26.8,23.0,31.0,0.0,10.4,1016.3,0,0,59,23,1,0,0,0,0,-0.25881904510252157,0.9659258262890681
2025-11-19 00:00:00,R1,108.52783007018292,127,4,Highway,True,27.2,23.0,33.0,0.0,9.9,1015.0,0,0,59,0,2,0,0,0,0,0.0,1.0
2025-11-19 01:00:00,R1,110.83752970352342,131,4,Highway,True,27.2,23.0,33.0,0.0,9.9,1015.0,0,0,59,1,2,0,0,0,0,0.25881904510252074,0.9659258262890683
2025-11-19 02:00:00,R1,99.72749642091432,102,4,Highway,True,27.2,23.0,33.0,0.0,9.9,1015.0,0,0,59,2,2,0,0,0,0,0.49999999999999994,0.8660254037844387
2025-11-19 03:00:00,R1,99.3095285430218,139,4,Highway,True,27.2,23.0,33.0,0.0,9.9,1015.0,0,0,59,3,2,0,0,0,0,0.7071067811865476,0.7071067811865476
2025-11-19 04:00:00,R1,100.67934447173452,104,4,Highway,True,27.2,23.0,33.0,0.0,9.9,1015.0,0,0,59,4,2,0,0,0,0,0.8660254037844386,0.5000000000000001
2025-11-19 05:00:00,R1,94.6609452819743,127,4,Highway,True,27.2,23.0,33.0,0.0,9.9,1015.0,0,0,59,5,2,0,0,0,0,0.9659258262890683,0.25881904510252074
2025-11-19 06:00:00,R1,99.11209562157173,132,4,Highway,True,27.2,23.0,33.0,0.0,9.9,1015.0,0,0,59,6,2,0,0,0,0,1.0,6.123233995736766e-17
2025-11-19 07:00:00,R1,69.63732404665755,88,4,Highway,True,27.2,23.0,33.0,0.0,9.9,1015.0,0,0,59,7,2,0,1,0,1,0.9659258262890683,-0.25881904510252063
2025-11-19 08:00:00,R1,64.84949554090532,64,4,Highway,True,27.2,23.0,33.0,0.0,9.9,1015.0,0,0,59,8,2,0,1,0,1,0.8660254037844387,-0.4999999999999998
2025-11-19 09:00:00,R1,64.58200435908704,74,4,Highway,True,27.2,23.0,33.0,0.0,9.9,1015.0,0,0,59,9,2,0,1,0,1,0.7071067811865476,-0.7071067811865475
2025-11-19 10:00:00,R1,62.02075324746695,94,4,Highway,True,27.2,23.0,33.0,0.0,9.9,1015.0,0,0,59,10,2,0,1,0,1,0.49999999999999994,-0.8660254037844387
2025-11-19 11:00:00,R1,105.88346548115328,133,4,Highway,True,27.2,23.0,33.0,0.0,9.9,1015.0,0,0,59,11,2,0,0,0,0,0.258819045102521,-0.9659258262890682
2025-11-19 12:00:00,R1,101.64818525454564,107,4,Highway,True,27.2,23.0,33.0,0.0,9.9,1015.0,0,0,59,12,2,0,0,0,0,1.2246467991473532e-16,-1.0
2025-11-19 13:00:00,R1,96.38462983077426,122,4,Highway,True,27.2,23.0,33.0,0.0,9.9,1015.0,0,0,59,13,2,0,0,0,0,-0.2588190451025208,-0.9659258262890683
2025-11-19 14:00:00,R1,101.21067398531008,147,4,Highway,True,27.2,23.0,33.0,0.0,9.9,1015.0,0,0,59,14,2,0,0,0,0,-0.4999999999999997,-0.8660254037844388
2025-11-19 15:00:00,R1,86.7533304972673,148,4,Highway,True,27.2,23.0,33.0,0.0,9.9,1015.0,0,0,59,15,2,0,0,0,0,-0.7071067811865471,-0.7071067811865479
2025-11-19 16:00:00,R1,101.5417119476828,105,4,Highway,True,27.2,23.0,33.0,0.0,9.9,1015.0,0,0,59,16,2,0,0,0,0,-0.8660254037844384,-0.5000000000000004
2025-11-19 17:00:00,R1,61.90961685236758,67,4,Highway,True,27.2,23.0,33.0,0.0,9.9,1015.0,0,0,59,17,2,0,0,1,1,-0.9659258262890683,-0.25881904510252063
2025-11-19 18:00:00,R1,66.5461858295148,89,4,Highway,True,27.2,23.0,33.0,0.0,9.9,1015.0,0,0,59,18,2,0,0,1,1,-1.0,-1.8369701987210297e-16
2025-11-19 19:00:00,R1,61.45475085566895,72,4,Highway,True,27.2,23.0,33.0,0.0,9.9,1015.0,0,0,59,19,2,0,0,1,1,-0.9659258262890684,0.2588190451025203
2025-11-19 20:00:00,R1,59.501357879079656,86,4,Highway,True,27.2,23.0,33.0,0.0,9.9,1015.0,0,0,59,20,2,0,0,1,1,-0.8660254037844386,0.5000000000000001
2025-11-19 21:00:00,R1,101.48127662249652,114,4,Highway,True,27.2,23.0,33.0,0.0,9.9,1015.0,0,0,59,21,2,0,0,0,0,-0.7071067811865477,0.7071067811865474
2025-11-19 22:00:00,R1,101.8477277504848,100,4,Highway,True,27.2,23.0,33.0,0.0,9.9,1015.0,0,0,59,22,2,0,0,0,0,-0.5000000000000004,0.8660254037844384
2025-11-19 23:00:00,R1,98.49090289371286,110,4,Highway,True,27.2,23.0,33.0,0.0,9.9,1015.0,0,0,59,23,2,0,0,0,0,-0.25881904510252157,0.9659258262890681
2025-11-20 00:00:00,R1,96.44461124266265,146,4,Highway,True,26.4,20.0,31.0,0.0,11.3,1016.5,0,0,59,0,3,0,0,0,0,0.0,1.0
2025-11-20 01:00:00,R1,92.1543234004656,147,4,Highway,True,26.4,20.0,31.0,0.0,11.3,1016.5,0,0,59,1,3,0,0,0,0,0.25881904510252074,0.9659258262890683
2025-11-20 02:00:00,R1,103.13766277992607,110,4,Highway,True,26.4,20.0,31.0,0.0,11.3,1016.5,0,0,59,2,3,0,0,0,0,0.49999999999999994,0.8660254037844387
2025-11-20 03:00:00,R1,99.44595943729983,106,4,Highway,True,26.4,20.0,31.0,0.0,11.3,1016.5,0,0,59,3,3,0,0,0,0,0.7071067811865476,0.7071067811865476
2025-11-20 04:00:00,R1,93.09140612013852,133,4,Highway,True,26.4,20.0,31.0,0.0,11.3,1016.5,0,0,59,4,3,0,0,0,0,0.8660254037844386,0.5000000000000001
2025-11-20 05:00:00,R1,107.50685675836772,118,4,Highway,True,26.4,20.0,31.0,0.0,11.3,1016.5,0,0,59,5,3,0,0,0,0,0.9659258262890683,0.25881904510252074
2025-11-20 06:00:00,R1,102.5379005138155,137,4,Highway,True,26.4,20.0,31.0,0.0,11.3,1016.5,0,0,59,6,3,0,0,0,0,1.0,6.123233995736766e-17
2025-11-20 07:00:00,R1,65.66580968356493,95,4,Highway,True,26.4,20.0,31.0,0.0,11.3,1016.5,0,0,59,7,3,0,1,0,1,0.9659258262890683,-0.25881904510252063
2025-11-20 08:00:00,R1,58.22041863081873,94,4,Highway,True,26.4,20.0,31.0,0.0,11.3,1016.5,0,0,59,8,3,0,1,0,1,0.8660254037844387,-0.4999999999999998
2025-11-20 09:00:00,R1,57.55226194464844,84,4,Highway,True,26.4,20.0,31.0,0.0,11.3,1016.5,0,0,59,9,3,0,1,0,1,0.7071067811865476,-0.7071067811865475
2025-11-20 10:00:00,R1,60.56482984840135,64,4,Highway,True,26.4,20.0,31.0,0.0,11.3,1016.5,0,0,59,10,3,0,1,0,1,0.49999999999999994,-0.8660254037844387
2025-11-20 11:00:00,R1,102.31561406472552,102,4,Highway,True,26.4,20.0,31.0,0.0,11.3,1016.5,0,0,59,11,3,0,0,0,0,0.258819045102521,-0.9659258262890682
2025-11-20 12:00:00,R1,98.592117689954,117,4,Highway,True,26.4,20.0,31.0,0.0,11.3,1016.5,0,0,59,12,3,0,0,0,0,1.2246467991473532e-16,-1.0
2025-11-20 13:00:00,R1,108.81557816330994,115,4,Highway,True,26.4,20.0,31.0,0.0,11.3,1016.5,0,0,59,13,3,0,0,0,0,-0.2588190451025208,-0.9659258262890683
2025-11-20 14:00:00,R1,98.57596745869668,136,4,Highway,True,26.4,20.0,31.0,0.0,11.3,1016.5,0,0,59,14,3,0,0,0,0,-0.4999999999999997,-0.8660254037844388
2025-11-20 15:00:00,R1,101.02419264806753,147,4,Highway,True,26.4,20.0,31.0,0.0,11.3,1016.5,0,0,59,15,3,0,0,0,0,-0.7071067811865471,-0.7071067811865479
2025-11-20 16:00:00,R1,98.92220532886344,117,4,Highway,True,26.4,20.0,31.0,0.0,11.3,1016.5,0,0,59,16,3,0,0,0,0,-0.8660254037844384,-0.5000000000000004
2025-11-20 17:00:00,R1,60.75570614448863,69,4,Highway,True,26.4,20.0,31.0,0.0,11.3,1016.5,0,0,59,17,3,0,0,1,1,-0.9659258262890683,-0.25881904510252063
2025-11-20 18:00:00,R1,67.62284422853577,97,4,Highway,True,26.4,20.0,31.0,0.0,11.3,1016.5,0,0,59,18,3,0,0,1,1,-1.0,-1.8369701987210297e-16
2025-11-20 19:00:00,R1,75.97775237201449,105,4,Highway,True,26.4,20.0,31.0,0.0,11.3,1016.5,0,0,59,19,3,0,0,1,1,-0.9659258262890684,0.2588190451025203
2025-11-20 20:00:00,R1,57.764610572314,106,4,Highway,True,26.4,20.0,31.0,0.0,11.3,1016.5,0,0,59,20,3,0,0,1,1,-0.8660254037844386,0.5000000000000001
2025-11-20 21:00:00,R1,91.77649944789523,102,4,Highway,True,26.4,20.0,31.0,0.0,11.3,1016.5,0,0,59,21,3,0,0,0,0,-0.7071067811865477,0.7071067811865474
2025-11-20 22:00:00,R1,107.42259174339138,149,4,Highway,True,26.4,20.0,31.0,0.0,11.3,1016.5,0,0,59,22,3,0,0,0,0,-0.5000000000000004,0.8660254037844384
2025-11-20 23:00:00,R1,95.17043235901724,123,4,Highway,True,26.4,20.0,31.0,0.0,11.3,1016.5,0,0,59,23,3,0,0,0,0,-0.25881904510252157,0.9659258262890681
2025-11-21 00:00:00,R1,104.11754419360508,136,4,Highway,True,27.2,22.0,31.0,0.0,9.5,1017.4,0,0,59,0,4,0,0,0,0,0.0,1.0
2025-11-21 01:00:00,R1,105.69089694581768,124,4,Highway,True,27.2,22.0,31.0,0.0,9.5,1017.4,0,0,59,1,4,0,0,0,0,0.25881904510252074,0.9659258262890683
2025-11-21 02:00:00,R1,110.70119325204304,148,4,Highway,True,27.2,22.0,31.0,0.0,9.5,1017.4,0,0,59,2,4,0,0,0,0,0.49999999999999994,0.8660254037844387
2025-11-21 03:00:00,R1,98.8798118947415,141,4,Highway,True,27.2,22.0,31.0,0.0,9.5,1017.4,0,0,59,3,4,0,0,0,0,0.7071067811865476,0.7071067811865476
2025-11-21 04:00:00,R1,107.54261567109316,102,4,Highway,True,27.2,22.0,31.0,0.0,9.5,1017.4,0,0,59,4,4,0,0,0,0,0.8660254037844386,0.5000000000000001
2025-11-21 05:00:00,R1,98.91387176660692,122,4,Highway,True,27.2,22.0,31.0,0.0,9.5,1017.4,0,0,59,5,4,0,0,0,0,0.9659258262890683,0.25881904510252074
2025-11-21 06:00:00,R1,99.29538077993382,116,4,Highway,True,27.2,22.0,31.0,0.0,9.5,1017.4,0,0,59,6,4,0,0,0,0,1.0,6.123233995736766e-17
2025-11-21 07:00:00,R1,63.22580467649534,96,4,Highway,True,27.2,22.0,31.0,0.0,9.5,1017.4,0,0,59,7,4,0,1,0,1,0.9659258262890683,-0.25881904510252063
2025-11-21 08:00:00,R1,59.25911429190175,107,4,Highway,True,27.2,22.0,31.0,0.0,9.5,1017.4,0,0,59,8,4,0,1,0,1,0.8660254037844387,-0.4999999999999998
2025-11-21 09:00:00,R1,55.64209435804746,91,4,Highway,True,27.2,22.0,31.0,0.0,9.5,1017.4,0,0,59,9,4,0,1,0,1,0.7071067811865476,-0.7071067811865475
2025-11-21 10:00:00,R1,62.39885286499442,102,4,Highway,True,27.2,22.0,31.0,0.0,9.5,1017.4,0,0,59,10,4,0,1,0,1,0.49999999999999994,-0.8660254037844387
2025-11-21 11:00:00,R1,101.64341809878232,138,4,Highway,True,27.2,22.0,31.0,0.0,9.5,1017.4,0,0,59,11,4,0,0,0,0,0.258819045102521,-0.9659258262890682
2025-11-21 12:00:00,R1,101.37798501294432,147,4,Highway,True,27.2,22.0,31.0,0.0,9.5,1017.4,0,0,59,12,4,0,0,0,0,1.2246467991473532e-16,-1.0
2025-11-21 13:00:00,R1,92.54036557760443,146,4,Highway,True,27.2,22.0,31.0,0.0,9.5,1017.4,0,0,59,13,4,0,0,0,0,-0.2588190451025208,-0.9659258262890683
2025-11-21 14:00:00,R1,95.32347447885138,113,4,Highway,True,27.2,22.0,31.0,0.0,9.5,1017.4,0,0,59,14,4,0,0,0,0,-0.4999999999999997,-0.8660254037844388
2025-11-21 15:00:00,R1,102.29229722620126,121,4,Highway,True,27.2,22.0,31.0,0.0,9.5,1017.4,0,0,59,15,4,0,0,0,0,-0.7071067811865471,-0.7071067811865479
2025-11-21 16:00:00,R1,100.16089391855596,117,4,Highway,True,27.2,22.0,31.0,0.0,9.5,1017.4,0,0,59,16,4,0,0,0,0,-0.8660254037844384,-0.5000000000000004
2025-11-21 17:00:00,R1,53.09448907104149,76,4,Highway,True,27.2,22.0,31.0,0.0,9.5,1017.4,0,0,59,17,4,0,0,1,1,-0.9659258262890683,-0.25881904510252063
2025-11-21 18:00:00,R1,73.15056946041629,88,4,Highway,True,27.2,22.0,31.0,0.0,9.5,1017.4,0,0,59,18,4,0,0,1,1,-1.0,-1.8369701987210297e-16
2025-11-21 19:00:00,R1,54.28169429366108,96,4,Highway,True,27.2,22.0,31.0,0.0,9.5,1017.4,0,0,59,19,4,0,0,1,1,-0.9659258262890684,0.2588190451025203
2025-11-21 20:00:00,R1,57.18191469794513,70,4,Highway,True,27.2,22.0,31.0,0.0,9.5,1017.4,0,0,59,20,4,0,0,1,1,-0.8660254037844386,0.5000000000000001
2025-11-21 21:00:00,R1,101.92590562671352,143,4,Highway,True,27.2,22.0,31.0,0.0,9.5,1017.4,0,0,59,21,4,0,0,0,0,-0.7071067811865477,0.7071067811865474
2025-11-21 22:00:00,R1,97.4461815137132,106,4,Highway,True,27.2,22.0,31.0,0.0,9.5,1017.4,0,0,59,22,4,0,0,0,0,-0.5000000000000004,0.8660254037844384
2025-11-21 23:00:00,R1,104.64544557931492,122,4,Highway,True,27.2,22.0,31.0,0.0,9.5,1017.4,0,0,59,23,4,0,0,0,0,-0.25881904510252157,0.9659258262890681
2025-11-22 00:00:00,R1,107.90985267495692,117,4,Highway,True,26.9,21.0,33.0,0.0,9.1,1017.3,0,0,59,0,5,1,0,0,0,0.0,1.0
2025-11-22 01:00:00,R1,97.96436951719068,111,4,Highway,True,26.9,21.0,33.0,0.0,9.1,1017.3,0,0,59,1,5,1,0,0,0,0.25881904510252074,0.9659258262890683
2025-11-22 02:00:00,R1,98.36816632684008,104,4,Highway,True,26.9,21.0,33.0,0.0,9.1,1017.3,0,0,59,2,5,1,0,0,0,0.49999999999999994,0.8660254037844387
2025-11-22 03:00:00,R1,96.56775120821696,112,4,Highway,True,26.9,21.0,33.0,0.0,9.1,1017.3,0,0,59,3,5,1,0,0,0,0.7071067811865476,0.7071067811865476
2025-11-22 04:00:00,R1,110.48096053499133,117,4,Highway,True,26.9,21.0,33.0,0.0,9.1,1017.3,0,0,59,4,5,1,0,0,0,0.8660254037844386,0.5000000000000001
2025-11-22 05:00:00,R1,101.67536365430628,121,4,Highway,True,26.9,21.0,33.0,0.0,9.1,1017.3,0,0,59,5,5,1,0,0,0,0.9659258262890683,0.25881904510252074
2025-11-22 06:00:00,R1,102.73918382348592,103,4,Highway,True,26.9,21.0,33.0,0.0,9.1,1017.3,0,0,59,6,5,1,0,0,0,1.0,6.123233995736766e-17
2025-11-22 07:00:00,R1,60.58355680963822,96,4,Highway,True,26.9,21.0,33.0,0.0,9.1,1017.3,0,0,59,7,5,1,1,0,1,0.9659258262890683,-0.25881904510252063
2025-11-22 08:00:00,R1,56.309898194187845,79,4,Highway,True,26.9,21.0,33.0,0.0,9.1,1017.3,0,0,59,8,5,1,1,0,1,0.8660254037844387,-0.4999999999999998
2025-11-22 09:00:00,R1,64.26323517155912,96,4,Highway,True,26.9,21.0,33.0,0.0,9.1,1017.3,0,0,59,9,5,1,1,0,1,0.7071067811865476,-0.7071067811865475
2025-11-22 10:00:00,R1,55.2248591905809,69,4,Highway,True,26.9,21.0,33.0,0.0,9.1,1017.3,0,0,59,10,5,1,1,0,1,0.49999999999999994,-0.8660254037844387
2025-11-22 11:00:00,R1,96.84741004816335,101,4,Highway,True,26.9,21.0,33.0,0.0,9.1,1017.3,0,0,59,11,5,1,0,0,0,0.258819045102521,-0.9659258262890682
2025-11-22 12:00:00,R1,98.77060304774837,123,4,Highway,True,26.9,21.0,33.0,0.0,9.1,1017.3,0,0,59,12,5,1,0,0,0,1.2246467991473532e-16,-1.0
2025-11-22 13:00:00,R1,100.58326393153762,126,4,Highway,True,26.9,21.0,33.0,0.0,9.1,1017.3,0,0,59,13,5,1,0,0,0,-0.2588190451025208,-0.9659258262890683
2025-11-22 14:00:00,R1,106.19669521879284,132,4,Highway,True,26.9,21.0,33.0,0.0,9.1,1017.3,0,0,59,14,5,1,0,0,0,-0.4999999999999997,-0.8660254037844388
2025-11-22 15:00:00,R1,90.93996523107651,134,4,Highway,True,26.9,21.0,33.0,0.0,9.1,1017.3,0,0,59,15,5,1,0,0,0,-0.7071067811865471,-0.7071067811865479
2025-11-22 16:00:00,R1,100.3560115493419,125,4,Highway,True,26.9,21.0,33.0,0.0,9.1,1017.3,0,0,59,16,5,1,0,0,0,-0.8660254037844384,-0.5000000000000004
2025-11-22 17:00:00,R1,62.625741504456514,69,4,Highway,True,26.9,21.0,33.0,0.0,9.1,1017.3,0,0,59,17,5,1,0,1,1,-0.9659258262890683,-0.25881904510252063
2025-11-22 18:00:00,R1,60.72357561951108,79,4,Highway,True,26.9,21.0,33.0,0.0,9.1,1017.3,0,0,59,18,5,1,0,1,1,-1.0,-1.8369701987210297e-16
2025-11-22 19:00:00,R1,58.17465354808044,75,4,Highway,True,26.9,21.0,33.0,0.0,9.1,1017.3,0,0,59,19,5,1,0,1,1,-0.9659258262890684,0.2588190451025203
2025-11-22 20:00:00,R1,59.62548769530128,96,4,Highway,True,26.9,21.0,33.0,0.0,9.1,1017.3,0,0,59,20,5,1,0,1,1,-0.8660254037844386,0.5000000000000001
2025-11-22 21:00:00,R1,94.56500651613138,128,4,Highway,True,26.9,21.0,33.0,0.0,9.1,1017.3,0,0,59,21,5,1,0,0,0,-0.7071067811865477,0.7071067811865474
2025-11-22 22:00:00,R1,92.32584372516868,144,4,Highway,True,26.9,21.0,33.0,0.0,9.1,1017.3,0,0,59,22,5,1,0,0,0,-0.5000000000000004,0.8660254037844384
2025-11-22 23:00:00,R1,96.5399514846868,103,4,Highway,True,26.9,21.0,33.0,0.0,9.1,1017.3,0,0,59,23,5,1,0,0,0,-0.25881904510252157,0.9659258262890681
2025-11-23 00:00:00,R1,100.42865821199342,111,4,Highway,True,26.6,21.0,32.0,0.0,8.8,1016.9,0,0,59,0,6,1,0,0,0,0.0,1.0
2025-11-23 01:00:00,R1,99.0178071356279,106,4,Highway,True,26.6,21.0,32.0,0.0,8.8,1016.9,0,0,59,1,6,1,0,0,0,0.25881904510252074,0.9659258262890683
2025-11-23 02:00:00,R1,97.86954528987688,122,4,Highway,True,26.6,21.0,32.0,0.0,8.8,1016.9,0,0,59,2,6,1,0,0,0,0.49999999999999994,0.8660254037844387
2025-11-23 03:00:00,R1,100.03801826224556,146,4,Highway,True,26.6,21.0,32.0,0.0,8.8,1016.9,0,0,59,3,6,1,0,0,0,0.7071067811865476,0.7071067811865476
2025-11-23 04:00:00,R1,92.22265343859708,129,4,Highway,True,26.6,21.0,32.0,0.0,8.8,1016.9,0,0,59,4,6,1,0,0,0,0.8660254037844386,0.5000000000000001
2025-11-23 05:00:00,R1,100.19661477045908,148,4,Highway,True,26.6,21.0,32.0,0.0,8.8,1016.9,0,0,59,5,6,1,0,0,0,0.9659258262890683,0.25881904510252074
2025-11-23 06:00:00,R1,97.62527526368848,125,4,Highway,True,26.6,21.0,32.0,0.0,8.8,1016.9,0,0,59,6,6,1,0,0,0,1.0,6.123233995736766e-17
2025-11-23 07:00:00,R1,56.45158055510676,66,4,Highway,True,26.6,21.0,32.0,0.0,8.8,1016.9,0,0,59,7,6,1,1,0,1,0.9659258262890683,-0.25881904510252063
2025-11-23 08:00:00,R1,59.05189986165943,79,4,Highway,True,26.6,21.0,32.0,0.0,8.8,1016.9,0,0,59,8,6,1,1,0,1,0.8660254037844387,-0.4999999999999998
2025-11-23 09:00:00,R1,61.94733702144592,91,4,Highway,True,26.6,21.0,32.0,0.0,8.8,1016.9,0,0,59,9,6,1,1,0,1,0.7071067811865476,-0.7071067811865475
2025-11-23 10:00:00,R1,59.55422931556517,105,4,Highway,True,26.6,21.0,32.0,0.0,8.8,1016.9,0,0,59,10,6,1,1,0,1,0.49999999999999994,-0.8660254037844387
2025-11-23 11:00:00,R1,91.77699727721432,143,4,Highway,True,26.6,21.0,32.0,0.0,8.8,1016.9,0,0,59,11,6,1,0,0,0,0.258819045102521,-0.9659258262890682
2025-11-23 12:00:00,R1,100.93459349524184,105,4,Highway,True,26.6,21.0,32.0,0.0,8.8,1016.9,0,0,59,12,6,1,0,0,0,1.2246467991473532e-16,-1.0
2025-11-23 13:00:00,R1,101.29976460593902,142,4,Highway,True,26.6,21.0,32.0,0.0,8.8,1016.9,0,0,59,13,6,1,0,0,0,-0.2588190451025208,-0.9659258262890683
2025-11-23 14:00:00,R1,99.33757698951588,110,4,Highway,True,26.6,21.0,32.0,0.0,8.8,1016.9,0,0,59,14,6,1,0,0,0,-0.4999999999999997,-0.8660254037844388
2025-11-23 15:00:00,R1,101.0601693297178,139,4,Highway,True,26.6,21.0,32.0,0.0,8.8,1016.9,0,0,59,15,6,1,0,0,0,-0.7071067811865471,-0.7071067811865479
2025-11-23 16:00:00,R1,90.3760843450836,126,4,Highway,True,26.6,21.0,32.0,0.0,8.8,1016.9,0,0,59,16,6,1,0,0,0,-0.8660254037844384,-0.5000000000000004
2025-11-23 17:00:00,R1,51.64429919894808,69,4,Highway,True,26.6,21.0,32.0,0.0,8.8,1016.9,0,0,59,17,6,1,0,1,1,-0.9659258262890683,-0.25881904510252063
2025-11-23 18:00:00,R1,54.97208736554043,101,4,Highway,True,26.6,21.0,32.0,0.0,8.8,1016.9,0,0,59,18,6,1,0,1,1,-1.0,-1.8369701987210297e-16
2025-11-23 19:00:00,R1,58.46665244057768,66,4,Highway,True,26.6,21.0,32.0,0.0,8.8,1016.9,0,0,59,19,6,1,0,1,1,-0.9659258262890684,0.2588190451025203
2025-11-23 20:00:00,R1,58.52469049098461,109,4,Highway,True,26.6,21.0,32.0,0.0,8.8,1016.9,0,0,59,20,6,1,0,1,1,-0.8660254037844386,0.5000000000000001
2025-11-23 21:00:00,R1,105.58039304604875,107,4,Highway,True,26.6,21.0,32.0,0.0,8.8,1016.9,0,0,59,21,6,1,0,0,0,-0.7071067811865477,0.7071067811865474
2025-11-23 22:00:00,R1,102.35238837475536,136,4,Highway,True,26.6,21.0,32.0,0.0,8.8,1016.9,0,0,59,22,6,1,0,0,0,-0.5000000000000004,0.8660254037844384
2025-11-23 23:00:00,R1,94.14171638725192,133,4,Highway,True,26.6,21.0,32.0,0.0,8.8,1016.9,0,0,59,23,6,1,0,0,0,-0.25881904510252157,0.9659258262890681
2025-11-24 00:00:00,R1,100.13852359688786,135,4,Highway,True,26.5,22.0,31.0,0.0,10.0,1016.7,0,0,59,0,0,0,0,0,0,0.0,1.0
2025-11-24 01:00:00,R1,103.95685475606064,117,4,Highway,True,26.5,22.0,31.0,0.0,10.0,1016.7,0,0,59,1,0,0,0,0,0,0.25881904510252074,0.9659258262890683
2025-11-24 02:00:00,R1,95.0627105317185,133,4,Highway,True,26.5,22.0,31.0,0.0,10.0,1016.7,0,0,59,2,0,0,0,0,0,0.49999999999999994,0.8660254037844387
2025-11-24 03:00:00,R1,101.52408330340816,142,4,Highway,True,26.5,22.0,31.0,0.0,10.0,1016.7,0,0,59,3,0,0,0,0,0,0.7071067811865476,0.7071067811865476
2025-11-24 04:00:00,R1,104.6796526428735,101,4,Highway,True,26.5,22.0,31.0,0.0,10.0,1016.7,0,0,59,4,0,0,0,0,0,0.8660254037844386,0.5000000000000001
2025-11-24 05:00:00,R1,104.21907316534366,104,4,Highway,True,26.5,22.0,31.0,0.0,10.0,1016.7,0,0,59,5,0,0,0,0,0,0.9659258262890683,0.25881904510252074
2025-11-24 06:00:00,R1,89.42597267107158,125,4,Highway,True,26.5,22.0,31.0,0.0,10.0,1016.7,0,0,59,6,0,0,0,0,0,1.0,6.123233995736766e-17
2025-11-24 07:00:00,R1,56.81680900273585,70,4,Highway,True,26.5,22.0,31.0,0.0,10.0,1016.7,0,0,59,7,0,0,1,0,1,0.9659258262890683,-0.25881904510252063
2025-11-24 08:00:00,R1,67.56157827875815,78,4,Highway,True,26.5,22.0,31.0,0.0,10.0,1016.7,0,0,59,8,0,0,1,0,1,0.8660254037844387,-0.4999999999999998
2025-11-24 09:00:00,R1,63.3141694860236,102,4,Highway,True,26.5,22.0,31.0,0.0,10.0,1016.7,0,0,59,9,0,0,1,0,1,0.7071067811865476,-0.7071067811865475
2025-11-24 10:00:00,R1,62.5575151625606,103,4,Highway,True,26.5,22.0,31.0,0.0,10.0,1016.7,0,0,59,10,0,0,1,0,1,0.49999999999999994,-0.8660254037844387
2025-11-24 11:00:00,R1,106.52466136586035,144,4,Highway,True,26.5,22.0,31.0,0.0,10.0,1016.7,0,0,59,11,0,0,0,0,0,0.258819045102521,-0.9659258262890682
2025-11-24 12:00:00,R1,101.76794134242569,141,4,Highway,True,26.5,22.0,31.0,0.0,10.0,1016.7,0,0,59,12,0,0,0,0,0,1.2246467991473532e-16,-1.0
2025-11-24 13:00:00,R1,95.87578298344232,133,4,Highway,True,26.5,22.0,31.0,0.0,10.0,1016.7,0,0,59,13,0,0,0,0,0,-0.2588190451025208,-0.9659258262890683
2025-11-24 14:00:00,R1,96.82153964526414,132,4,Highway,True,26.5,22.0,31.0,0.0,10.0,1016.7,0,0,59,14,0,0,0,0,0,-0.4999999999999997,-0.8660254037844388
2025-11-24 15:00:00,R1,96.0236896211208,113,4,Highway,True,26.5,22.0,31.0,0.0,10.0,1016.7,0,0,59,15,0,0,0,0,0,-0.7071067811865471,-0.7071067811865479
2025-11-24 16:00:00,R1,99.52257077564478,142,4,Highway,True,26.5,22.0,31.0,0.0,10.0,1016.7,0,0,59,16,0,0,0,0,0,-0.8660254037844384,-0.5000000000000004
2025-11-24 17:00:00,R1,58.73448316217755,88,4,Highway,True,26.5,22.0,31.0,0.0,10.0,1016.7,0,0,59,17,0,0,0,1,1,-0.9659258262890683,-0.25881904510252063
2025-11-24 18:00:00,R1,53.903087466153885,97,4,Highway,True,26.5,22.0,31.0,0.0,10.0,1016.7,0,0,59,18,0,0,0,1,1,-1.0,-1.8369701987210297e-16
2025-11-24 19:00:00,R1,53.5635701549483,74,4,Highway,True,26.5,22.0,31.0,0.0,10.0,1016.7,0,0,59,19,0,0,0,1,1,-0.9659258262890684,0.2588190451025203
2025-11-24 20:00:00,R1,56.14974467483951,63,4,Highway,True,26.5,22.0,31.0,0.0,10.0,1016.7,0,0,59,20,0,0,0,1,1,-0.8660254037844386,0.5000000000000001
2025-11-24 21:00:00,R1,86.09004989865115,107,4,Highway,True,26.5,22.0,31.0,0.0,10.0,1016.7,0,0,59,21,0,0,0,0,0,-0.7071067811865477,0.7071067811865474
2025-11-24 22:00:00,R1,97.03240299565668,106,4,Highway,True,26.5,22.0,31.0,0.0,10.0,1016.7,0,0,59,22,0,0,0,0,0,-0.5000000000000004,0.8660254037844384
2025-11-24 23:00:00,R1,97.20091762876352,108,4,Highway,True,26.5,22.0,31.0,0.0,10.0,1016.7,0,0,59,23,0,0,0,0,0,-0.25881904510252157,0.9659258262890681
2025-11-25 00:00:00,R1,106.33083688759956,105,4,Highway,True,25.6,21.0,31.0,0.0,10.4,1017.2,0,0,59,0,1,0,0,0,0,0.0,1.0
2025-11-25 01:00:00,R1,96.34960574044894,134,4,Highway,True,25.6,21.0,31.0,0.0,10.4,1017.2,0,0,59,1,1,0,0,0,0,0.25881904510252074,0.9659258262890683
2025-11-25 02:00:00,R1,97.77396844197943,115,4,Highway,True,25.6,21.0,31.0,0.0,10.4,1017.2,0,0,59,2,1,0,0,0,0,0.49999999999999994,0.8660254037844387
2025-11-25 03:00:00,R1,107.7921718551514,143,4,Highway,True,25.6,21.0,31.0,0.0,10.4,1017.2,0,0,59,3,1,0,0,0,0,0.7071067811865476,0.7071067811865476
2025-11-25 04:00:00,R1,107.77414513538812,123,4,Highway,True,25.6,21.0,31.0,0.0,10.4,1017.2,0,0,59,4,1,0,0,0,0,0.8660254037844386,0.5000000000000001
2025-11-25 05:00:00,R1,90.34236263204882,135,4,Highway,True,25.6,21.0,31.0,0.0,10.4,1017.2,0,0,59,5,1,0,0,0,0,0.9659258262890683,0.25881904510252074
2025-11-25 06:00:00,R1,105.81756220300268,148,4,Highway,True,25.6,21.0,31.0,0.0,10.4,1017.2,0,0,59,6,1,0,0,0,0,1.0,6.123233995736766e-17
2025-11-25 07:00:00,R1,58.1133478548004,105,4,Highway,True,25.6,21.0,31.0,0.0,10.4,1017.2,0,0,59,7,1,0,1,0,1,0.9659258262890683,-0.25881904510252063
2025-11-25 08:00:00,R1,46.16378421025655,74,4,Highway,True,25.6,21.0,31.0,0.0,10.4,1017.2,0,0,59,8,1,0,1,0,1,0.8660254037844387,-0.4999999999999998
2025-11-25 09:00:00,R1,57.508922241485465,65,4,Highway,True,25.6,21.0,31.0,0.0,10.4,1017.2,0,0,59,9,1,0,1,0,1,0.7071067811865476,-0.7071067811865475
2025-11-25 10:00:00,R1,63.365249428581606,86,4,Highway,True,25.6,21.0,31.0,0.0,10.4,1017.2,0,0,59,10,1,0,1,0,1,0.49999999999999994,-0.8660254037844387
2025-11-25 11:00:00,R1,103.30087314751565,119,4,Highway,True,25.6,21.0,31.0,0.0,10.4,1017.2,0,0,59,11,1,0,0,0,0,0.258819045102521,-0.9659258262890682
2025-11-25 12:00:00,R1,94.00793994035348,148,4,Highway,True,25.6,21.0,31.0,0.0,10.4,1017.2,0,0,59,12,1,0,0,0,0,1.2246467991473532e-16,-1.0
2025-11-25 13:00:00,R1,101.11879389818756,102,4,Highway,True,25.6,21.0,31.0,0.0,10.4,1017.2,0,0,59,13,1,0,0,0,0,-0.2588190451025208,-0.9659258262890683
2025-11-25 14:00:00,R1,91.78267631751709,105,4,Highway,True,25.6,21.0,31.0,0.0,10.4,1017.2,0,0,59,14,1,0,0,0,0,-0.4999999999999997,-0.8660254037844388
2025-11-25 15:00:00,R1,105.4766760885164,128,4,Highway,True,25.6,21.0,31.0,0.0,10.4,1017.2,0,0,59,15,1,0,0,0,0,-0.7071067811865471,-0.7071067811865479
2025-11-25 16:00:00,R1,92.41638696092537,146,4,Highway,True,25.6,21.0,31.0,0.0,10.4,1017.2,0,0,59,16,1,0,0,0,0,-0.8660254037844384,-0.5000000000000004
2025-11-25 17:00:00,R1,63.23032150471418,74,4,Highway,True,25.6,21.0,31.0,0.0,10.4,1017.2,0,0,59,17,1,0,0,1,1,-0.9659258262890683,-0.25881904510252063
2025-11-25 18:00:00,R1,52.84003549519865,85,4,Highway,True,25.6,21.0,31.0,0.0,10.4,1017.2,0,0,59,18,1,0,0,1,1,-1.0,-1.8369701987210297e-16
2025-11-25 19:00:00,R1,67.60100872937872,76,4,Highway,True,25.6,21.0,31.0,0.0,10.4,1017.2,0,0,59,19,1,0,0,1,1,-0.9659258262890684,0.2588190451025203
2025-11-25 20:00:00,R1,47.80141358033576,69,4,Highway,True,25.6,21.0,31.0,0.0,10.4,1017.2,0,0,59,20,1,0,0,1,1,-0.8660254037844386,0.5000000000000001
2025-11-25 21:00:00,R1,104.52535453900964,115,4,Highway,True,25.6,21.0,31.0,0.0,10.4,1017.2,0,0,59,21,1,0,0,0,0,-0.7071067811865477,0.7071067811865474
2025-11-25 22:00:00,R1,108.67644591221875,113,4,Highway,True,25.6,21.0,31.0,0.0,10.4,1017.2,0,0,59,22,1,0,0,0,0,-0.5000000000000004,0.8660254037844384
2025-11-25 23:00:00,R1,101.70735840702962,119,4,Highway,True,25.6,21.0,31.0,0.0,10.4,1017.2,0,0,59,23,1,0,0,0,0,-0.25881904510252157,0.9659258262890681
2025-11-26 00:00:00,R1,97.22534104675351,121,4,Highway,True,25.3,20.0,30.0,0.0,9.7,1016.5,0,0,59,0,2,0,0,0,0,0.0,1.0
2025-11-26 01:00:00,R1,97.1536283006487,119,4,Highway,True,25.3,20.0,30.0,0.0,9.7,1016.5,0,0,59,1,2,0,0,0,0,0.25881904510252074,0.9659258262890683
2025-11-26 02:00:00,R1,92.79761246233994,100,4,Highway,True,25.3,20.0,30.0,0.0,9.7,1016.5,0,0,59,2,2,0,0,0,0,0.49999999999999994,0.8660254037844387
2025-11-26 03:00:00,R1,98.80122203460236,113,4,Highway,True,25.3,20.0,30.0,0.0,9.7,1016.5,0,0,59,3,2,0,0,0,0,0.7071067811865476,0.7071067811865476
2025-11-26 04:00:00,R1,110.963769760581,101,4,Highway,True,25.3,20.0,30.0,0.0,9.7,1016.5,0,0,59,4,2,0,0,0,0,0.8660254037844386,0.5000000000000001
2025-11-26 05:00:00,R1,100.60130272591913,141,4,Highway,True,25.3,20.0,30.0,0.0,9.7,1016.5,0,0,59,5,2,0,0,0,0,0.9659258262890683,0.25881904510252074
2025-11-26 06:00:00,R1,100.12204255710417,115,4,Highway,True,25.3,20.0,30.0,0.0,9.7,1016.5,0,0,59,6,2,0,0,0,0,1.0,6.123233995736766e-17
2025-11-26 07:00:00,R1,61.20616233313341,79,4,Highway,True,25.3,20.0,30.0,0.0,9.7,1016.5,0,0,59,7,2,0,1,0,1,0.9659258262890683,-0.25881904510252063
2025-11-26 08:00:00,R1,63.21603142945074,71,4,Highway,True,25.3,20.0,30.0,0.0,9.7,1016.5,0,0,59,8,2,0,1,0,1,0.8660254037844387,-0.4999999999999998
2025-11-26 09:00:00,R1,55.51957903017272,69,4,Highway,True,25.3,20.0,30.0,0.0,9.7,1016.5,0,0,59,9,2,0,1,0,1,0.7071067811865476,-0.7071067811865475
2025-11-26 10:00:00,R1,68.9096107731576,66,4,Highway,True,25.3,20.0,30.0,0.0,9.7,1016.5,0,0,59,10,2,0,1,0,1,0.49999999999999994,-0.8660254037844387
2025-11-26 11:00:00,R1,102.89309288257012,113,4,Highway,True,25.3,20.0,30.0,0.0,9.7,1016.5,0,0,59,11,2,0,0,0,0,0.258819045102521,-0.9659258262890682
2025-11-26 12:00:00,R1,101.91507120315998,122,4,Highway,True,25.3,20.0,30.0,0.0,9.7,1016.5,0,0,59,12,2,0,0,0,0,1.2246467991473532e-16,-1.0
2025-11-26 13:00:00,R1,106.13808668189944,118,4,Highway,True,25.3,20.0,30.0,0.0,9.7,1016.5,0,0,59,13,2,0,0,0,0,-0.2588190451025208,-0.9659258262890683
2025-11-26 14:00:00,R1,98.26484413454212,115,4,Highway,True,25.3,20.0,30.0,0.0,9.7,1016.5,0,0,59,14,2,0,0,0,0,-0.4999999999999997,-0.8660254037844388
2025-11-26 15:00:00,R1,95.10641763215924,107,4,Highway,True,25.3,20.0,30.0,0.0,9.7,1016.5,0,0,59,15,2,0,0,0,0,-0.7071067811865471,-0.7071067811865479
2025-11-26 16:00:00,R1,107.71980858999426,149,4,Highway,True,25.3,20.0,30.0,0.0,9.7,1016.5,0,0,59,16,2,0,0,0,0,-0.8660254037844384,-0.5000000000000004
2025-11-26 17:00:00,R1,59.14907401843804,97,4,Highway,True,25.3,20.0,30.0,0.0,9.7,1016.5,0,0,59,17,2,0,0,1,1,-0.9659258262890683,-0.25881904510252063
2025-11-26 18:00:00,R1,62.86121628069058,63,4,Highway,True,25.3,20.0,30.0,0.0,9.7,1016.5,0,0,59,18,2,0,0,1,1,-1.0,-1.8369701987210297e-16
2025-11-26 19:00:00,R1,56.44519129416508,96,4,Highway,True,25.3,20.0,30.0,0.0,9.7,1016.5,0,0,59,19,2,0,0,1,1,-0.9659258262890684,0.2588190451025203
2025-11-26 20:00:00,R1,54.80762172286433,87,4,Highway,True,25.3,20.0,30.0,0.0,9.7,1016.5,0,0,59,20,2,0,0,1,1,-0.8660254037844386,0.5000000000000001
2025-11-26 21:00:00,R1,104.67055095619456,135,4,Highway,True,25.3,20.0,30.0,0.0,9.7,1016.5,0,0,59,21,2,0,0,0,0,-0.7071067811865477,0.7071067811865474
2025-11-26 22:00:00,R1,96.55448194200616,122,4,Highway,True,25.3,20.0,30.0,0.0,9.7,1016.5,0,0,59,22,2,0,0,0,0,-0.5000000000000004,0.8660254037844384
2025-11-26 23:00:00,R1,99.16429968411082,130,4,Highway,True,25.3,20.0,30.0,0.0,9.7,1016.5,0,0,59,23,2,0,0,0,0,-0.25881904510252157,0.9659258262890681
2025-11-27 00:00:00,R1,93.85034791299556,141,4,Highway,True,25.2,21.0,29.0,0.0,8.8,1016.8,0,0,59,0,3,0,0,0,0,0.0,1.0
2025-11-27 01:00:00,R1,107.0999300006806,140,4,Highway,True,25.2,21.0,29.0,0.0,8.8,1016.8,0,0,59,1,3,0,0,0,0,0.25881904510252074,0.9659258262890683
2025-11-27 02:00:00,R1,104.79247248406406,138,4,Highway,True,25.2,21.0,29.0,0.0,8.8,1016.8,0,0,59,2,3,0,0,0,0,0.49999999999999994,0.8660254037844387
2025-11-27 03:00:00,R1,92.18691958665298,137,4,Highway,True,25.2,21.0,29.0,0.0,8.8,1016.8,0,0,59,3,3,0,0,0,0,0.7071067811865476,0.7071067811865476
2025-11-27 04:00:00,R1,100.07743410405386,117,4,Highway,True,25.2,21.0,29.0,0.0,8.8,1016.8,0,0,59,4,3,0,0,0,0,0.8660254037844386,0.5000000000000001
2025-11-27 05:00:00,R1,106.08808257306168,118,4,Highway,True,25.2,21.0,29.0,0.0,8.8,1016.8,0,0,59,5,3,0,0,0,0,0.9659258262890683,0.25881904510252074
2025-11-27 06:00:00,R1,109.97270604376445,132,4,Highway,True,25.2,21.0,29.0,0.0,8.8,1016.8,0,0,59,6,3,0,0,0,0,1.0,6.123233995736766e-17
2025-11-27 07:00:00,R1,52.67920537201771,91,4,Highway,True,25.2,21.0,29.0,0.0,8.8,1016.8,0,0,59,7,3,0,1,0,1,0.9659258262890683,-0.25881904510252063
2025-11-27 08:00:00,R1,55.01179277892331,70,4,Highway,True,25.2,21.0,29.0,0.0,8.8,1016.8,0,0,59,8,3,0,1,0,1,0.8660254037844387,-0.4999999999999998
2025-11-27 09:00:00,R1,54.94529359768632,74,4,Highway,True,25.2,21.0,29.0,0.0,8.8,1016.8,0,0,59,9,3,0,1,0,1,0.7071067811865476,-0.7071067811865475
2025-11-27 10:00:00,R1,51.95944056747641,101,4,Highway,True,25.2,21.0,29.0,0.0,8.8,1016.8,0,0,59,10,3,0,1,0,1,0.49999999999999994,-0.8660254037844387
2025-11-27 11:00:00,R1,99.98269100973393,128,4,Highway,True,25.2,21.0,29.0,0.0,8.8,1016.8,0,0,59,11,3,0,0,0,0,0.258819045102521,-0.9659258262890682
2025-11-27 12:00:00,R1,97.52784814228788,126,4,Highway,True,25.2,21.0,29.0,0.0,8.8,1016.8,0,0,59,12,3,0,0,0,0,1.2246467991473532e-16,-1.0
2025-11-27 13:00:00,R1,100.63673438550018,125,4,Highway,True,25.2,21.0,29.0,0.0,8.8,1016.8,0,0,59,13,3,0,0,0,0,-0.2588190451025208,-0.9659258262890683
2025-11-27 14:00:00,R1,97.76388481105016,127,4,Highway,True,25.2,21.0,29.0,0.0,8.8,1016.8,0,0,59,14,3,0,0,0,0,-0.4999999999999997,-0.8660254037844388
2025-11-27 15:00:00,R1,96.9115556763116,116,4,Highway,True,25.2,21.0,29.0,0.0,8.8,1016.8,0,0,59,15,3,0,0,0,0,-0.7071067811865471,-0.7071067811865479
2025-11-27 16:00:00,R1,100.79398907166296,147,4,Highway,True,25.2,21.0,29.0,0.0,8.8,1016.8,0,0,59,16,3,0,0,0,0,-0.8660254037844384,-0.5000000000000004
2025-11-27 17:00:00,R1,63.02577231200012,72,4,Highway,True,25.2,21.0,29.0,0.0,8.8,1016.8,0,0,59,17,3,0,0,1,1,-0.9659258262890683,-0.25881904510252063
2025-11-27 18:00:00,R1,56.68863983655626,69,4,Highway,True,25.2,21.0,29.0,0.0,8.8,1016.8,0,0,59,18,3,0,0,1,1,-1.0,-1.8369701987210297e-16
2025-11-27 19:00:00,R1,61.8587026590032,102,4,Highway,True,25.2,21.0,29.0,0.0,8.8,1016.8,0,0,59,19,3,0,0,1,1,-0.9659258262890684,0.2588190451025203
2025-11-27 20:00:00,R1,59.89565840628287,97,4,Highway,True,25.2,21.0,29.0,0.0,8.8,1016.8,0,0,59,20,3,0,0,1,1,-0.8660254037844386,0.5000000000000001
2025-11-27 21:00:00,R1,93.58710501035696,138,4,Highway,True,25.2,21.0,29.0,0.0,8.8,1016.8,0,0,59,21,3,0,0,0,0,-0.7071067811865477,0.7071067811865474
2025-11-27 22:00:00,R1,94.60924479671375,110,4,Highway,True,25.2,21.0,29.0,0.0,8.8,1016.8,0,0,59,22,3,0,0,0,0,-0.5000000000000004,0.8660254037844384
2025-11-27 23:00:00,R1,101.605831439172,145,4,Highway,True,25.2,21.0,29.0,0.0,8.8,1016.8,0,0,59,23,3,0,0,0,0,-0.25881904510252157,0.9659258262890681
2025-11-28 00:00:00,R1,98.57497832450248,146,4,Highway,True,25.1,22.0,28.0,0.0,9.6,1017.8,0,0,59,0,4,0,0,0,0,0.0,1.0
2025-11-28 01:00:00,R1,97.18247642830616,146,4,Highway,True,25.1,22.0,28.0,0.0,9.6,1017.8,0,0,59,1,4,0,0,0,0,0.25881904510252074,0.9659258262890683
2025-11-28 02:00:00,R1,99.61934755145649,143,4,Highway,True,25.1,22.0,28.0,0.0,9.6,1017.8,0,0,59,2,4,0,0,0,0,0.49999999999999994,0.8660254037844387
2025-11-28 03:00:00,R1,103.9466605868744,136,4,Highway,True,25.1,22.0,28.0,0.0,9.6,1017.8,0,0,59,3,4,0,0,0,0,0.7071067811865476,0.7071067811865476
2025-11-28 04:00:00,R1,104.5758224458778,125,4,Highway,True,25.1,22.0,28.0,0.0,9.6,1017.8,0,0,59,4,4,0,0,0,0,0.8660254037844386,0.5000000000000001
2025-11-28 05:00:00,R1,95.76676963805636,116,4,Highway,True,25.1,22.0,28.0,0.0,9.6,1017.8,0,0,59,5,4,0,0,0,0,0.9659258262890683,0.25881904510252074
2025-11-28 06:00:00,R1,92.38417834944116,122,4,Highway,True,25.1,22.0,28.0,0.0,9.6,1017.8,0,0,59,6,4,0,0,0,0,1.0,6.123233995736766e-17
2025-11-28 07:00:00,R1,60.66341094794309,77,4,Highway,True,25.1,22.0,28.0,0.0,9.6,1017.8,0,0,59,7,4,0,1,0,1,0.9659258262890683,-0.25881904510252063
2025-11-28 08:00:00,R1,67.59580851227287,75,4,Highway,True,25.1,22.0,28.0,0.0,9.6,1017.8,0,0,59,8,4,0,1,0,1,0.8660254037844387,-0.4999999999999998
2025-11-28 09:00:00,R1,66.5945158769303,63,4,Highway,True,25.1,22.0,28.0,0.0,9.6,1017.8,0,0,59,9,4,0,1,0,1,0.7071067811865476,-0.7071067811865475
2025-11-28 10:00:00,R1,62.7176468806276,95,4,Highway,True,25.1,22.0,28.0,0.0,9.6,1017.8,0,0,59,10,4,0,1,0,1,0.49999999999999994,-0.8660254037844387
2025-11-28 11:00:00,R1,86.87082813480627,136,4,Highway,True,25.1,22.0,28.0,0.0,9.6,1017.8,0,0,59,11,4,0,0,0,0,0.258819045102521,-0.9659258262890682
2025-11-28 12:00:00,R1,96.54892603781757,142,4,Highway,True,25.1,22.0,28.0,0.0,9.6,1017.8,0,0,59,12,4,0,0,0,0,1.2246467991473532e-16,-1.0
2025-11-28 13:00:00,R1,101.34712634732604,114,4,Highway,True,25.1,22.0,28.0,0.0,9.6,1017.8,0,0,59,13,4,0,0,0,0,-0.2588190451025208,-0.9659258262890683
2025-11-28 14:00:00,R1,96.58865212285106,126,4,Highway,True,25.1,22.0,28.0,0.0,9.6,1017.8,0,0,59,14,4,0,0,0,0,-0.4999999999999997,-0.8660254037844388
2025-11-28 15:00:00,R1,95.05578401562728,144,4,Highway,True,25.1,22.0,28.0,0.0,9.6,1017.8,0,0,59,15,4,0,0,0,0,-0.7071067811865471,-0.7071067811865479
2025-11-28 16:00:00,R1,95.97328584387742,119,4,Highway,True,25.1,22.0,28.0,0.0,9.6,1017.8,0,0,59,16,4,0,0,0,0,-0.8660254037844384,-0.5000000000000004
2025-11-28 17:00:00,R1,55.13021860748223,109,4,Highway,True,25.1,22.0,28.0,0.0,9.6,1017.8,0,0,59,17,4,0,0,1,1,-0.9659258262890683,-0.25881904510252063
2025-11-28 18:00:00,R1,54.58496855052692,72,4,Highway,True,25.1,22.0,28.0,0.0,9.6,1017.8,0,0,59,18,4,0,0,1,1,-1.0,-1.8369701987210297e-16
2025-11-28 19:00:00,R1,56.39623998250779,67,4,Highway,True,25.1,22.0,28.0,0.0,9.6,1017.8,0,0,59,19,4,0,0,1,1,-0.9659258262890684,0.2588190451025203
2025-11-28 20:00:00,R1,60.86952537320667,87,4,Highway,True,25.1,22.0,28.0,0.0,9.6,1017.8,0,0,59,20,4,0,0,1,1,-0.8660254037844386,0.5000000000000001
2025-11-28 21:00:00,R1,91.02639790342684,141,4,Highway,True,25.1,22.0,28.0,0.0,9.6,1017.8,0,0,59,21,4,0,0,0,0,-0.7071067811865477,0.7071067811865474
2025-11-28 22:00:00,R1,103.14208655624329,101,4,Highway,True,25.1,22.0,28.0,0.0,9.6,1017.8,0,0,59,22,4,0,0,0,0,-0.5000000000000004,0.8660254037844384
2025-11-28 23:00:00,R1,105.20541259424652,131,4,Highway,True,25.1,22.0,28.0,0.0,9.6,1017.8,0,0,59,23,4,0,0,0,0,-0.25881904510252157,0.9659258262890681
2025-11-29 00:00:00,R1,105.53587598971632,113,4,Highway,True,25.4,22.0,28.0,0.0,10.8,1016.8,0,0,59,0,5,1,0,0,0,0.0,1.0
2025-11-29 01:00:00,R1,99.1324618671934,138,4,Highway,True,25.4,22.0,28.0,0.0,10.8,1016.8,0,0,59,1,5,1,0,0,0,0.25881904510252074,0.9659258262890683
2025-11-29 02:00:00,R1,94.03166526022652,125,4,Highway,True,25.4,22.0,28.0,0.0,10.8,1016.8,0,0,59,2,5,1,0,0,0,0.49999999999999994,0.8660254037844387
2025-11-29 03:00:00,R1,104.12652191676516,122,4,Highway,True,25.4,22.0,28.0,0.0,10.8,1016.8,0,0,59,3,5,1,0,0,0,0.7071067811865476,0.7071067811865476
2025-11-29 04:00:00,R1,103.3381690789384,134,4,Highway,True,25.4,22.0,28.0,0.0,10.8,1016.8,0,0,59,4,5,1,0,0,0,0.8660254037844386,0.5000000000000001
2025-11-29 05:00:00,R1,97.77028945854671,113,4,Highway,True,25.4,22.0,28.0,0.0,10.8,1016.8,0,0,59,5,5,1,0,0,0,0.9659258262890683,0.25881904510252074
2025-11-29 06:00:00,R1,103.33657849490022,106,4,Highway,True,25.4,22.0,28.0,0.0,10.8,1016.8,0,0,59,6,5,1,0,0,0,1.0,6.123233995736766e-17
2025-11-29 07:00:00,R1,56.12122698534432,93,4,Highway,True,25.4,22.0,28.0,0.0,10.8,1016.8,0,0,59,7,5,1,1,0,1,0.9659258262890683,-0.25881904510252063
2025-11-29 08:00:00,R1,59.90543807636944,104,4,Highway,True,25.4,22.0,28.0,0.0,10.8,1016.8,0,0,59,8,5,1,1,0,1,0.8660254037844387,-0.4999999999999998
2025-11-29 09:00:00,R1,65.13964031431227,73,4,Highway,True,25.4,22.0,28.0,0.0,10.8,1016.8,0,0,59,9,5,1,1,0,1,0.7071067811865476,-0.7071067811865475
2025-11-29 10:00:00,R1,60.80402737934016,106,4,Highway,True,25.4,22.0,28.0,0.0,10.8,1016.8,0,0,59,10,5,1,1,0,1,0.49999999999999994,-0.8660254037844387
2025-11-29 11:00:00,R1,98.05515560143812,113,4,Highway,True,25.4,22.0,28.0,0.0,10.8,1016.8,0,0,59,11,5,1,0,0,0,0.258819045102521,-0.9659258262890682
2025-11-29 12:00:00,R1,105.11302015497996,121,4,Highway,True,25.4,22.0,28.0,0.0,10.8,1016.8,0,0,59,12,5,1,0,0,0,1.2246467991473532e-16,-1.0
2025-11-29 13:00:00,R1,93.95940806056788,102,4,Highway,True,25.4,22.0,28.0,0.0,10.8,1016.8,0,0,59,13,5,1,0,0,0,-0.2588190451025208,-0.9659258262890683
2025-11-29 14:00:00,R1,98.38995995677672,105,4,Highway,True,25.4,22.0,28.0,0.0,10.8,1016.8,0,0,59,14,5,1,0,0,0,-0.4999999999999997,-0.8660254037844388
2025-11-29 15:00:00,R1,92.82884775521244,111,4,Highway,True,25.4,22.0,28.0,0.0,10.8,1016.8,0,0,59,15,5,1,0,0,0,-0.7071067811865471,-0.7071067811865479
2025-11-29 16:00:00,R1,106.53489801960664,122,4,Highway,True,25.4,22.0,28.0,0.0,10.8,1016.8,0,0,59,16,5,1,0,0,0,-0.8660254037844384,-0.5000000000000004
2025-11-29 17:00:00,R1,48.51470994943561,92,4,Highway,True,25.4,22.0,28.0,0.0,10.8,1016.8,0,0,59,17,5,1,0,1,1,-0.9659258262890683,-0.25881904510252063
2025-11-29 18:00:00,R1,53.25841898325649,61,4,Highway,True,25.4,22.0,28.0,0.0,10.8,1016.8,0,0,59,18,5,1,0,1,1,-1.0,-1.8369701987210297e-16
2025-11-29 19:00:00,R1,63.78333728274442,108,4,Highway,True,25.4,22.0,28.0,0.0,10.8,1016.8,0,0,59,19,5,1,0,1,1,-0.9659258262890684,0.2588190451025203
2025-11-29 20:00:00,R1,66.4372147868586,101,4,Highway,True,25.4,22.0,28.0,0.0,10.8,1016.8,0,0,59,20,5,1,0,1,1,-0.8660254037844386,0.5000000000000001
2025-11-29 21:00:00,R1,103.07583931798966,123,4,Highway,True,25.4,22.0,28.0,0.0,10.8,1016.8,0,0,59,21,5,1,0,0,0,-0.7071067811865477,0.7071067811865474
2025-11-29 22:00:00,R1,95.25521163549212,138,4,Highway,True,25.4,22.0,28.0,0.0,10.8,1016.8,0,0,59,22,5,1,0,0,0,-0.5000000000000004,0.8660254037844384
2025-11-29 23:00:00,R1,101.5947109174686,131,4,Highway,True,25.4,22.0,28.0,0.0,10.8,1016.8,0,0,59,23,5,1,0,0,0,-0.25881904510252157,0.9659258262890681
2025-11-30 00:00:00,R1,105.45443641351228,120,4,Highway,True,25.0,20.0,29.0,0.0,9.0,1016.2,0,0,59,0,6,1,0,0,0,0.0,1.0
2025-11-30 01:00:00,R1,93.41745446435657,123,4,Highway,True,25.0,20.0,29.0,0.0,9.0,1016.2,0,0,59,1,6,1,0,0,0,0.25881904510252074,0.9659258262890683
2025-11-30 02:00:00,R1,94.12351340982704,120,4,Highway,True,25.0,20.0,29.0,0.0,9.0,1016.2,0,0,59,2,6,1,0,0,0,0.49999999999999994,0.8660254037844387
2025-11-30 03:00:00,R1,111.48849231873162,143,4,Highway,True,25.0,20.0,29.0,0.0,9.0,1016.2,0,0,59,3,6,1,0,0,0,0.7071067811865476,0.7071067811865476
2025-11-30 04:00:00,R1,89.58726195246433,126,4,Highway,True,25.0,20.0,29.0,0.0,9.0,1016.2,0,0,59,4,6,1,0,0,0,0.8660254037844386,0.5000000000000001
2025-11-30 05:00:00,R1,103.8340067056843,136,4,Highway,True,25.0,20.0,29.0,0.0,9.0,1016.2,0,0,59,5,6,1,0,0,0,0.9659258262890683,0.25881904510252074
2025-11-30 06:00:00,R1,107.76015372613146,107,4,Highway,True,25.0,20.0,29.0,0.0,9.0,1016.2,0,0,59,6,6,1,0,0,0,1.0,6.123233995736766e-17
2025-11-30 07:00:00,R1,60.02692229820091,74,4,Highway,True,25.0,20.0,29.0,0.0,9.0,1016.2,0,0,59,7,6,1,1,0,1,0.9659258262890683,-0.25881904510252063
2025-11-30 08:00:00,R1,57.08630881932822,96,4,Highway,True,25.0,20.0,29.0,0.0,9.0,1016.2,0,0,59,8,6,1,1,0,1,0.8660254037844387,-0.4999999999999998
2025-11-30 09:00:00,R1,48.99782654476773,74,4,Highway,True,25.0,20.0,29.0,0.0,9.0,1016.2,0,0,59,9,6,1,1,0,1,0.7071067811865476,-0.7071067811865475
2025-11-30 10:00:00,R1,60.336160598956056,74,4,Highway,True,25.0,20.0,29.0,0.0,9.0,1016.2,0,0,59,10,6,1,1,0,1,0.49999999999999994,-0.8660254037844387
2025-11-30 11:00:00,R1,107.77315636178028,133,4,Highway,True,25.0,20.0,29.0,0.0,9.0,1016.2,0,0,59,11,6,1,0,0,0,0.258819045102521,-0.9659258262890682
2025-11-30 12:00:00,R1,103.43218606737464,102,4,Highway,True,25.0,20.0,29.0,0.0,9.0,1016.2,0,0,59,12,6,1,0,0,0,1.2246467991473532e-16,-1.0
2025-11-30 13:00:00,R1,96.73492739175344,120,4,Highway,True,25.0,20.0,29.0,0.0,9.0,1016.2,0,0,59,13,6,1,0,0,0,-0.2588190451025208,-0.9659258262890683
2025-11-30 14:00:00,R1,115.03889688279509,136,4,Highway,True,25.0,20.0,29.0,0.0,9.0,1016.2,0,0,59,14,6,1,0,0,0,-0.4999999999999997,-0.8660254037844388
2025-11-30 15:00:00,R1,99.16136182065698,147,4,Highway,True,25.0,20.0,29.0,0.0,9.0,1016.2,0,0,59,15,6,1,0,0,0,-0.7071067811865471,-0.7071067811865479
2025-11-30 16:00:00,R1,96.88584552600662,149,4,Highway,True,25.0,20.0,29.0,0.0,9.0,1016.2,0,0,59,16,6,1,0,0,0,-0.8660254037844384,-0.5000000000000004
2025-11-30 17:00:00,R1,59.48639952688354,78,4,Highway,True,25.0,20.0,29.0,0.0,9.0,1016.2,0,0,59,17,6,1,0,1,1,-0.9659258262890683,-0.25881904510252063
2025-11-30 18:00:00,R1,59.64973652337907,77,4,Highway,True,25.0,20.0,29.0,0.0,9.0,1016.2,0,0,59,18,6,1,0,1,1,-1.0,-1.8369701987210297e-16
2025-11-30 19:00:00,R1,56.05012376879432,77,4,Highway,True,25.0,20.0,29.0,0.0,9.0,1016.2,0,0,59,19,6,1,0,1,1,-0.9659258262890684,0.2588190451025203
2025-11-30 20:00:00,R1,59.37395387684664,109,4,Highway,True,25.0,20.0,29.0,0.0,9.0,1016.2,0,0,59,20,6,1,0,1,1,-0.8660254037844386,0.5000000000000001
2025-11-30 21:00:00,R1,88.8667317547448,123,4,Highway,True,25.0,20.0,29.0,0.0,9.0,1016.2,0,0,59,21,6,1,0,0,0,-0.7071067811865477,0.7071067811865474
2025-11-30 22:00:00,R1,99.38237790951298,103,4,Highway,True,25.0,20.0,29.0,0.0,9.0,1016.2,0,0,59,22,6,1,0,0,0,-0.5000000000000004,0.8660254037844384
2025-11-30 23:00:00,R1,107.13407402542325,125,4,Highway,True,25.0,20.0,29.0,0.0,9.0,1016.2,0,0,59,23,6,1,0,0,0,-0.25881904510252157,0.9659258262890681
2025-11-01 00:00:00,R2,70.76214144350085,132,3,Arterial,True,30.5,26.0,34.0,0.0,14.0,1013.0,0,0,59,0,5,1,0,0,0,0.0,1.0
2025-11-01 01:00:00,R2,65.54392897352096,127,3,Arterial,True,30.5,26.0,34.0,0.0,14.0,1013.0,0,0,59,1,5,1,0,0,0,0.25881904510252074,0.9659258262890683
2025-11-01 02:00:00,R2,65.68164767299379,148,3,Arterial,True,30.5,26.0,34.0,0.0,14.0,1013.0,0,0,59,2,5,1,0,0,0,0.49999999999999994,0.8660254037844387
2025-11-01 03:00:00,R2,64.46768648605581,107,3,Arterial,True,30.5,26.0,34.0,0.0,14.0,1013.0,0,0,59,3,5,1,0,0,0,0.7071067811865476,0.7071067811865476
2025-11-01 04:00:00,R2,60.64942316610467,125,3,Arterial,True,30.5,26.0,34.0,0.0,14.0,1013.0,0,0,59,4,5,1,0,0,0,0.8660254037844386,0.5000000000000001
2025-11-01 05:00:00,R2,58.23610533245245,137,3,Arterial,True,30.5,26.0,34.0,0.0,14.0,1013.0,0,0,59,5,5,1,0,0,0,0.9659258262890683,0.25881904510252074
2025-11-01 06:00:00,R2,67.4457277798403,109,3,Arterial,True,30.5,26.0,34.0,0.0,14.0,1013.0,0,0,59,6,5,1,0,0,0,1.0,6.123233995736766e-17
2025-11-01 07:00:00,R2,35.56223871317369,99,3,Arterial,True,30.5,26.0,34.0,0.0,14.0,1013.0,0,0,59,7,5,1,1,0,1,0.9659258262890683,-0.25881904510252063
2025-11-01 08:00:00,R2,43.9175114779177,73,3,Arterial,True,30.5,26.0,34.0,0.0,14.0,1013.0,0,0,59,8,5,1,1,0,1,0.8660254037844387,-0.4999999999999998
2025-11-01 09:00:00,R2,35.79595702298067,61,3,Arterial,True,30.5,26.0,34.0,0.0,14.0,1013.0,0,0,59,9,5,1,1,0,1,0.7071067811865476,-0.7071067811865475
2025-11-01 10:00:00,R2,36.80818453612222,86,3,Arterial,True,30.5,26.0,34.0,0.0,14.0,1013.0,0,0,59,10,5,1,1,0,1,0.49999999999999994,-0.8660254037844387
2025-11-01 11:00:00,R2,65.25651907596198,138,3,Arterial,True,30.5,26.0,34.0,0.0,14.0,1013.0,0,0,59,11,5,1,0,0,0,0.258819045102521,-0.9659258262890682
2025-11-01 12:00:00,R2,51.29672611993893,112,3,Arterial,True,30.5,26.0,34.0,0.0,14.0,1013.0,0,0,59,12,5,1,0,0,0,1.2246467991473532e-16,-1.0
2025-11-01 13:00:00,R2,55.97999269235336,124,3,Arterial,True,30.5,26.0,34.0,0.0,14.0,1013.0,0,0,59,13,5,1,0,0,0,-0.2588190451025208,-0.9659258262890683
2025-11-01 14:00:00,R2,51.82522290205222,110,3,Arterial,True,30.5,26.0,34.0,0.0,14.0,1013.0,0,0,59,14,5,1,0,0,0,-0.4999999999999997,-0.8660254037844388
2025-11-01 15:00:00,R2,65.9728122837868,123,3,Arterial,True,30.5,26.0,34.0,0.0,14.0,1013.0,0,0,59,15,5,1,0,0,0,-0.7071067811865471,-0.7071067811865479
2025-11-01 16:00:00,R2,61.74092085773036,148,3,Arterial,True,30.5,26.0,34.0,0.0,14.0,1013.0,0,0,59,16,5,1,0,0,0,-0.8660254037844384,-0.5000000000000004
2025-11-01 17:00:00,R2,37.33861818131629,103,3,Arterial,True,30.5,26.0,34.0,0.0,14.0,1013.0,0,0,59,17,5,1,0,1,1,-0.9659258262890683,-0.25881904510252063
2025-11-01 18:00:00,R2,32.74971292811048,108,3,Arterial,True,30.5,26.0,34.0,0.0,14.0,1013.0,0,0,59,18,5,1,0,1,1,-1.0,-1.8369701987210297e-16
2025-11-01 19:00:00,R2,39.34342340517557,82,3,Arterial,True,30.5,26.0,34.0,0.0,14.0,1013.0,0,0,59,19,5,1,0,1,1,-0.9659258262890684,0.2588190451025203
2025-11-01 20:00:00,R2,45.32428859516733,69,3,Arterial,True,30.5,26.0,34.0,0.0,14.0,1013.0,0,0,59,20,5,1,0,1,1,-0.8660254037844386,0.5000000000000001
2025-11-01 21:00:00,R2,64.47403018551196,108,3,Arterial,True,30.5,26.0,34.0,0.0,14.0,1013.0,0,0,59,21,5,1,0,0,0,-0.7071067811865477,0.7071067811865474
2025-11-01 22:00:00,R2,59.80596467457551,123,3,Arterial,True,30.5,26.0,34.0,0.0,14.0,1013.0,0,0,59,22,5,1,0,0,0,-0.5000000000000004,0.8660254037844384
2025-11-01 23:00:00,R2,61.09113567755365,105,3,Arterial,True,30.5,26.0,34.0,0.0,14.0,1013.0,0,0,59,23,5,1,0,0,0,-0.25881904510252157,0.9659258262890681
2025-11-02 00:00:00,R2,63.26381966895448,143,3,Arterial,True,29.8,26.0,33.0,0.0,11.4,1013.6,0,0,59,0,6,1,0,0,0,0.0,1.0
2025-11-02 01:00:00,R2,47.48050083386028,110,3,Arterial,True,29.8,26.0,33.0,0.0,11.4,1013.6,0,0,59,1,6,1,0,0,0,0.25881904510252074,0.9659258262890683
2025-11-02 02:00:00,R2,62.42804310287666,100,3,Arterial,True,29.8,26.0,33.0,0.0,11.4,1013.6,0,0,59,2,6,1,0,0,0,0.49999999999999994,0.8660254037844387
2025-11-02 03:00:00,R2,67.32183289248627,117,3,Arterial,True,29.8,26.0,33.0,0.0,11.4,1013.6,0,0,59,3,6,1,0,0,0,0.7071067811865476,0.7071067811865476
2025-11-02 04:00:00,R2,59.546816158542455,125,3,Arterial,True,29.8,26.0,33.0,0.0,11.4,1013.6,0,0,59,4,6,1,0,0,0,0.8660254037844386,0.5000000000000001
2025-11-02 05:00:00,R2,62.31836723864044,111,3,Arterial,True,29.8,26.0,33.0,0.0,11.4,1013.6,0,0,59,5,6,1,0,0,0,0.9659258262890683,0.25881904510252074
2025-11-02 06:00:00,R2,62.81245231580713,135,3,Arterial,True,29.8,26.0,33.0,0.0,11.4,1013.6,0,0,59,6,6,1,0,0,0,1.0,6.123233995736766e-17
2025-11-02 07:00:00,R2,36.787606617799625,85,3,Arterial,True,29.8,26.0,33.0,0.0,11.4,1013.6,0,0,59,7,6,1,1,0,1,0.9659258262890683,-0.25881904510252063
2025-11-02 08:00:00,R2,27.797935918466063,102,3,Arterial,True,29.8,26.0,33.0,0.0,11.4,1013.6,0,0,59,8,6,1,1,0,1,0.8660254037844387,-0.4999999999999998
2025-11-02 09:00:00,R2,41.45720291307123,97,3,Arterial,True,29.8,26.0,33.0,0.0,11.4,1013.6,0,0,59,9,6,1,1,0,1,0.7071067811865476,-0.7071067811865475
2025-11-02 10:00:00,R2,34.48587514443259,100,3,Arterial,True,29.8,26.0,33.0,0.0,11.4,1013.6,0,0,59,10,6,1,1,0,1,0.49999999999999994,-0.8660254037844387
2025-11-02 11:00:00,R2,62.54186009479882,100,3,Arterial,True,29.8,26.0,33.0,0.0,11.4,1013.6,0,0,59,11,6,1,0,0,0,0.258819045102521,-0.9659258262890682
2025-11-02 12:00:00,R2,60.4450765003671,113,3,Arterial,True,29.8,26.0,33.0,0.0,11.4,1013.6,0,0,59,12,6,1,0,0,0,1.2246467991473532e-16,-1.0
2025-11-02 13:00:00,R2,64.87867799582281,121,3,Arterial,True,29.8,26.0,33.0,0.0,11.4,1013.6,0,0,59,13,6,1,0,0,0,-0.2588190451025208,-0.9659258262890683
2025-11-02 14:00:00,R2,59.4296346611884,119,3,Arterial,True,29.8,26.0,33.0,0.0,11.4,1013.6,0,0,59,14,6,1,0,0,0,-0.4999999999999997,-0.8660254037844388
2025-11-02 15:00:00,R2,56.24495986305637,127,3,Arterial,True,29.8,26.0,33.0,0.0,11.4,1013.6,0,0,59,15,6,1,0,0,0,-0.7071067811865471,-0.7071067811865479
2025-11-02 16:00:00,R2,55.72692295501688,131,3,Arterial,True,29.8,26.0,33.0,0.0,11.4,1013.6,0,0,59,16,6,1,0,0,0,-0.8660254037844384,-0.5000000000000004
2025-11-02 17:00:00,R2,30.413170391460344,85,3,Arterial,True,29.8,26.0,33.0,0.0,11.4,1013.6,0,0,59,17,6,1,0,1,1,-0.9659258262890683,-0.25881904510252063
2025-11-02 18:00:00,R2,41.42470755871359,102,3,Arterial,True,29.8,26.0,33.0,0.0,11.4,1013.6,0,0,59,18,6,1,0,1,1,-1.0,-1.8369701987210297e-16
2025-11-02 19:00:00,R2,31.542650817708296,74,3,Arterial,True,29.8,26.0,33.0,0.0,11.4,1013.6,0,0,59,19,6,1,0,1,1,-0.9659258262890684,0.2588190451025203
2025-11-02 20:00:00,R2,34.33051024423868,92,3,Arterial,True,29.8,26.0,33.0,0.0,11.4,1013.6,0,0,59,20,6,1,0,1,1,-0.8660254037844386,0.5000000000000001
2025-11-02 21:00:00,R2,61.116514516584,104,3,Arterial,True,29.8,26.0,33.0,0.0,11.4,1013.6,0,0,59,21,6,1,0,0,0,-0.7071067811865477,0.7071067811865474
2025-11-02 22:00:00,R2,65.78725347115876,118,3,Arterial,True,29.8,26.0,33.0,0.0,11.4,1013.6,0,0,59,22,6,1,0,0,0,-0.5000000000000004,0.8660254037844384
2025-11-02 23:00:00,R2,63.90891063401121,126,3,Arterial,True,29.8,26.0,33.0,0.0,11.4,1013.6,0,0,59,23,6,1,0,0,0,-0.25881904510252157,0.9659258262890681
2025-11-03 00:00:00,R2,61.921167652986696,131,3,Arterial,True,29.1,25.0,32.0,0.0,13.3,1012.9,0,0,59,0,0,0,0,0,0,0.0,1.0
2025-11-03 01:00:00,R2,57.08314532105386,126,3,Arterial,True,29.1,25.0,32.0,0.0,13.3,1012.9,0,0,59,1,0,0,0,0,0,0.25881904510252074,0.9659258262890683
2025-11-03 02:00:00,R2,58.43004319202191,137,3,Arterial,True,29.1,25.0,32.0,0.0,13.3,1012.9,0,0,59,2,0,0,0,0,0,0.49999999999999994,0.8660254037844387
2025-11-03 03:00:00,R2,57.861412063828666,106,3,Arterial,True,29.1,25.0,32.0,0.0,13.3,1012.9,0,0,59,3,0,0,0,0,0,0.7071067811865476,0.7071067811865476
2025-11-03 04:00:00,R2,63.06632428325246,131,3,Arterial,True,29.1,25.0,32.0,0.0,13.3,1012.9,0,0,59,4,0,0,0,0,0,0.8660254037844386,0.5000000000000001
2025-11-03 05:00:00,R2,48.70493449152898,145,3,Arterial,True,29.1,25.0,32.0,0.0,13.3,1012.9,0,0,59,5,0,0,0,0,0,0.9659258262890683,0.25881904510252074
2025-11-03 06:00:00,R2,59.64557650953144,102,3,Arterial,True,29.1,25.0,32.0,0.0,13.3,1012.9,0,0,59,6,0,0,0,0,0,1.0,6.123233995736766e-17
2025-11-03 07:00:00,R2,42.50086669680084,106,3,Arterial,True,29.1,25.0,32.0,0.0,13.3,1012.9,0,0,59,7,0,0,1,0,1,0.9659258262890683,-0.25881904510252063
2025-11-03 08:00:00,R2,39.37935129038999,66,3,Arterial,True,29.1,25.0,32.0,0.0,13.3,1012.9,0,0,59,8,0,0,1,0,1,0.8660254037844387,-0.4999999999999998
2025-11-03 09:00:00,R2,39.166033209674254,83,3,Arterial,True,29.1,25.0,32.0,0.0,13.3,1012.9,0,0,59,9,0,0,1,0,1,0.7071067811865476,-0.7071067811865475
2025-11-03 10:00:00,R2,33.2779537796968,72,3,Arterial,True,29.1,25.0,32.0,0.0,13.3,1012.9,0,0,59,10,0,0,1,0,1,0.49999999999999994,-0.8660254037844387
2025-11-03 11:00:00,R2,60.10015940185038,146,3,Arterial,True,29.1,25.0,32.0,0.0,13.3,1012.9,0,0,59,11,0,0,0,0,0,0.258819045102521,-0.9659258262890682
2025-11-03 12:00:00,R2,58.280366751891606,137,3,Arterial,True,29.1,25.0,32.0,0.0,13.3,1012.9,0,0,59,12,0,0,0,0,0,1.2246467991473532e-16,-1.0
2025-11-03 13:00:00,R2,53.83558938655971,111,3,Arterial,True,29.1,25.0,32.0,0.0,13.3,1012.9,0,0,59,13,0,0,0,0,0,-0.2588190451025208,-0.9659258262890683
2025-11-03 14:00:00,R2,61.97389356915724,102,3,Arterial,True,29.1,25.0,32.0,0.0,13.3,1012.9,0,0,59,14,0,0,0,0,0,-0.4999999999999997,-0.8660254037844388
2025-11-03 15:00:00,R2,59.95293476726762,117,3,Arterial,True,29.1,25.0,32.0,0.0,13.3,1012.9,0,0,59,15,0,0,0,0,0,-0.7071067811865471,-0.7071067811865479
2025-11-03 16:00:00,R2,50.25832680118795,108,3,Arterial,True,29.1,25.0,32.0,0.0,13.3,1012.9,0,0,59,16,0,0,0,0,0,-0.8660254037844384,-0.5000000000000004
2025-11-03 17:00:00,R2,25.52819345097916,68,3,Arterial,True,29.1,25.0,32.0,0.0,13.3,1012.9,0,0,59,17,0,0,0,1,1,-0.9659258262890683,-0.25881904510252063
2025-11-03 18:00:00,R2,40.06067367577688,104,3,Arterial,True,29.1,25.0,32.0,0.0,13.3,1012.9,0,0,59,18,0,0,0,1,1,-1.0,-1.8369701987210297e-16
2025-11-03 19:00:00,R2,37.46426080205338,101,3,Arterial,True,29.1,25.0,32.0,0.0,13.3,1012.9,0,0,59,19,0,0,0,1,1,-0.9659258262890684,0.2588190451025203
2025-11-03 20:00:00,R2,34.468379863455176,89,3,Arterial,True,29.1,25.0,32.0,0.0,13.3,1012.9,0,0,59,20,0,0,0,1,1,-0.8660254037844386,0.5000000000000001
2025-11-03 21:00:00,R2,62.82135588134605,133,3,Arterial,True,29.1,25.0,32.0,0.0,13.3,1012.9,0,0,59,21,0,0,0,0,0,-0.7071067811865477,0.7071067811865474
2025-11-03 22:00:00,R2,48.8730157227352,122,3,Arterial,True,29.1,25.0,32.0,0.0,13.3,1012.9,0,0,59,22,0,0,0,0,0,-0.5000000000000004,0.8660254037844384
2025-11-03 23:00:00,R2,50.96562758987554,136,3,Arterial,True,29.1,25.0,32.0,0.0,13.3,1012.9,0,0,59,23,0,0,0,0,0,-0.25881904510252157,0.9659258262890681
2025-11-04 00:00:00,R2,55.03364156004302,109,3,Arterial,True,29.5,25.0,33.0,0.0,12.4,1013.6,0,0,59,0,1,0,0,0,0,0.0,1.0
2025-11-04 01:00:00,R2,59.18316503378662,137,3,Arterial,True,29.5,25.0,33.0,0.0,12.4,1013.6,0,0,59,1,1,0,0,0,0,0.25881904510252074,0.9659258262890683
2025-11-04 02:00:00,R2,67.33763269394052,138,3,Arterial,True,29.5,25.0,33.0,0.0,12.4,1013.6,0,0,59,2,1,0,0,0,0,0.49999999999999994,0.8660254037844387
2025-11-04 03:00:00,R2,52.10115806389422,103,3,Arterial,True,29.5,25.0,33.0,0.0,12.4,1013.6,0,0,59,3,1,0,0,0,0,0.7071067811865476,0.7071067811865476
2025-11-04 04:00:00,R2,53.51411406596861,105,3,Arterial,True,29.5,25.0,33.0,0.0,12.4,1013.6,0,0,59,4,1,0,0,0,0,0.8660254037844386,0.5000000000000001
2025-11-04 05:00:00,R2,57.8253058312886,138,3,Arterial,True,29.5,25.0,33.0,0.0,12.4,1013.6,0,0,59,5,1,0,0,0,0,0.9659258262890683,0.25881904510252074
2025-11-04 06:00:00,R2,70.10534301710567,134,3,Arterial,True,29.5,25.0,33.0,0.0,12.4,1013.6,0,0,59,6,1,0,0,0,0,1.0,6.123233995736766e-17
2025-11-04 07:00:00,R2,31.258082826801942,104,3,Arterial,True,29.5,25.0,33.0,0.0,12.4,1013.6,0,0,59,7,1,0,1,0,1,0.9659258262890683,-0.25881904510252063
2025-11-04 08:00:00,R2,38.93505138514191,83,3,Arterial,True,29.5,25.0,33.0,0.0,12.4,1013.6,0,0,59,8,1,0,1,0,1,0.8660254037844387,-0.4999999999999998
2025-11-04 09:00:00,R2,40.10065937294561,101,3,Arterial,True,29.5,25.0,33.0,0.0,12.4,1013.6,0,0,59,9,1,0,1,0,1,0.7071067811865476,-0.7071067811865475
2025-11-04 10:00:00,R2,40.355895291315775,86,3,Arterial,True,29.5,25.0,33.0,0.0,12.4,1013.6,0,0,59,10,1,0,1,0,1,0.49999999999999994,-0.8660254037844387
2025-11-04 11:00:00,R2,65.32634875306955,122,3,Arterial,True,29.5,25.0,33.0,0.0,12.4,1013.6,0,0,59,11,1,0,0,0,0,0.258819045102521,-0.9659258262890682
2025-11-04 12:00:00,R2,68.90602692745783,132,3,Arterial,True,29.5,25.0,33.0,0.0,12.4,1013.6,0,0,59,12,1,0,0,0,0,1.2246467991473532e-16,-1.0
2025-11-04 13:00:00,R2,64.49354818223532,130,3,Arterial,True,29.5,25.0,33.0,0.0,12.4,1013.6,0,0,59,13,1,0,0,0,0,-0.2588190451025208,-0.9659258262890683
2025-11-04 14:00:00,R2,61.50950097576972,130,3,Arterial,True,29.5,25.0,33.0,0.0,12.4,1013.6,0,0,59,14,1,0,0,0,0,-0.4999999999999997,-0.8660254037844388
2025-11-04 15:00:00,R2,63.26574246256254,132,3,Arterial,True,29.5,25.0,33.0,0.0,12.4,1013.6,0,0,59,15,1,0,0,0,0,-0.7071067811865471,-0.7071067811865479
2025-11-04 16:00:00,R2,65.156337023265,110,3,Arterial,True,29.5,25.0,33.0,0.0,12.4,1013.6,0,0,59,16,1,0,0,0,0,-0.8660254037844384,-0.5000000000000004
2025-11-04 17:00:00,R2,31.51369770215125,98,3,Arterial,True,29.5,25.0,33.0,0.0,12.4,1013.6,0,0,59,17,1,0,0,1,1,-0.9659258262890683,-0.25881904510252063
2025-11-04 18:00:00,R2,45.16615914888587,92,3,Arterial,True,29.5,25.0,33.0,0.0,12.4,1013.6,0,0,59,18,1,0,0,1,1,-1.0,-1.8369701987210297e-16
2025-11-04 19:00:00,R2,33.10129491699097,85,3,Arterial,True,29.5,25.0,33.0,0.0,12.4,1013.6,0,0,59,19,1,0,0,1,1,-0.9659258262890684,0.2588190451025203
2025-11-04 20:00:00,R2,31.63057524531517,67,3,Arterial,True,29.5,25.0,33.0,0.0,12.4,1013.6,0,0,59,20,1,0,0,1,1,-0.8660254037844386,0.5000000000000001
2025-11-04 21:00:00,R2,58.40596653702016,108,3,Arterial,True,29.5,25.0,33.0,0.0,12.4,1013.6,0,0,59,21,1,0,0,0,0,-0.7071067811865477,0.7071067811865474
2025-11-04 22:00:00,R2,54.274152987047806,102,3,Arterial,True,29.5,25.0,33.0,0.0,12.4,1013.6,0,0,59,22,1,0,0,0,0,-0.5000000000000004,0.8660254037844384
2025-11-04 23:00:00,R2,61.44165983336351,117,3,Arterial,True,29.5,25.0,33.0,0.0,12.4,1013.6,0,0,59,23,1,0,0,0,0,-0.25881904510252157,0.9659258262890681
2025-11-05 00:00:00,R2,59.80404733323068,132,3,Arterial,True,29.7,26.0,33.0,0.0,12.2,1013.3,0,0,59,0,2,0,0,0,0,0.0,1.0
2025-11-05 01:00:00,R2,65.46375735610354,115,3,Arterial,True,29.7,26.0,33.0,0.0,12.2,1013.3,0,0,59,1,2,0,0,0,0,0.25881904510252074,0.9659258262890683
2025-11-05 02:00:00,R2,71.8603308234093,123,3,Arterial,True,29.7,26.0,33.0,0.0,12.2,1013.3,0,0,59,2,2,0,0,0,0,0.49999999999999994,0.8660254037844387
2025-11-05 03:00:00,R2,48.74216324265124,147,3,Arterial,True,29.7,26.0,33.0,0.0,12.2,1013.3,0,0,59,3,2,0,0,0,0,0.7071067811865476,0.7071067811865476
2025-11-05 04:00:00,R2,57.98779473709694,125,3,Arterial,True,29.7,26.0,33.0,0.0,12.2,1013.3,0,0,59,4,2,0,0,0,0,0.8660254037844386,0.5000000000000001
2025-11-05 05:00:00,R2,61.96256390584385,136,3,Arterial,True,29.7,26.0,33.0,0.0,12.2,1013.3,0,0,59,5,2,0,0,0,0,0.9659258262890683,0.25881904510252074
2025-11-05 06:00:00,R2,61.18075412165235,125,3,Arterial,True,29.7,26.0,33.0,0.0,12.2,1013.3,0,0,59,6,2,0,0,0,0,1.0,6.123233995736766e-17
2025-11-05 07:00:00,R2,39.28340340373728,85,3,Arterial,True,29.7,26.0,33.0,0.0,12.2,1013.3,0,0,59,7,2,0,1,0,1,0.9659258262890683,-0.25881904510252063
2025-11-05 08:00:00,R2,34.125777275487856,97,3,Arterial,True,29.7,26.0,33.0,0.0,12.2,1013.3,0,0,59,8,2,0,1,0,1,0.8660254037844387,-0.4999999999999998
2025-11-05 09:00:00,R2,29.972771910550208,100,3,Arterial,True,29.7,26.0,33.0,0.0,12.2,1013.3,0,0,59,9,2,0,1,0,1,0.7071067811865476,-0.7071067811865475
2025-11-05 10:00:00,R2,43.66882841804421,103,3,Arterial,True,29.7,26.0,33.0,0.0,12.2,1013.3,0,0,59,10,2,0,1,0,1,0.49999999999999994,-0.8660254037844387
2025-11-05 11:00:00,R2,57.5974918305154,108,3,Arterial,True,29.7,26.0,33.0,0.0,12.2,1013.3,0,0,59,11,2,0,0,0,0,0.258819045102521,-0.9659258262890682
2025-11-05 12:00:00,R2,59.95057731438852,114,3,Arterial,True,29.7,26.0,33.0,0.0,12.2,1013.3,0,0,59,12,2,0,0,0,0,1.2246467991473532e-16,-1.0
2025-11-05 13:00:00,R2,57.25843957044154,116,3,Arterial,True,29.7,26.0,33.0,0.0,12.2,1013.3,0,0,59,13,2,0,0,0,0,-0.2588190451025208,-0.9659258262890683
2025-11-05 14:00:00,R2,59.34718353521034,107,3,Arterial,True,29.7,26.0,33.0,0.0,12.2,1013.3,0,0,59,14,2,0,0,0,0,-0.4999999999999997,-0.8660254037844388
2025-11-05 15:00:00,R2,67.29278917460647,138,3,Arterial,True,29.7,26.0,33.0,0.0,12.2,1013.3,0,0,59,15,2,0,0,0,0,-0.7071067811865471,-0.7071067811865479
2025-11-05 16:00:00,R2,60.68386118104253,104,3,Arterial,True,29.7,26.0,33.0,0.0,12.2,1013.3,0,0,59,16,2,0,0,0,0,-0.8660254037844384,-0.5000000000000004
2025-11-05 17:00:00,R2,42.06748250098716,63,3,Arterial,True,29.7,26.0,33.0,0.0,12.2,1013.3,0,0,59,17,2,0,0,1,1,-0.9659258262890683,-0.25881904510252063
2025-11-05 18:00:00,R2,35.29581946722807,93,3,Arterial,True,29.7,26.0,33.0,0.0,12.2,1013.3,0,0,59,18,2,0,0,1,1,-1.0,-1.8369701987210297e-16
2025-11-05 19:00:00,R2,26.29788315623428,61,3,Arterial,True,29.7,26.0,33.0,0.0,12.2,1013.3,0,0,59,19,2,0,0,1,1,-0.9659258262890684,0.2588190451025203
2025-11-05 20:00:00,R2,27.68428260210701,75,3,Arterial,True,29.7,26.0,33.0,0.0,12.2,1013.3,0,0,59,20,2,0,0,1,1,-0.8660254037844386,0.5000000000000001
2025-11-05 21:00:00,R2,60.61162629016389,110,3,Arterial,True,29.7,26.0,33.0,0.0,12.2,1013.3,0,0,59,21,2,0,0,0,0,-0.7071067811865477,0.7071067811865474
2025-11-05 22:00:00,R2,59.81805618714808,117,3,Arterial,True,29.7,26.0,33.0,0.0,12.2,1013.3,0,0,59,22,2,0,0,0,0,-0.5000000000000004,0.8660254037844384
2025-11-05 23:00:00,R2,67.67489697076937,141,3,Arterial,True,29.7,26.0,33.0,0.0,12.2,1013.3,0,0,59,23,2,0,0,0,0,-0.25881904510252157,0.9659258262890681
2025-11-06 00:00:00,R2,64.70142163245629,102,3,Arterial,True,29.1,26.0,34.0,0.0,11.4,1013.0,0,0,59,0,3,0,0,0,0,0.0,1.0
2025-11-06 01:00:00,R2,58.698538105374446,123,3,Arterial,True,29.1,26.0,34.0,0.0,11.4,1013.0,0,0,59,1,3,0,0,0,0,0.25881904510252074,0.9659258262890683
2025-11-06 02:00:00,R2,66.94803961215,121,3,Arterial,True,29.1,26.0,34.0,0.0,11.4,1013.0,0,0,59,2,3,0,0,0,0,0.49999999999999994,0.8660254037844387
2025-11-06 03:00:00,R2,57.20630893191922,145,3,Arterial,True,29.1,26.0,34.0,0.0,11.4,1013.0,0,0,59,3,3,0,0,0,0,0.7071067811865476,0.7071067811865476
2025-11-06 04:00:00,R2,63.99881269610789,140,3,Arterial,True,29.1,26.0,34.0,0.0,11.4,1013.0,0,0,59,4,3,0,0,0,0,0.8660254037844386,0.5000000000000001
2025-11-06 05:00:00,R2,61.394180726508765,119,3,Arterial,True,29.1,26.0,34.0,0.0,11.4,1013.0,0,0,59,5,3,0,0,0,0,0.9659258262890683,0.25881904510252074
2025-11-06 06:00:00,R2,62.93449614027613,132,3,Arterial,True,29.1,26.0,34.0,0.0,11.4,1013.0,0,0,59,6,3,0,0,0,0,1.0,6.123233995736766e-17
2025-11-06 07:00:00,R2,39.14110994441722,88,3,Arterial,True,29.1,26.0,34.0,0.0,11.4,1013.0,0,0,59,7,3,0,1,0,1,0.9659258262890683,-0.25881904510252063
2025-11-06 08:00:00,R2,27.464070291241377,82,3,Arterial,True,29.1,26.0,34.0,0.0,11.4,1013.0,0,0,59,8,3,0,1,0,1,0.8660254037844387,-0.4999999999999998
2025-11-06 09:00:00,R2,25.11482055846488,80,3,Arterial,True,29.1,26.0,34.0,0.0,11.4,1013.0,0,0,59,9,3,0,1,0,1,0.7071067811865476,-0.7071067811865475
2025-11-06 10:00:00,R2,37.63972213467854,87,3,Arterial,True,29.1,26.0,34.0,0.0,11.4,1013.0,0,0,59,10,3,0,1,0,1,0.49999999999999994,-0.8660254037844387
2025-11-06 11:00:00,R2,60.63696424644844,100,3,Arterial,True,29.1,26.0,34.0,0.0,11.4,1013.0,0,0,59,11,3,0,0,0,0,0.258819045102521,-0.9659258262890682
2025-11-06 12:00:00,R2,64.16150079576573,115,3,Arterial,True,29.1,26.0,34.0,0.0,11.4,1013.0,0,0,59,12,3,0,0,0,0,1.2246467991473532e-16,-1.0
2025-11-06 13:00:00,R2,54.7009443240534,138,3,Arterial,True,29.1,26.0,34.0,0.0,11.4,1013.0,0,0,59,13,3,0,0,0,0,-0.2588190451025208,-0.9659258262890683
2025-11-06 14:00:00,R2,60.83416056195478,115,3,Arterial,True,29.1,26.0,34.0,0.0,11.4,1013.0,0,0,59,14,3,0,0,0,0,-0.4999999999999997,-0.8660254037844388
2025-11-06 15:00:00,R2,58.29322814877102,109,3,Arterial,True,29.1,26.0,34.0,0.0,11.4,1013.0,0,0,59,15,3,0,0,0,0,-0.7071067811865471,-0.7071067811865479
2025-11-06 16:00:00,R2,69.97702230420991,131,3,Arterial,True,29.1,26.0,34.0,0.0,11.4,1013.0,0,0,59,16,3,0,0,0,0,-0.8660254037844384,-0.5000000000000004
2025-11-06 17:00:00,R2,43.26881292834601,81,3,Arterial,True,29.1,26.0,34.0,0.0,11.4,1013.0,0,0,59,17,3,0,0,1,1,-0.9659258262890683,-0.25881904510252063
2025-11-06 18:00:00,R2,39.514404759497694,101,3,Arterial,True,29.1,26.0,34.0,0.0,11.4,1013.0,0,0,59,18,3,0,0,1,1,-1.0,-1.8369701987210297e-16
2025-11-06 19:00:00,R2,29.19981427221656,71,3,Arterial,True,29.1,26.0,34.0,0.0,11.4,1013.0,0,0,59,19,3,0,0,1,1,-0.9659258262890684,0.2588190451025203
2025-11-06 20:00:00,R2,33.87766927449978,90,3,Arterial,True,29.1,26.0,34.0,0.0,11.4,1013.0,0,0,59,20,3,0,0,1,1,-0.8660254037844386,0.5000000000000001
2025-11-06 21:00:00,R2,61.09674253750405,138,3,Arterial,True,29.1,26.0,34.0,0.0,11.4,1013.0,0,0,59,21,3,0,0,0,0,-0.7071067811865477,0.7071067811865474
2025-11-06 22:00:00,R2,61.74039113963807,142,3,Arterial,True,29.1,26.0,34.0,0.0,11.4,1013.0,0,0,59,22,3,0,0,0,0,-0.5000000000000004,0.8660254037844384
2025-11-06 23:00:00,R2,60.08208971219321,101,3,Arterial,True,29.1,26.0,34.0,0.0,11.4,1013.0,0,0,59,23,3,0,0,0,0,-0.25881904510252157,0.9659258262890681
2025-11-07 00:00:00,R2,55.52882064741809,121,3,Arterial,True,27.9,24.0,32.0,0.0,11.0,1014.8,0,0,59,0,4,0,0,0,0,0.0,1.0
2025-11-07 01:00:00,R2,68.22579840167573,122,3,Arterial,True,27.9,24.0,32.0,0.0,11.0,1014.8,0,0,59,1,4,0,0,0,0,0.25881904510252074,0.9659258262890683
2025-11-07 02:00:00,R2,58.79793969780301,140,3,Arterial,True,27.9,24.0,32.0,0.0,11.0,1014.8,0,0,59,2,4,0,0,0,0,0.49999999999999994,0.8660254037844387
2025-11-07 03:00:00,R2,57.2307877623145,131,3,Arterial,True,27.9,24.0,32.0,0.0,11.0,1014.8,0,0,59,3,4,0,0,0,0,0.7071067811865476,0.7071067811865476
2025-11-07 04:00:00,R2,49.90480757649842,133,3,Arterial,True,27.9,24.0,32.0,0.0,11.0,1014.8,0,0,59,4,4,0,0,0,0,0.8660254037844386,0.5000000000000001
2025-11-07 05:00:00,R2,66.27650138104079,123,3,Arterial,True,27.9,24.0,32.0,0.0,11.0,1014.8,0,0,59,5,4,0,0,0,0,0.9659258262890683,0.25881904510252074
2025-11-07 06:00:00,R2,53.60690288978416,109,3,Arterial,True,27.9,24.0,32.0,0.0,11.0,1014.8,0,0,59,6,4,0,0,0,0,1.0,6.123233995736766e-17
2025-11-07 07:00:00,R2,31.92877008561311,94,3,Arterial,True,27.9,24.0,32.0,0.0,11.0,1014.8,0,0,59,7,4,0,1,0,1,0.9659258262890683,-0.25881904510252063
2025-11-07 08:00:00,R2,27.734177366520747,69,3,Arterial,True,27.9,24.0,32.0,0.0,11.0,1014.8,0,0,59,8,4,0,1,0,1,0.8660254037844387,-0.4999999999999998
2025-11-07 09:00:00,R2,30.5264893338948,105,3,Arterial,True,27.9,24.0,32.0,0.0,11.0,1014.8,0,0,59,9,4,0,1,0,1,0.7071067811865476,-0.7071067811865475
2025-11-07 10:00:00,R2,31.19855762786058,85,3,Arterial,True,27.9,24.0,32.0,0.0,11.0,1014.8,0,0,59,10,4,0,1,0,1,0.49999999999999994,-0.8660254037844387
2025-11-07 11:00:00,R2,65.55706900561758,128,3,Arterial,True,27.9,24.0,32.0,0.0,11.0,1014.8,0,0,59,11,4,0,0,0,0,0.258819045102521,-0.9659258262890682
2025-11-07 12:00:00,R2,59.93591992676558,101,3,Arterial,True,27.9,24.0,32.0,0.0,11.0,1014.8,0,0,59,12,4,0,0,0,0,1.2246467991473532e-16,-1.0
2025-11-07 13:00:00,R2,57.86328358894535,118,3,Arterial,True,27.9,24.0,32.0,0.0,11.0,1014.8,0,0,59,13,4,0,0,0,0,-0.2588190451025208,-0.9659258262890683
2025-11-07 14:00:00,R2,60.55972611182521,128,3,Arterial,True,27.9,24.0,32.0,0.0,11.0,1014.8,0,0,59,14,4,0,0,0,0,-0.4999999999999997,-0.8660254037844388
2025-11-07 15:00:00,R2,65.77067676819075,145,3,Arterial,True,27.9,24.0,32.0,0.0,11.0,1014.8,0,0,59,15,4,0,0,0,0,-0.7071067811865471,-0.7071067811865479
2025-11-07 16:00:00,R2,57.6225644603917,105,3,Arterial,True,27.9,24.0,32.0,0.0,11.0,1014.8,0,0,59,16,4,0,0,0,0,-0.8660254037844384,-0.5000000000000004
2025-11-07 17:00:00,R2,32.04890207257027,92,3,Arterial,True,27.9,24.0,32.0,0.0,11.0,1014.8,0,0,59,17,4,0,0,1,1,-0.9659258262890683,-0.25881904510252063
2025-11-07 18:00:00,R2,39.69904987904111,66,3,Arterial,True,27.9,24.0,32.0,0.0,11.0,1014.8,0,0,59,18,4,0,0,1,1,-1.0,-1.8369701987210297e-16
2025-11-07 19:00:00,R2,26.787706003623544,74,3,Arterial,True,27.9,24.0,32.0,0.0,11.0,1014.8,0,0,59,19,4,0,0,1,1,-0.9659258262890684,0.2588190451025203
2025-11-07 20:00:00,R2,32.89970838820741,66,3,Arterial,True,27.9,24.0,32.0,0.0,11.0,1014.8,0,0,59,20,4,0,0,1,1,-0.8660254037844386,0.5000000000000001
2025-11-07 21:00:00,R2,51.09232226709117,128,3,Arterial,True,27.9,24.0,32.0,0.0,11.0,1014.8,0,0,59,21,4,0,0,0,0,-0.7071067811865477,0.7071067811865474
2025-11-07 22:00:00,R2,60.70915538673265,149,3,Arterial,True,27.9,24.0,32.0,0.0,11.0,1014.8,0,0,59,22,4,0,0,0,0,-0.5000000000000004,0.8660254037844384
2025-11-07 23:00:00,R2,57.21605427786261,108,3,Arterial,True,27.9,24.0,32.0,0.0,11.0,1014.8,0,0,59,23,4,0,0,0,0,-0.25881904510252157,0.9659258262890681
2025-11-08 00:00:00,R2,58.06383087636434,111,3,Arterial,True,27.9,23.0,32.0,0.0,11.0,1016.7,0,0,59,0,5,1,0,0,0,0.0,1.0
2025-11-08 01:00:00,R2,69.94198287904986,128,3,Arterial,True,27.9,23.0,32.0,0.0,11.0,1016.7,0,0,59,1,5,1,0,0,0,0.25881904510252074,0.9659258262890683
2025-11-08 02:00:00,R2,64.14548539479587,142,3,Arterial,True,27.9,23.0,32.0,0.0,11.0,1016.7,0,0,59,2,5,1,0,0,0,0.49999999999999994,0.8660254037844387
2025-11-08 03:00:00,R2,55.692885684178776,124,3,Arterial,True,27.9,23.0,32.0,0.0,11.0,1016.7,0,0,59,3,5,1,0,0,0,0.7071067811865476,0.7071067811865476
2025-11-08 04:00:00,R2,54.13953661746339,101,3,Arterial,True,27.9,23.0,32.0,0.0,11.0,1016.7,0,0,59,4,5,1,0,0,0,0.8660254037844386,0.5000000000000001
2025-11-08 05:00:00,R2,59.6000549013704,112,3,Arterial,True,27.9,23.0,32.0,0.0,11.0,1016.7,0,0,59,5,5,1,0,0,0,0.9659258262890683,0.25881904510252074
2025-11-08 06:00:00,R2,56.59704978368867,112,3,Arterial,True,27.9,23.0,32.0,0.0,11.0,1016.7,0,0,59,6,5,1,0,0,0,1.0,6.123233995736766e-17
2025-11-08 07:00:00,R2,40.58789263999876,91,3,Arterial,True,27.9,23.0,32.0,0.0,11.0,1016.7,0,0,59,7,5,1,1,0,1,0.9659258262890683,-0.25881904510252063
2025-11-08 08:00:00,R2,38.33035482636726,81,3,Arterial,True,27.9,23.0,32.0,0.0,11.0,1016.7,0,0,59,8,5,1,1,0,1,0.8660254037844387,-0.4999999999999998
2025-11-08 09:00:00,R2,38.75428364069947,77,3,Arterial,True,27.9,23.0,32.0,0.0,11.0,1016.7,0,0,59,9,5,1,1,0,1,0.7071067811865476,-0.7071067811865475
2025-11-08 10:00:00,R2,37.01608179838084,97,3,Arterial,True,27.9,23.0,32.0,0.0,11.0,1016.7,0,0,59,10,5,1,1,0,1,0.49999999999999994,-0.8660254037844387
2025-11-08 11:00:00,R2,63.29105985276964,139,3,Arterial,True,27.9,23.0,32.0,0.0,11.0,1016.7,0,0,59,11,5,1,0,0,0,0.258819045102521,-0.9659258262890682
2025-11-08 12:00:00,R2,57.56936190600352,106,3,Arterial,True,27.9,23.0,32.0,0.0,11.0,1016.7,0,0,59,12,5,1,0,0,0,1.2246467991473532e-16,-1.0
2025-11-08 13:00:00,R2,52.49300313203996,148,3,Arterial,True,27.9,23.0,32.0,0.0,11.0,1016.7,0,0,59,13,5,1,0,0,0,-0.2588190451025208,-0.9659258262890683
2025-11-08 14:00:00,R2,54.26601175791613,121,3,Arterial,True,27.9,23.0,32.0,0.0,11.0,1016.7,0,0,59,14,5,1,0,0,0,-0.4999999999999997,-0.8660254037844388
2025-11-08 15:00:00,R2,55.05930024930196,101,3,Arterial,True,27.9,23.0,32.0,0.0,11.0,1016.7,0,0,59,15,5,1,0,0,0,-0.7071067811865471,-0.7071067811865479
2025-11-08 16:00:00,R2,53.14003672766815,131,3,Arterial,True,27.9,23.0,32.0,0.0,11.0,1016.7,0,0,59,16,5,1,0,0,0,-0.8660254037844384,-0.5000000000000004
2025-11-08 17:00:00,R2,38.90924952720772,104,3,Arterial,True,27.9,23.0,32.0,0.0,11.0,1016.7,0,0,59,17,5,1,0,1,1,-0.9659258262890683,-0.25881904510252063
2025-11-08 18:00:00,R2,30.284793283669973,61,3,Arterial,True,27.9,23.0,32.0,0.0,11.0,1016.7,0,0,59,18,5,1,0,1,1,-1.0,-1.8369701987210297e-16
2025-11-08 19:00:00,R2,35.99260567430704,67,3,Arterial,True,27.9,23.0,32.0,0.0,11.0,1016.7,0,0,59,19,5,1,0,1,1,-0.9659258262890684,0.2588190451025203
2025-11-08 20:00:00,R2,34.21031980952099,62,3,Arterial,True,27.9,23.0,32.0,0.0,11.0,1016.7,0,0,59,20,5,1,0,1,1,-0.8660254037844386,0.5000000000000001
2025-11-08 21:00:00,R2,68.10708972940571,100,3,Arterial,True,27.9,23.0,32.0,0.0,11.0,1016.7,0,0,59,21,5,1,0,0,0,-0.7071067811865477,0.7071067811865474
2025-11-08 22:00:00,R2,57.84261216386185,136,3,Arterial,True,27.9,23.0,32.0,0.0,11.0,1016.7,0,0,59,22,5,1,0,0,0,-0.5000000000000004,0.8660254037844384
2025-11-08 23:00:00,R2,60.86751964129105,145,3,Arterial,True,27.9,23.0,32.0,0.0,11.0,1016.7,0,0,59,23,5,1,0,0,0,-0.25881904510252157,0.9659258262890681
2025-11-09 00:00:00,R2,62.28380215997913,145,3,Arterial,True,28.2,24.0,31.0,0.0,12.7,1016.2,0,0,59,0,6,1,0,0,0,0.0,1.0
2025-11-09 01:00:00,R2,53.0853126422282,130,3,Arterial,True,28.2,24.0,31.0,0.0,12.7,1016.2,0,0,59,1,6,1,0,0,0,0.25881904510252074,0.9659258262890683
2025-11-09 02:00:00,R2,52.96798254775391,114,3,Arterial,True,28.2,24.0,31.0,0.0,12.7,1016.2,0,0,59,2,6,1,0,0,0,0.49999999999999994,0.8660254037844387
2025-11-09 03:00:00,R2,63.15103842304558,107,3,Arterial,True,28.2,24.0,31.0,0.0,12.7,1016.2,0,0,59,3,6,1,0,0,0,0.7071067811865476,0.7071067811865476
2025-11-09 04:00:00,R2,61.198354557844354,112,3,Arterial,True,28.2,24.0,31.0,0.0,12.7,1016.2,0,0,59,4,6,1,0,0,0,0.8660254037844386,0.5000000000000001
2025-11-09 05:00:00,R2,60.95339991265592,111,3,Arterial,True,28.2,24.0,31.0,0.0,12.7,1016.2,0,0,59,5,6,1,0,0,0,0.9659258262890683,0.25881904510252074
2025-11-09 06:00:00,R2,61.21918172604037,149,3,Arterial,True,28.2,24.0,31.0,0.0,12.7,1016.2,0,0,59,6,6,1,0,0,0,1.0,6.123233995736766e-17
2025-11-09 07:00:00,R2,32.52308355362106,99,3,Arterial,True,28.2,24.0,31.0,0.0,12.7,1016.2,0,0,59,7,6,1,1,0,1,0.9659258262890683,-0.25881904510252063
2025-11-09 08:00:00,R2,29.13066412462303,99,3,Arterial,True,28.2,24.0,31.0,0.0,12.7,1016.2,0,0,59,8,6,1,1,0,1,0.8660254037844387,-0.4999999999999998
2025-11-09 09:00:00,R2,32.157410990386325,109,3,Arterial,True,28.2,24.0,31.0,0.0,12.7,1016.2,0,0,59,9,6,1,1,0,1,0.7071067811865476,-0.7071067811865475
2025-11-09 10:00:00,R2,33.778891408770654,107,3,Arterial,True,28.2,24.0,31.0,0.0,12.7,1016.2,0,0,59,10,6,1,1,0,1,0.49999999999999994,-0.8660254037844387
2025-11-09 11:00:00,R2,62.87876396853898,100,3,Arterial,True,28.2,24.0,31.0,0.0,12.7,1016.2,0,0,59,11,6,1,0,0,0,0.258819045102521,-0.9659258262890682
2025-11-09 12:00:00,R2,58.95091107918138,118,3,Arterial,True,28.2,24.0,31.0,0.0,12.7,1016.2,0,0,59,12,6,1,0,0,0,1.2246467991473532e-16,-1.0
2025-11-09 13:00:00,R2,59.67455256943304,106,3,Arterial,True,28.2,24.0,31.0,0.0,12.7,1016.2,0,0,59,13,6,1,0,0,0,-0.2588190451025208,-0.9659258262890683
2025-11-09 14:00:00,R2,56.05197273927244,110,3,Arterial,True,28.2,24.0,31.0,0.0,12.7,1016.2,0,0,59,14,6,1,0,0,0,-0.4999999999999997,-0.8660254037844388
2025-11-09 15:00:00,R2,55.27336678326457,111,3,Arterial,True,28.2,24.0,31.0,0.0,12.7,1016.2,0,0,59,15,6,1,0,0,0,-0.7071067811865471,-0.7071067811865479
2025-11-09 16:00:00,R2,69.12902103722006,125,3,Arterial,True,28.2,24.0,31.0,0.0,12.7,1016.2,0,0,59,16,6,1,0,0,0,-0.8660254037844384,-0.5000000000000004
2025-11-09 17:00:00,R2,26.77653982879317,73,3,Arterial,True,28.2,24.0,31.0,0.0,12.7,1016.2,0,0,59,17,6,1,0,1,1,-0.9659258262890683,-0.25881904510252063
2025-11-09 18:00:00,R2,48.04148315803765,74,3,Arterial,True,28.2,24.0,31.0,0.0,12.7,1016.2,0,0,59,18,6,1,0,1,1,-1.0,-1.8369701987210297e-16
2025-11-09 19:00:00,R2,39.8754433518356,87,3,Arterial,True,28.2,24.0,31.0,0.0,12.7,1016.2,0,0,59,19,6,1,0,1,1,-0.9659258262890684,0.2588190451025203
2025-11-09 20:00:00,R2,39.89063220614811,95,3,Arterial,True,28.2,24.0,31.0,0.0,12.7,1016.2,0,0,59,20,6,1,0,1,1,-0.8660254037844386,0.5000000000000001
2025-11-09 21:00:00,R2,52.390317722367286,106,3,Arterial,True,28.2,24.0,31.0,0.0,12.7,1016.2,0,0,59,21,6,1,0,0,0,-0.7071067811865477,0.7071067811865474
2025-11-09 22:00:00,R2,54.73829824429698,132,3,Arterial,True,28.2,24.0,31.0,0.0,12.7,1016.2,0,0,59,22,6,1,0,0,0,-0.5000000000000004,0.8660254037844384
2025-11-09 23:00:00,R2,59.72414918501133,144,3,Arterial,True,28.2,24.0,31.0,0.0,12.7,1016.2,0,0,59,23,6,1,0,0,0,-0.25881904510252157,0.9659258262890681
2025-11-10 00:00:00,R2,69.75046010467469,140,3,Arterial,True,27.9,24.0,31.0,0.0,10.4,1014.8,0,0,59,0,0,0,0,0,0,0.0,1.0
2025-11-10 01:00:00,R2,64.0167728866059,130,3,Arterial,True,27.9,24.0,31.0,0.0,10.4,1014.8,0,0,59,1,0,0,0,0,0,0.25881904510252074,0.9659258262890683
2025-11-10 02:00:00,R2,67.62707492709502,100,3,Arterial,True,27.9,24.0,31.0,0.0,10.4,1014.8,0,0,59,2,0,0,0,0,0,0.49999999999999994,0.8660254037844387
2025-11-10 03:00:00,R2,61.17958729999745,127,3,Arterial,True,27.9,24.0,31.0,0.0,10.4,1014.8,0,0,59,3,0,0,0,0,0,0.7071067811865476,0.7071067811865476
2025-11-10 04:00:00,R2,50.56113701630793,136,3,Arterial,True,27.9,24.0,31.0,0.0,10.4,1014.8,0,0,59,4,0,0,0,0,0,0.8660254037844386,0.5000000000000001
2025-11-10 05:00:00,R2,70.61024392827981,108,3,Arterial,True,27.9,24.0,31.0,0.0,10.4,1014.8,0,0,59,5,0,0,0,0,0,0.9659258262890683,0.25881904510252074
2025-11-10 06:00:00,R2,59.04967593906464,146,3,Arterial,True,27.9,24.0,31.0,0.0,10.4,1014.8,0,0,59,6,0,0,0,0,0,1.0,6.123233995736766e-17
2025-11-10 07:00:00,R2,22.73086922334871,72,3,Arterial,True,27.9,24.0,31.0,0.0,10.4,1014.8,0,0,59,7,0,0,1,0,1,0.9659258262890683,-0.25881904510252063
2025-11-10 08:00:00,R2,37.21927771970863,107,3,Arterial,True,27.9,24.0,31.0,0.0,10.4,1014.8,0,0,59,8,0,0,1,0,1,0.8660254037844387,-0.4999999999999998
2025-11-10 09:00:00,R2,32.4692027163356,71,3,Arterial,True,27.9,24.0,31.0,0.0,10.4,1014.8,0,0,59,9,0,0,1,0,1,0.7071067811865476,-0.7071067811865475
2025-11-10 10:00:00,R2,38.15848121626308,87,3,Arterial,True,27.9,24.0,31.0,0.0,10.4,1014.8,0,0,59,10,0,0,1,0,1,0.49999999999999994,-0.8660254037844387
2025-11-10 11:00:00,R2,61.54995570056099,104,3,Arterial,True,27.9,24.0,31.0,0.0,10.4,1014.8,0,0,59,11,0,0,0,0,0,0.258819045102521,-0.9659258262890682
2025-11-10 12:00:00,R2,65.19758104324538,102,3,Arterial,True,27.9,24.0,31.0,0.0,10.4,1014.8,0,0,59,12,0,0,0,0,0,1.2246467991473532e-16,-1.0
2025-11-10 13:00:00,R2,54.011235758523895,149,3,Arterial,True,27.9,24.0,31.0,0.0,10.4,1014.8,0,0,59,13,0,0,0,0,0,-0.2588190451025208,-0.9659258262890683
2025-11-10 14:00:00,R2,56.99346176956529,134,3,Arterial,True,27.9,24.0,31.0,0.0,10.4,1014.8,0,0,59,14,0,0,0,0,0,-0.4999999999999997,-0.8660254037844388
2025-11-10 15:00:00,R2,60.07985361006567,145,3,Arterial,True,27.9,24.0,31.0,0.0,10.4,1014.8,0,0,59,15,0,0,0,0,0,-0.7071067811865471,-0.7071067811865479
2025-11-10 16:00:00,R2,61.767656694533365,146,3,Arterial,True,27.9,24.0,31.0,0.0,10.4,1014.8,0,0,59,16,0,0,0,0,0,-0.8660254037844384,-0.5000000000000004
2025-11-10 17:00:00,R2,37.84650136637518,62,3,Arterial,True,27.9,24.0,31.0,0.0,10.4,1014.8,0,0,59,17,0,0,0,1,1,-0.9659258262890683,-0.25881904510252063
2025-11-10 18:00:00,R2,34.7682197586884,68,3,Arterial,True,27.9,24.0,31.0,0.0,10.4,1014.8,0,0,59,18,0,0,0,1,1,-1.0,-1.8369701987210297e-16
2025-11-10 19:00:00,R2,40.82874347977571,79,3,Arterial,True,27.9,24.0,31.0,0.0,10.4,1014.8,0,0,59,19,0,0,0,1,1,-0.9659258262890684,0.2588190451025203
2025-11-10 20:00:00,R2,38.64072249931062,84,3,Arterial,True,27.9,24.0,31.0,0.0,10.4,1014.8,0,0,59,20,0,0,0,1,1,-0.8660254037844386,0.5000000000000001
2025-11-10 21:00:00,R2,67.76901692265652,128,3,Arterial,True,27.9,24.0,31.0,0.0,10.4,1014.8,0,0,59,21,0,0,0,0,0,-0.7071067811865477,0.7071067811865474
2025-11-10 22:00:00,R2,60.31174741198849,123,3,Arterial,True,27.9,24.0,31.0,0.0,10.4,1014.8,0,0,59,22,0,0,0,0,0,-0.5000000000000004,0.8660254037844384
2025-11-10 23:00:00,R2,68.73908130856036,119,3,Arterial,True,27.9,24.0,31.0,0.0,10.4,1014.8,0,0,59,23,0,0,0,0,0,-0.25881904510252157,0.9659258262890681
2025-11-11 00:00:00,R2,59.22230985028722,103,3,Arterial,True,27.7,24.0,31.0,0.0,10.9,1014.8,0,0,59,0,1,0,0,0,0,0.0,1.0
2025-11-11 01:00:00,R2,51.79683374487677,142,3,Arterial,True,27.7,24.0,31.0,0.0,10.9,1014.8,0,0,59,1,1,0,0,0,0,0.25881904510252074,0.9659258262890683
2025-11-11 02:00:00,R2,60.60249626146254,134,3,Arterial,True,27.7,24.0,31.0,0.0,10.9,1014.8,0,0,59,2,1,0,0,0,0,0.49999999999999994,0.8660254037844387
2025-11-11 03:00:00,R2,57.29670483441632,111,3,Arterial,True,27.7,24.0,31.0,0.0,10.9,1014.8,0,0,59,3,1,0,0,0,0,0.7071067811865476,0.7071067811865476
2025-11-11 04:00:00,R2,55.00289212560864,135,3,Arterial,True,27.7,24.0,31.0,0.0,10.9,1014.8,0,0,59,4,1,0,0,0,0,0.8660254037844386,0.5000000000000001
2025-11-11 05:00:00,R2,60.50124909760592,127,3,Arterial,True,27.7,24.0,31.0,0.0,10.9,1014.8,0,0,59,5,1,0,0,0,0,0.9659258262890683,0.25881904510252074
2025-11-11 06:00:00,R2,60.16569636026895,127,3,Arterial,True,27.7,24.0,31.0,0.0,10.9,1014.8,0,0,59,6,1,0,0,0,0,1.0,6.123233995736766e-17
2025-11-11 07:00:00,R2,32.91756291342786,86,3,Arterial,True,27.7,24.0,31.0,0.0,10.9,1014.8,0,0,59,7,1,0,1,0,1,0.9659258262890683,-0.25881904510252063
2025-11-11 08:00:00,R2,50.878842844203945,64,3,Arterial,True,27.7,24.0,31.0,0.0,10.9,1014.8,0,0,59,8,1,0,1,0,1,0.8660254037844387,-0.4999999999999998
2025-11-11 09:00:00,R2,39.79106519352824,96,3,Arterial,True,27.7,24.0,31.0,0.0,10.9,1014.8,0,0,59,9,1,0,1,0,1,0.7071067811865476,-0.7071067811865475
2025-11-11 10:00:00,R2,33.650549432692976,103,3,Arterial,True,27.7,24.0,31.0,0.0,10.9,1014.8,0,0,59,10,1,0,1,0,1,0.49999999999999994,-0.8660254037844387
2025-11-11 11:00:00,R2,61.30414400972848,129,3,Arterial,True,27.7,24.0,31.0,0.0,10.9,1014.8,0,0,59,11,1,0,0,0,0,0.258819045102521,-0.9659258262890682
2025-11-11 12:00:00,R2,62.58027816479392,118,3,Arterial,True,27.7,24.0,31.0,0.0,10.9,1014.8,0,0,59,12,1,0,0,0,0,1.2246467991473532e-16,-1.0
2025-11-11 13:00:00,R2,60.93298140642424,129,3,Arterial,True,27.7,24.0,31.0,0.0,10.9,1014.8,0,0,59,13,1,0,0,0,0,-0.2588190451025208,-0.9659258262890683
2025-11-11 14:00:00,R2,66.53976536972746,145,3,Arterial,True,27.7,24.0,31.0,0.0,10.9,1014.8,0,0,59,14,1,0,0,0,0,-0.4999999999999997,-0.8660254037844388
2025-11-11 15:00:00,R2,62.68467267543047,144,3,Arterial,True,27.7,24.0,31.0,0.0,10.9,1014.8,0,0,59,15,1,0,0,0,0,-0.7071067811865471,-0.7071067811865479
2025-11-11 16:00:00,R2,58.07658502455839,135,3,Arterial,True,27.7,24.0,31.0,0.0,10.9,1014.8,0,0,59,16,1,0,0,0,0,-0.8660254037844384,-0.5000000000000004
2025-11-11 17:00:00,R2,41.59717546717204,87,3,Arterial,True,27.7,24.0,31.0,0.0,10.9,1014.8,0,0,59,17,1,0,0,1,1,-0.9659258262890683,-0.25881904510252063
2025-11-11 18:00:00,R2,43.22651691568905,74,3,Arterial,True,27.7,24.0,31.0,0.0,10.9,1014.8,0,0,59,18,1,0,0,1,1,-1.0,-1.8369701987210297e-16
2025-11-11 19:00:00,R2,35.72622892287562,67,3,Arterial,True,27.7,24.0,31.0,0.0,10.9,1014.8,0,0,59,19,1,0,0,1,1,-0.9659258262890684,0.2588190451025203
2025-11-11 20:00:00,R2,42.69575065166088,85,3,Arterial,True,27.7,24.0,31.0,0.0,10.9,1014.8,0,0,59,20,1,0,0,1,1,-0.8660254037844386,0.5000000000000001
2025-11-11 21:00:00,R2,61.82954775279208,112,3,Arterial,True,27.7,24.0,31.0,0.0,10.9,1014.8,0,0,59,21,1,0,0,0,0,-0.7071067811865477,0.7071067811865474
2025-11-11 22:00:00,R2,59.70953762387085,107,3,Arterial,True,27.7,24.0,31.0,0.0,10.9,1014.8,0,0,59,22,1,0,0,0,0,-0.5000000000000004,0.8660254037844384
2025-11-11 23:00:00,R2,54.06630893817617,132,3,Arterial,True,27.7,24.0,31.0,0.0,10.9,1014.8,0,0,59,23,1,0,0,0,0,-0.25881904510252157,0.9659258262890681
2025-11-12 00:00:00,R2,62.09146593949591,138,3,Arterial,True,27.9,23.0,33.0,0.0,10.5,1016.3,0,0,59,0,2,0,0,0,0,0.0,1.0
2025-11-12 01:00:00,R2,64.83434518437272,117,3,Arterial,True,27.9,23.0,33.0,0.0,10.5,1016.3,0,0,59,1,2,0,0,0,0,0.25881904510252074,0.9659258262890683
2025-11-12 02:00:00,R2,57.76082977502384,119,3,Arterial,True,27.9,23.0,33.0,0.0,10.5,1016.3,0,0,59,2,2,0,0,0,0,0.49999999999999994,0.8660254037844387
2025-11-12 03:00:00,R2,60.713000764938585,143,3,Arterial,True,27.9,23.0,33.0,0.0,10.5,1016.3,0,0,59,3,2,0,0,0,0,0.7071067811865476,0.7071067811865476
2025-11-12 04:00:00,R2,59.61595596812175,111,3,Arterial,True,27.9,23.0,33.0,0.0,10.5,1016.3,0,0,59,4,2,0,0,0,0,0.8660254037844386,0.5000000000000001
2025-11-12 05:00:00,R2,69.29705099124594,132,3,Arterial,True,27.9,23.0,33.0,0.0,10.5,1016.3,0,0,59,5,2,0,0,0,0,0.9659258262890683,0.25881904510252074
2025-11-12 06:00:00,R2,62.42347995669858,105,3,Arterial,True,27.9,23.0,33.0,0.0,10.5,1016.3,0,0,59,6,2,0,0,0,0,1.0,6.123233995736766e-17
2025-11-12 07:00:00,R2,41.50494399509435,77,3,Arterial,True,27.9,23.0,33.0,0.0,10.5,1016.3,0,0,59,7,2,0,1,0,1,0.9659258262890683,-0.25881904510252063
2025-11-12 08:00:00,R2,29.46883525768116,82,3,Arterial,True,27.9,23.0,33.0,0.0,10.5,1016.3,0,0,59,8,2,0,1,0,1,0.8660254037844387,-0.4999999999999998
2025-11-12 09:00:00,R2,29.783046362322697,109,3,Arterial,True,27.9,23.0,33.0,0.0,10.5,1016.3,0,0,59,9,2,0,1,0,1,0.7071067811865476,-0.7071067811865475
2025-11-12 10:00:00,R2,32.80939941732958,108,3,Arterial,True,27.9,23.0,33.0,0.0,10.5,1016.3,0,0,59,10,2,0,1,0,1,0.49999999999999994,-0.8660254037844387
2025-11-12 11:00:00,R2,52.6584088695365,123,3,Arterial,True,27.9,23.0,33.0,0.0,10.5,1016.3,0,0,59,11,2,0,0,0,0,0.258819045102521,-0.9659258262890682
2025-11-12 12:00:00,R2,70.69679123029726,117,3,Arterial,True,27.9,23.0,33.0,0.0,10.5,1016.3,0,0,59,12,2,0,0,0,0,1.2246467991473532e-16,-1.0
2025-11-12 13:00:00,R2,61.24334932536641,105,3,Arterial,True,27.9,23.0,33.0,0.0,10.5,1016.3,0,0,59,13,2,0,0,0,0,-0.2588190451025208,-0.9659258262890683
2025-11-12 14:00:00,R2,50.0275047889368,133,3,Arterial,True,27.9,23.0,33.0,0.0,10.5,1016.3,0,0,59,14,2,0,0,0,0,-0.4999999999999997,-0.8660254037844388
2025-11-12 15:00:00,R2,63.55304598831353,107,3,Arterial,True,27.9,23.0,33.0,0.0,10.5,1016.3,0,0,59,15,2,0,0,0,0,-0.7071067811865471,-0.7071067811865479
2025-11-12 16:00:00,R2,64.61719713024216,109,3,Arterial,True,27.9,23.0,33.0,0.0,10.5,1016.3,0,0,59,16,2,0,0,0,0,-0.8660254037844384,-0.5000000000000004
2025-11-12 17:00:00,R2,28.259939914202235,90,3,Arterial,True,27.9,23.0,33.0,0.0,10.5,1016.3,0,0,59,17,2,0,0,1,1,-0.9659258262890683,-0.25881904510252063
2025-11-12 18:00:00,R2,36.31680584518708,93,3,Arterial,True,27.9,23.0,33.0,0.0,10.5,1016.3,0,0,59,18,2,0,0,1,1,-1.0,-1.8369701987210297e-16
2025-11-12 19:00:00,R2,35.8374829638427,75,3,Arterial,True,27.9,23.0,33.0,0.0,10.5,1016.3,0,0,59,19,2,0,0,1,1,-0.9659258262890684,0.2588190451025203
2025-11-12 20:00:00,R2,36.650621548039,108,3,Arterial,True,27.9,23.0,33.0,0.0,10.5,1016.3,0,0,59,20,2,0,0,1,1,-0.8660254037844386,0.5000000000000001
2025-11-12 21:00:00,R2,52.0170546606601,136,3,Arterial,True,27.9,23.0,33.0,0.0,10.5,1016.3,0,0,59,21,2,0,0,0,0,-0.7071067811865477,0.7071067811865474
2025-11-12 22:00:00,R2,64.00176642727372,137,3,Arterial,True,27.9,23.0,33.0,0.0,10.5,1016.3,0,0,59,22,2,0,0,0,0,-0.5000000000000004,0.8660254037844384
2025-11-12 23:00:00,R2,58.2747643512718,106,3,Arterial,True,27.9,23.0,33.0,0.0,10.5,1016.3,0,0,59,23,2,0,0,0,0,-0.25881904510252157,0.9659258262890681
2025-11-13 00:00:00,R2,52.28497862446181,133,3,Arterial,True,27.6,23.0,31.0,0.0,11.5,1017.7,0,0,59,0,3,0,0,0,0,0.0,1.0
2025-11-13 01:00:00,R2,66.39050899770518,120,3,Arterial,True,27.6,23.0,31.0,0.0,11.5,1017.7,0,0,59,1,3,0,0,0,0,0.25881904510252074,0.9659258262890683
2025-11-13 02:00:00,R2,57.95730546999366,116,3,Arterial,True,27.6,23.0,31.0,0.0,11.5,1017.7,0,0,59,2,3,0,0,0,0,0.49999999999999994,0.8660254037844387
2025-11-13 03:00:00,R2,59.60988498625353,129,3,Arterial,True,27.6,23.0,31.0,0.0,11.5,1017.7,0,0,59,3,3,0,0,0,0,0.7071067811865476,0.7071067811865476
2025-11-13 04:00:00,R2,63.39377774801929,117,3,Arterial,True,27.6,23.0,31.0,0.0,11.5,1017.7,0,0,59,4,3,0,0,0,0,0.8660254037844386,0.5000000000000001
2025-11-13 05:00:00,R2,70.62960390932619,141,3,Arterial,True,27.6,23.0,31.0,0.0,11.5,1017.7,0,0,59,5,3,0,0,0,0,0.9659258262890683,0.25881904510252074
2025-11-13 06:00:00,R2,59.26107928027498,109,3,Arterial,True,27.6,23.0,31.0,0.0,11.5,1017.7,0,0,59,6,3,0,0,0,0,1.0,6.123233995736766e-17
2025-11-13 07:00:00,R2,33.26720067190009,78,3,Arterial,True,27.6,23.0,31.0,0.0,11.5,1017.7,0,0,59,7,3,0,1,0,1,0.9659258262890683,-0.25881904510252063
2025-11-13 08:00:00,R2,32.20978032870956,80,3,Arterial,True,27.6,23.0,31.0,0.0,11.5,1017.7,0,0,59,8,3,0,1,0,1,0.8660254037844387,-0.4999999999999998
2025-11-13 09:00:00,R2,37.35369330396803,108,3,Arterial,True,27.6,23.0,31.0,0.0,11.5,1017.7,0,0,59,9,3,0,1,0,1,0.7071067811865476,-0.7071067811865475
2025-11-13 10:00:00,R2,44.8741669411797,64,3,Arterial,True,27.6,23.0,31.0,0.0,11.5,1017.7,0,0,59,10,3,0,1,0,1,0.49999999999999994,-0.8660254037844387
2025-11-13 11:00:00,R2,53.85910463142472,133,3,Arterial,True,27.6,23.0,31.0,0.0,11.5,1017.7,0,0,59,11,3,0,0,0,0,0.258819045102521,-0.9659258262890682
2025-11-13 12:00:00,R2,66.49681530925272,141,3,Arterial,True,27.6,23.0,31.0,0.0,11.5,1017.7,0,0,59,12,3,0,0,0,0,1.2246467991473532e-16,-1.0
2025-11-13 13:00:00,R2,52.54744076858046,130,3,Arterial,True,27.6,23.0,31.0,0.0,11.5,1017.7,0,0,59,13,3,0,0,0,0,-0.2588190451025208,-0.9659258262890683
2025-11-13 14:00:00,R2,48.26609825407238,145,3,Arterial,True,27.6,23.0,31.0,0.0,11.5,1017.7,0,0,59,14,3,0,0,0,0,-0.4999999999999997,-0.8660254037844388
2025-11-13 15:00:00,R2,60.59271855961886,119,3,Arterial,True,27.6,23.0,31.0,0.0,11.5,1017.7,0,0,59,15,3,0,0,0,0,-0.7071067811865471,-0.7071067811865479
2025-11-13 16:00:00,R2,58.30373002705199,119,3,Arterial,True,27.6,23.0,31.0,0.0,11.5,1017.7,0,0,59,16,3,0,0,0,0,-0.8660254037844384,-0.5000000000000004
2025-11-13 17:00:00,R2,36.95248590636378,104,3,Arterial,True,27.6,23.0,31.0,0.0,11.5,1017.7,0,0,59,17,3,0,0,1,1,-0.9659258262890683,-0.25881904510252063
2025-11-13 18:00:00,R2,42.70062910953695,80,3,Arterial,True,27.6,23.0,31.0,0.0,11.5,1017.7,0,0,59,18,3,0,0,1,1,-1.0,-1.8369701987210297e-16
2025-11-13 19:00:00,R2,30.399949322128137,95,3,Arterial,True,27.6,23.0,31.0,0.0,11.5,1017.7,0,0,59,19,3,0,0,1,1,-0.9659258262890684,0.2588190451025203
2025-11-13 20:00:00,R2,32.27615095467162,107,3,Arterial,True,27.6,23.0,31.0,0.0,11.5,1017.7,0,0,59,20,3,0,0,1,1,-0.8660254037844386,0.5000000000000001
2025-11-13 21:00:00,R2,66.97190317232948,135,3,Arterial,True,27.6,23.0,31.0,0.0,11.5,1017.7,0,0,59,21,3,0,0,0,0,-0.7071067811865477,0.7071067811865474
2025-11-13 22:00:00,R2,60.41671514337581,145,3,Arterial,True,27.6,23.0,31.0,0.0,11.5,1017.7,0,0,59,22,3,0,0,0,0,-0.5000000000000004,0.8660254037844384
2025-11-13 23:00:00,R2,61.82412044780373,133,3,Arterial,True,27.6,23.0,31.0,0.0,11.5,1017.7,0,0,59,23,3,0,0,0,0,-0.25881904510252157,0.9659258262890681
2025-11-14 00:00:00,R2,62.91659065397805,131,3,Arterial,True,27.4,23.0,31.0,0.0,11.5,1017.0,0,0,59,0,4,0,0,0,0,0.0,1.0
2025-11-14 01:00:00,R2,65.81539684787796,117,3,Arterial,True,27.4,23.0,31.0,0.0,11.5,1017.0,0,0,59,1,4,0,0,0,0,0.25881904510252074,0.9659258262890683
2025-11-14 02:00:00,R2,60.57281349277381,114,3,Arterial,True,27.4,23.0,31.0,0.0,11.5,1017.0,0,0,59,2,4,0,0,0,0,0.49999999999999994,0.8660254037844387
2025-11-14 03:00:00,R2,62.15316008556387,113,3,Arterial,True,27.4,23.0,31.0,0.0,11.5,1017.0,0,0,59,3,4,0,0,0,0,0.7071067811865476,0.7071067811865476
2025-11-14 04:00:00,R2,51.21494580425431,113,3,Arterial,True,27.4,23.0,31.0,0.0,11.5,1017.0,0,0,59,4,4,0,0,0,0,0.8660254037844386,0.5000000000000001
2025-11-14 05:00:00,R2,55.76282740453246,147,3,Arterial,True,27.4,23.0,31.0,0.0,11.5,1017.0,0,0,59,5,4,0,0,0,0,0.9659258262890683,0.25881904510252074
2025-11-14 06:00:00,R2,59.06867011793304,144,3,Arterial,True,27.4,23.0,31.0,0.0,11.5,1017.0,0,0,59,6,4,0,0,0,0,1.0,6.123233995736766e-17
2025-11-14 07:00:00,R2,39.224555206972816,67,3,Arterial,True,27.4,23.0,31.0,0.0,11.5,1017.0,0,0,59,7,4,0,1,0,1,0.9659258262890683,-0.25881904510252063
2025-11-14 08:00:00,R2,31.984253035459588,90,3,Arterial,True,27.4,23.0,31.0,0.0,11.5,1017.0,0,0,59,8,4,0,1,0,1,0.8660254037844387,-0.4999999999999998
2025-11-14 09:00:00,R2,44.97925571149081,88,3,Arterial,True,27.4,23.0,31.0,0.0,11.5,1017.0,0,0,59,9,4,0,1,0,1,0.7071067811865476,-0.7071067811865475
2025-11-14 10:00:00,R2,40.26805343542352,85,3,Arterial,True,27.4,23.0,31.0,0.0,11.5,1017.0,0,0,59,10,4,0,1,0,1,0.49999999999999994,-0.8660254037844387
2025-11-14 11:00:00,R2,55.34685844002155,145,3,Arterial,True,27.4,23.0,31.0,0.0,11.5,1017.0,0,0,59,11,4,0,0,0,0,0.258819045102521,-0.9659258262890682
2025-11-14 12:00:00,R2,60.6265352987476,133,3,Arterial,True,27.4,23.0,31.0,0.0,11.5,1017.0,0,0,59,12,4,0,0,0,0,1.2246467991473532e-16,-1.0
2025-11-14 13:00:00,R2,61.19101040110201,123,3,Arterial,True,27.4,23.0,31.0,0.0,11.5,1017.0,0,0,59,13,4,0,0,0,0,-0.2588190451025208,-0.9659258262890683
2025-11-14 14:00:00,R2,63.53631594463842,133,3,Arterial,True,27.4,23.0,31.0,0.0,11.5,1017.0,0,0,59,14,4,0,0,0,0,-0.4999999999999997,-0.8660254037844388
2025-11-14 15:00:00,R2,61.49114287583799,107,3,Arterial,True,27.4,23.0,31.0,0.0,11.5,1017.0,0,0,59,15,4,0,0,0,0,-0.7071067811865471,-0.7071067811865479
2025-11-14 16:00:00,R2,58.02631667875246,101,3,Arterial,True,27.4,23.0,31.0,0.0,11.5,1017.0,0,0,59,16,4,0,0,0,0,-0.8660254037844384,-0.5000000000000004
2025-11-14 17:00:00,R2,33.37363960694713,67,3,Arterial,True,27.4,23.0,31.0,0.0,11.5,1017.0,0,0,59,17,4,0,0,1,1,-0.9659258262890683,-0.25881904510252063
2025-11-14 18:00:00,R2,35.46096141639287,79,3,Arterial,True,27.4,23.0,31.0,0.0,11.5,1017.0,0,0,59,18,4,0,0,1,1,-1.0,-1.8369701987210297e-16
2025-11-14 19:00:00,R2,37.99786855944832,80,3,Arterial,True,27.4,23.0,31.0,0.0,11.5,1017.0,0,0,59,19,4,0,0,1,1,-0.9659258262890684,0.2588190451025203
2025-11-14 20:00:00,R2,36.24823225702182,90,3,Arterial,True,27.4,23.0,31.0,0.0,11.5,1017.0,0,0,59,20,4,0,0,1,1,-0.8660254037844386,0.5000000000000001
2025-11-14 21:00:00,R2,58.77619469265228,142,3,Arterial,True,27.4,23.0,31.0,0.0,11.5,1017.0,0,0,59,21,4,0,0,0,0,-0.7071067811865477,0.7071067811865474
2025-11-14 22:00:00,R2,63.93529030642556,136,3,Arterial,True,27.4,23.0,31.0,0.0,11.5,1017.0,0,0,59,22,4,0,0,0,0,-0.5000000000000004,0.8660254037844384
2025-11-14 23:00:00,R2,57.03036745526658,123,3,Arterial,True,27.4,23.0,31.0,0.0,11.5,1017.0,0,0,59,23,4,0,0,0,0,-0.25881904510252157,0.9659258262890681
2025-11-15 00:00:00,R2,55.85366167964492,124,3,Arterial,True,27.1,23.0,31.0,0.0,11.1,1016.6,0,0,59,0,5,1,0,0,0,0.0,1.0
2025-11-15 01:00:00,R2,61.95432044207602,134,3,Arterial,True,27.1,23.0,31.0,0.0,11.1,1016.6,0,0,59,1,5,1,0,0,0,0.25881904510252074,0.9659258262890683
2025-11-15 02:00:00,R2,60.6212499058384,121,3,Arterial,True,27.1,23.0,31.0,0.0,11.1,1016.6,0,0,59,2,5,1,0,0,0,0.49999999999999994,0.8660254037844387
2025-11-15 03:00:00,R2,56.653530702097534,119,3,Arterial,True,27.1,23.0,31.0,0.0,11.1,1016.6,0,0,59,3,5,1,0,0,0,0.7071067811865476,0.7071067811865476
2025-11-15 04:00:00,R2,56.27060848445411,103,3,Arterial,True,27.1,23.0,31.0,0.0,11.1,1016.6,0,0,59,4,5,1,0,0,0,0.8660254037844386,0.5000000000000001
2025-11-15 05:00:00,R2,65.12248022503712,146,3,Arterial,True,27.1,23.0,31.0,0.0,11.1,1016.6,0,0,59,5,5,1,0,0,0,0.9659258262890683,0.25881904510252074
2025-11-15 06:00:00,R2,60.74876305724575,100,3,Arterial,True,27.1,23.0,31.0,0.0,11.1,1016.6,0,0,59,6,5,1,0,0,0,1.0,6.123233995736766e-17
2025-11-15 07:00:00,R2,31.852775345020632,99,3,Arterial,True,27.1,23.0,31.0,0.0,11.1,1016.6,0,0,59,7,5,1,1,0,1,0.9659258262890683,-0.25881904510252063
2025-11-15 08:00:00,R2,25.94488814706687,69,3,Arterial,True,27.1,23.0,31.0,0.0,11.1,1016.6,0,0,59,8,5,1,1,0,1,0.8660254037844387,-0.4999999999999998
2025-11-15 09:00:00,R2,39.19608021292317,71,3,Arterial,True,27.1,23.0,31.0,0.0,11.1,1016.6,0,0,59,9,5,1,1,0,1,0.7071067811865476,-0.7071067811865475
2025-11-15 10:00:00,R2,32.929459962955505,83,3,Arterial,True,27.1,23.0,31.0,0.0,11.1,1016.6,0,0,59,10,5,1,1,0,1,0.49999999999999994,-0.8660254037844387
2025-11-15 11:00:00,R2,54.6612848848999,128,3,Arterial,True,27.1,23.0,31.0,0.0,11.1,1016.6,0,0,59,11,5,1,0,0,0,0.258819045102521,-0.9659258262890682
2025-11-15 12:00:00,R2,62.99352647687996,119,3,Arterial,True,27.1,23.0,31.0,0.0,11.1,1016.6,0,0,59,12,5,1,0,0,0,1.2246467991473532e-16,-1.0
2025-11-15 13:00:00,R2,67.3061135438106,143,3,Arterial,True,27.1,23.0,31.0,0.0,11.1,1016.6,0,0,59,13,5,1,0,0,0,-0.2588190451025208,-0.9659258262890683
2025-11-15 14:00:00,R2,57.75381384680063,136,3,Arterial,True,27.1,23.0,31.0,0.0,11.1,1016.6,0,0,59,14,5,1,0,0,0,-0.4999999999999997,-0.8660254037844388
2025-11-15 15:00:00,R2,57.24453776665431,134,3,Arterial,True,27.1,23.0,31.0,0.0,11.1,1016.6,0,0,59,15,5,1,0,0,0,-0.7071067811865471,-0.7071067811865479
2025-11-15 16:00:00,R2,59.24307882358051,122,3,Arterial,True,27.1,23.0,31.0,0.0,11.1,1016.6,0,0,59,16,5,1,0,0,0,-0.8660254037844384,-0.5000000000000004
2025-11-15 17:00:00,R2,39.947832561678986,68,3,Arterial,True,27.1,23.0,31.0,0.0,11.1,1016.6,0,0,59,17,5,1,0,1,1,-0.9659258262890683,-0.25881904510252063
2025-11-15 18:00:00,R2,34.04291303818069,87,3,Arterial,True,27.1,23.0,31.0,0.0,11.1,1016.6,0,0,59,18,5,1,0,1,1,-1.0,-1.8369701987210297e-16
2025-11-15 19:00:00,R2,24.58088823047485,91,3,Arterial,True,27.1,23.0,31.0,0.0,11.1,1016.6,0,0,59,19,5,1,0,1,1,-0.9659258262890684,0.2588190451025203
2025-11-15 20:00:00,R2,36.11188100835696,104,3,Arterial,True,27.1,23.0,31.0,0.0,11.1,1016.6,0,0,59,20,5,1,0,1,1,-0.8660254037844386,0.5000000000000001
2025-11-15 21:00:00,R2,56.408668265008025,112,3,Arterial,True,27.1,23.0,31.0,0.0,11.1,1016.6,0,0,59,21,5,1,0,0,0,-0.7071067811865477,0.7071067811865474
2025-11-15 22:00:00,R2,59.952883273921564,135,3,Arterial,True,27.1,23.0,31.0,0.0,11.1,1016.6,0,0,59,22,5,1,0,0,0,-0.5000000000000004,0.8660254037844384
2025-11-15 23:00:00,R2,63.66201680303211,142,3,Arterial,True,27.1,23.0,31.0,0.0,11.1,1016.6,0,0,59,23,5,1,0,0,0,-0.25881904510252157,0.9659258262890681
2025-11-16 00:00:00,R2,60.606844170416245,139,3,Arterial,True,27.4,23.0,33.0,0.0,11.2,1018.4,0,0,59,0,6,1,0,0,0,0.0,1.0
2025-11-16 01:00:00,R2,49.61750083147312,147,3,Arterial,True,27.4,23.0,33.0,0.0,11.2,1018.4,0,0,59,1,6,1,0,0,0,0.25881904510252074,0.9659258262890683
2025-11-16 02:00:00,R2,62.28348021527485,131,3,Arterial,True,27.4,23.0,33.0,0.0,11.2,1018.4,0,0,59,2,6,1,0,0,0,0.49999999999999994,0.8660254037844387
2025-11-16 03:00:00,R2,60.53489070266153,138,3,Arterial,True,27.4,23.0,33.0,0.0,11.2,1018.4,0,0,59,3,6,1,0,0,0,0.7071067811865476,0.7071067811865476
2025-11-16 04:00:00,R2,61.8473858781224,116,3,Arterial,True,27.4,23.0,33.0,0.0,11.2,1018.4,0,0,59,4,6,1,0,0,0,0.8660254037844386,0.5000000000000001
2025-11-16 05:00:00,R2,63.27502111567546,116,3,Arterial,True,27.4,23.0,33.0,0.0,11.2,1018.4,0,0,59,5,6,1,0,0,0,0.9659258262890683,0.25881904510252074
2025-11-16 06:00:00,R2,60.24558985906698,136,3,Arterial,True,27.4,23.0,33.0,0.0,11.2,1018.4,0,0,59,6,6,1,0,0,0,1.0,6.123233995736766e-17
2025-11-16 07:00:00,R2,35.430200531615924,101,3,Arterial,True,27.4,23.0,33.0,0.0,11.2,1018.4,0,0,59,7,6,1,1,0,1,0.9659258262890683,-0.25881904510252063
2025-11-16 08:00:00,R2,32.14363026805928,72,3,Arterial,True,27.4,23.0,33.0,0.0,11.2,1018.4,0,0,59,8,6,1,1,0,1,0.8660254037844387,-0.4999999999999998
2025-11-16 09:00:00,R2,30.78710921299164,108,3,Arterial,True,27.4,23.0,33.0,0.0,11.2,1018.4,0,0,59,9,6,1,1,0,1,0.7071067811865476,-0.7071067811865475
2025-11-16 10:00:00,R2,39.524437573576,88,3,Arterial,True,27.4,23.0,33.0,0.0,11.2,1018.4,0,0,59,10,6,1,1,0,1,0.49999999999999994,-0.8660254037844387
2025-11-16 11:00:00,R2,58.73561347079082,126,3,Arterial,True,27.4,23.0,33.0,0.0,11.2,1018.4,0,0,59,11,6,1,0,0,0,0.258819045102521,-0.9659258262890682
2025-11-16 12:00:00,R2,60.29992932943256,101,3,Arterial,True,27.4,23.0,33.0,0.0,11.2,1018.4,0,0,59,12,6,1,0,0,0,1.2246467991473532e-16,-1.0
2025-11-16 13:00:00,R2,60.80359180675922,138,3,Arterial,True,27.4,23.0,33.0,0.0,11.2,1018.4,0,0,59,13,6,1,0,0,0,-0.2588190451025208,-0.9659258262890683
2025-11-16 14:00:00,R2,55.241066462092064,110,3,Arterial,True,27.4,23.0,33.0,0.0,11.2,1018.4,0,0,59,14,6,1,0,0,0,-0.4999999999999997,-0.8660254037844388
2025-11-16 15:00:00,R2,66.51534015340154,147,3,Arterial,True,27.4,23.0,33.0,0.0,11.2,1018.4,0,0,59,15,6,1,0,0,0,-0.7071067811865471,-0.7071067811865479
2025-11-16 16:00:00,R2,61.44826251053146,141,3,Arterial,True,27.4,23.0,33.0,0.0,11.2,1018.4,0,0,59,16,6,1,0,0,0,-0.8660254037844384,-0.5000000000000004
2025-11-16 17:00:00,R2,38.61480442544878,97,3,Arterial,True,27.4,23.0,33.0,0.0,11.2,1018.4,0,0,59,17,6,1,0,1,1,-0.9659258262890683,-0.25881904510252063
2025-11-16 18:00:00,R2,35.289844785148375,78,3,Arterial,True,27.4,23.0,33.0,0.0,11.2,1018.4,0,0,59,18,6,1,0,1,1,-1.0,-1.8369701987210297e-16
2025-11-16 19:00:00,R2,41.358280366439615,71,3,Arterial,True,27.4,23.0,33.0,0.0,11.2,1018.4,0,0,59,19,6,1,0,1,1,-0.9659258262890684,0.2588190451025203
2025-11-16 20:00:00,R2,41.3620589052403,65,3,Arterial,True,27.4,23.0,33.0,0.0,11.2,1018.4,0,0,59,20,6,1,0,1,1,-0.8660254037844386,0.5000000000000001
2025-11-16 21:00:00,R2,48.50208764110762,119,3,Arterial,True,27.4,23.0,33.0,0.0,11.2,1018.4,0,0,59,21,6,1,0,0,0,-0.7071067811865477,0.7071067811865474
2025-11-16 22:00:00,R2,66.85753330787098,107,3,Arterial,True,27.4,23.0,33.0,0.0,11.2,1018.4,0,0,59,22,6,1,0,0,0,-0.5000000000000004,0.8660254037844384
2025-11-16 23:00:00,R2,61.39312648110669,145,3,Arterial,True,27.4,23.0,33.0,0.0,11.2,1018.4,0,0,59,23,6,1,0,0,0,-0.25881904510252157,0.9659258262890681
2025-11-17 00:00:00,R2,60.94932009071722,129,3,Arterial,True,27.1,23.0,31.0,0.0,11.5,1018.9,0,0,59,0,0,0,0,0,0,0.0,1.0
2025-11-17 01:00:00,R2,55.05068416224863,141,3,Arterial,True,27.1,23.0,31.0,0.0,11.5,1018.9,0,0,59,1,0,0,0,0,0,0.25881904510252074,0.9659258262890683
2025-11-17 02:00:00,R2,59.41806051758259,145,3,Arterial,True,27.1,23.0,31.0,0.0,11.5,1018.9,0,0,59,2,0,0,0,0,0,0.49999999999999994,0.8660254037844387
2025-11-17 03:00:00,R2,66.99046540319196,110,3,Arterial,True,27.1,23.0,31.0,0.0,11.5,1018.9,0,0,59,3,0,0,0,0,0,0.7071067811865476,0.7071067811865476
2025-11-17 04:00:00,R2,59.68066321294105,143,3,Arterial,True,27.1,23.0,31.0,0.0,11.5,1018.9,0,0,59,4,0,0,0,0,0,0.8660254037844386,0.5000000000000001
2025-11-17 05:00:00,R2,60.91879169321104,106,3,Arterial,True,27.1,23.0,31.0,0.0,11.5,1018.9,0,0,59,5,0,0,0,0,0,0.9659258262890683,0.25881904510252074
2025-11-17 06:00:00,R2,57.59860125357155,102,3,Arterial,True,27.1,23.0,31.0,0.0,11.5,1018.9,0,0,59,6,0,0,0,0,0,1.0,6.123233995736766e-17
2025-11-17 07:00:00,R2,33.98391665867352,83,3,Arterial,True,27.1,23.0,31.0,0.0,11.5,1018.9,0,0,59,7,0,0,1,0,1,0.9659258262890683,-0.25881904510252063
2025-11-17 08:00:00,R2,33.684418872226786,69,3,Arterial,True,27.1,23.0,31.0,0.0,11.5,1018.9,0,0,59,8,0,0,1,0,1,0.8660254037844387,-0.4999999999999998
2025-11-17 09:00:00,R2,32.45348119134289,95,3,Arterial,True,27.1,23.0,31.0,0.0,11.5,1018.9,0,0,59,9,0,0,1,0,1,0.7071067811865476,-0.7071067811865475
2025-11-17 10:00:00,R2,31.08734951055827,100,3,Arterial,True,27.1,23.0,31.0,0.0,11.5,1018.9,0,0,59,10,0,0,1,0,1,0.49999999999999994,-0.8660254037844387
2025-11-17 11:00:00,R2,63.90240524850254,142,3,Arterial,True,27.1,23.0,31.0,0.0,11.5,1018.9,0,0,59,11,0,0,0,0,0,0.258819045102521,-0.9659258262890682
2025-11-17 12:00:00,R2,53.67619380724527,135,3,Arterial,True,27.1,23.0,31.0,0.0,11.5,1018.9,0,0,59,12,0,0,0,0,0,1.2246467991473532e-16,-1.0
2025-11-17 13:00:00,R2,74.28453011480167,100,3,Arterial,True,27.1,23.0,31.0,0.0,11.5,1018.9,0,0,59,13,0,0,0,0,0,-0.2588190451025208,-0.9659258262890683
2025-11-17 14:00:00,R2,49.61697105136337,120,3,Arterial,True,27.1,23.0,31.0,0.0,11.5,1018.9,0,0,59,14,0,0,0,0,0,-0.4999999999999997,-0.8660254037844388
2025-11-17 15:00:00,R2,55.56196300359943,103,3,Arterial,True,27.1,23.0,31.0,0.0,11.5,1018.9,0,0,59,15,0,0,0,0,0,-0.7071067811865471,-0.7071067811865479
2025-11-17 16:00:00,R2,56.45661768063511,131,3,Arterial,True,27.1,23.0,31.0,0.0,11.5,1018.9,0,0,59,16,0,0,0,0,0,-0.8660254037844384,-0.5000000000000004
2025-11-17 17:00:00,R2,40.519084541029095,64,3,Arterial,True,27.1,23.0,31.0,0.0,11.5,1018.9,0,0,59,17,0,0,0,1,1,-0.9659258262890683,-0.25881904510252063
2025-11-17 18:00:00,R2,40.39736547592537,86,3,Arterial,True,27.1,23.0,31.0,0.0,11.5,1018.9,0,0,59,18,0,0,0,1,1,-1.0,-1.8369701987210297e-16
2025-11-17 19:00:00,R2,43.955324182967175,82,3,Arterial,True,27.1,23.0,31.0,0.0,11.5,1018.9,0,0,59,19,0,0,0,1,1,-0.9659258262890684,0.2588190451025203
2025-11-17 20:00:00,R2,27.17307488617077,105,3,Arterial,True,27.1,23.0,31.0,0.0,11.5,1018.9,0,0,59,20,0,0,0,1,1,-0.8660254037844386,0.5000000000000001
2025-11-17 21:00:00,R2,61.70534467715528,129,3,Arterial,True,27.1,23.0,31.0,0.0,11.5,1018.9,0,0,59,21,0,0,0,0,0,-0.7071067811865477,0.7071067811865474
2025-11-17 22:00:00,R2,55.65074984513233,118,3,Arterial,True,27.1,23.0,31.0,0.0,11.5,1018.9,0,0,59,22,0,0,0,0,0,-0.5000000000000004,0.8660254037844384
2025-11-17 23:00:00,R2,60.67889193843894,105,3,Arterial,True,27.1,23.0,31.0,0.0,11.5,1018.9,0,0,59,23,0,0,0,0,0,-0.25881904510252157,0.9659258262890681
2025-11-18 00:00:00,R2,56.09208313016386,143,3,Arterial,True,26.8,23.0,31.0,0.0,10.4,1016.3,0,0,59,0,1,0,0,0,0,0.0,1.0
2025-11-18 01:00:00,R2,57.87702416632855,145,3,Arterial,True,26.8,23.0,31.0,0.0,10.4,1016.3,0,0,59,1,1,0,0,0,0,0.25881904510252074,0.9659258262890683
2025-11-18 02:00:00,R2,57.39926830050948,107,3,Arterial,True,26.8,23.0,31.0,0.0,10.4,1016.3,0,0,59,2,1,0,0,0,0,0.49999999999999994,0.8660254037844387
2025-11-18 03:00:00,R2,61.598956978796345,124,3,Arterial,True,26.8,23.0,31.0,0.0,10.4,1016.3,0,0,59,3,1,0,0,0,0,0.7071067811865476,0.7071067811865476
2025-11-18 04:00:00,R2,67.45839825418517,128,3,Arterial,True,26.8,23.0,31.0,0.0,10.4,1016.3,0,0,59,4,1,0,0,0,0,0.8660254037844386,0.5000000000000001
2025-11-18 05:00:00,R2,62.84811915835475,137,3,Arterial,True,26.8,23.0,31.0,0.0,10.4,1016.3,0,0,59,5,1,0,0,0,0,0.9659258262890683,0.25881904510252074
2025-11-18 06:00:00,R2,59.29358520082231,116,3,Arterial,True,26.8,23.0,31.0,0.0,10.4,1016.3,0,0,59,6,1,0,0,0,0,1.0,6.123233995736766e-17
2025-11-18 07:00:00,R2,38.6330298687605,92,3,Arterial,True,26.8,23.0,31.0,0.0,10.4,1016.3,0,0,59,7,1,0,1,0,1,0.9659258262890683,-0.25881904510252063
2025-11-18 08:00:00,R2,37.79815666435793,84,3,Arterial,True,26.8,23.0,31.0,0.0,10.4,1016.3,0,0,59,8,1,0,1,0,1,0.8660254037844387,-0.4999999999999998
2025-11-18 09:00:00,R2,27.071939465229,65,3,Arterial,True,26.8,23.0,31.0,0.0,10.4,1016.3,0,0,59,9,1,0,1,0,1,0.7071067811865476,-0.7071067811865475
2025-11-18 10:00:00,R2,40.10408998090324,80,3,Arterial,True,26.8,23.0,31.0,0.0,10.4,1016.3,0,0,59,10,1,0,1,0,1,0.49999999999999994,-0.8660254037844387
2025-11-18 11:00:00,R2,55.668561143423815,140,3,Arterial,True,26.8,23.0,31.0,0.0,10.4,1016.3,0,0,59,11,1,0,0,0,0,0.258819045102521,-0.9659258262890682
2025-11-18 12:00:00,R2,53.04650633010269,115,3,Arterial,True,26.8,23.0,31.0,0.0,10.4,1016.3,0,0,59,12,1,0,0,0,0,1.2246467991473532e-16,-1.0
2025-11-18 13:00:00,R2,59.89346092210839,145,3,Arterial,True,26.8,23.0,31.0,0.0,10.4,1016.3,0,0,59,13,1,0,0,0,0,-0.2588190451025208,-0.9659258262890683
2025-11-18 14:00:00,R2,54.87319445262732,106,3,Arterial,True,26.8,23.0,31.0,0.0,10.4,1016.3,0,0,59,14,1,0,0,0,0,-0.4999999999999997,-0.8660254037844388
2025-11-18 15:00:00,R2,64.06912377986431,106,3,Arterial,True,26.8,23.0,31.0,0.0,10.4,1016.3,0,0,59,15,1,0,0,0,0,-0.7071067811865471,-0.7071067811865479
2025-11-18 16:00:00,R2,69.544351247368,128,3,Arterial,True,26.8,23.0,31.0,0.0,10.4,1016.3,0,0,59,16,1,0,0,0,0,-0.8660254037844384,-0.5000000000000004
2025-11-18 17:00:00,R2,25.449668544894045,99,3,Arterial,True,26.8,23.0,31.0,0.0,10.4,1016.3,0,0,59,17,1,0,0,1,1,-0.9659258262890683,-0.25881904510252063
2025-11-18 18:00:00,R2,34.80940608280514,94,3,Arterial,True,26.8,23.0,31.0,0.0,10.4,1016.3,0,0,59,18,1,0,0,1,1,-1.0,-1.8369701987210297e-16
2025-11-18 19:00:00,R2,34.23742420175944,108,3,Arterial,True,26.8,23.0,31.0,0.0,10.4,1016.3,0,0,59,19,1,0,0,1,1,-0.9659258262890684,0.2588190451025203
2025-11-18 20:00:00,R2,35.06017308304276,70,3,Arterial,True,26.8,23.0,31.0,0.0,10.4,1016.3,0,0,59,20,1,0,0,1,1,-0.8660254037844386,0.5000000000000001
2025-11-18 21:00:00,R2,61.02777104190464,135,3,Arterial,True,26.8,23.0,31.0,0.0,10.4,1016.3,0,0,59,21,1,0,0,0,0,-0.7071067811865477,0.7071067811865474
2025-11-18 22:00:00,R2,56.10759599277453,112,3,Arterial,True,26.8,23.0,31.0,0.0,10.4,1016.3,0,0,59,22,1,0,0,0,0,-0.5000000000000004,0.8660254037844384
2025-11-18 23:00:00,R2,61.43500571047012,108,3,Arterial,True,26.8,23.0,31.0,0.0,10.4,1016.3,0,0,59,23,1,0,0,0,0,-0.25881904510252157,0.9659258262890681
2025-11-19 00:00:00,R2,55.34633036663852,148,3,Arterial,True,27.2,23.0,33.0,0.0,9.9,1015.0,0,0,59,0,2,0,0,0,0,0.0,1.0
2025-11-19 01:00:00,R2,55.35897425293769,124,3,Arterial,True,27.2,23.0,33.0,0.0,9.9,1015.0,0,0,59,1,2,0,0,0,0,0.25881904510252074,0.9659258262890683
2025-11-19 02:00:00,R2,50.92157377224488,128,3,Arterial,True,27.2,23.0,33.0,0.0,9.9,1015.0,0,0,59,2,2,0,0,0,0,0.49999999999999994,0.8660254037844387
2025-11-19 03:00:00,R2,49.84466261469783,131,3,Arterial,True,27.2,23.0,33.0,0.0,9.9,1015.0,0,0,59,3,2,0,0,0,0,0.7071067811865476,0.7071067811865476
2025-11-19 04:00:00,R2,63.55836220870627,109,3,Arterial,True,27.2,23.0,33.0,0.0,9.9,1015.0,0,0,59,4,2,0,0,0,0,0.8660254037844386,0.5000000000000001
2025-11-19 05:00:00,R2,63.58960225705544,128,3,Arterial,True,27.2,23.0,33.0,0.0,9.9,1015.0,0,0,59,5,2,0,0,0,0,0.9659258262890683,0.25881904510252074
2025-11-19 06:00:00,R2,60.64408571623988,139,3,Arterial,True,27.2,23.0,33.0,0.0,9.9,1015.0,0,0,59,6,2,0,0,0,0,1.0,6.123233995736766e-17
2025-11-19 07:00:00,R2,30.4537444690118,101,3,Arterial,True,27.2,23.0,33.0,0.0,9.9,1015.0,0,0,59,7,2,0,1,0,1,0.9659258262890683,-0.25881904510252063
2025-11-19 08:00:00,R2,31.20521844812305,92,3,Arterial,True,27.2,23.0,33.0,0.0,9.9,1015.0,0,0,59,8,2,0,1,0,1,0.8660254037844387,-0.4999999999999998
2025-11-19 09:00:00,R2,39.77327036904976,84,3,Arterial,True,27.2,23.0,33.0,0.0,9.9,1015.0,0,0,59,9,2,0,1,0,1,0.7071067811865476,-0.7071067811865475
2025-11-19 10:00:00,R2,39.08163683846794,92,3,Arterial,True,27.2,23.0,33.0,0.0,9.9,1015.0,0,0,59,10,2,0,1,0,1,0.49999999999999994,-0.8660254037844387
2025-11-19 11:00:00,R2,62.41436381430529,138,3,Arterial,True,27.2,23.0,33.0,0.0,9.9,1015.0,0,0,59,11,2,0,0,0,0,0.258819045102521,-0.9659258262890682
2025-11-19 12:00:00,R2,54.52740871505203,100,3,Arterial,True,27.2,23.0,33.0,0.0,9.9,1015.0,0,0,59,12,2,0,0,0,0,1.2246467991473532e-16,-1.0
2025-11-19 13:00:00,R2,56.7839759644761,115,3,Arterial,True,27.2,23.0,33.0,0.0,9.9,1015.0,0,0,59,13,2,0,0,0,0,-0.2588190451025208,-0.9659258262890683
2025-11-19 14:00:00,R2,60.5221189775579,105,3,Arterial,True,27.2,23.0,33.0,0.0,9.9,1015.0,0,0,59,14,2,0,0,0,0,-0.4999999999999997,-0.8660254037844388
2025-11-19 15:00:00,R2,67.1755843289013,113,3,Arterial,True,27.2,23.0,33.0,0.0,9.9,1015.0,0,0,59,15,2,0,0,0,0,-0.7071067811865471,-0.7071067811865479
2025-11-19 16:00:00,R2,56.82163282477024,117,3,Arterial,True,27.2,23.0,33.0,0.0,9.9,1015.0,0,0,59,16,2,0,0,0,0,-0.8660254037844384,-0.5000000000000004
2025-11-19 17:00:00,R2,35.42657941706396,60,3,Arterial,True,27.2,23.0,33.0,0.0,9.9,1015.0,0,0,59,17,2,0,0,1,1,-0.9659258262890683,-0.25881904510252063
2025-11-19 18:00:00,R2,31.61800121902052,69,3,Arterial,True,27.2,23.0,33.0,0.0,9.9,1015.0,0,0,59,18,2,0,0,1,1,-1.0,-1.8369701987210297e-16
2025-11-19 19:00:00,R2,39.64480594536074,68,3,Arterial,True,27.2,23.0,33.0,0.0,9.9,1015.0,0,0,59,19,2,0,0,1,1,-0.9659258262890684,0.2588190451025203
2025-11-19 20:00:00,R2,32.89464563365041,70,3,Arterial,True,27.2,23.0,33.0,0.0,9.9,1015.0,0,0,59,20,2,0,0,1,1,-0.8660254037844386,0.5000000000000001
2025-11-19 21:00:00,R2,61.26374982568667,111,3,Arterial,True,27.2,23.0,33.0,0.0,9.9,1015.0,0,0,59,21,2,0,0,0,0,-0.7071067811865477,0.7071067811865474
2025-11-19 22:00:00,R2,66.24090734335924,124,3,Arterial,True,27.2,23.0,33.0,0.0,9.9,1015.0,0,0,59,22,2,0,0,0,0,-0.5000000000000004,0.8660254037844384
2025-11-19 23:00:00,R2,68.19136945443138,133,3,Arterial,True,27.2,23.0,33.0,0.0,9.9,1015.0,0,0,59,23,2,0,0,0,0,-0.25881904510252157,0.9659258262890681
2025-11-20 00:00:00,R2,64.2503297596798,104,3,Arterial,True,26.4,20.0,31.0,0.0,11.3,1016.5,0,0,59,0,3,0,0,0,0,0.0,1.0
2025-11-20 01:00:00,R2,54.6409034918633,144,3,Arterial,True,26.4,20.0,31.0,0.0,11.3,1016.5,0,0,59,1,3,0,0,0,0,0.25881904510252074,0.9659258262890683
2025-11-20 02:00:00,R2,63.20565127382574,147,3,Arterial,True,26.4,20.0,31.0,0.0,11.3,1016.5,0,0,59,2,3,0,0,0,0,0.49999999999999994,0.8660254037844387
2025-11-20 03:00:00,R2,49.183088814630594,142,3,Arterial,True,26.4,20.0,31.0,0.0,11.3,1016.5,0,0,59,3,3,0,0,0,0,0.7071067811865476,0.7071067811865476
2025-11-20 04:00:00,R2,62.10089758569934,112,3,Arterial,True,26.4,20.0,31.0,0.0,11.3,1016.5,0,0,59,4,3,0,0,0,0,0.8660254037844386,0.5000000000000001
2025-11-20 05:00:00,R2,62.30683447974148,139,3,Arterial,True,26.4,20.0,31.0,0.0,11.3,1016.5,0,0,59,5,3,0,0,0,0,0.9659258262890683,0.25881904510252074
2025-11-20 06:00:00,R2,61.1666397686056,107,3,Arterial,True,26.4,20.0,31.0,0.0,11.3,1016.5,0,0,59,6,3,0,0,0,0,1.0,6.123233995736766e-17
2025-11-20 07:00:00,R2,37.22296103402336,87,3,Arterial,True,26.4,20.0,31.0,0.0,11.3,1016.5,0,0,59,7,3,0,1,0,1,0.9659258262890683,-0.25881904510252063
2025-11-20 08:00:00,R2,36.0218892938896,95,3,Arterial,True,26.4,20.0,31.0,0.0,11.3,1016.5,0,0,59,8,3,0,1,0,1,0.8660254037844387,-0.4999999999999998
2025-11-20 09:00:00,R2,47.47117677136052,78,3,Arterial,True,26.4,20.0,31.0,0.0,11.3,1016.5,0,0,59,9,3,0,1,0,1,0.7071067811865476,-0.7071067811865475
2025-11-20 10:00:00,R2,30.29915865790919,95,3,Arterial,True,26.4,20.0,31.0,0.0,11.3,1016.5,0,0,59,10,3,0,1,0,1,0.49999999999999994,-0.8660254037844387
2025-11-20 11:00:00,R2,58.56495652089467,125,3,Arterial,True,26.4,20.0,31.0,0.0,11.3,1016.5,0,0,59,11,3,0,0,0,0,0.258819045102521,-0.9659258262890682
2025-11-20 12:00:00,R2,59.64020966878427,149,3,Arterial,True,26.4,20.0,31.0,0.0,11.3,1016.5,0,0,59,12,3,0,0,0,0,1.2246467991473532e-16,-1.0
2025-11-20 13:00:00,R2,67.7515309561825,130,3,Arterial,True,26.4,20.0,31.0,0.0,11.3,1016.5,0,0,59,13,3,0,0,0,0,-0.2588190451025208,-0.9659258262890683
2025-11-20 14:00:00,R2,64.34265694887911,146,3,Arterial,True,26.4,20.0,31.0,0.0,11.3,1016.5,0,0,59,14,3,0,0,0,0,-0.4999999999999997,-0.8660254037844388
2025-11-20 15:00:00,R2,52.53035401951549,109,3,Arterial,True,26.4,20.0,31.0,0.0,11.3,1016.5,0,0,59,15,3,0,0,0,0,-0.7071067811865471,-0.7071067811865479
2025-11-20 16:00:00,R2,66.03029333037186,119,3,Arterial,True,26.4,20.0,31.0,0.0,11.3,1016.5,0,0,59,16,3,0,0,0,0,-0.8660254037844384,-0.5000000000000004
2025-11-20 17:00:00,R2,40.5250200035039,90,3,Arterial,True,26.4,20.0,31.0,0.0,11.3,1016.5,0,0,59,17,3,0,0,1,1,-0.9659258262890683,-0.25881904510252063
2025-11-20 18:00:00,R2,36.10586017855265,81,3,Arterial,True,26.4,20.0,31.0,0.0,11.3,1016.5,0,0,59,18,3,0,0,1,1,-1.0,-1.8369701987210297e-16
2025-11-20 19:00:00,R2,34.40692531815829,96,3,Arterial,True,26.4,20.0,31.0,0.0,11.3,1016.5,0,0,59,19,3,0,0,1,1,-0.9659258262890684,0.2588190451025203
2025-11-20 20:00:00,R2,36.71549633841388,67,3,Arterial,True,26.4,20.0,31.0,0.0,11.3,1016.5,0,0,59,20,3,0,0,1,1,-0.8660254037844386,0.5000000000000001
2025-11-20 21:00:00,R2,50.20167682309477,124,3,Arterial,True,26.4,20.0,31.0,0.0,11.3,1016.5,0,0,59,21,3,0,0,0,0,-0.7071067811865477,0.7071067811865474
2025-11-20 22:00:00,R2,60.04290188984455,107,3,Arterial,True,26.4,20.0,31.0,0.0,11.3,1016.5,0,0,59,22,3,0,0,0,0,-0.5000000000000004,0.8660254037844384
2025-11-20 23:00:00,R2,64.03214176915766,115,3,Arterial,True,26.4,20.0,31.0,0.0,11.3,1016.5,0,0,59,23,3,0,0,0,0,-0.25881904510252157,0.9659258262890681
2025-11-21 00:00:00,R2,56.47187571503505,123,3,Arterial,True,27.2,22.0,31.0,0.0,9.5,1017.4,0,0,59,0,4,0,0,0,0,0.0,1.0
2025-11-21 01:00:00,R2,61.19327636966778,127,3,Arterial,True,27.2,22.0,31.0,0.0,9.5,1017.4,0,0,59,1,4,0,0,0,0,0.25881904510252074,0.9659258262890683
2025-11-21 02:00:00,R2,56.46890442126932,133,3,Arterial,True,27.2,22.0,31.0,0.0,9.5,1017.4,0,0,59,2,4,0,0,0,0,0.49999999999999994,0.8660254037844387
2025-11-21 03:00:00,R2,63.03124402348109,126,3,Arterial,True,27.2,22.0,31.0,0.0,9.5,1017.4,0,0,59,3,4,0,0,0,0,0.7071067811865476,0.7071067811865476
2025-11-21 04:00:00,R2,56.03536381358792,105,3,Arterial,True,27.2,22.0,31.0,0.0,9.5,1017.4,0,0,59,4,4,0,0,0,0,0.8660254037844386,0.5000000000000001
2025-11-21 05:00:00,R2,60.34890044141845,122,3,Arterial,True,27.2,22.0,31.0,0.0,9.5,1017.4,0,0,59,5,4,0,0,0,0,0.9659258262890683,0.25881904510252074
2025-11-21 06:00:00,R2,58.46771113532003,105,3,Arterial,True,27.2,22.0,31.0,0.0,9.5,1017.4,0,0,59,6,4,0,0,0,0,1.0,6.123233995736766e-17
2025-11-21 07:00:00,R2,41.11739352814577,70,3,Arterial,True,27.2,22.0,31.0,0.0,9.5,1017.4,0,0,59,7,4,0,1,0,1,0.9659258262890683,-0.25881904510252063
2025-11-21 08:00:00,R2,31.59468652641776,88,3,Arterial,True,27.2,22.0,31.0,0.0,9.5,1017.4,0,0,59,8,4,0,1,0,1,0.8660254037844387,-0.4999999999999998
2025-11-21 09:00:00,R2,40.783176125801376,109,3,Arterial,True,27.2,22.0,31.0,0.0,9.5,1017.4,0,0,59,9,4,0,1,0,1,0.7071067811865476,-0.7071067811865475
2025-11-21 10:00:00,R2,36.61169668454219,97,3,Arterial,True,27.2,22.0,31.0,0.0,9.5,1017.4,0,0,59,10,4,0,1,0,1,0.49999999999999994,-0.8660254037844387
2025-11-21 11:00:00,R2,62.31136250731308,101,3,Arterial,True,27.2,22.0,31.0,0.0,9.5,1017.4,0,0,59,11,4,0,0,0,0,0.258819045102521,-0.9659258262890682
2025-11-21 12:00:00,R2,54.48899698192059,134,3,Arterial,True,27.2,22.0,31.0,0.0,9.5,1017.4,0,0,59,12,4,0,0,0,0,1.2246467991473532e-16,-1.0
2025-11-21 13:00:00,R2,59.32320710488381,118,3,Arterial,True,27.2,22.0,31.0,0.0,9.5,1017.4,0,0,59,13,4,0,0,0,0,-0.2588190451025208,-0.9659258262890683
2025-11-21 14:00:00,R2,56.45799599104328,105,3,Arterial,True,27.2,22.0,31.0,0.0,9.5,1017.4,0,0,59,14,4,0,0,0,0,-0.4999999999999997,-0.8660254037844388
2025-11-21 15:00:00,R2,60.505961881536585,118,3,Arterial,True,27.2,22.0,31.0,0.0,9.5,1017.4,0,0,59,15,4,0,0,0,0,-0.7071067811865471,-0.7071067811865479
2025-11-21 16:00:00,R2,61.47354895126514,118,3,Arterial,True,27.2,22.0,31.0,0.0,9.5,1017.4,0,0,59,16,4,0,0,0,0,-0.8660254037844384,-0.5000000000000004
2025-11-21 17:00:00,R2,36.7310550913124,95,3,Arterial,True,27.2,22.0,31.0,0.0,9.5,1017.4,0,0,59,17,4,0,0,1,1,-0.9659258262890683,-0.25881904510252063
2025-11-21 18:00:00,R2,29.48234051764818,109,3,Arterial,True,27.2,22.0,31.0,0.0,9.5,1017.4,0,0,59,18,4,0,0,1,1,-1.0,-1.8369701987210297e-16
2025-11-21 19:00:00,R2,38.09691107277526,74,3,Arterial,True,27.2,22.0,31.0,0.0,9.5,1017.4,0,0,59,19,4,0,0,1,1,-0.9659258262890684,0.2588190451025203
2025-11-21 20:00:00,R2,41.33408375102467,108,3,Arterial,True,27.2,22.0,31.0,0.0,9.5,1017.4,0,0,59,20,4,0,0,1,1,-0.8660254037844386,0.5000000000000001
2025-11-21 21:00:00,R2,52.968202026347925,127,3,Arterial,True,27.2,22.0,31.0,0.0,9.5,1017.4,0,0,59,21,4,0,0,0,0,-0.7071067811865477,0.7071067811865474
2025-11-21 22:00:00,R2,52.59125905181594,104,3,Arterial,True,27.2,22.0,31.0,0.0,9.5,1017.4,0,0,59,22,4,0,0,0,0,-0.5000000000000004,0.8660254037844384
2025-11-21 23:00:00,R2,62.94086050902408,136,3,Arterial,True,27.2,22.0,31.0,0.0,9.5,1017.4,0,0,59,23,4,0,0,0,0,-0.25881904510252157,0.9659258262890681
2025-11-22 00:00:00,R2,64.16495091820398,149,3,Arterial,True,26.9,21.0,33.0,0.0,9.1,1017.3,0,0,59,0,5,1,0,0,0,0.0,1.0
2025-11-22 01:00:00,R2,55.00246997578432,137,3,Arterial,True,26.9,21.0,33.0,0.0,9.1,1017.3,0,0,59,1,5,1,0,0,0,0.25881904510252074,0.9659258262890683
2025-11-22 02:00:00,R2,56.8241025986862,111,3,Arterial,True,26.9,21.0,33.0,0.0,9.1,1017.3,0,0,59,2,5,1,0,0,0,0.49999999999999994,0.8660254037844387
2025-11-22 03:00:00,R2,61.42624861788129,132,3,Arterial,True,26.9,21.0,33.0,0.0,9.1,1017.3,0,0,59,3,5,1,0,0,0,0.7071067811865476,0.7071067811865476
2025-11-22 04:00:00,R2,60.00175311050443,104,3,Arterial,True,26.9,21.0,33.0,0.0,9.1,1017.3,0,0,59,4,5,1,0,0,0,0.8660254037844386,0.5000000000000001
2025-11-22 05:00:00,R2,62.26992812807688,101,3,Arterial,True,26.9,21.0,33.0,0.0,9.1,1017.3,0,0,59,5,5,1,0,0,0,0.9659258262890683,0.25881904510252074
2025-11-22 06:00:00,R2,55.83515621686251,133,3,Arterial,True,26.9,21.0,33.0,0.0,9.1,1017.3,0,0,59,6,5,1,0,0,0,1.0,6.123233995736766e-17
2025-11-22 07:00:00,R2,41.65979059910909,73,3,Arterial,True,26.9,21.0,33.0,0.0,9.1,1017.3,0,0,59,7,5,1,1,0,1,0.9659258262890683,-0.25881904510252063
2025-11-22 08:00:00,R2,35.277481735718894,108,3,Arterial,True,26.9,21.0,33.0,0.0,9.1,1017.3,0,0,59,8,5,1,1,0,1,0.8660254037844387,-0.4999999999999998
2025-11-22 09:00:00,R2,30.390662929751755,99,3,Arterial,True,26.9,21.0,33.0,0.0,9.1,1017.3,0,0,59,9,5,1,1,0,1,0.7071067811865476,-0.7071067811865475
2025-11-22 10:00:00,R2,32.62288331741253,94,3,Arterial,True,26.9,21.0,33.0,0.0,9.1,1017.3,0,0,59,10,5,1,1,0,1,0.49999999999999994,-0.8660254037844387
2025-11-22 11:00:00,R2,54.18485495795096,129,3,Arterial,True,26.9,21.0,33.0,0.0,9.1,1017.3,0,0,59,11,5,1,0,0,0,0.258819045102521,-0.9659258262890682
2025-11-22 12:00:00,R2,68.73734172536734,129,3,Arterial,True,26.9,21.0,33.0,0.0,9.1,1017.3,0,0,59,12,5,1,0,0,0,1.2246467991473532e-16,-1.0
2025-11-22 13:00:00,R2,55.12138052572261,137,3,Arterial,True,26.9,21.0,33.0,0.0,9.1,1017.3,0,0,59,13,5,1,0,0,0,-0.2588190451025208,-0.9659258262890683
2025-11-22 14:00:00,R2,68.95390655337685,133,3,Arterial,True,26.9,21.0,33.0,0.0,9.1,1017.3,0,0,59,14,5,1,0,0,0,-0.4999999999999997,-0.8660254037844388
2025-11-22 15:00:00,R2,57.76764105877896,149,3,Arterial,True,26.9,21.0,33.0,0.0,9.1,1017.3,0,0,59,15,5,1,0,0,0,-0.7071067811865471,-0.7071067811865479
2025-11-22 16:00:00,R2,63.66350869920943,110,3,Arterial,True,26.9,21.0,33.0,0.0,9.1,1017.3,0,0,59,16,5,1,0,0,0,-0.8660254037844384,-0.5000000000000004
2025-11-22 17:00:00,R2,27.11699134948644,74,3,Arterial,True,26.9,21.0,33.0,0.0,9.1,1017.3,0,0,59,17,5,1,0,1,1,-0.9659258262890683,-0.25881904510252063
2025-11-22 18:00:00,R2,41.346194846501774,63,3,Arterial,True,26.9,21.0,33.0,0.0,9.1,1017.3,0,0,59,18,5,1,0,1,1,-1.0,-1.8369701987210297e-16
2025-11-22 19:00:00,R2,27.87999814775971,72,3,Arterial,True,26.9,21.0,33.0,0.0,9.1,1017.3,0,0,59,19,5,1,0,1,1,-0.9659258262890684,0.2588190451025203
2025-11-22 20:00:00,R2,27.54528787935149,64,3,Arterial,True,26.9,21.0,33.0,0.0,9.1,1017.3,0,0,59,20,5,1,0,1,1,-0.8660254037844386,0.5000000000000001
2025-11-22 21:00:00,R2,53.18516531460738,106,3,Arterial,True,26.9,21.0,33.0,0.0,9.1,1017.3,0,0,59,21,5,1,0,0,0,-0.7071067811865477,0.7071067811865474
2025-11-22 22:00:00,R2,55.30223555333159,100,3,Arterial,True,26.9,21.0,33.0,0.0,9.1,1017.3,0,0,59,22,5,1,0,0,0,-0.5000000000000004,0.8660254037844384
2025-11-22 23:00:00,R2,68.15416681289439,136,3,Arterial,True,26.9,21.0,33.0,0.0,9.1,1017.3,0,0,59,23,5,1,0,0,0,-0.25881904510252157,0.9659258262890681
2025-11-23 00:00:00,R2,57.70362686857513,118,3,Arterial,True,26.6,21.0,32.0,0.0,8.8,1016.9,0,0,59,0,6,1,0,0,0,0.0,1.0
2025-11-23 01:00:00,R2,58.48206814037342,108,3,Arterial,True,26.6,21.0,32.0,0.0,8.8,1016.9,0,0,59,1,6,1,0,0,0,0.25881904510252074,0.9659258262890683
2025-11-23 02:00:00,R2,54.24613232934367,104,3,Arterial,True,26.6,21.0,32.0,0.0,8.8,1016.9,0,0,59,2,6,1,0,0,0,0.49999999999999994,0.8660254037844387
2025-11-23 03:00:00,R2,61.96238097189096,108,3,Arterial,True,26.6,21.0,32.0,0.0,8.8,1016.9,0,0,59,3,6,1,0,0,0,0.7071067811865476,0.7071067811865476
2025-11-23 04:00:00,R2,55.83051584233933,131,3,Arterial,True,26.6,21.0,32.0,0.0,8.8,1016.9,0,0,59,4,6,1,0,0,0,0.8660254037844386,0.5000000000000001
2025-11-23 05:00:00,R2,53.65878712789279,137,3,Arterial,True,26.6,21.0,32.0,0.0,8.8,1016.9,0,0,59,5,6,1,0,0,0,0.9659258262890683,0.25881904510252074
2025-11-23 06:00:00,R2,57.787698722017794,142,3,Arterial,True,26.6,21.0,32.0,0.0,8.8,1016.9,0,0,59,6,6,1,0,0,0,1.0,6.123233995736766e-17
2025-11-23 07:00:00,R2,27.759135506845293,60,3,Arterial,True,26.6,21.0,32.0,0.0,8.8,1016.9,0,0,59,7,6,1,1,0,1,0.9659258262890683,-0.25881904510252063
2025-11-23 08:00:00,R2,34.597998107904786,106,3,Arterial,True,26.6,21.0,32.0,0.0,8.8,1016.9,0,0,59,8,6,1,1,0,1,0.8660254037844387,-0.4999999999999998
2025-11-23 09:00:00,R2,39.99084559920753,69,3,Arterial,True,26.6,21.0,32.0,0.0,8.8,1016.9,0,0,59,9,6,1,1,0,1,0.7071067811865476,-0.7071067811865475
2025-11-23 10:00:00,R2,37.87233867434536,100,3,Arterial,True,26.6,21.0,32.0,0.0,8.8,1016.9,0,0,59,10,6,1,1,0,1,0.49999999999999994,-0.8660254037844387
2025-11-23 11:00:00,R2,54.28710488469414,144,3,Arterial,True,26.6,21.0,32.0,0.0,8.8,1016.9,0,0,59,11,6,1,0,0,0,0.258819045102521,-0.9659258262890682
2025-11-23 12:00:00,R2,56.496467569595794,149,3,Arterial,True,26.6,21.0,32.0,0.0,8.8,1016.9,0,0,59,12,6,1,0,0,0,1.2246467991473532e-16,-1.0
2025-11-23 13:00:00,R2,56.29569552752654,140,3,Arterial,True,26.6,21.0,32.0,0.0,8.8,1016.9,0,0,59,13,6,1,0,0,0,-0.2588190451025208,-0.9659258262890683
2025-11-23 14:00:00,R2,69.26400924235502,113,3,Arterial,True,26.6,21.0,32.0,0.0,8.8,1016.9,0,0,59,14,6,1,0,0,0,-0.4999999999999997,-0.8660254037844388
2025-11-23 15:00:00,R2,66.44278001479789,145,3,Arterial,True,26.6,21.0,32.0,0.0,8.8,1016.9,0,0,59,15,6,1,0,0,0,-0.7071067811865471,-0.7071067811865479
2025-11-23 16:00:00,R2,63.68256103524612,129,3,Arterial,True,26.6,21.0,32.0,0.0,8.8,1016.9,0,0,59,16,6,1,0,0,0,-0.8660254037844384,-0.5000000000000004
2025-11-23 17:00:00,R2,43.95709412669109,80,3,Arterial,True,26.6,21.0,32.0,0.0,8.8,1016.9,0,0,59,17,6,1,0,1,1,-0.9659258262890683,-0.25881904510252063
2025-11-23 18:00:00,R2,22.438443477464624,78,3,Arterial,True,26.6,21.0,32.0,0.0,8.8,1016.9,0,0,59,18,6,1,0,1,1,-1.0,-1.8369701987210297e-16
2025-11-23 19:00:00,R2,33.0112208751062,81,3,Arterial,True,26.6,21.0,32.0,0.0,8.8,1016.9,0,0,59,19,6,1,0,1,1,-0.9659258262890684,0.2588190451025203
2025-11-23 20:00:00,R2,34.47215061093505,95,3,Arterial,True,26.6,21.0,32.0,0.0,8.8,1016.9,0,0,59,20,6,1,0,1,1,-0.8660254037844386,0.5000000000000001
2025-11-23 21:00:00,R2,61.89075503006926,107,3,Arterial,True,26.6,21.0,32.0,0.0,8.8,1016.9,0,0,59,21,6,1,0,0,0,-0.7071067811865477,0.7071067811865474
2025-11-23 22:00:00,R2,57.725770178234185,116,3,Arterial,True,26.6,21.0,32.0,0.0,8.8,1016.9,0,0,59,22,6,1,0,0,0,-0.5000000000000004,0.8660254037844384
2025-11-23 23:00:00,R2,54.18404329544048,125,3,Arterial,True,26.6,21.0,32.0,0.0,8.8,1016.9,0,0,59,23,6,1,0,0,0,-0.25881904510252157,0.9659258262890681
2025-11-24 00:00:00,R2,64.35680904272769,127,3,Arterial,True,26.5,22.0,31.0,0.0,10.0,1016.7,0,0,59,0,0,0,0,0,0,0.0,1.0
2025-11-24 01:00:00,R2,56.78475011134985,106,3,Arterial,True,26.5,22.0,31.0,0.0,10.0,1016.7,0,0,59,1,0,0,0,0,0,0.25881904510252074,0.9659258262890683
2025-11-24 02:00:00,R2,53.57295428974024,120,3,Arterial,True,26.5,22.0,31.0,0.0,10.0,1016.7,0,0,59,2,0,0,0,0,0,0.49999999999999994,0.8660254037844387
2025-11-24 03:00:00,R2,60.37925391067711,149,3,Arterial,True,26.5,22.0,31.0,0.0,10.0,1016.7,0,0,59,3,0,0,0,0,0,0.7071067811865476,0.7071067811865476
2025-11-24 04:00:00,R2,61.00390692622519,116,3,Arterial,True,26.5,22.0,31.0,0.0,10.0,1016.7,0,0,59,4,0,0,0,0,0,0.8660254037844386,0.5000000000000001
2025-11-24 05:00:00,R2,53.80224885466757,101,3,Arterial,True,26.5,22.0,31.0,0.0,10.0,1016.7,0,0,59,5,0,0,0,0,0,0.9659258262890683,0.25881904510252074
2025-11-24 06:00:00,R2,52.33390215329444,122,3,Arterial,True,26.5,22.0,31.0,0.0,10.0,1016.7,0,0,59,6,0,0,0,0,0,1.0,6.123233995736766e-17
2025-11-24 07:00:00,R2,41.31000184616222,89,3,Arterial,True,26.5,22.0,31.0,0.0,10.0,1016.7,0,0,59,7,0,0,1,0,1,0.9659258262890683,-0.25881904510252063
2025-11-24 08:00:00,R2,35.16680704205323,106,3,Arterial,True,26.5,22.0,31.0,0.0,10.0,1016.7,0,0,59,8,0,0,1,0,1,0.8660254037844387,-0.4999999999999998
2025-11-24 09:00:00,R2,31.01230373196925,71,3,Arterial,True,26.5,22.0,31.0,0.0,10.0,1016.7,0,0,59,9,0,0,1,0,1,0.7071067811865476,-0.7071067811865475
2025-11-24 10:00:00,R2,36.00085731390823,63,3,Arterial,True,26.5,22.0,31.0,0.0,10.0,1016.7,0,0,59,10,0,0,1,0,1,0.49999999999999994,-0.8660254037844387
2025-11-24 11:00:00,R2,63.20186234716127,118,3,Arterial,True,26.5,22.0,31.0,0.0,10.0,1016.7,0,0,59,11,0,0,0,0,0,0.258819045102521,-0.9659258262890682
2025-11-24 12:00:00,R2,59.27236875246413,110,3,Arterial,True,26.5,22.0,31.0,0.0,10.0,1016.7,0,0,59,12,0,0,0,0,0,1.2246467991473532e-16,-1.0
2025-11-24 13:00:00,R2,62.08924431811272,101,3,Arterial,True,26.5,22.0,31.0,0.0,10.0,1016.7,0,0,59,13,0,0,0,0,0,-0.2588190451025208,-0.9659258262890683
2025-11-24 14:00:00,R2,66.17914195335905,125,3,Arterial,True,26.5,22.0,31.0,0.0,10.0,1016.7,0,0,59,14,0,0,0,0,0,-0.4999999999999997,-0.8660254037844388
2025-11-24 15:00:00,R2,63.41790008283953,117,3,Arterial,True,26.5,22.0,31.0,0.0,10.0,1016.7,0,0,59,15,0,0,0,0,0,-0.7071067811865471,-0.7071067811865479
2025-11-24 16:00:00,R2,55.39641484983895,108,3,Arterial,True,26.5,22.0,31.0,0.0,10.0,1016.7,0,0,59,16,0,0,0,0,0,-0.8660254037844384,-0.5000000000000004
2025-11-24 17:00:00,R2,36.35266540362057,74,3,Arterial,True,26.5,22.0,31.0,0.0,10.0,1016.7,0,0,59,17,0,0,0,1,1,-0.9659258262890683,-0.25881904510252063
2025-11-24 18:00:00,R2,35.37723088887556,62,3,Arterial,True,26.5,22.0,31.0,0.0,10.0,1016.7,0,0,59,18,0,0,0,1,1,-1.0,-1.8369701987210297e-16
2025-11-24 19:00:00,R2,36.59646778108698,67,3,Arterial,True,26.5,22.0,31.0,0.0,10.0,1016.7,0,0,59,19,0,0,0,1,1,-0.9659258262890684,0.2588190451025203
2025-11-24 20:00:00,R2,36.6484216899016,84,3,Arterial,True,26.5,22.0,31.0,0.0,10.0,1016.7,0,0,59,20,0,0,0,1,1,-0.8660254037844386,0.5000000000000001
2025-11-24 21:00:00,R2,65.75393209841336,102,3,Arterial,True,26.5,22.0,31.0,0.0,10.0,1016.7,0,0,59,21,0,0,0,0,0,-0.7071067811865477,0.7071067811865474
2025-11-24 22:00:00,R2,58.41230869869118,131,3,Arterial,True,26.5,22.0,31.0,0.0,10.0,1016.7,0,0,59,22,0,0,0,0,0,-0.5000000000000004,0.8660254037844384
2025-11-24 23:00:00,R2,60.26374146345403,133,3,Arterial,True,26.5,22.0,31.0,0.0,10.0,1016.7,0,0,59,23,0,0,0,0,0,-0.25881904510252157,0.9659258262890681
2025-11-25 00:00:00,R2,53.19974405459762,118,3,Arterial,True,25.6,21.0,31.0,0.0,10.4,1017.2,0,0,59,0,1,0,0,0,0,0.0,1.0
2025-11-25 01:00:00,R2,54.81755686842918,142,3,Arterial,True,25.6,21.0,31.0,0.0,10.4,1017.2,0,0,59,1,1,0,0,0,0,0.25881904510252074,0.9659258262890683
2025-11-25 02:00:00,R2,70.94735011341251,122,3,Arterial,True,25.6,21.0,31.0,0.0,10.4,1017.2,0,0,59,2,1,0,0,0,0,0.49999999999999994,0.8660254037844387
2025-11-25 03:00:00,R2,64.61039493166628,103,3,Arterial,True,25.6,21.0,31.0,0.0,10.4,1017.2,0,0,59,3,1,0,0,0,0,0.7071067811865476,0.7071067811865476
2025-11-25 04:00:00,R2,59.33800871570891,140,3,Arterial,True,25.6,21.0,31.0,0.0,10.4,1017.2,0,0,59,4,1,0,0,0,0,0.8660254037844386,0.5000000000000001
2025-11-25 05:00:00,R2,63.97470635857199,148,3,Arterial,True,25.6,21.0,31.0,0.0,10.4,1017.2,0,0,59,5,1,0,0,0,0,0.9659258262890683,0.25881904510252074
2025-11-25 06:00:00,R2,58.905351330037696,102,3,Arterial,True,25.6,21.0,31.0,0.0,10.4,1017.2,0,0,59,6,1,0,0,0,0,1.0,6.123233995736766e-17
2025-11-25 07:00:00,R2,36.52755559444554,77,3,Arterial,True,25.6,21.0,31.0,0.0,10.4,1017.2,0,0,59,7,1,0,1,0,1,0.9659258262890683,-0.25881904510252063
2025-11-25 08:00:00,R2,39.78501580731896,91,3,Arterial,True,25.6,21.0,31.0,0.0,10.4,1017.2,0,0,59,8,1,0,1,0,1,0.8660254037844387,-0.4999999999999998
2025-11-25 09:00:00,R2,34.321048755814275,86,3,Arterial,True,25.6,21.0,31.0,0.0,10.4,1017.2,0,0,59,9,1,0,1,0,1,0.7071067811865476,-0.7071067811865475
2025-11-25 10:00:00,R2,25.39906921884977,80,3,Arterial,True,25.6,21.0,31.0,0.0,10.4,1017.2,0,0,59,10,1,0,1,0,1,0.49999999999999994,-0.8660254037844387
2025-11-25 11:00:00,R2,57.16078131715441,128,3,Arterial,True,25.6,21.0,31.0,0.0,10.4,1017.2,0,0,59,11,1,0,0,0,0,0.258819045102521,-0.9659258262890682
2025-11-25 12:00:00,R2,58.756542747307854,116,3,Arterial,True,25.6,21.0,31.0,0.0,10.4,1017.2,0,0,59,12,1,0,0,0,0,1.2246467991473532e-16,-1.0
2025-11-25 13:00:00,R2,50.4480721991791,137,3,Arterial,True,25.6,21.0,31.0,0.0,10.4,1017.2,0,0,59,13,1,0,0,0,0,-0.2588190451025208,-0.9659258262890683
2025-11-25 14:00:00,R2,62.92970788459293,107,3,Arterial,True,25.6,21.0,31.0,0.0,10.4,1017.2,0,0,59,14,1,0,0,0,0,-0.4999999999999997,-0.8660254037844388
2025-11-25 15:00:00,R2,59.43885652770051,142,3,Arterial,True,25.6,21.0,31.0,0.0,10.4,1017.2,0,0,59,15,1,0,0,0,0,-0.7071067811865471,-0.7071067811865479
2025-11-25 16:00:00,R2,57.0354678757701,123,3,Arterial,True,25.6,21.0,31.0,0.0,10.4,1017.2,0,0,59,16,1,0,0,0,0,-0.8660254037844384,-0.5000000000000004
2025-11-25 17:00:00,R2,36.32417558176101,83,3,Arterial,True,25.6,21.0,31.0,0.0,10.4,1017.2,0,0,59,17,1,0,0,1,1,-0.9659258262890683,-0.25881904510252063
2025-11-25 18:00:00,R2,28.739722919457435,106,3,Arterial,True,25.6,21.0,31.0,0.0,10.4,1017.2,0,0,59,18,1,0,0,1,1,-1.0,-1.8369701987210297e-16
2025-11-25 19:00:00,R2,42.32540762110585,104,3,Arterial,True,25.6,21.0,31.0,0.0,10.4,1017.2,0,0,59,19,1,0,0,1,1,-0.9659258262890684,0.2588190451025203
2025-11-25 20:00:00,R2,44.60203633933518,61,3,Arterial,True,25.6,21.0,31.0,0.0,10.4,1017.2,0,0,59,20,1,0,0,1,1,-0.8660254037844386,0.5000000000000001
2025-11-25 21:00:00,R2,62.76305883054015,107,3,Arterial,True,25.6,21.0,31.0,0.0,10.4,1017.2,0,0,59,21,1,0,0,0,0,-0.7071067811865477,0.7071067811865474
2025-11-25 22:00:00,R2,62.35816789956648,125,3,Arterial,True,25.6,21.0,31.0,0.0,10.4,1017.2,0,0,59,22,1,0,0,0,0,-0.5000000000000004,0.8660254037844384
2025-11-25 23:00:00,R2,54.945722732874565,114,3,Arterial,True,25.6,21.0,31.0,0.0,10.4,1017.2,0,0,59,23,1,0,0,0,0,-0.25881904510252157,0.9659258262890681
2025-11-26 00:00:00,R2,58.86895319977192,122,3,Arterial,True,25.3,20.0,30.0,0.0,9.7,1016.5,0,0,59,0,2,0,0,0,0,0.0,1.0
2025-11-26 01:00:00,R2,66.55499344100527,105,3,Arterial,True,25.3,20.0,30.0,0.0,9.7,1016.5,0,0,59,1,2,0,0,0,0,0.25881904510252074,0.9659258262890683
2025-11-26 02:00:00,R2,51.76778790273025,112,3,Arterial,True,25.3,20.0,30.0,0.0,9.7,1016.5,0,0,59,2,2,0,0,0,0,0.49999999999999994,0.8660254037844387
2025-11-26 03:00:00,R2,51.82218499705392,121,3,Arterial,True,25.3,20.0,30.0,0.0,9.7,1016.5,0,0,59,3,2,0,0,0,0,0.7071067811865476,0.7071067811865476
2025-11-26 04:00:00,R2,61.16152583508044,109,3,Arterial,True,25.3,20.0,30.0,0.0,9.7,1016.5,0,0,59,4,2,0,0,0,0,0.8660254037844386,0.5000000000000001
2025-11-26 05:00:00,R2,56.0941750786899,121,3,Arterial,True,25.3,20.0,30.0,0.0,9.7,1016.5,0,0,59,5,2,0,0,0,0,0.9659258262890683,0.25881904510252074
2025-11-26 06:00:00,R2,65.98575457255764,123,3,Arterial,True,25.3,20.0,30.0,0.0,9.7,1016.5,0,0,59,6,2,0,0,0,0,1.0,6.123233995736766e-17
2025-11-26 07:00:00,R2,31.639604438300548,65,3,Arterial,True,25.3,20.0,30.0,0.0,9.7,1016.5,0,0,59,7,2,0,1,0,1,0.9659258262890683,-0.25881904510252063
2025-11-26 08:00:00,R2,37.13392186434088,91,3,Arterial,True,25.3,20.0,30.0,0.0,9.7,1016.5,0,0,59,8,2,0,1,0,1,0.8660254037844387,-0.4999999999999998
2025-11-26 09:00:00,R2,35.31074135007453,86,3,Arterial,True,25.3,20.0,30.0,0.0,9.7,1016.5,0,0,59,9,2,0,1,0,1,0.7071067811865476,-0.7071067811865475
2025-11-26 10:00:00,R2,34.26254526193905,107,3,Arterial,True,25.3,20.0,30.0,0.0,9.7,1016.5,0,0,59,10,2,0,1,0,1,0.49999999999999994,-0.8660254037844387
2025-11-26 11:00:00,R2,63.24686475878183,140,3,Arterial,True,25.3,20.0,30.0,0.0,9.7,1016.5,0,0,59,11,2,0,0,0,0,0.258819045102521,-0.9659258262890682
2025-11-26 12:00:00,R2,59.05308003666399,142,3,Arterial,True,25.3,20.0,30.0,0.0,9.7,1016.5,0,0,59,12,2,0,0,0,0,1.2246467991473532e-16,-1.0
2025-11-26 13:00:00,R2,59.651407482161886,128,3,Arterial,True,25.3,20.0,30.0,0.0,9.7,1016.5,0,0,59,13,2,0,0,0,0,-0.2588190451025208,-0.9659258262890683
2025-11-26 14:00:00,R2,59.17165662495128,148,3,Arterial,True,25.3,20.0,30.0,0.0,9.7,1016.5,0,0,59,14,2,0,0,0,0,-0.4999999999999997,-0.8660254037844388
2025-11-26 15:00:00,R2,52.67663063301875,114,3,Arterial,True,25.3,20.0,30.0,0.0,9.7,1016.5,0,0,59,15,2,0,0,0,0,-0.7071067811865471,-0.7071067811865479
2025-11-26 16:00:00,R2,66.67681600215798,116,3,Arterial,True,25.3,20.0,30.0,0.0,9.7,1016.5,0,0,59,16,2,0,0,0,0,-0.8660254037844384,-0.5000000000000004
2025-11-26 17:00:00,R2,37.519701808092215,86,3,Arterial,True,25.3,20.0,30.0,0.0,9.7,1016.5,0,0,59,17,2,0,0,1,1,-0.9659258262890683,-0.25881904510252063
2025-11-26 18:00:00,R2,29.63888533427618,93,3,Arterial,True,25.3,20.0,30.0,0.0,9.7,1016.5,0,0,59,18,2,0,0,1,1,-1.0,-1.8369701987210297e-16
2025-11-26 19:00:00,R2,40.33926372652595,108,3,Arterial,True,25.3,20.0,30.0,0.0,9.7,1016.5,0,0,59,19,2,0,0,1,1,-0.9659258262890684,0.2588190451025203
2025-11-26 20:00:00,R2,37.397977883850736,84,3,Arterial,True,25.3,20.0,30.0,0.0,9.7,1016.5,0,0,59,20,2,0,0,1,1,-0.8660254037844386,0.5000000000000001
2025-11-26 21:00:00,R2,66.46391398278008,147,3,Arterial,True,25.3,20.0,30.0,0.0,9.7,1016.5,0,0,59,21,2,0,0,0,0,-0.7071067811865477,0.7071067811865474
2025-11-26 22:00:00,R2,56.709902248268165,134,3,Arterial,True,25.3,20.0,30.0,0.0,9.7,1016.5,0,0,59,22,2,0,0,0,0,-0.5000000000000004,0.8660254037844384
2025-11-26 23:00:00,R2,58.74816435799805,132,3,Arterial,True,25.3,20.0,30.0,0.0,9.7,1016.5,0,0,59,23,2,0,0,0,0,-0.25881904510252157,0.9659258262890681
2025-11-27 00:00:00,R2,62.436111775061406,119,3,Arterial,True,25.2,21.0,29.0,0.0,8.8,1016.8,0,0,59,0,3,0,0,0,0,0.0,1.0
2025-11-27 01:00:00,R2,59.06683627640869,138,3,Arterial,True,25.2,21.0,29.0,0.0,8.8,1016.8,0,0,59,1,3,0,0,0,0,0.25881904510252074,0.9659258262890683
2025-11-27 02:00:00,R2,53.33105044039294,107,3,Arterial,True,25.2,21.0,29.0,0.0,8.8,1016.8,0,0,59,2,3,0,0,0,0,0.49999999999999994,0.8660254037844387
2025-11-27 03:00:00,R2,60.76936022182748,138,3,Arterial,True,25.2,21.0,29.0,0.0,8.8,1016.8,0,0,59,3,3,0,0,0,0,0.7071067811865476,0.7071067811865476
2025-11-27 04:00:00,R2,56.65494488333768,109,3,Arterial,True,25.2,21.0,29.0,0.0,8.8,1016.8,0,0,59,4,3,0,0,0,0,0.8660254037844386,0.5000000000000001
2025-11-27 05:00:00,R2,60.62493467820672,137,3,Arterial,True,25.2,21.0,29.0,0.0,8.8,1016.8,0,0,59,5,3,0,0,0,0,0.9659258262890683,0.25881904510252074
2025-11-27 06:00:00,R2,68.45220475139931,132,3,Arterial,True,25.2,21.0,29.0,0.0,8.8,1016.8,0,0,59,6,3,0,0,0,0,1.0,6.123233995736766e-17
2025-11-27 07:00:00,R2,33.218967715095374,85,3,Arterial,True,25.2,21.0,29.0,0.0,8.8,1016.8,0,0,59,7,3,0,1,0,1,0.9659258262890683,-0.25881904510252063
2025-11-27 08:00:00,R2,49.87512743518226,88,3,Arterial,True,25.2,21.0,29.0,0.0,8.8,1016.8,0,0,59,8,3,0,1,0,1,0.8660254037844387,-0.4999999999999998
2025-11-27 09:00:00,R2,40.12952013621498,83,3,Arterial,True,25.2,21.0,29.0,0.0,8.8,1016.8,0,0,59,9,3,0,1,0,1,0.7071067811865476,-0.7071067811865475
2025-11-27 10:00:00,R2,37.47552038673263,63,3,Arterial,True,25.2,21.0,29.0,0.0,8.8,1016.8,0,0,59,10,3,0,1,0,1,0.49999999999999994,-0.8660254037844387
2025-11-27 11:00:00,R2,66.43868328634673,113,3,Arterial,True,25.2,21.0,29.0,0.0,8.8,1016.8,0,0,59,11,3,0,0,0,0,0.258819045102521,-0.9659258262890682
2025-11-27 12:00:00,R2,61.58639476287779,135,3,Arterial,True,25.2,21.0,29.0,0.0,8.8,1016.8,0,0,59,12,3,0,0,0,0,1.2246467991473532e-16,-1.0
2025-11-27 13:00:00,R2,59.89415321535436,105,3,Arterial,True,25.2,21.0,29.0,0.0,8.8,1016.8,0,0,59,13,3,0,0,0,0,-0.2588190451025208,-0.9659258262890683
2025-11-27 14:00:00,R2,58.13512767718992,101,3,Arterial,True,25.2,21.0,29.0,0.0,8.8,1016.8,0,0,59,14,3,0,0,0,0,-0.4999999999999997,-0.8660254037844388
2025-11-27 15:00:00,R2,60.326751337552366,103,3,Arterial,True,25.2,21.0,29.0,0.0,8.8,1016.8,0,0,59,15,3,0,0,0,0,-0.7071067811865471,-0.7071067811865479
2025-11-27 16:00:00,R2,60.56097747526587,102,3,Arterial,True,25.2,21.0,29.0,0.0,8.8,1016.8,0,0,59,16,3,0,0,0,0,-0.8660254037844384,-0.5000000000000004
2025-11-27 17:00:00,R2,36.95121088675868,100,3,Arterial,True,25.2,21.0,29.0,0.0,8.8,1016.8,0,0,59,17,3,0,0,1,1,-0.9659258262890683,-0.25881904510252063
2025-11-27 18:00:00,R2,40.28683706193906,77,3,Arterial,True,25.2,21.0,29.0,0.0,8.8,1016.8,0,0,59,18,3,0,0,1,1,-1.0,-1.8369701987210297e-16
2025-11-27 19:00:00,R2,39.352256320983486,88,3,Arterial,True,25.2,21.0,29.0,0.0,8.8,1016.8,0,0,59,19,3,0,0,1,1,-0.9659258262890684,0.2588190451025203
2025-11-27 20:00:00,R2,29.94249813891776,93,3,Arterial,True,25.2,21.0,29.0,0.0,8.8,1016.8,0,0,59,20,3,0,0,1,1,-0.8660254037844386,0.5000000000000001
2025-11-27 21:00:00,R2,56.703780186604845,111,3,Arterial,True,25.2,21.0,29.0,0.0,8.8,1016.8,0,0,59,21,3,0,0,0,0,-0.7071067811865477,0.7071067811865474
2025-11-27 22:00:00,R2,56.84982452432354,115,3,Arterial,True,25.2,21.0,29.0,0.0,8.8,1016.8,0,0,59,22,3,0,0,0,0,-0.5000000000000004,0.8660254037844384
2025-11-27 23:00:00,R2,65.56081146653776,131,3,Arterial,True,25.2,21.0,29.0,0.0,8.8,1016.8,0,0,59,23,3,0,0,0,0,-0.25881904510252157,0.9659258262890681
2025-11-28 00:00:00,R2,61.70327484321188,129,3,Arterial,True,25.1,22.0,28.0,0.0,9.6,1017.8,0,0,59,0,4,0,0,0,0,0.0,1.0
2025-11-28 01:00:00,R2,72.75522549159837,144,3,Arterial,True,25.1,22.0,28.0,0.0,9.6,1017.8,0,0,59,1,4,0,0,0,0,0.25881904510252074,0.9659258262890683
2025-11-28 02:00:00,R2,55.03070710338122,116,3,Arterial,True,25.1,22.0,28.0,0.0,9.6,1017.8,0,0,59,2,4,0,0,0,0,0.49999999999999994,0.8660254037844387
2025-11-28 03:00:00,R2,59.84445083678518,135,3,Arterial,True,25.1,22.0,28.0,0.0,9.6,1017.8,0,0,59,3,4,0,0,0,0,0.7071067811865476,0.7071067811865476
2025-11-28 04:00:00,R2,63.79050203112171,137,3,Arterial,True,25.1,22.0,28.0,0.0,9.6,1017.8,0,0,59,4,4,0,0,0,0,0.8660254037844386,0.5000000000000001
2025-11-28 05:00:00,R2,54.95299862614911,138,3,Arterial,True,25.1,22.0,28.0,0.0,9.6,1017.8,0,0,59,5,4,0,0,0,0,0.9659258262890683,0.25881904510252074
2025-11-28 06:00:00,R2,60.79786790202241,107,3,Arterial,True,25.1,22.0,28.0,0.0,9.6,1017.8,0,0,59,6,4,0,0,0,0,1.0,6.123233995736766e-17
2025-11-28 07:00:00,R2,33.52250715163111,70,3,Arterial,True,25.1,22.0,28.0,0.0,9.6,1017.8,0,0,59,7,4,0,1,0,1,0.9659258262890683,-0.25881904510252063
2025-11-28 08:00:00,R2,39.04345156963068,74,3,Arterial,True,25.1,22.0,28.0,0.0,9.6,1017.8,0,0,59,8,4,0,1,0,1,0.8660254037844387,-0.4999999999999998
2025-11-28 09:00:00,R2,30.113824443018835,98,3,Arterial,True,25.1,22.0,28.0,0.0,9.6,1017.8,0,0,59,9,4,0,1,0,1,0.7071067811865476,-0.7071067811865475
2025-11-28 10:00:00,R2,43.44124085484195,61,3,Arterial,True,25.1,22.0,28.0,0.0,9.6,1017.8,0,0,59,10,4,0,1,0,1,0.49999999999999994,-0.8660254037844387
2025-11-28 11:00:00,R2,63.2475571371002,128,3,Arterial,True,25.1,22.0,28.0,0.0,9.6,1017.8,0,0,59,11,4,0,0,0,0,0.258819045102521,-0.9659258262890682
2025-11-28 12:00:00,R2,61.16862703366513,116,3,Arterial,True,25.1,22.0,28.0,0.0,9.6,1017.8,0,0,59,12,4,0,0,0,0,1.2246467991473532e-16,-1.0
2025-11-28 13:00:00,R2,49.78795940625343,101,3,Arterial,True,25.1,22.0,28.0,0.0,9.6,1017.8,0,0,59,13,4,0,0,0,0,-0.2588190451025208,-0.9659258262890683
2025-11-28 14:00:00,R2,63.12625004041556,127,3,Arterial,True,25.1,22.0,28.0,0.0,9.6,1017.8,0,0,59,14,4,0,0,0,0,-0.4999999999999997,-0.8660254037844388
2025-11-28 15:00:00,R2,59.19871645328416,117,3,Arterial,True,25.1,22.0,28.0,0.0,9.6,1017.8,0,0,59,15,4,0,0,0,0,-0.7071067811865471,-0.7071067811865479
2025-11-28 16:00:00,R2,68.2169851359668,117,3,Arterial,True,25.1,22.0,28.0,0.0,9.6,1017.8,0,0,59,16,4,0,0,0,0,-0.8660254037844384,-0.5000000000000004
2025-11-28 17:00:00,R2,31.443193646243408,84,3,Arterial,True,25.1,22.0,28.0,0.0,9.6,1017.8,0,0,59,17,4,0,0,1,1,-0.9659258262890683,-0.25881904510252063
2025-11-28 18:00:00,R2,38.73790141754142,99,3,Arterial,True,25.1,22.0,28.0,0.0,9.6,1017.8,0,0,59,18,4,0,0,1,1,-1.0,-1.8369701987210297e-16
2025-11-28 19:00:00,R2,27.908532884625355,86,3,Arterial,True,25.1,22.0,28.0,0.0,9.6,1017.8,0,0,59,19,4,0,0,1,1,-0.9659258262890684,0.2588190451025203
2025-11-28 20:00:00,R2,32.803802867082666,106,3,Arterial,True,25.1,22.0,28.0,0.0,9.6,1017.8,0,0,59,20,4,0,0,1,1,-0.8660254037844386,0.5000000000000001
2025-11-28 21:00:00,R2,65.82040637823422,106,3,Arterial,True,25.1,22.0,28.0,0.0,9.6,1017.8,0,0,59,21,4,0,0,0,0,-0.7071067811865477,0.7071067811865474
2025-11-28 22:00:00,R2,68.03401749465552,130,3,Arterial,True,25.1,22.0,28.0,0.0,9.6,1017.8,0,0,59,22,4,0,0,0,0,-0.5000000000000004,0.8660254037844384
2025-11-28 23:00:00,R2,56.46652992534191,107,3,Arterial,True,25.1,22.0,28.0,0.0,9.6,1017.8,0,0,59,23,4,0,0,0,0,-0.25881904510252157,0.9659258262890681
2025-11-29 00:00:00,R2,54.508370714909375,138,3,Arterial,True,25.4,22.0,28.0,0.0,10.8,1016.8,0,0,59,0,5,1,0,0,0,0.0,1.0
2025-11-29 01:00:00,R2,60.36032215067468,106,3,Arterial,True,25.4,22.0,28.0,0.0,10.8,1016.8,0,0,59,1,5,1,0,0,0,0.25881904510252074,0.9659258262890683
2025-11-29 02:00:00,R2,61.566961053838654,118,3,Arterial,True,25.4,22.0,28.0,0.0,10.8,1016.8,0,0,59,2,5,1,0,0,0,0.49999999999999994,0.8660254037844387
2025-11-29 03:00:00,R2,63.59147498531529,112,3,Arterial,True,25.4,22.0,28.0,0.0,10.8,1016.8,0,0,59,3,5,1,0,0,0,0.7071067811865476,0.7071067811865476
2025-11-29 04:00:00,R2,57.03762885909149,135,3,Arterial,True,25.4,22.0,28.0,0.0,10.8,1016.8,0,0,59,4,5,1,0,0,0,0.8660254037844386,0.5000000000000001
2025-11-29 05:00:00,R2,60.66312775298261,111,3,Arterial,True,25.4,22.0,28.0,0.0,10.8,1016.8,0,0,59,5,5,1,0,0,0,0.9659258262890683,0.25881904510252074
2025-11-29 06:00:00,R2,59.469252527804585,143,3,Arterial,True,25.4,22.0,28.0,0.0,10.8,1016.8,0,0,59,6,5,1,0,0,0,1.0,6.123233995736766e-17
2025-11-29 07:00:00,R2,34.64718931372035,98,3,Arterial,True,25.4,22.0,28.0,0.0,10.8,1016.8,0,0,59,7,5,1,1,0,1,0.9659258262890683,-0.25881904510252063
2025-11-29 08:00:00,R2,38.64229714627007,103,3,Arterial,True,25.4,22.0,28.0,0.0,10.8,1016.8,0,0,59,8,5,1,1,0,1,0.8660254037844387,-0.4999999999999998
2025-11-29 09:00:00,R2,38.49594822383877,64,3,Arterial,True,25.4,22.0,28.0,0.0,10.8,1016.8,0,0,59,9,5,1,1,0,1,0.7071067811865476,-0.7071067811865475
2025-11-29 10:00:00,R2,30.656628685005835,92,3,Arterial,True,25.4,22.0,28.0,0.0,10.8,1016.8,0,0,59,10,5,1,1,0,1,0.49999999999999994,-0.8660254037844387
2025-11-29 11:00:00,R2,58.7171324579523,144,3,Arterial,True,25.4,22.0,28.0,0.0,10.8,1016.8,0,0,59,11,5,1,0,0,0,0.258819045102521,-0.9659258262890682
2025-11-29 12:00:00,R2,62.60637304786576,109,3,Arterial,True,25.4,22.0,28.0,0.0,10.8,1016.8,0,0,59,12,5,1,0,0,0,1.2246467991473532e-16,-1.0
2025-11-29 13:00:00,R2,63.20504945488632,114,3,Arterial,True,25.4,22.0,28.0,0.0,10.8,1016.8,0,0,59,13,5,1,0,0,0,-0.2588190451025208,-0.9659258262890683
2025-11-29 14:00:00,R2,57.25684367440495,145,3,Arterial,True,25.4,22.0,28.0,0.0,10.8,1016.8,0,0,59,14,5,1,0,0,0,-0.4999999999999997,-0.8660254037844388
2025-11-29 15:00:00,R2,56.27303782067597,131,3,Arterial,True,25.4,22.0,28.0,0.0,10.8,1016.8,0,0,59,15,5,1,0,0,0,-0.7071067811865471,-0.7071067811865479
2025-11-29 16:00:00,R2,61.008276618214126,145,3,Arterial,True,25.4,22.0,28.0,0.0,10.8,1016.8,0,0,59,16,5,1,0,0,0,-0.8660254037844384,-0.5000000000000004
2025-11-29 17:00:00,R2,45.633864662673815,93,3,Arterial,True,25.4,22.0,28.0,0.0,10.8,1016.8,0,0,59,17,5,1,0,1,1,-0.9659258262890683,-0.25881904510252063
2025-11-29 18:00:00,R2,37.451339216399184,107,3,Arterial,True,25.4,22.0,28.0,0.0,10.8,1016.8,0,0,59,18,5,1,0,1,1,-1.0,-1.8369701987210297e-16
2025-11-29 19:00:00,R2,36.66124154549002,82,3,Arterial,True,25.4,22.0,28.0,0.0,10.8,1016.8,0,0,59,19,5,1,0,1,1,-0.9659258262890684,0.2588190451025203
2025-11-29 20:00:00,R2,35.629814027390225,73,3,Arterial,True,25.4,22.0,28.0,0.0,10.8,1016.8,0,0,59,20,5,1,0,1,1,-0.8660254037844386,0.5000000000000001
2025-11-29 21:00:00,R2,60.39848430401968,139,3,Arterial,True,25.4,22.0,28.0,0.0,10.8,1016.8,0,0,59,21,5,1,0,0,0,-0.7071067811865477,0.7071067811865474
2025-11-29 22:00:00,R2,61.33743728182962,129,3,Arterial,True,25.4,22.0,28.0,0.0,10.8,1016.8,0,0,59,22,5,1,0,0,0,-0.5000000000000004,0.8660254037844384
2025-11-29 23:00:00,R2,59.82069074859277,128,3,Arterial,True,25.4,22.0,28.0,0.0,10.8,1016.8,0,0,59,23,5,1,0,0,0,-0.25881904510252157,0.9659258262890681
2025-11-30 00:00:00,R2,58.71513026980997,145,3,Arterial,True,25.0,20.0,29.0,0.0,9.0,1016.2,0,0,59,0,6,1,0,0,0,0.0,1.0
2025-11-30 01:00:00,R2,55.34185280190274,148,3,Arterial,True,25.0,20.0,29.0,0.0,9.0,1016.2,0,0,59,1,6,1,0,0,0,0.25881904510252074,0.9659258262890683
2025-11-30 02:00:00,R2,58.66925660957867,109,3,Arterial,True,25.0,20.0,29.0,0.0,9.0,1016.2,0,0,59,2,6,1,0,0,0,0.49999999999999994,0.8660254037844387
2025-11-30 03:00:00,R2,56.93773867702164,113,3,Arterial,True,25.0,20.0,29.0,0.0,9.0,1016.2,0,0,59,3,6,1,0,0,0,0.7071067811865476,0.7071067811865476
2025-11-30 04:00:00,R2,61.45286785519392,128,3,Arterial,True,25.0,20.0,29.0,0.0,9.0,1016.2,0,0,59,4,6,1,0,0,0,0.8660254037844386,0.5000000000000001
2025-11-30 05:00:00,R2,52.566542245476455,135,3,Arterial,True,25.0,20.0,29.0,0.0,9.0,1016.2,0,0,59,5,6,1,0,0,0,0.9659258262890683,0.25881904510252074
2025-11-30 06:00:00,R2,62.71217495158759,125,3,Arterial,True,25.0,20.0,29.0,0.0,9.0,1016.2,0,0,59,6,6,1,0,0,0,1.0,6.123233995736766e-17
2025-11-30 07:00:00,R2,23.12418104842633,65,3,Arterial,True,25.0,20.0,29.0,0.0,9.0,1016.2,0,0,59,7,6,1,1,0,1,0.9659258262890683,-0.25881904510252063
2025-11-30 08:00:00,R2,36.99824457634498,102,3,Arterial,True,25.0,20.0,29.0,0.0,9.0,1016.2,0,0,59,8,6,1,1,0,1,0.8660254037844387,-0.4999999999999998
2025-11-30 09:00:00,R2,37.59220082797167,78,3,Arterial,True,25.0,20.0,29.0,0.0,9.0,1016.2,0,0,59,9,6,1,1,0,1,0.7071067811865476,-0.7071067811865475
2025-11-30 10:00:00,R2,32.33763191528883,74,3,Arterial,True,25.0,20.0,29.0,0.0,9.0,1016.2,0,0,59,10,6,1,1,0,1,0.49999999999999994,-0.8660254037844387
2025-11-30 11:00:00,R2,65.84049192219867,110,3,Arterial,True,25.0,20.0,29.0,0.0,9.0,1016.2,0,0,59,11,6,1,0,0,0,0.258819045102521,-0.9659258262890682
2025-11-30 12:00:00,R2,53.55440532780962,141,3,Arterial,True,25.0,20.0,29.0,0.0,9.0,1016.2,0,0,59,12,6,1,0,0,0,1.2246467991473532e-16,-1.0
2025-11-30 13:00:00,R2,64.50846868535602,147,3,Arterial,True,25.0,20.0,29.0,0.0,9.0,1016.2,0,0,59,13,6,1,0,0,0,-0.2588190451025208,-0.9659258262890683
2025-11-30 14:00:00,R2,61.01821868409555,115,3,Arterial,True,25.0,20.0,29.0,0.0,9.0,1016.2,0,0,59,14,6,1,0,0,0,-0.4999999999999997,-0.8660254037844388
2025-11-30 15:00:00,R2,61.48025499504105,149,3,Arterial,True,25.0,20.0,29.0,0.0,9.0,1016.2,0,0,59,15,6,1,0,0,0,-0.7071067811865471,-0.7071067811865479
2025-11-30 16:00:00,R2,74.76776711303772,120,3,Arterial,True,25.0,20.0,29.0,0.0,9.0,1016.2,0,0,59,16,6,1,0,0,0,-0.8660254037844384,-0.5000000000000004
2025-11-30 17:00:00,R2,32.456713413720855,72,3,Arterial,True,25.0,20.0,29.0,0.0,9.0,1016.2,0,0,59,17,6,1,0,1,1,-0.9659258262890683,-0.25881904510252063
2025-11-30 18:00:00,R2,38.99583799069027,98,3,Arterial,True,25.0,20.0,29.0,0.0,9.0,1016.2,0,0,59,18,6,1,0,1,1,-1.0,-1.8369701987210297e-16
2025-11-30 19:00:00,R2,29.603286981576844,93,3,Arterial,True,25.0,20.0,29.0,0.0,9.0,1016.2,0,0,59,19,6,1,0,1,1,-0.9659258262890684,0.2588190451025203
2025-11-30 20:00:00,R2,36.93668944846751,76,3,Arterial,True,25.0,20.0,29.0,0.0,9.0,1016.2,0,0,59,20,6,1,0,1,1,-0.8660254037844386,0.5000000000000001
2025-11-30 21:00:00,R2,67.43448871965641,140,3,Arterial,True,25.0,20.0,29.0,0.0,9.0,1016.2,0,0,59,21,6,1,0,0,0,-0.7071067811865477,0.7071067811865474
2025-11-30 22:00:00,R2,62.68187971615996,101,3,Arterial,True,25.0,20.0,29.0,0.0,9.0,1016.2,0,0,59,22,6,1,0,0,0,-0.5000000000000004,0.8660254037844384
2025-11-30 23:00:00,R2,50.40393426731588,146,3,Arterial,True,25.0,20.0,29.0,0.0,9.0,1016.2,0,0,59,23,6,1,0,0,0,-0.25881904510252157,0.9659258262890681
2025-11-01 00:00:00,R3,46.13404865160109,107,2,Local,True,30.5,26.0,34.0,0.0,14.0,1013.0,0,0,59,0,5,1,0,0,0,0.0,1.0
2025-11-01 01:00:00,R3,43.28462218236862,109,2,Local,True,30.5,26.0,34.0,0.0,14.0,1013.0,0,0,59,1,5,1,0,0,0,0.25881904510252074,0.9659258262890683
2025-11-01 02:00:00,R3,33.06049956476084,143,2,Local,True,30.5,26.0,34.0,0.0,14.0,1013.0,0,0,59,2,5,1,0,0,0,0.49999999999999994,0.8660254037844387
2025-11-01 03:00:00,R3,41.1017075258263,112,2,Local,True,30.5,26.0,34.0,0.0,14.0,1013.0,0,0,59,3,5,1,0,0,0,0.7071067811865476,0.7071067811865476
2025-11-01 04:00:00,R3,43.89528222070081,105,2,Local,True,30.5,26.0,34.0,0.0,14.0,1013.0,0,0,59,4,5,1,0,0,0,0.8660254037844386,0.5000000000000001
2025-11-01 05:00:00,R3,41.54729554179895,139,2,Local,True,30.5,26.0,34.0,0.0,14.0,1013.0,0,0,59,5,5,1,0,0,0,0.9659258262890683,0.25881904510252074
2025-11-01 06:00:00,R3,38.56593493178229,149,2,Local,True,30.5,26.0,34.0,0.0,14.0,1013.0,0,0,59,6,5,1,0,0,0,1.0,6.123233995736766e-17
2025-11-01 07:00:00,R3,30.193795042630832,99,2,Local,True,30.5,26.0,34.0,0.0,14.0,1013.0,0,0,59,7,5,1,1,0,1,0.9659258262890683,-0.25881904510252063
2025-11-01 08:00:00,R3,21.160889766788628,61,2,Local,True,30.5,26.0,34.0,0.0,14.0,1013.0,0,0,59,8,5,1,1,0,1,0.8660254037844387,-0.4999999999999998
2025-11-01 09:00:00,R3,22.53902422805736,60,2,Local,True,30.5,26.0,34.0,0.0,14.0,1013.0,0,0,59,9,5,1,1,0,1,0.7071067811865476,-0.7071067811865475
2025-11-01 10:00:00,R3,24.665673484613347,81,2,Local,True,30.5,26.0,34.0,0.0,14.0,1013.0,0,0,59,10,5,1,1,0,1,0.49999999999999994,-0.8660254037844387
2025-11-01 11:00:00,R3,35.13389792235031,113,2,Local,True,30.5,26.0,34.0,0.0,14.0,1013.0,0,0,59,11,5,1,0,0,0,0.258819045102521,-0.9659258262890682
2025-11-01 12:00:00,R3,38.751447830703,131,2,Local,True,30.5,26.0,34.0,0.0,14.0,1013.0,0,0,59,12,5,1,0,0,0,1.2246467991473532e-16,-1.0
2025-11-01 13:00:00,R3,36.84536665416389,116,2,Local,True,30.5,26.0,34.0,0.0,14.0,1013.0,0,0,59,13,5,1,0,0,0,-0.2588190451025208,-0.9659258262890683
2025-11-01 14:00:00,R3,51.08602021480648,131,2,Local,True,30.5,26.0,34.0,0.0,14.0,1013.0,0,0,59,14,5,1,0,0,0,-0.4999999999999997,-0.8660254037844388
2025-11-01 15:00:00,R3,47.39736382466571,147,2,Local,True,30.5,26.0,34.0,0.0,14.0,1013.0,0,0,59,15,5,1,0,0,0,-0.7071067811865471,-0.7071067811865479
2025-11-01 16:00:00,R3,45.89730857077179,104,2,Local,True,30.5,26.0,34.0,0.0,14.0,1013.0,0,0,59,16,5,1,0,0,0,-0.8660254037844384,-0.5000000000000004
2025-11-01 17:00:00,R3,23.36471805454809,66,2,Local,True,30.5,26.0,34.0,0.0,14.0,1013.0,0,0,59,17,5,1,0,1,1,-0.9659258262890683,-0.25881904510252063
2025-11-01 18:00:00,R3,20.23074601022744,82,2,Local,True,30.5,26.0,34.0,0.0,14.0,1013.0,0,0,59,18,5,1,0,1,1,-1.0,-1.8369701987210297e-16
2025-11-01 19:00:00,R3,23.17118903158938,92,2,Local,True,30.5,26.0,34.0,0.0,14.0,1013.0,0,0,59,19,5,1,0,1,1,-0.9659258262890684,0.2588190451025203
2025-11-01 20:00:00,R3,30.90491629209168,83,2,Local,True,30.5,26.0,34.0,0.0,14.0,1013.0,0,0,59,20,5,1,0,1,1,-0.8660254037844386,0.5000000000000001
2025-11-01 21:00:00,R3,40.33778186652596,123,2,Local,True,30.5,26.0,34.0,0.0,14.0,1013.0,0,0,59,21,5,1,0,0,0,-0.7071067811865477,0.7071067811865474
2025-11-01 22:00:00,R3,38.56533611201847,122,2,Local,True,30.5,26.0,34.0,0.0,14.0,1013.0,0,0,59,22,5,1,0,0,0,-0.5000000000000004,0.8660254037844384
2025-11-01 23:00:00,R3,43.80716306517264,133,2,Local,True,30.5,26.0,34.0,0.0,14.0,1013.0,0,0,59,23,5,1,0,0,0,-0.25881904510252157,0.9659258262890681
2025-11-02 00:00:00,R3,34.21922673893609,129,2,Local,True,29.8,26.0,33.0,0.0,11.4,1013.6,0,0,59,0,6,1,0,0,0,0.0,1.0
2025-11-02 01:00:00,R3,34.57765474959388,104,2,Local,True,29.8,26.0,33.0,0.0,11.4,1013.6,0,0,59,1,6,1,0,0,0,0.25881904510252074,0.9659258262890683
2025-11-02 02:00:00,R3,36.25922696429669,134,2,Local,True,29.8,26.0,33.0,0.0,11.4,1013.6,0,0,59,2,6,1,0,0,0,0.49999999999999994,0.8660254037844387
2025-11-02 03:00:00,R3,27.81459919783048,108,2,Local,True,29.8,26.0,33.0,0.0,11.4,1013.6,0,0,59,3,6,1,0,0,0,0.7071067811865476,0.7071067811865476
2025-11-02 04:00:00,R3,39.453321005455535,105,2,Local,True,29.8,26.0,33.0,0.0,11.4,1013.6,0,0,59,4,6,1,0,0,0,0.8660254037844386,0.5000000000000001
2025-11-02 05:00:00,R3,38.64834359130793,119,2,Local,True,29.8,26.0,33.0,0.0,11.4,1013.6,0,0,59,5,6,1,0,0,0,0.9659258262890683,0.25881904510252074
2025-11-02 06:00:00,R3,39.34269173509078,129,2,Local,True,29.8,26.0,33.0,0.0,11.4,1013.6,0,0,59,6,6,1,0,0,0,1.0,6.123233995736766e-17
2025-11-02 07:00:00,R3,23.52114602922242,64,2,Local,True,29.8,26.0,33.0,0.0,11.4,1013.6,0,0,59,7,6,1,1,0,1,0.9659258262890683,-0.25881904510252063
2025-11-02 08:00:00,R3,31.267597948031263,86,2,Local,True,29.8,26.0,33.0,0.0,11.4,1013.6,0,0,59,8,6,1,1,0,1,0.8660254037844387,-0.4999999999999998
2025-11-02 09:00:00,R3,27.39006028934364,92,2,Local,True,29.8,26.0,33.0,0.0,11.4,1013.6,0,0,59,9,6,1,1,0,1,0.7071067811865476,-0.7071067811865475
2025-11-02 10:00:00,R3,28.622035842767623,83,2,Local,True,29.8,26.0,33.0,0.0,11.4,1013.6,0,0,59,10,6,1,1,0,1,0.49999999999999994,-0.8660254037844387
2025-11-02 11:00:00,R3,29.57626012384955,126,2,Local,True,29.8,26.0,33.0,0.0,11.4,1013.6,0,0,59,11,6,1,0,0,0,0.258819045102521,-0.9659258262890682
2025-11-02 12:00:00,R3,33.23311643267719,108,2,Local,True,29.8,26.0,33.0,0.0,11.4,1013.6,0,0,59,12,6,1,0,0,0,1.2246467991473532e-16,-1.0
2025-11-02 13:00:00,R3,46.89658115345589,140,2,Local,True,29.8,26.0,33.0,0.0,11.4,1013.6,0,0,59,13,6,1,0,0,0,-0.2588190451025208,-0.9659258262890683
2025-11-02 14:00:00,R3,37.03314079768059,104,2,Local,True,29.8,26.0,33.0,0.0,11.4,1013.6,0,0,59,14,6,1,0,0,0,-0.4999999999999997,-0.8660254037844388
2025-11-02 15:00:00,R3,42.25826911468301,139,2,Local,True,29.8,26.0,33.0,0.0,11.4,1013.6,0,0,59,15,6,1,0,0,0,-0.7071067811865471,-0.7071067811865479
2025-11-02 16:00:00,R3,41.214448158160536,125,2,Local,True,29.8,26.0,33.0,0.0,11.4,1013.6,0,0,59,16,6,1,0,0,0,-0.8660254037844384,-0.5000000000000004
2025-11-02 17:00:00,R3,16.665396238024748,97,2,Local,True,29.8,26.0,33.0,0.0,11.4,1013.6,0,0,59,17,6,1,0,1,1,-0.9659258262890683,-0.25881904510252063
2025-11-02 18:00:00,R3,27.86012065166188,63,2,Local,True,29.8,26.0,33.0,0.0,11.4,1013.6,0,0,59,18,6,1,0,1,1,-1.0,-1.8369701987210297e-16
2025-11-02 19:00:00,R3,17.926921720042593,79,2,Local,True,29.8,26.0,33.0,0.0,11.4,1013.6,0,0,59,19,6,1,0,1,1,-0.9659258262890684,0.2588190451025203
2025-11-02 20:00:00,R3,19.04240420132606,63,2,Local,True,29.8,26.0,33.0,0.0,11.4,1013.6,0,0,59,20,6,1,0,1,1,-0.8660254037844386,0.5000000000000001
2025-11-02 21:00:00,R3,31.895199909698228,130,2,Local,True,29.8,26.0,33.0,0.0,11.4,1013.6,0,0,59,21,6,1,0,0,0,-0.7071067811865477,0.7071067811865474
2025-11-02 22:00:00,R3,43.89658889092061,128,2,Local,True,29.8,26.0,33.0,0.0,11.4,1013.6,0,0,59,22,6,1,0,0,0,-0.5000000000000004,0.8660254037844384
2025-11-02 23:00:00,R3,41.64719196568866,132,2,Local,True,29.8,26.0,33.0,0.0,11.4,1013.6,0,0,59,23,6,1,0,0,0,-0.25881904510252157,0.9659258262890681
2025-11-03 00:00:00,R3,42.93764256089796,135,2,Local,True,29.1,25.0,32.0,0.0,13.3,1012.9,0,0,59,0,0,0,0,0,0,0.0,1.0
2025-11-03 01:00:00,R3,33.048573324581724,133,2,Local,True,29.1,25.0,32.0,0.0,13.3,1012.9,0,0,59,1,0,0,0,0,0,0.25881904510252074,0.9659258262890683
2025-11-03 02:00:00,R3,33.33535477971389,104,2,Local,True,29.1,25.0,32.0,0.0,13.3,1012.9,0,0,59,2,0,0,0,0,0,0.49999999999999994,0.8660254037844387
2025-11-03 03:00:00,R3,36.34397944823216,101,2,Local,True,29.1,25.0,32.0,0.0,13.3,1012.9,0,0,59,3,0,0,0,0,0,0.7071067811865476,0.7071067811865476
2025-11-03 04:00:00,R3,46.74278315404466,109,2,Local,True,29.1,25.0,32.0,0.0,13.3,1012.9,0,0,59,4,0,0,0,0,0,0.8660254037844386,0.5000000000000001
2025-11-03 05:00:00,R3,37.619103740029885,147,2,Local,True,29.1,25.0,32.0,0.0,13.3,1012.9,0,0,59,5,0,0,0,0,0,0.9659258262890683,0.25881904510252074
2025-11-03 06:00:00,R3,38.6938239653892,111,2,Local,True,29.1,25.0,32.0,0.0,13.3,1012.9,0,0,59,6,0,0,0,0,0,1.0,6.123233995736766e-17
2025-11-03 07:00:00,R3,24.75226883290176,93,2,Local,True,29.1,25.0,32.0,0.0,13.3,1012.9,0,0,59,7,0,0,1,0,1,0.9659258262890683,-0.25881904510252063
2025-11-03 08:00:00,R3,20.95776797081517,88,2,Local,True,29.1,25.0,32.0,0.0,13.3,1012.9,0,0,59,8,0,0,1,0,1,0.8660254037844387,-0.4999999999999998
2025-11-03 09:00:00,R3,22.72556812058292,83,2,Local,True,29.1,25.0,32.0,0.0,13.3,1012.9,0,0,59,9,0,0,1,0,1,0.7071067811865476,-0.7071067811865475
2025-11-03 10:00:00,R3,20.62703846124573,102,2,Local,True,29.1,25.0,32.0,0.0,13.3,1012.9,0,0,59,10,0,0,1,0,1,0.49999999999999994,-0.8660254037844387
2025-11-03 11:00:00,R3,34.32238304262365,146,2,Local,True,29.1,25.0,32.0,0.0,13.3,1012.9,0,0,59,11,0,0,0,0,0,0.258819045102521,-0.9659258262890682
2025-11-03 12:00:00,R3,45.8011836577681,144,2,Local,True,29.1,25.0,32.0,0.0,13.3,1012.9,0,0,59,12,0,0,0,0,0,1.2246467991473532e-16,-1.0
2025-11-03 13:00:00,R3,43.32547865621365,149,2,Local,True,29.1,25.0,32.0,0.0,13.3,1012.9,0,0,59,13,0,0,0,0,0,-0.2588190451025208,-0.9659258262890683
2025-11-03 14:00:00,R3,34.82698726535,118,2,Local,True,29.1,25.0,32.0,0.0,13.3,1012.9,0,0,59,14,0,0,0,0,0,-0.4999999999999997,-0.8660254037844388
2025-11-03 15:00:00,R3,45.26744609555102,123,2,Local,True,29.1,25.0,32.0,0.0,13.3,1012.9,0,0,59,15,0,0,0,0,0,-0.7071067811865471,-0.7071067811865479
2025-11-03 16:00:00,R3,39.19567819785412,109,2,Local,True,29.1,25.0,32.0,0.0,13.3,1012.9,0,0,59,16,0,0,0,0,0,-0.8660254037844384,-0.5000000000000004
2025-11-03 17:00:00,R3,29.305607516647346,93,2,Local,True,29.1,25.0,32.0,0.0,13.3,1012.9,0,0,59,17,0,0,0,1,1,-0.9659258262890683,-0.25881904510252063
2025-11-03 18:00:00,R3,25.00394762650324,63,2,Local,True,29.1,25.0,32.0,0.0,13.3,1012.9,0,0,59,18,0,0,0,1,1,-1.0,-1.8369701987210297e-16
2025-11-03 19:00:00,R3,22.836487806533484,69,2,Local,True,29.1,25.0,32.0,0.0,13.3,1012.9,0,0,59,19,0,0,0,1,1,-0.9659258262890684,0.2588190451025203
2025-11-03 20:00:00,R3,18.76945072454932,79,2,Local,True,29.1,25.0,32.0,0.0,13.3,1012.9,0,0,59,20,0,0,0,1,1,-0.8660254037844386,0.5000000000000001
2025-11-03 21:00:00,R3,46.98109883406232,111,2,Local,True,29.1,25.0,32.0,0.0,13.3,1012.9,0,0,59,21,0,0,0,0,0,-0.7071067811865477,0.7071067811865474
2025-11-03 22:00:00,R3,42.12383167566389,115,2,Local,True,29.1,25.0,32.0,0.0,13.3,1012.9,0,0,59,22,0,0,0,0,0,-0.5000000000000004,0.8660254037844384
2025-11-03 23:00:00,R3,46.08930833109423,143,2,Local,True,29.1,25.0,32.0,0.0,13.3,1012.9,0,0,59,23,0,0,0,0,0,-0.25881904510252157,0.9659258262890681
2025-11-04 00:00:00,R3,44.23509852095644,118,2,Local,True,29.5,25.0,33.0,0.0,12.4,1013.6,0,0,59,0,1,0,0,0,0,0.0,1.0
2025-11-04 01:00:00,R3,38.38403719217225,139,2,Local,True,29.5,25.0,33.0,0.0,12.4,1013.6,0,0,59,1,1,0,0,0,0,0.25881904510252074,0.9659258262890683
2025-11-04 02:00:00,R3,33.687176693138895,111,2,Local,True,29.5,25.0,33.0,0.0,12.4,1013.6,0,0,59,2,1,0,0,0,0,0.49999999999999994,0.8660254037844387
2025-11-04 03:00:00,R3,33.70433296569472,142,2,Local,True,29.5,25.0,33.0,0.0,12.4,1013.6,0,0,59,3,1,0,0,0,0,0.7071067811865476,0.7071067811865476
2025-11-04 04:00:00,R3,45.7825600919705,147,2,Local,True,29.5,25.0,33.0,0.0,12.4,1013.6,0,0,59,4,1,0,0,0,0,0.8660254037844386,0.5000000000000001
2025-11-04 05:00:00,R3,42.6604379308448,103,2,Local,True,29.5,25.0,33.0,0.0,12.4,1013.6,0,0,59,5,1,0,0,0,0,0.9659258262890683,0.25881904510252074
2025-11-04 06:00:00,R3,46.37419511823335,140,2,Local,True,29.5,25.0,33.0,0.0,12.4,1013.6,0,0,59,6,1,0,0,0,0,1.0,6.123233995736766e-17
2025-11-04 07:00:00,R3,30.568783322362258,69,2,Local,True,29.5,25.0,33.0,0.0,12.4,1013.6,0,0,59,7,1,0,1,0,1,0.9659258262890683,-0.25881904510252063
2025-11-04 08:00:00,R3,24.86832648901636,88,2,Local,True,29.5,25.0,33.0,0.0,12.4,1013.6,0,0,59,8,1,0,1,0,1,0.8660254037844387,-0.4999999999999998
2025-11-04 09:00:00,R3,23.073289428847527,98,2,Local,True,29.5,25.0,33.0,0.0,12.4,1013.6,0,0,59,9,1,0,1,0,1,0.7071067811865476,-0.7071067811865475
2025-11-04 10:00:00,R3,22.23881718461555,79,2,Local,True,29.5,25.0,33.0,0.0,12.4,1013.6,0,0,59,10,1,0,1,0,1,0.49999999999999994,-0.8660254037844387
2025-11-04 11:00:00,R3,52.371938284153245,118,2,Local,True,29.5,25.0,33.0,0.0,12.4,1013.6,0,0,59,11,1,0,0,0,0,0.258819045102521,-0.9659258262890682
2025-11-04 12:00:00,R3,46.51029223151953,114,2,Local,True,29.5,25.0,33.0,0.0,12.4,1013.6,0,0,59,12,1,0,0,0,0,1.2246467991473532e-16,-1.0
2025-11-04 13:00:00,R3,39.82223840957706,114,2,Local,True,29.5,25.0,33.0,0.0,12.4,1013.6,0,0,59,13,1,0,0,0,0,-0.2588190451025208,-0.9659258262890683
2025-11-04 14:00:00,R3,35.932753857615864,148,2,Local,True,29.5,25.0,33.0,0.0,12.4,1013.6,0,0,59,14,1,0,0,0,0,-0.4999999999999997,-0.8660254037844388
2025-11-04 15:00:00,R3,40.69250371593089,148,2,Local,True,29.5,25.0,33.0,0.0,12.4,1013.6,0,0,59,15,1,0,0,0,0,-0.7071067811865471,-0.7071067811865479
2025-11-04 16:00:00,R3,35.45377704971257,116,2,Local,True,29.5,25.0,33.0,0.0,12.4,1013.6,0,0,59,16,1,0,0,0,0,-0.8660254037844384,-0.5000000000000004
2025-11-04 17:00:00,R3,12.620456640406143,68,2,Local,True,29.5,25.0,33.0,0.0,12.4,1013.6,0,0,59,17,1,0,0,1,1,-0.9659258262890683,-0.25881904510252063
2025-11-04 18:00:00,R3,18.71175120842325,98,2,Local,True,29.5,25.0,33.0,0.0,12.4,1013.6,0,0,59,18,1,0,0,1,1,-1.0,-1.8369701987210297e-16
2025-11-04 19:00:00,R3,20.928269341559933,86,2,Local,True,29.5,25.0,33.0,0.0,12.4,1013.6,0,0,59,19,1,0,0,1,1,-0.9659258262890684,0.2588190451025203
2025-11-04 20:00:00,R3,40.223562490219074,99,2,Local,True,29.5,25.0,33.0,0.0,12.4,1013.6,0,0,59,20,1,0,0,1,1,-0.8660254037844386,0.5000000000000001
2025-11-04 21:00:00,R3,44.85791548804466,132,2,Local,True,29.5,25.0,33.0,0.0,12.4,1013.6,0,0,59,21,1,0,0,0,0,-0.7071067811865477,0.7071067811865474
2025-11-04 22:00:00,R3,49.98436473672317,129,2,Local,True,29.5,25.0,33.0,0.0,12.4,1013.6,0,0,59,22,1,0,0,0,0,-0.5000000000000004,0.8660254037844384
2025-11-04 23:00:00,R3,38.25803991387245,111,2,Local,True,29.5,25.0,33.0,0.0,12.4,1013.6,0,0,59,23,1,0,0,0,0,-0.25881904510252157,0.9659258262890681
2025-11-05 00:00:00,R3,33.8651744977377,106,2,Local,True,29.7,26.0,33.0,0.0,12.2,1013.3,0,0,59,0,2,0,0,0,0,0.0,1.0
2025-11-05 01:00:00,R3,39.87360788750961,123,2,Local,True,29.7,26.0,33.0,0.0,12.2,1013.3,0,0,59,1,2,0,0,0,0,0.25881904510252074,0.9659258262890683
2025-11-05 02:00:00,R3,32.86365593345116,122,2,Local,True,29.7,26.0,33.0,0.0,12.2,1013.3,0,0,59,2,2,0,0,0,0,0.49999999999999994,0.8660254037844387
2025-11-05 03:00:00,R3,46.70789414946037,102,2,Local,True,29.7,26.0,33.0,0.0,12.2,1013.3,0,0,59,3,2,0,0,0,0,0.7071067811865476,0.7071067811865476
2025-11-05 04:00:00,R3,45.68400262304664,127,2,Local,True,29.7,26.0,33.0,0.0,12.2,1013.3,0,0,59,4,2,0,0,0,0,0.8660254037844386,0.5000000000000001
2025-11-05 05:00:00,R3,47.362096231668026,110,2,Local,True,29.7,26.0,33.0,0.0,12.2,1013.3,0,0,59,5,2,0,0,0,0,0.9659258262890683,0.25881904510252074
2025-11-05 06:00:00,R3,33.20251797348432,106,2,Local,True,29.7,26.0,33.0,0.0,12.2,1013.3,0,0,59,6,2,0,0,0,0,1.0,6.123233995736766e-17
2025-11-05 07:00:00,R3,27.591231772415785,84,2,Local,True,29.7,26.0,33.0,0.0,12.2,1013.3,0,0,59,7,2,0,1,0,1,0.9659258262890683,-0.25881904510252063
2025-11-05 08:00:00,R3,19.85053056079509,83,2,Local,True,29.7,26.0,33.0,0.0,12.2,1013.3,0,0,59,8,2,0,1,0,1,0.8660254037844387,-0.4999999999999998
2025-11-05 09:00:00,R3,21.2481629883433,76,2,Local,True,29.7,26.0,33.0,0.0,12.2,1013.3,0,0,59,9,2,0,1,0,1,0.7071067811865476,-0.7071067811865475
2025-11-05 10:00:00,R3,32.61181399496965,70,2,Local,True,29.7,26.0,33.0,0.0,12.2,1013.3,0,0,59,10,2,0,1,0,1,0.49999999999999994,-0.8660254037844387
2025-11-05 11:00:00,R3,36.82974995613028,144,2,Local,True,29.7,26.0,33.0,0.0,12.2,1013.3,0,0,59,11,2,0,0,0,0,0.258819045102521,-0.9659258262890682
2025-11-05 12:00:00,R3,39.46780689681186,135,2,Local,True,29.7,26.0,33.0,0.0,12.2,1013.3,0,0,59,12,2,0,0,0,0,1.2246467991473532e-16,-1.0
2025-11-05 13:00:00,R3,39.5981125148088,119,2,Local,True,29.7,26.0,33.0,0.0,12.2,1013.3,0,0,59,13,2,0,0,0,0,-0.2588190451025208,-0.9659258262890683
2025-11-05 14:00:00,R3,35.926060453964624,131,2,Local,True,29.7,26.0,33.0,0.0,12.2,1013.3,0,0,59,14,2,0,0,0,0,-0.4999999999999997,-0.8660254037844388
2025-11-05 15:00:00,R3,37.40555960492591,147,2,Local,True,29.7,26.0,33.0,0.0,12.2,1013.3,0,0,59,15,2,0,0,0,0,-0.7071067811865471,-0.7071067811865479
2025-11-05 16:00:00,R3,39.74161103918221,130,2,Local,True,29.7,26.0,33.0,0.0,12.2,1013.3,0,0,59,16,2,0,0,0,0,-0.8660254037844384,-0.5000000000000004
2025-11-05 17:00:00,R3,30.142325604435136,63,2,Local,True,29.7,26.0,33.0,0.0,12.2,1013.3,0,0,59,17,2,0,0,1,1,-0.9659258262890683,-0.25881904510252063
2025-11-05 18:00:00,R3,23.2030336128199,71,2,Local,True,29.7,26.0,33.0,0.0,12.2,1013.3,0,0,59,18,2,0,0,1,1,-1.0,-1.8369701987210297e-16
2025-11-05 19:00:00,R3,16.24467112519295,100,2,Local,True,29.7,26.0,33.0,0.0,12.2,1013.3,0,0,59,19,2,0,0,1,1,-0.9659258262890684,0.2588190451025203
2025-11-05 20:00:00,R3,24.383658762701145,81,2,Local,True,29.7,26.0,33.0,0.0,12.2,1013.3,0,0,59,20,2,0,0,1,1,-0.8660254037844386,0.5000000000000001
2025-11-05 21:00:00,R3,40.761229769286494,131,2,Local,True,29.7,26.0,33.0,0.0,12.2,1013.3,0,0,59,21,2,0,0,0,0,-0.7071067811865477,0.7071067811865474
2025-11-05 22:00:00,R3,30.73539917367028,110,2,Local,True,29.7,26.0,33.0,0.0,12.2,1013.3,0,0,59,22,2,0,0,0,0,-0.5000000000000004,0.8660254037844384
2025-11-05 23:00:00,R3,38.27649089745064,111,2,Local,True,29.7,26.0,33.0,0.0,12.2,1013.3,0,0,59,23,2,0,0,0,0,-0.25881904510252157,0.9659258262890681
2025-11-06 00:00:00,R3,43.8738176921319,108,2,Local,True,29.1,26.0,34.0,0.0,11.4,1013.0,0,0,59,0,3,0,0,0,0,0.0,1.0
2025-11-06 01:00:00,R3,31.16941239594848,100,2,Local,True,29.1,26.0,34.0,0.0,11.4,1013.0,0,0,59,1,3,0,0,0,0,0.25881904510252074,0.9659258262890683
2025-11-06 02:00:00,R3,35.88564769750585,137,2,Local,True,29.1,26.0,34.0,0.0,11.4,1013.0,0,0,59,2,3,0,0,0,0,0.49999999999999994,0.8660254037844387
2025-11-06 03:00:00,R3,33.610054212120446,108,2,Local,True,29.1,26.0,34.0,0.0,11.4,1013.0,0,0,59,3,3,0,0,0,0,0.7071067811865476,0.7071067811865476
2025-11-06 04:00:00,R3,55.09870983255927,141,2,Local,True,29.1,26.0,34.0,0.0,11.4,1013.0,0,0,59,4,3,0,0,0,0,0.8660254037844386,0.5000000000000001
2025-11-06 05:00:00,R3,49.33875962975437,118,2,Local,True,29.1,26.0,34.0,0.0,11.4,1013.0,0,0,59,5,3,0,0,0,0,0.9659258262890683,0.25881904510252074
2025-11-06 06:00:00,R3,39.794807743102346,112,2,Local,True,29.1,26.0,34.0,0.0,11.4,1013.0,0,0,59,6,3,0,0,0,0,1.0,6.123233995736766e-17
2025-11-06 07:00:00,R3,19.18572848427495,103,2,Local,True,29.1,26.0,34.0,0.0,11.4,1013.0,0,0,59,7,3,0,1,0,1,0.9659258262890683,-0.25881904510252063
2025-11-06 08:00:00,R3,25.634270168947022,76,2,Local,True,29.1,26.0,34.0,0.0,11.4,1013.0,0,0,59,8,3,0,1,0,1,0.8660254037844387,-0.4999999999999998
2025-11-06 09:00:00,R3,20.32056164024136,82,2,Local,True,29.1,26.0,34.0,0.0,11.4,1013.0,0,0,59,9,3,0,1,0,1,0.7071067811865476,-0.7071067811865475
2025-11-06 10:00:00,R3,32.32946038336277,67,2,Local,True,29.1,26.0,34.0,0.0,11.4,1013.0,0,0,59,10,3,0,1,0,1,0.49999999999999994,-0.8660254037844387
2025-11-06 11:00:00,R3,37.866833175704045,131,2,Local,True,29.1,26.0,34.0,0.0,11.4,1013.0,0,0,59,11,3,0,0,0,0,0.258819045102521,-0.9659258262890682
2025-11-06 12:00:00,R3,46.89091461981122,123,2,Local,True,29.1,26.0,34.0,0.0,11.4,1013.0,0,0,59,12,3,0,0,0,0,1.2246467991473532e-16,-1.0
2025-11-06 13:00:00,R3,42.30125814485024,106,2,Local,True,29.1,26.0,34.0,0.0,11.4,1013.0,0,0,59,13,3,0,0,0,0,-0.2588190451025208,-0.9659258262890683
2025-11-06 14:00:00,R3,45.21927625298772,137,2,Local,True,29.1,26.0,34.0,0.0,11.4,1013.0,0,0,59,14,3,0,0,0,0,-0.4999999999999997,-0.8660254037844388
2025-11-06 15:00:00,R3,47.20893048802498,104,2,Local,True,29.1,26.0,34.0,0.0,11.4,1013.0,0,0,59,15,3,0,0,0,0,-0.7071067811865471,-0.7071067811865479
2025-11-06 16:00:00,R3,33.223842703399626,126,2,Local,True,29.1,26.0,34.0,0.0,11.4,1013.0,0,0,59,16,3,0,0,0,0,-0.8660254037844384,-0.5000000000000004
2025-11-06 17:00:00,R3,26.075746521914983,108,2,Local,True,29.1,26.0,34.0,0.0,11.4,1013.0,0,0,59,17,3,0,0,1,1,-0.9659258262890683,-0.25881904510252063
2025-11-06 18:00:00,R3,20.95172179986701,76,2,Local,True,29.1,26.0,34.0,0.0,11.4,1013.0,0,0,59,18,3,0,0,1,1,-1.0,-1.8369701987210297e-16
2025-11-06 19:00:00,R3,18.72880441980334,101,2,Local,True,29.1,26.0,34.0,0.0,11.4,1013.0,0,0,59,19,3,0,0,1,1,-0.9659258262890684,0.2588190451025203
2025-11-06 20:00:00,R3,22.31282791939975,68,2,Local,True,29.1,26.0,34.0,0.0,11.4,1013.0,0,0,59,20,3,0,0,1,1,-0.8660254037844386,0.5000000000000001
2025-11-06 21:00:00,R3,41.17846663696948,149,2,Local,True,29.1,26.0,34.0,0.0,11.4,1013.0,0,0,59,21,3,0,0,0,0,-0.7071067811865477,0.7071067811865474
2025-11-06 22:00:00,R3,33.75187537452404,118,2,Local,True,29.1,26.0,34.0,0.0,11.4,1013.0,0,0,59,22,3,0,0,0,0,-0.5000000000000004,0.8660254037844384
2025-11-06 23:00:00,R3,44.20979609392748,132,2,Local,True,29.1,26.0,34.0,0.0,11.4,1013.0,0,0,59,23,3,0,0,0,0,-0.25881904510252157,0.9659258262890681
2025-11-07 00:00:00,R3,43.207216945704666,114,2,Local,True,27.9,24.0,32.0,0.0,11.0,1014.8,0,0,59,0,4,0,0,0,0,0.0,1.0
2025-11-07 01:00:00,R3,40.45829978138714,134,2,Local,True,27.9,24.0,32.0,0.0,11.0,1014.8,0,0,59,1,4,0,0,0,0,0.25881904510252074,0.9659258262890683
2025-11-07 02:00:00,R3,32.50136262159791,112,2,Local,True,27.9,24.0,32.0,0.0,11.0,1014.8,0,0,59,2,4,0,0,0,0,0.49999999999999994,0.8660254037844387
2025-11-07 03:00:00,R3,36.97452130000613,111,2,Local,True,27.9,24.0,32.0,0.0,11.0,1014.8,0,0,59,3,4,0,0,0,0,0.7071067811865476,0.7071067811865476
2025-11-07 04:00:00,R3,38.105260728687774,119,2,Local,True,27.9,24.0,32.0,0.0,11.0,1014.8,0,0,59,4,4,0,0,0,0,0.8660254037844386,0.5000000000000001
2025-11-07 05:00:00,R3,37.15147011124318,126,2,Local,True,27.9,24.0,32.0,0.0,11.0,1014.8,0,0,59,5,4,0,0,0,0,0.9659258262890683,0.25881904510252074
2025-11-07 06:00:00,R3,39.34438421011314,102,2,Local,True,27.9,24.0,32.0,0.0,11.0,1014.8,0,0,59,6,4,0,0,0,0,1.0,6.123233995736766e-17
2025-11-07 07:00:00,R3,21.567857446077618,102,2,Local,True,27.9,24.0,32.0,0.0,11.0,1014.8,0,0,59,7,4,0,1,0,1,0.9659258262890683,-0.25881904510252063
2025-11-07 08:00:00,R3,24.23725023720834,80,2,Local,True,27.9,24.0,32.0,0.0,11.0,1014.8,0,0,59,8,4,0,1,0,1,0.8660254037844387,-0.4999999999999998
2025-11-07 09:00:00,R3,31.42872739885856,86,2,Local,True,27.9,24.0,32.0,0.0,11.0,1014.8,0,0,59,9,4,0,1,0,1,0.7071067811865476,-0.7071067811865475
2025-11-07 10:00:00,R3,22.478344524817643,87,2,Local,True,27.9,24.0,32.0,0.0,11.0,1014.8,0,0,59,10,4,0,1,0,1,0.49999999999999994,-0.8660254037844387
2025-11-07 11:00:00,R3,42.69342090569398,137,2,Local,True,27.9,24.0,32.0,0.0,11.0,1014.8,0,0,59,11,4,0,0,0,0,0.258819045102521,-0.9659258262890682
2025-11-07 12:00:00,R3,38.67283928636415,125,2,Local,True,27.9,24.0,32.0,0.0,11.0,1014.8,0,0,59,12,4,0,0,0,0,1.2246467991473532e-16,-1.0
2025-11-07 13:00:00,R3,30.91966662742752,106,2,Local,True,27.9,24.0,32.0,0.0,11.0,1014.8,0,0,59,13,4,0,0,0,0,-0.2588190451025208,-0.9659258262890683
2025-11-07 14:00:00,R3,39.81674241308328,107,2,Local,True,27.9,24.0,32.0,0.0,11.0,1014.8,0,0,59,14,4,0,0,0,0,-0.4999999999999997,-0.8660254037844388
2025-11-07 15:00:00,R3,41.88816039589395,116,2,Local,True,27.9,24.0,32.0,0.0,11.0,1014.8,0,0,59,15,4,0,0,0,0,-0.7071067811865471,-0.7071067811865479
2025-11-07 16:00:00,R3,42.4713819576957,104,2,Local,True,27.9,24.0,32.0,0.0,11.0,1014.8,0,0,59,16,4,0,0,0,0,-0.8660254037844384,-0.5000000000000004
2025-11-07 17:00:00,R3,26.159955916582867,97,2,Local,True,27.9,24.0,32.0,0.0,11.0,1014.8,0,0,59,17,4,0,0,1,1,-0.9659258262890683,-0.25881904510252063
2025-11-07 18:00:00,R3,19.55325520235227,71,2,Local,True,27.9,24.0,32.0,0.0,11.0,1014.8,0,0,59,18,4,0,0,1,1,-1.0,-1.8369701987210297e-16
2025-11-07 19:00:00,R3,24.483726205013284,65,2,Local,True,27.9,24.0,32.0,0.0,11.0,1014.8,0,0,59,19,4,0,0,1,1,-0.9659258262890684,0.2588190451025203
2025-11-07 20:00:00,R3,20.348045080611456,101,2,Local,True,27.9,24.0,32.0,0.0,11.0,1014.8,0,0,59,20,4,0,0,1,1,-0.8660254037844386,0.5000000000000001
2025-11-07 21:00:00,R3,41.11414184804334,130,2,Local,True,27.9,24.0,32.0,0.0,11.0,1014.8,0,0,59,21,4,0,0,0,0,-0.7071067811865477,0.7071067811865474
2025-11-07 22:00:00,R3,39.354705974671646,149,2,Local,True,27.9,24.0,32.0,0.0,11.0,1014.8,0,0,59,22,4,0,0,0,0,-0.5000000000000004,0.8660254037844384
2025-11-07 23:00:00,R3,40.92297369072722,125,2,Local,True,27.9,24.0,32.0,0.0,11.0,1014.8,0,0,59,23,4,0,0,0,0,-0.25881904510252157,0.9659258262890681
2025-11-08 00:00:00,R3,43.95132496048891,112,2,Local,True,27.9,23.0,32.0,0.0,11.0,1016.7,0,0,59,0,5,1,0,0,0,0.0,1.0
2025-11-08 01:00:00,R3,40.679557676585205,118,2,Local,True,27.9,23.0,32.0,0.0,11.0,1016.7,0,0,59,1,5,1,0,0,0,0.25881904510252074,0.9659258262890683
2025-11-08 02:00:00,R3,44.48655768046761,138,2,Local,True,27.9,23.0,32.0,0.0,11.0,1016.7,0,0,59,2,5,1,0,0,0,0.49999999999999994,0.8660254037844387
2025-11-08 03:00:00,R3,44.1600577124373,105,2,Local,True,27.9,23.0,32.0,0.0,11.0,1016.7,0,0,59,3,5,1,0,0,0,0.7071067811865476,0.7071067811865476
2025-11-08 04:00:00,R3,38.61998432032029,112,2,Local,True,27.9,23.0,32.0,0.0,11.0,1016.7,0,0,59,4,5,1,0,0,0,0.8660254037844386,0.5000000000000001
2025-11-08 05:00:00,R3,45.78411961490036,110,2,Local,True,27.9,23.0,32.0,0.0,11.0,1016.7,0,0,59,5,5,1,0,0,0,0.9659258262890683,0.25881904510252074
2025-11-08 06:00:00,R3,40.33544705058295,112,2,Local,True,27.9,23.0,32.0,0.0,11.0,1016.7,0,0,59,6,5,1,0,0,0,1.0,6.123233995736766e-17
2025-11-08 07:00:00,R3,28.1467553086171,104,2,Local,True,27.9,23.0,32.0,0.0,11.0,1016.7,0,0,59,7,5,1,1,0,1,0.9659258262890683,-0.25881904510252063
2025-11-08 08:00:00,R3,15.19684333320746,105,2,Local,True,27.9,23.0,32.0,0.0,11.0,1016.7,0,0,59,8,5,1,1,0,1,0.8660254037844387,-0.4999999999999998
2025-11-08 09:00:00,R3,27.14988708800658,77,2,Local,True,27.9,23.0,32.0,0.0,11.0,1016.7,0,0,59,9,5,1,1,0,1,0.7071067811865476,-0.7071067811865475
2025-11-08 10:00:00,R3,17.98191765556083,80,2,Local,True,27.9,23.0,32.0,0.0,11.0,1016.7,0,0,59,10,5,1,1,0,1,0.49999999999999994,-0.8660254037844387
2025-11-08 11:00:00,R3,37.01287426601341,137,2,Local,True,27.9,23.0,32.0,0.0,11.0,1016.7,0,0,59,11,5,1,0,0,0,0.258819045102521,-0.9659258262890682
2025-11-08 12:00:00,R3,50.09432320791498,112,2,Local,True,27.9,23.0,32.0,0.0,11.0,1016.7,0,0,59,12,5,1,0,0,0,1.2246467991473532e-16,-1.0
2025-11-08 13:00:00,R3,43.73766984901058,126,2,Local,True,27.9,23.0,32.0,0.0,11.0,1016.7,0,0,59,13,5,1,0,0,0,-0.2588190451025208,-0.9659258262890683
2025-11-08 14:00:00,R3,41.56124528322415,127,2,Local,True,27.9,23.0,32.0,0.0,11.0,1016.7,0,0,59,14,5,1,0,0,0,-0.4999999999999997,-0.8660254037844388
2025-11-08 15:00:00,R3,36.751084971210105,147,2,Local,True,27.9,23.0,32.0,0.0,11.0,1016.7,0,0,59,15,5,1,0,0,0,-0.7071067811865471,-0.7071067811865479
2025-11-08 16:00:00,R3,46.25363495741015,118,2,Local,True,27.9,23.0,32.0,0.0,11.0,1016.7,0,0,59,16,5,1,0,0,0,-0.8660254037844384,-0.5000000000000004
2025-11-08 17:00:00,R3,31.560626152089707,88,2,Local,True,27.9,23.0,32.0,0.0,11.0,1016.7,0,0,59,17,5,1,0,1,1,-0.9659258262890683,-0.25881904510252063
2025-11-08 18:00:00,R3,20.703931520906927,102,2,Local,True,27.9,23.0,32.0,0.0,11.0,1016.7,0,0,59,18,5,1,0,1,1,-1.0,-1.8369701987210297e-16
2025-11-08 19:00:00,R3,22.43725126934053,85,2,Local,True,27.9,23.0,32.0,0.0,11.0,1016.7,0,0,59,19,5,1,0,1,1,-0.9659258262890684,0.2588190451025203
2025-11-08 20:00:00,R3,24.022994335861743,102,2,Local,True,27.9,23.0,32.0,0.0,11.0,1016.7,0,0,59,20,5,1,0,1,1,-0.8660254037844386,0.5000000000000001
2025-11-08 21:00:00,R3,44.057277801584135,114,2,Local,True,27.9,23.0,32.0,0.0,11.0,1016.7,0,0,59,21,5,1,0,0,0,-0.7071067811865477,0.7071067811865474
2025-11-08 22:00:00,R3,34.0161945372237,146,2,Local,True,27.9,23.0,32.0,0.0,11.0,1016.7,0,0,59,22,5,1,0,0,0,-0.5000000000000004,0.8660254037844384
2025-11-08 23:00:00,R3,42.09569052391223,117,2,Local,True,27.9,23.0,32.0,0.0,11.0,1016.7,0,0,59,23,5,1,0,0,0,-0.25881904510252157,0.9659258262890681
2025-11-09 00:00:00,R3,31.307252555992804,103,2,Local,True,28.2,24.0,31.0,0.0,12.7,1016.2,0,0,59,0,6,1,0,0,0,0.0,1.0
2025-11-09 01:00:00,R3,41.35927061862975,110,2,Local,True,28.2,24.0,31.0,0.0,12.7,1016.2,0,0,59,1,6,1,0,0,0,0.25881904510252074,0.9659258262890683
2025-11-09 02:00:00,R3,38.23699849722652,111,2,Local,True,28.2,24.0,31.0,0.0,12.7,1016.2,0,0,59,2,6,1,0,0,0,0.49999999999999994,0.8660254037844387
2025-11-09 03:00:00,R3,35.12565946997584,125,2,Local,True,28.2,24.0,31.0,0.0,12.7,1016.2,0,0,59,3,6,1,0,0,0,0.7071067811865476,0.7071067811865476
2025-11-09 04:00:00,R3,27.52493790734986,123,2,Local,True,28.2,24.0,31.0,0.0,12.7,1016.2,0,0,59,4,6,1,0,0,0,0.8660254037844386,0.5000000000000001
2025-11-09 05:00:00,R3,46.09798591694816,115,2,Local,True,28.2,24.0,31.0,0.0,12.7,1016.2,0,0,59,5,6,1,0,0,0,0.9659258262890683,0.25881904510252074
2025-11-09 06:00:00,R3,42.35463724605471,133,2,Local,True,28.2,24.0,31.0,0.0,12.7,1016.2,0,0,59,6,6,1,0,0,0,1.0,6.123233995736766e-17
2025-11-09 07:00:00,R3,21.69174212346932,78,2,Local,True,28.2,24.0,31.0,0.0,12.7,1016.2,0,0,59,7,6,1,1,0,1,0.9659258262890683,-0.25881904510252063
2025-11-09 08:00:00,R3,19.740613640051777,61,2,Local,True,28.2,24.0,31.0,0.0,12.7,1016.2,0,0,59,8,6,1,1,0,1,0.8660254037844387,-0.4999999999999998
2025-11-09 09:00:00,R3,14.084732687267175,75,2,Local,True,28.2,24.0,31.0,0.0,12.7,1016.2,0,0,59,9,6,1,1,0,1,0.7071067811865476,-0.7071067811865475
2025-11-09 10:00:00,R3,29.48032177146029,93,2,Local,True,28.2,24.0,31.0,0.0,12.7,1016.2,0,0,59,10,6,1,1,0,1,0.49999999999999994,-0.8660254037844387
2025-11-09 11:00:00,R3,45.80498395695699,140,2,Local,True,28.2,24.0,31.0,0.0,12.7,1016.2,0,0,59,11,6,1,0,0,0,0.258819045102521,-0.9659258262890682
2025-11-09 12:00:00,R3,34.487426233846335,103,2,Local,True,28.2,24.0,31.0,0.0,12.7,1016.2,0,0,59,12,6,1,0,0,0,1.2246467991473532e-16,-1.0
2025-11-09 13:00:00,R3,48.77425274260577,136,2,Local,True,28.2,24.0,31.0,0.0,12.7,1016.2,0,0,59,13,6,1,0,0,0,-0.2588190451025208,-0.9659258262890683
2025-11-09 14:00:00,R3,42.39340074610299,139,2,Local,True,28.2,24.0,31.0,0.0,12.7,1016.2,0,0,59,14,6,1,0,0,0,-0.4999999999999997,-0.8660254037844388
2025-11-09 15:00:00,R3,42.8333952615405,138,2,Local,True,28.2,24.0,31.0,0.0,12.7,1016.2,0,0,59,15,6,1,0,0,0,-0.7071067811865471,-0.7071067811865479
2025-11-09 16:00:00,R3,44.5084650789321,127,2,Local,True,28.2,24.0,31.0,0.0,12.7,1016.2,0,0,59,16,6,1,0,0,0,-0.8660254037844384,-0.5000000000000004
2025-11-09 17:00:00,R3,24.36512605100009,89,2,Local,True,28.2,24.0,31.0,0.0,12.7,1016.2,0,0,59,17,6,1,0,1,1,-0.9659258262890683,-0.25881904510252063
2025-11-09 18:00:00,R3,23.90784403819081,106,2,Local,True,28.2,24.0,31.0,0.0,12.7,1016.2,0,0,59,18,6,1,0,1,1,-1.0,-1.8369701987210297e-16
2025-11-09 19:00:00,R3,26.41122645133825,64,2,Local,True,28.2,24.0,31.0,0.0,12.7,1016.2,0,0,59,19,6,1,0,1,1,-0.9659258262890684,0.2588190451025203
2025-11-09 20:00:00,R3,26.334790386365544,88,2,Local,True,28.2,24.0,31.0,0.0,12.7,1016.2,0,0,59,20,6,1,0,1,1,-0.8660254037844386,0.5000000000000001
2025-11-09 21:00:00,R3,37.43278196537717,145,2,Local,True,28.2,24.0,31.0,0.0,12.7,1016.2,0,0,59,21,6,1,0,0,0,-0.7071067811865477,0.7071067811865474
2025-11-09 22:00:00,R3,36.8411713570588,118,2,Local,True,28.2,24.0,31.0,0.0,12.7,1016.2,0,0,59,22,6,1,0,0,0,-0.5000000000000004,0.8660254037844384
2025-11-09 23:00:00,R3,39.749749928753744,119,2,Local,True,28.2,24.0,31.0,0.0,12.7,1016.2,0,0,59,23,6,1,0,0,0,-0.25881904510252157,0.9659258262890681
2025-11-10 00:00:00,R3,40.54195364879494,140,2,Local,True,27.9,24.0,31.0,0.0,10.4,1014.8,0,0,59,0,0,0,0,0,0,0.0,1.0
2025-11-10 01:00:00,R3,41.25772050387751,120,2,Local,True,27.9,24.0,31.0,0.0,10.4,1014.8,0,0,59,1,0,0,0,0,0,0.25881904510252074,0.9659258262890683
2025-11-10 02:00:00,R3,36.48879981811423,136,2,Local,True,27.9,24.0,31.0,0.0,10.4,1014.8,0,0,59,2,0,0,0,0,0,0.49999999999999994,0.8660254037844387
2025-11-10 03:00:00,R3,42.47722636608862,149,2,Local,True,27.9,24.0,31.0,0.0,10.4,1014.8,0,0,59,3,0,0,0,0,0,0.7071067811865476,0.7071067811865476
2025-11-10 04:00:00,R3,44.270741920656654,149,2,Local,True,27.9,24.0,31.0,0.0,10.4,1014.8,0,0,59,4,0,0,0,0,0,0.8660254037844386,0.5000000000000001
2025-11-10 05:00:00,R3,32.47028888169584,126,2,Local,True,27.9,24.0,31.0,0.0,10.4,1014.8,0,0,59,5,0,0,0,0,0,0.9659258262890683,0.25881904510252074
2025-11-10 06:00:00,R3,43.10711028629013,112,2,Local,True,27.9,24.0,31.0,0.0,10.4,1014.8,0,0,59,6,0,0,0,0,0,1.0,6.123233995736766e-17
2025-11-10 07:00:00,R3,34.493447713581034,96,2,Local,True,27.9,24.0,31.0,0.0,10.4,1014.8,0,0,59,7,0,0,1,0,1,0.9659258262890683,-0.25881904510252063
2025-11-10 08:00:00,R3,19.151713363330337,92,2,Local,True,27.9,24.0,31.0,0.0,10.4,1014.8,0,0,59,8,0,0,1,0,1,0.8660254037844387,-0.4999999999999998
2025-11-10 09:00:00,R3,31.37501761345613,105,2,Local,True,27.9,24.0,31.0,0.0,10.4,1014.8,0,0,59,9,0,0,1,0,1,0.7071067811865476,-0.7071067811865475
2025-11-10 10:00:00,R3,27.679986463748016,86,2,Local,True,27.9,24.0,31.0,0.0,10.4,1014.8,0,0,59,10,0,0,1,0,1,0.49999999999999994,-0.8660254037844387
2025-11-10 11:00:00,R3,40.3452742165097,114,2,Local,True,27.9,24.0,31.0,0.0,10.4,1014.8,0,0,59,11,0,0,0,0,0,0.258819045102521,-0.9659258262890682
2025-11-10 12:00:00,R3,37.8079538242777,142,2,Local,True,27.9,24.0,31.0,0.0,10.4,1014.8,0,0,59,12,0,0,0,0,0,1.2246467991473532e-16,-1.0
2025-11-10 13:00:00,R3,46.2082228890004,134,2,Local,True,27.9,24.0,31.0,0.0,10.4,1014.8,0,0,59,13,0,0,0,0,0,-0.2588190451025208,-0.9659258262890683
2025-11-10 14:00:00,R3,44.80588285453089,108,2,Local,True,27.9,24.0,31.0,0.0,10.4,1014.8,0,0,59,14,0,0,0,0,0,-0.4999999999999997,-0.8660254037844388
2025-11-10 15:00:00,R3,38.4568463038104,115,2,Local,True,27.9,24.0,31.0,0.0,10.4,1014.8,0,0,59,15,0,0,0,0,0,-0.7071067811865471,-0.7071067811865479
2025-11-10 16:00:00,R3,43.84506738675852,101,2,Local,True,27.9,24.0,31.0,0.0,10.4,1014.8,0,0,59,16,0,0,0,0,0,-0.8660254037844384,-0.5000000000000004
2025-11-10 17:00:00,R3,14.695847436242827,75,2,Local,True,27.9,24.0,31.0,0.0,10.4,1014.8,0,0,59,17,0,0,0,1,1,-0.9659258262890683,-0.25881904510252063
2025-11-10 18:00:00,R3,27.4673412615962,99,2,Local,True,27.9,24.0,31.0,0.0,10.4,1014.8,0,0,59,18,0,0,0,1,1,-1.0,-1.8369701987210297e-16
2025-11-10 19:00:00,R3,26.52545944710247,60,2,Local,True,27.9,24.0,31.0,0.0,10.4,1014.8,0,0,59,19,0,0,0,1,1,-0.9659258262890684,0.2588190451025203
2025-11-10 20:00:00,R3,20.22057872488549,94,2,Local,True,27.9,24.0,31.0,0.0,10.4,1014.8,0,0,59,20,0,0,0,1,1,-0.8660254037844386,0.5000000000000001
2025-11-10 21:00:00,R3,38.85440360506315,134,2,Local,True,27.9,24.0,31.0,0.0,10.4,1014.8,0,0,59,21,0,0,0,0,0,-0.7071067811865477,0.7071067811865474
2025-11-10 22:00:00,R3,40.44704852843103,107,2,Local,True,27.9,24.0,31.0,0.0,10.4,1014.8,0,0,59,22,0,0,0,0,0,-0.5000000000000004,0.8660254037844384
2025-11-10 23:00:00,R3,36.75119246342879,146,2,Local,True,27.9,24.0,31.0,0.0,10.4,1014.8,0,0,59,23,0,0,0,0,0,-0.25881904510252157,0.9659258262890681
2025-11-11 00:00:00,R3,42.05872174374211,145,2,Local,True,27.7,24.0,31.0,0.0,10.9,1014.8,0,0,59,0,1,0,0,0,0,0.0,1.0
2025-11-11 01:00:00,R3,40.85729381980354,128,2,Local,True,27.7,24.0,31.0,0.0,10.9,1014.8,0,0,59,1,1,0,0,0,0,0.25881904510252074,0.9659258262890683
2025-11-11 02:00:00,R3,44.449247509931176,100,2,Local,True,27.7,24.0,31.0,0.0,10.9,1014.8,0,0,59,2,1,0,0,0,0,0.49999999999999994,0.8660254037844387
2025-11-11 03:00:00,R3,33.99659113647509,137,2,Local,True,27.7,24.0,31.0,0.0,10.9,1014.8,0,0,59,3,1,0,0,0,0,0.7071067811865476,0.7071067811865476
2025-11-11 04:00:00,R3,47.54647654912797,102,2,Local,True,27.7,24.0,31.0,0.0,10.9,1014.8,0,0,59,4,1,0,0,0,0,0.8660254037844386,0.5000000000000001
2025-11-11 05:00:00,R3,36.55410004770281,126,2,Local,True,27.7,24.0,31.0,0.0,10.9,1014.8,0,0,59,5,1,0,0,0,0,0.9659258262890683,0.25881904510252074
2025-11-11 06:00:00,R3,37.90328376244795,114,2,Local,True,27.7,24.0,31.0,0.0,10.9,1014.8,0,0,59,6,1,0,0,0,0,1.0,6.123233995736766e-17
2025-11-11 07:00:00,R3,22.574335778484745,95,2,Local,True,27.7,24.0,31.0,0.0,10.9,1014.8,0,0,59,7,1,0,1,0,1,0.9659258262890683,-0.25881904510252063
2025-11-11 08:00:00,R3,20.896939668544288,62,2,Local,True,27.7,24.0,31.0,0.0,10.9,1014.8,0,0,59,8,1,0,1,0,1,0.8660254037844387,-0.4999999999999998
2025-11-11 09:00:00,R3,20.326331914109467,68,2,Local,True,27.7,24.0,31.0,0.0,10.9,1014.8,0,0,59,9,1,0,1,0,1,0.7071067811865476,-0.7071067811865475
2025-11-11 10:00:00,R3,24.976864099665733,76,2,Local,True,27.7,24.0,31.0,0.0,10.9,1014.8,0,0,59,10,1,0,1,0,1,0.49999999999999994,-0.8660254037844387
2025-11-11 11:00:00,R3,40.87591665334846,130,2,Local,True,27.7,24.0,31.0,0.0,10.9,1014.8,0,0,59,11,1,0,0,0,0,0.258819045102521,-0.9659258262890682
2025-11-11 12:00:00,R3,44.34077057568444,110,2,Local,True,27.7,24.0,31.0,0.0,10.9,1014.8,0,0,59,12,1,0,0,0,0,1.2246467991473532e-16,-1.0
2025-11-11 13:00:00,R3,44.14330183002045,125,2,Local,True,27.7,24.0,31.0,0.0,10.9,1014.8,0,0,59,13,1,0,0,0,0,-0.2588190451025208,-0.9659258262890683
2025-11-11 14:00:00,R3,36.23871370450361,125,2,Local,True,27.7,24.0,31.0,0.0,10.9,1014.8,0,0,59,14,1,0,0,0,0,-0.4999999999999997,-0.8660254037844388
2025-11-11 15:00:00,R3,48.50198374481442,132,2,Local,True,27.7,24.0,31.0,0.0,10.9,1014.8,0,0,59,15,1,0,0,0,0,-0.7071067811865471,-0.7071067811865479
2025-11-11 16:00:00,R3,39.75952888982216,142,2,Local,True,27.7,24.0,31.0,0.0,10.9,1014.8,0,0,59,16,1,0,0,0,0,-0.8660254037844384,-0.5000000000000004
2025-11-11 17:00:00,R3,15.460228767634366,92,2,Local,True,27.7,24.0,31.0,0.0,10.9,1014.8,0,0,59,17,1,0,0,1,1,-0.9659258262890683,-0.25881904510252063
2025-11-11 18:00:00,R3,22.288262402505897,97,2,Local,True,27.7,24.0,31.0,0.0,10.9,1014.8,0,0,59,18,1,0,0,1,1,-1.0,-1.8369701987210297e-16
2025-11-11 19:00:00,R3,24.98530445805565,80,2,Local,True,27.7,24.0,31.0,0.0,10.9,1014.8,0,0,59,19,1,0,0,1,1,-0.9659258262890684,0.2588190451025203
2025-11-11 20:00:00,R3,20.384380830155504,88,2,Local,True,27.7,24.0,31.0,0.0,10.9,1014.8,0,0,59,20,1,0,0,1,1,-0.8660254037844386,0.5000000000000001
2025-11-11 21:00:00,R3,45.66472271648212,107,2,Local,True,27.7,24.0,31.0,0.0,10.9,1014.8,0,0,59,21,1,0,0,0,0,-0.7071067811865477,0.7071067811865474
2025-11-11 22:00:00,R3,40.83291861971763,107,2,Local,True,27.7,24.0,31.0,0.0,10.9,1014.8,0,0,59,22,1,0,0,0,0,-0.5000000000000004,0.8660254037844384
2025-11-11 23:00:00,R3,45.76972229807141,146,2,Local,True,27.7,24.0,31.0,0.0,10.9,1014.8,0,0,59,23,1,0,0,0,0,-0.25881904510252157,0.9659258262890681
2025-11-12 00:00:00,R3,52.64782823450091,105,2,Local,True,27.9,23.0,33.0,0.0,10.5,1016.3,0,0,59,0,2,0,0,0,0,0.0,1.0
2025-11-12 01:00:00,R3,35.503871152389706,134,2,Local,True,27.9,23.0,33.0,0.0,10.5,1016.3,0,0,59,1,2,0,0,0,0,0.25881904510252074,0.9659258262890683
2025-11-12 02:00:00,R3,35.093782070525144,139,2,Local,True,27.9,23.0,33.0,0.0,10.5,1016.3,0,0,59,2,2,0,0,0,0,0.49999999999999994,0.8660254037844387
2025-11-12 03:00:00,R3,28.395321312781263,119,2,Local,True,27.9,23.0,33.0,0.0,10.5,1016.3,0,0,59,3,2,0,0,0,0,0.7071067811865476,0.7071067811865476
2025-11-12 04:00:00,R3,35.234482743696184,124,2,Local,True,27.9,23.0,33.0,0.0,10.5,1016.3,0,0,59,4,2,0,0,0,0,0.8660254037844386,0.5000000000000001
2025-11-12 05:00:00,R3,34.58164784256146,125,2,Local,True,27.9,23.0,33.0,0.0,10.5,1016.3,0,0,59,5,2,0,0,0,0,0.9659258262890683,0.25881904510252074
2025-11-12 06:00:00,R3,41.3885009921981,144,2,Local,True,27.9,23.0,33.0,0.0,10.5,1016.3,0,0,59,6,2,0,0,0,0,1.0,6.123233995736766e-17
2025-11-12 07:00:00,R3,22.522569920041366,75,2,Local,True,27.9,23.0,33.0,0.0,10.5,1016.3,0,0,59,7,2,0,1,0,1,0.9659258262890683,-0.25881904510252063
2025-11-12 08:00:00,R3,22.22692085995113,90,2,Local,True,27.9,23.0,33.0,0.0,10.5,1016.3,0,0,59,8,2,0,1,0,1,0.8660254037844387,-0.4999999999999998
2025-11-12 09:00:00,R3,24.388829969498868,107,2,Local,True,27.9,23.0,33.0,0.0,10.5,1016.3,0,0,59,9,2,0,1,0,1,0.7071067811865476,-0.7071067811865475
2025-11-12 10:00:00,R3,24.43808281095312,105,2,Local,True,27.9,23.0,33.0,0.0,10.5,1016.3,0,0,59,10,2,0,1,0,1,0.49999999999999994,-0.8660254037844387
2025-11-12 11:00:00,R3,37.31563417545038,127,2,Local,True,27.9,23.0,33.0,0.0,10.5,1016.3,0,0,59,11,2,0,0,0,0,0.258819045102521,-0.9659258262890682
2025-11-12 12:00:00,R3,39.561781896014,108,2,Local,True,27.9,23.0,33.0,0.0,10.5,1016.3,0,0,59,12,2,0,0,0,0,1.2246467991473532e-16,-1.0
2025-11-12 13:00:00,R3,40.29342087714359,113,2,Local,True,27.9,23.0,33.0,0.0,10.5,1016.3,0,0,59,13,2,0,0,0,0,-0.2588190451025208,-0.9659258262890683
2025-11-12 14:00:00,R3,41.02511924522697,133,2,Local,True,27.9,23.0,33.0,0.0,10.5,1016.3,0,0,59,14,2,0,0,0,0,-0.4999999999999997,-0.8660254037844388
2025-11-12 15:00:00,R3,40.03755109639533,104,2,Local,True,27.9,23.0,33.0,0.0,10.5,1016.3,0,0,59,15,2,0,0,0,0,-0.7071067811865471,-0.7071067811865479
2025-11-12 16:00:00,R3,36.9004730473311,149,2,Local,True,27.9,23.0,33.0,0.0,10.5,1016.3,0,0,59,16,2,0,0,0,0,-0.8660254037844384,-0.5000000000000004
2025-11-12 17:00:00,R3,29.82322183217927,74,2,Local,True,27.9,23.0,33.0,0.0,10.5,1016.3,0,0,59,17,2,0,0,1,1,-0.9659258262890683,-0.25881904510252063
2025-11-12 18:00:00,R3,18.85393152614408,68,2,Local,True,27.9,23.0,33.0,0.0,10.5,1016.3,0,0,59,18,2,0,0,1,1,-1.0,-1.8369701987210297e-16
2025-11-12 19:00:00,R3,31.51140188250276,66,2,Local,True,27.9,23.0,33.0,0.0,10.5,1016.3,0,0,59,19,2,0,0,1,1,-0.9659258262890684,0.2588190451025203
2025-11-12 20:00:00,R3,20.38972299703112,98,2,Local,True,27.9,23.0,33.0,0.0,10.5,1016.3,0,0,59,20,2,0,0,1,1,-0.8660254037844386,0.5000000000000001
2025-11-12 21:00:00,R3,44.31412326579635,146,2,Local,True,27.9,23.0,33.0,0.0,10.5,1016.3,0,0,59,21,2,0,0,0,0,-0.7071067811865477,0.7071067811865474
2025-11-12 22:00:00,R3,35.06925911681339,121,2,Local,True,27.9,23.0,33.0,0.0,10.5,1016.3,0,0,59,22,2,0,0,0,0,-0.5000000000000004,0.8660254037844384
2025-11-12 23:00:00,R3,36.065256848562846,119,2,Local,True,27.9,23.0,33.0,0.0,10.5,1016.3,0,0,59,23,2,0,0,0,0,-0.25881904510252157,0.9659258262890681
2025-11-13 00:00:00,R3,42.02211290558053,127,2,Local,True,27.6,23.0,31.0,0.0,11.5,1017.7,0,0,59,0,3,0,0,0,0,0.0,1.0
2025-11-13 01:00:00,R3,34.68033902157881,128,2,Local,True,27.6,23.0,31.0,0.0,11.5,1017.7,0,0,59,1,3,0,0,0,0,0.25881904510252074,0.9659258262890683
2025-11-13 02:00:00,R3,38.97558369783131,141,2,Local,True,27.6,23.0,31.0,0.0,11.5,1017.7,0,0,59,2,3,0,0,0,0,0.49999999999999994,0.8660254037844387
2025-11-13 03:00:00,R3,34.791988262067505,122,2,Local,True,27.6,23.0,31.0,0.0,11.5,1017.7,0,0,59,3,3,0,0,0,0,0.7071067811865476,0.7071067811865476
2025-11-13 04:00:00,R3,42.89751557384789,100,2,Local,True,27.6,23.0,31.0,0.0,11.5,1017.7,0,0,59,4,3,0,0,0,0,0.8660254037844386,0.5000000000000001
2025-11-13 05:00:00,R3,42.23592783672117,114,2,Local,True,27.6,23.0,31.0,0.0,11.5,1017.7,0,0,59,5,3,0,0,0,0,0.9659258262890683,0.25881904510252074
2025-11-13 06:00:00,R3,46.68848131648715,128,2,Local,True,27.6,23.0,31.0,0.0,11.5,1017.7,0,0,59,6,3,0,0,0,0,1.0,6.123233995736766e-17
2025-11-13 07:00:00,R3,27.805854002396195,75,2,Local,True,27.6,23.0,31.0,0.0,11.5,1017.7,0,0,59,7,3,0,1,0,1,0.9659258262890683,-0.25881904510252063
2025-11-13 08:00:00,R3,21.93494080312345,64,2,Local,True,27.6,23.0,31.0,0.0,11.5,1017.7,0,0,59,8,3,0,1,0,1,0.8660254037844387,-0.4999999999999998
2025-11-13 09:00:00,R3,35.01530105794119,72,2,Local,True,27.6,23.0,31.0,0.0,11.5,1017.7,0,0,59,9,3,0,1,0,1,0.7071067811865476,-0.7071067811865475
2025-11-13 10:00:00,R3,24.262633214351105,65,2,Local,True,27.6,23.0,31.0,0.0,11.5,1017.7,0,0,59,10,3,0,1,0,1,0.49999999999999994,-0.8660254037844387
2025-11-13 11:00:00,R3,44.80838194018982,142,2,Local,True,27.6,23.0,31.0,0.0,11.5,1017.7,0,0,59,11,3,0,0,0,0,0.258819045102521,-0.9659258262890682
2025-11-13 12:00:00,R3,41.69546513835122,148,2,Local,True,27.6,23.0,31.0,0.0,11.5,1017.7,0,0,59,12,3,0,0,0,0,1.2246467991473532e-16,-1.0
2025-11-13 13:00:00,R3,35.66758379262253,106,2,Local,True,27.6,23.0,31.0,0.0,11.5,1017.7,0,0,59,13,3,0,0,0,0,-0.2588190451025208,-0.9659258262890683
2025-11-13 14:00:00,R3,56.31871197638186,118,2,Local,True,27.6,23.0,31.0,0.0,11.5,1017.7,0,0,59,14,3,0,0,0,0,-0.4999999999999997,-0.8660254037844388
2025-11-13 15:00:00,R3,47.87965692553749,139,2,Local,True,27.6,23.0,31.0,0.0,11.5,1017.7,0,0,59,15,3,0,0,0,0,-0.7071067811865471,-0.7071067811865479
2025-11-13 16:00:00,R3,46.74527875411916,141,2,Local,True,27.6,23.0,31.0,0.0,11.5,1017.7,0,0,59,16,3,0,0,0,0,-0.8660254037844384,-0.5000000000000004
2025-11-13 17:00:00,R3,19.10230712597085,71,2,Local,True,27.6,23.0,31.0,0.0,11.5,1017.7,0,0,59,17,3,0,0,1,1,-0.9659258262890683,-0.25881904510252063
2025-11-13 18:00:00,R3,25.127608306162312,65,2,Local,True,27.6,23.0,31.0,0.0,11.5,1017.7,0,0,59,18,3,0,0,1,1,-1.0,-1.8369701987210297e-16
2025-11-13 19:00:00,R3,25.32558196131773,68,2,Local,True,27.6,23.0,31.0,0.0,11.5,1017.7,0,0,59,19,3,0,0,1,1,-0.9659258262890684,0.2588190451025203
2025-11-13 20:00:00,R3,30.13550812617421,66,2,Local,True,27.6,23.0,31.0,0.0,11.5,1017.7,0,0,59,20,3,0,0,1,1,-0.8660254037844386,0.5000000000000001
2025-11-13 21:00:00,R3,40.52617215827807,129,2,Local,True,27.6,23.0,31.0,0.0,11.5,1017.7,0,0,59,21,3,0,0,0,0,-0.7071067811865477,0.7071067811865474
2025-11-13 22:00:00,R3,45.80158797146568,121,2,Local,True,27.6,23.0,31.0,0.0,11.5,1017.7,0,0,59,22,3,0,0,0,0,-0.5000000000000004,0.8660254037844384
2025-11-13 23:00:00,R3,45.2231049638803,112,2,Local,True,27.6,23.0,31.0,0.0,11.5,1017.7,0,0,59,23,3,0,0,0,0,-0.25881904510252157,0.9659258262890681
2025-11-14 00:00:00,R3,29.78710811268972,135,2,Local,True,27.4,23.0,31.0,0.0,11.5,1017.0,0,0,59,0,4,0,0,0,0,0.0,1.0
2025-11-14 01:00:00,R3,28.48361695970525,109,2,Local,True,27.4,23.0,31.0,0.0,11.5,1017.0,0,0,59,1,4,0,0,0,0,0.25881904510252074,0.9659258262890683
2025-11-14 02:00:00,R3,38.49602086151136,115,2,Local,True,27.4,23.0,31.0,0.0,11.5,1017.0,0,0,59,2,4,0,0,0,0,0.49999999999999994,0.8660254037844387
2025-11-14 03:00:00,R3,42.5103243841756,129,2,Local,True,27.4,23.0,31.0,0.0,11.5,1017.0,0,0,59,3,4,0,0,0,0,0.7071067811865476,0.7071067811865476
2025-11-14 04:00:00,R3,40.44244962492015,101,2,Local,True,27.4,23.0,31.0,0.0,11.5,1017.0,0,0,59,4,4,0,0,0,0,0.8660254037844386,0.5000000000000001
2025-11-14 05:00:00,R3,44.297812054120975,113,2,Local,True,27.4,23.0,31.0,0.0,11.5,1017.0,0,0,59,5,4,0,0,0,0,0.9659258262890683,0.25881904510252074
2025-11-14 06:00:00,R3,36.49060230374058,146,2,Local,True,27.4,23.0,31.0,0.0,11.5,1017.0,0,0,59,6,4,0,0,0,0,1.0,6.123233995736766e-17
2025-11-14 07:00:00,R3,21.39531552211477,82,2,Local,True,27.4,23.0,31.0,0.0,11.5,1017.0,0,0,59,7,4,0,1,0,1,0.9659258262890683,-0.25881904510252063
2025-11-14 08:00:00,R3,22.097220643151097,71,2,Local,True,27.4,23.0,31.0,0.0,11.5,1017.0,0,0,59,8,4,0,1,0,1,0.8660254037844387,-0.4999999999999998
2025-11-14 09:00:00,R3,36.3109604137327,68,2,Local,True,27.4,23.0,31.0,0.0,11.5,1017.0,0,0,59,9,4,0,1,0,1,0.7071067811865476,-0.7071067811865475
2025-11-14 10:00:00,R3,20.38987568494285,75,2,Local,True,27.4,23.0,31.0,0.0,11.5,1017.0,0,0,59,10,4,0,1,0,1,0.49999999999999994,-0.8660254037844387
2025-11-14 11:00:00,R3,43.86530065680636,134,2,Local,True,27.4,23.0,31.0,0.0,11.5,1017.0,0,0,59,11,4,0,0,0,0,0.258819045102521,-0.9659258262890682
2025-11-14 12:00:00,R3,47.876793746234,115,2,Local,True,27.4,23.0,31.0,0.0,11.5,1017.0,0,0,59,12,4,0,0,0,0,1.2246467991473532e-16,-1.0
2025-11-14 13:00:00,R3,33.37286511884772,120,2,Local,True,27.4,23.0,31.0,0.0,11.5,1017.0,0,0,59,13,4,0,0,0,0,-0.2588190451025208,-0.9659258262890683
2025-11-14 14:00:00,R3,48.998931557706456,115,2,Local,True,27.4,23.0,31.0,0.0,11.5,1017.0,0,0,59,14,4,0,0,0,0,-0.4999999999999997,-0.8660254037844388
2025-11-14 15:00:00,R3,37.1518522936646,109,2,Local,True,27.4,23.0,31.0,0.0,11.5,1017.0,0,0,59,15,4,0,0,0,0,-0.7071067811865471,-0.7071067811865479
2025-11-14 16:00:00,R3,38.893595071622606,123,2,Local,True,27.4,23.0,31.0,0.0,11.5,1017.0,0,0,59,16,4,0,0,0,0,-0.8660254037844384,-0.5000000000000004
2025-11-14 17:00:00,R3,26.49677418481535,97,2,Local,True,27.4,23.0,31.0,0.0,11.5,1017.0,0,0,59,17,4,0,0,1,1,-0.9659258262890683,-0.25881904510252063
2025-11-14 18:00:00,R3,27.51214973509312,88,2,Local,True,27.4,23.0,31.0,0.0,11.5,1017.0,0,0,59,18,4,0,0,1,1,-1.0,-1.8369701987210297e-16
2025-11-14 19:00:00,R3,20.38105712776124,89,2,Local,True,27.4,23.0,31.0,0.0,11.5,1017.0,0,0,59,19,4,0,0,1,1,-0.9659258262890684,0.2588190451025203
2025-11-14 20:00:00,R3,23.874905088742697,64,2,Local,True,27.4,23.0,31.0,0.0,11.5,1017.0,0,0,59,20,4,0,0,1,1,-0.8660254037844386,0.5000000000000001
2025-11-14 21:00:00,R3,38.27398409949445,130,2,Local,True,27.4,23.0,31.0,0.0,11.5,1017.0,0,0,59,21,4,0,0,0,0,-0.7071067811865477,0.7071067811865474
2025-11-14 22:00:00,R3,32.54914285878132,105,2,Local,True,27.4,23.0,31.0,0.0,11.5,1017.0,0,0,59,22,4,0,0,0,0,-0.5000000000000004,0.8660254037844384
2025-11-14 23:00:00,R3,44.23437865821561,131,2,Local,True,27.4,23.0,31.0,0.0,11.5,1017.0,0,0,59,23,4,0,0,0,0,-0.25881904510252157,0.9659258262890681
2025-11-15 00:00:00,R3,40.657804802452766,102,2,Local,True,27.1,23.0,31.0,0.0,11.1,1016.6,0,0,59,0,5,1,0,0,0,0.0,1.0
2025-11-15 01:00:00,R3,41.01522105298395,148,2,Local,True,27.1,23.0,31.0,0.0,11.1,1016.6,0,0,59,1,5,1,0,0,0,0.25881904510252074,0.9659258262890683
2025-11-15 02:00:00,R3,32.99840845357076,117,2,Local,True,27.1,23.0,31.0,0.0,11.1,1016.6,0,0,59,2,5,1,0,0,0,0.49999999999999994,0.8660254037844387
2025-11-15 03:00:00,R3,50.75030565686954,123,2,Local,True,27.1,23.0,31.0,0.0,11.1,1016.6,0,0,59,3,5,1,0,0,0,0.7071067811865476,0.7071067811865476
2025-11-15 04:00:00,R3,37.73343297621365,111,2,Local,True,27.1,23.0,31.0,0.0,11.1,1016.6,0,0,59,4,5,1,0,0,0,0.8660254037844386,0.5000000000000001
2025-11-15 05:00:00,R3,20.58385098107984,104,2,Local,True,27.1,23.0,31.0,0.0,11.1,1016.6,0,0,59,5,5,1,0,0,0,0.9659258262890683,0.25881904510252074
2025-11-15 06:00:00,R3,44.6874794747943,129,2,Local,True,27.1,23.0,31.0,0.0,11.1,1016.6,0,0,59,6,5,1,0,0,0,1.0,6.123233995736766e-17
2025-11-15 07:00:00,R3,30.50482560697244,66,2,Local,True,27.1,23.0,31.0,0.0,11.1,1016.6,0,0,59,7,5,1,1,0,1,0.9659258262890683,-0.25881904510252063
2025-11-15 08:00:00,R3,25.54837631318544,70,2,Local,True,27.1,23.0,31.0,0.0,11.1,1016.6,0,0,59,8,5,1,1,0,1,0.8660254037844387,-0.4999999999999998
2025-11-15 09:00:00,R3,30.00674538986963,97,2,Local,True,27.1,23.0,31.0,0.0,11.1,1016.6,0,0,59,9,5,1,1,0,1,0.7071067811865476,-0.7071067811865475
2025-11-15 10:00:00,R3,30.68234142991897,66,2,Local,True,27.1,23.0,31.0,0.0,11.1,1016.6,0,0,59,10,5,1,1,0,1,0.49999999999999994,-0.8660254037844387
2025-11-15 11:00:00,R3,36.1998675155632,120,2,Local,True,27.1,23.0,31.0,0.0,11.1,1016.6,0,0,59,11,5,1,0,0,0,0.258819045102521,-0.9659258262890682
2025-11-15 12:00:00,R3,40.12453429428978,145,2,Local,True,27.1,23.0,31.0,0.0,11.1,1016.6,0,0,59,12,5,1,0,0,0,1.2246467991473532e-16,-1.0
2025-11-15 13:00:00,R3,36.145856913909306,144,2,Local,True,27.1,23.0,31.0,0.0,11.1,1016.6,0,0,59,13,5,1,0,0,0,-0.2588190451025208,-0.9659258262890683
2025-11-15 14:00:00,R3,42.971465662966565,121,2,Local,True,27.1,23.0,31.0,0.0,11.1,1016.6,0,0,59,14,5,1,0,0,0,-0.4999999999999997,-0.8660254037844388
2025-11-15 15:00:00,R3,40.364730052268136,128,2,Local,True,27.1,23.0,31.0,0.0,11.1,1016.6,0,0,59,15,5,1,0,0,0,-0.7071067811865471,-0.7071067811865479
2025-11-15 16:00:00,R3,33.366965961750736,138,2,Local,True,27.1,23.0,31.0,0.0,11.1,1016.6,0,0,59,16,5,1,0,0,0,-0.8660254037844384,-0.5000000000000004
2025-11-15 17:00:00,R3,18.02843145024835,99,2,Local,True,27.1,23.0,31.0,0.0,11.1,1016.6,0,0,59,17,5,1,0,1,1,-0.9659258262890683,-0.25881904510252063
2025-11-15 18:00:00,R3,28.725952555611187,79,2,Local,True,27.1,23.0,31.0,0.0,11.1,1016.6,0,0,59,18,5,1,0,1,1,-1.0,-1.8369701987210297e-16
2025-11-15 19:00:00,R3,23.945383334841864,79,2,Local,True,27.1,23.0,31.0,0.0,11.1,1016.6,0,0,59,19,5,1,0,1,1,-0.9659258262890684,0.2588190451025203
2025-11-15 20:00:00,R3,20.82783185061184,100,2,Local,True,27.1,23.0,31.0,0.0,11.1,1016.6,0,0,59,20,5,1,0,1,1,-0.8660254037844386,0.5000000000000001
2025-11-15 21:00:00,R3,32.66987523919113,103,2,Local,True,27.1,23.0,31.0,0.0,11.1,1016.6,0,0,59,21,5,1,0,0,0,-0.7071067811865477,0.7071067811865474
2025-11-15 22:00:00,R3,32.164962934785606,147,2,Local,True,27.1,23.0,31.0,0.0,11.1,1016.6,0,0,59,22,5,1,0,0,0,-0.5000000000000004,0.8660254037844384
2025-11-15 23:00:00,R3,40.90081686923702,121,2,Local,True,27.1,23.0,31.0,0.0,11.1,1016.6,0,0,59,23,5,1,0,0,0,-0.25881904510252157,0.9659258262890681
2025-11-16 00:00:00,R3,40.085809016119626,148,2,Local,True,27.4,23.0,33.0,0.0,11.2,1018.4,0,0,59,0,6,1,0,0,0,0.0,1.0
2025-11-16 01:00:00,R3,41.15307780388766,115,2,Local,True,27.4,23.0,33.0,0.0,11.2,1018.4,0,0,59,1,6,1,0,0,0,0.25881904510252074,0.9659258262890683
2025-11-16 02:00:00,R3,36.243677716454926,139,2,Local,True,27.4,23.0,33.0,0.0,11.2,1018.4,0,0,59,2,6,1,0,0,0,0.49999999999999994,0.8660254037844387
2025-11-16 03:00:00,R3,38.48665151380415,107,2,Local,True,27.4,23.0,33.0,0.0,11.2,1018.4,0,0,59,3,6,1,0,0,0,0.7071067811865476,0.7071067811865476
2025-11-16 04:00:00,R3,38.47550369128401,130,2,Local,True,27.4,23.0,33.0,0.0,11.2,1018.4,0,0,59,4,6,1,0,0,0,0.8660254037844386,0.5000000000000001
2025-11-16 05:00:00,R3,44.61589990451832,109,2,Local,True,27.4,23.0,33.0,0.0,11.2,1018.4,0,0,59,5,6,1,0,0,0,0.9659258262890683,0.25881904510252074
2025-11-16 06:00:00,R3,33.39010443932783,134,2,Local,True,27.4,23.0,33.0,0.0,11.2,1018.4,0,0,59,6,6,1,0,0,0,1.0,6.123233995736766e-17
2025-11-16 07:00:00,R3,23.471814626610115,86,2,Local,True,27.4,23.0,33.0,0.0,11.2,1018.4,0,0,59,7,6,1,1,0,1,0.9659258262890683,-0.25881904510252063
2025-11-16 08:00:00,R3,25.614495412573664,94,2,Local,True,27.4,23.0,33.0,0.0,11.2,1018.4,0,0,59,8,6,1,1,0,1,0.8660254037844387,-0.4999999999999998
2025-11-16 09:00:00,R3,29.964365412368306,85,2,Local,True,27.4,23.0,33.0,0.0,11.2,1018.4,0,0,59,9,6,1,1,0,1,0.7071067811865476,-0.7071067811865475
2025-11-16 10:00:00,R3,18.916167443265977,94,2,Local,True,27.4,23.0,33.0,0.0,11.2,1018.4,0,0,59,10,6,1,1,0,1,0.49999999999999994,-0.8660254037844387
2025-11-16 11:00:00,R3,45.46182687908775,148,2,Local,True,27.4,23.0,33.0,0.0,11.2,1018.4,0,0,59,11,6,1,0,0,0,0.258819045102521,-0.9659258262890682
2025-11-16 12:00:00,R3,44.66918616597538,144,2,Local,True,27.4,23.0,33.0,0.0,11.2,1018.4,0,0,59,12,6,1,0,0,0,1.2246467991473532e-16,-1.0
2025-11-16 13:00:00,R3,37.11910467845795,100,2,Local,True,27.4,23.0,33.0,0.0,11.2,1018.4,0,0,59,13,6,1,0,0,0,-0.2588190451025208,-0.9659258262890683
2025-11-16 14:00:00,R3,38.09382145644438,129,2,Local,True,27.4,23.0,33.0,0.0,11.2,1018.4,0,0,59,14,6,1,0,0,0,-0.4999999999999997,-0.8660254037844388
2025-11-16 15:00:00,R3,38.59538893720729,147,2,Local,True,27.4,23.0,33.0,0.0,11.2,1018.4,0,0,59,15,6,1,0,0,0,-0.7071067811865471,-0.7071067811865479
2025-11-16 16:00:00,R3,35.9463058433168,132,2,Local,True,27.4,23.0,33.0,0.0,11.2,1018.4,0,0,59,16,6,1,0,0,0,-0.8660254037844384,-0.5000000000000004
2025-11-16 17:00:00,R3,12.0623868490299,66,2,Local,True,27.4,23.0,33.0,0.0,11.2,1018.4,0,0,59,17,6,1,0,1,1,-0.9659258262890683,-0.25881904510252063
2025-11-16 18:00:00,R3,19.0955785296896,86,2,Local,True,27.4,23.0,33.0,0.0,11.2,1018.4,0,0,59,18,6,1,0,1,1,-1.0,-1.8369701987210297e-16
2025-11-16 19:00:00,R3,25.175202258550915,61,2,Local,True,27.4,23.0,33.0,0.0,11.2,1018.4,0,0,59,19,6,1,0,1,1,-0.9659258262890684,0.2588190451025203
2025-11-16 20:00:00,R3,26.04798484506681,84,2,Local,True,27.4,23.0,33.0,0.0,11.2,1018.4,0,0,59,20,6,1,0,1,1,-0.8660254037844386,0.5000000000000001
2025-11-16 21:00:00,R3,41.2875394780406,108,2,Local,True,27.4,23.0,33.0,0.0,11.2,1018.4,0,0,59,21,6,1,0,0,0,-0.7071067811865477,0.7071067811865474
2025-11-16 22:00:00,R3,33.291910890362715,120,2,Local,True,27.4,23.0,33.0,0.0,11.2,1018.4,0,0,59,22,6,1,0,0,0,-0.5000000000000004,0.8660254037844384
2025-11-16 23:00:00,R3,42.58492031335863,141,2,Local,True,27.4,23.0,33.0,0.0,11.2,1018.4,0,0,59,23,6,1,0,0,0,-0.25881904510252157,0.9659258262890681
2025-11-17 00:00:00,R3,40.55389397179117,146,2,Local,True,27.1,23.0,31.0,0.0,11.5,1018.9,0,0,59,0,0,0,0,0,0,0.0,1.0
2025-11-17 01:00:00,R3,40.04840891478404,135,2,Local,True,27.1,23.0,31.0,0.0,11.5,1018.9,0,0,59,1,0,0,0,0,0,0.25881904510252074,0.9659258262890683
2025-11-17 02:00:00,R3,45.50001496478416,104,2,Local,True,27.1,23.0,31.0,0.0,11.5,1018.9,0,0,59,2,0,0,0,0,0,0.49999999999999994,0.8660254037844387
2025-11-17 03:00:00,R3,37.5160223356444,137,2,Local,True,27.1,23.0,31.0,0.0,11.5,1018.9,0,0,59,3,0,0,0,0,0,0.7071067811865476,0.7071067811865476
2025-11-17 04:00:00,R3,42.77460290319388,128,2,Local,True,27.1,23.0,31.0,0.0,11.5,1018.9,0,0,59,4,0,0,0,0,0,0.8660254037844386,0.5000000000000001
2025-11-17 05:00:00,R3,46.71261891321592,144,2,Local,True,27.1,23.0,31.0,0.0,11.5,1018.9,0,0,59,5,0,0,0,0,0,0.9659258262890683,0.25881904510252074
2025-11-17 06:00:00,R3,36.57114454756447,136,2,Local,True,27.1,23.0,31.0,0.0,11.5,1018.9,0,0,59,6,0,0,0,0,0,1.0,6.123233995736766e-17
2025-11-17 07:00:00,R3,28.605314501233966,60,2,Local,True,27.1,23.0,31.0,0.0,11.5,1018.9,0,0,59,7,0,0,1,0,1,0.9659258262890683,-0.25881904510252063
2025-11-17 08:00:00,R3,22.00858313653583,69,2,Local,True,27.1,23.0,31.0,0.0,11.5,1018.9,0,0,59,8,0,0,1,0,1,0.8660254037844387,-0.4999999999999998
2025-11-17 09:00:00,R3,15.13631034270773,72,2,Local,True,27.1,23.0,31.0,0.0,11.5,1018.9,0,0,59,9,0,0,1,0,1,0.7071067811865476,-0.7071067811865475
2025-11-17 10:00:00,R3,20.142436671572188,77,2,Local,True,27.1,23.0,31.0,0.0,11.5,1018.9,0,0,59,10,0,0,1,0,1,0.49999999999999994,-0.8660254037844387
2025-11-17 11:00:00,R3,42.47963778420334,126,2,Local,True,27.1,23.0,31.0,0.0,11.5,1018.9,0,0,59,11,0,0,0,0,0,0.258819045102521,-0.9659258262890682
2025-11-17 12:00:00,R3,41.80100245019194,109,2,Local,True,27.1,23.0,31.0,0.0,11.5,1018.9,0,0,59,12,0,0,0,0,0,1.2246467991473532e-16,-1.0
2025-11-17 13:00:00,R3,36.59155189566421,137,2,Local,True,27.1,23.0,31.0,0.0,11.5,1018.9,0,0,59,13,0,0,0,0,0,-0.2588190451025208,-0.9659258262890683
2025-11-17 14:00:00,R3,43.59820180541404,117,2,Local,True,27.1,23.0,31.0,0.0,11.5,1018.9,0,0,59,14,0,0,0,0,0,-0.4999999999999997,-0.8660254037844388
2025-11-17 15:00:00,R3,51.01233779519006,121,2,Local,True,27.1,23.0,31.0,0.0,11.5,1018.9,0,0,59,15,0,0,0,0,0,-0.7071067811865471,-0.7071067811865479
2025-11-17 16:00:00,R3,45.24825612552741,124,2,Local,True,27.1,23.0,31.0,0.0,11.5,1018.9,0,0,59,16,0,0,0,0,0,-0.8660254037844384,-0.5000000000000004
2025-11-17 17:00:00,R3,21.20311217080221,86,2,Local,True,27.1,23.0,31.0,0.0,11.5,1018.9,0,0,59,17,0,0,0,1,1,-0.9659258262890683,-0.25881904510252063
2025-11-17 18:00:00,R3,28.94672072516752,108,2,Local,True,27.1,23.0,31.0,0.0,11.5,1018.9,0,0,59,18,0,0,0,1,1,-1.0,-1.8369701987210297e-16
2025-11-17 19:00:00,R3,22.06207127799972,82,2,Local,True,27.1,23.0,31.0,0.0,11.5,1018.9,0,0,59,19,0,0,0,1,1,-0.9659258262890684,0.2588190451025203
2025-11-17 20:00:00,R3,27.47134538762426,96,2,Local,True,27.1,23.0,31.0,0.0,11.5,1018.9,0,0,59,20,0,0,0,1,1,-0.8660254037844386,0.5000000000000001
2025-11-17 21:00:00,R3,35.15319826474302,141,2,Local,True,27.1,23.0,31.0,0.0,11.5,1018.9,0,0,59,21,0,0,0,0,0,-0.7071067811865477,0.7071067811865474
2025-11-17 22:00:00,R3,33.587731053122354,123,2,Local,True,27.1,23.0,31.0,0.0,11.5,1018.9,0,0,59,22,0,0,0,0,0,-0.5000000000000004,0.8660254037844384
2025-11-17 23:00:00,R3,38.17843843180382,105,2,Local,True,27.1,23.0,31.0,0.0,11.5,1018.9,0,0,59,23,0,0,0,0,0,-0.25881904510252157,0.9659258262890681
2025-11-18 00:00:00,R3,46.52243161790945,144,2,Local,True,26.8,23.0,31.0,0.0,10.4,1016.3,0,0,59,0,1,0,0,0,0,0.0,1.0
2025-11-18 01:00:00,R3,41.88923053279312,110,2,Local,True,26.8,23.0,31.0,0.0,10.4,1016.3,0,0,59,1,1,0,0,0,0,0.25881904510252074,0.9659258262890683
2025-11-18 02:00:00,R3,37.694668362303965,108,2,Local,True,26.8,23.0,31.0,0.0,10.4,1016.3,0,0,59,2,1,0,0,0,0,0.49999999999999994,0.8660254037844387
2025-11-18 03:00:00,R3,31.37323559142243,103,2,Local,True,26.8,23.0,31.0,0.0,10.4,1016.3,0,0,59,3,1,0,0,0,0,0.7071067811865476,0.7071067811865476
2025-11-18 04:00:00,R3,44.49769091400523,138,2,Local,True,26.8,23.0,31.0,0.0,10.4,1016.3,0,0,59,4,1,0,0,0,0,0.8660254037844386,0.5000000000000001
2025-11-18 05:00:00,R3,36.60938189756924,119,2,Local,True,26.8,23.0,31.0,0.0,10.4,1016.3,0,0,59,5,1,0,0,0,0,0.9659258262890683,0.25881904510252074
2025-11-18 06:00:00,R3,38.01579682355826,118,2,Local,True,26.8,23.0,31.0,0.0,10.4,1016.3,0,0,59,6,1,0,0,0,0,1.0,6.123233995736766e-17
2025-11-18 07:00:00,R3,17.805967590894667,100,2,Local,True,26.8,23.0,31.0,0.0,10.4,1016.3,0,0,59,7,1,0,1,0,1,0.9659258262890683,-0.25881904510252063
2025-11-18 08:00:00,R3,28.438993916395617,87,2,Local,True,26.8,23.0,31.0,0.0,10.4,1016.3,0,0,59,8,1,0,1,0,1,0.8660254037844387,-0.4999999999999998
2025-11-18 09:00:00,R3,31.980577123177856,101,2,Local,True,26.8,23.0,31.0,0.0,10.4,1016.3,0,0,59,9,1,0,1,0,1,0.7071067811865476,-0.7071067811865475
2025-11-18 10:00:00,R3,23.78765607338043,103,2,Local,True,26.8,23.0,31.0,0.0,10.4,1016.3,0,0,59,10,1,0,1,0,1,0.49999999999999994,-0.8660254037844387
2025-11-18 11:00:00,R3,40.00089994669387,124,2,Local,True,26.8,23.0,31.0,0.0,10.4,1016.3,0,0,59,11,1,0,0,0,0,0.258819045102521,-0.9659258262890682
2025-11-18 12:00:00,R3,46.4285713597543,113,2,Local,True,26.8,23.0,31.0,0.0,10.4,1016.3,0,0,59,12,1,0,0,0,0,1.2246467991473532e-16,-1.0
2025-11-18 13:00:00,R3,37.28914705445972,109,2,Local,True,26.8,23.0,31.0,0.0,10.4,1016.3,0,0,59,13,1,0,0,0,0,-0.2588190451025208,-0.9659258262890683
2025-11-18 14:00:00,R3,40.44403959449739,129,2,Local,True,26.8,23.0,31.0,0.0,10.4,1016.3,0,0,59,14,1,0,0,0,0,-0.4999999999999997,-0.8660254037844388
2025-11-18 15:00:00,R3,40.56956139104757,134,2,Local,True,26.8,23.0,31.0,0.0,10.4,1016.3,0,0,59,15,1,0,0,0,0,-0.7071067811865471,-0.7071067811865479
2025-11-18 16:00:00,R3,34.510700248817514,141,2,Local,True,26.8,23.0,31.0,0.0,10.4,1016.3,0,0,59,16,1,0,0,0,0,-0.8660254037844384,-0.5000000000000004
2025-11-18 17:00:00,R3,20.86028965370648,68,2,Local,True,26.8,23.0,31.0,0.0,10.4,1016.3,0,0,59,17,1,0,0,1,1,-0.9659258262890683,-0.25881904510252063
2025-11-18 18:00:00,R3,27.60898344486251,78,2,Local,True,26.8,23.0,31.0,0.0,10.4,1016.3,0,0,59,18,1,0,0,1,1,-1.0,-1.8369701987210297e-16
2025-11-18 19:00:00,R3,21.73884798182544,98,2,Local,True,26.8,23.0,31.0,0.0,10.4,1016.3,0,0,59,19,1,0,0,1,1,-0.9659258262890684,0.2588190451025203
2025-11-18 20:00:00,R3,36.58617715242331,94,2,Local,True,26.8,23.0,31.0,0.0,10.4,1016.3,0,0,59,20,1,0,0,1,1,-0.8660254037844386,0.5000000000000001
2025-11-18 21:00:00,R3,48.97204967689599,146,2,Local,True,26.8,23.0,31.0,0.0,10.4,1016.3,0,0,59,21,1,0,0,0,0,-0.7071067811865477,0.7071067811865474
2025-11-18 22:00:00,R3,36.21692130789455,140,2,Local,True,26.8,23.0,31.0,0.0,10.4,1016.3,0,0,59,22,1,0,0,0,0,-0.5000000000000004,0.8660254037844384
2025-11-18 23:00:00,R3,37.93878240422751,135,2,Local,True,26.8,23.0,31.0,0.0,10.4,1016.3,0,0,59,23,1,0,0,0,0,-0.25881904510252157,0.9659258262890681
2025-11-19 00:00:00,R3,38.000942629296965,109,2,Local,True,27.2,23.0,33.0,0.0,9.9,1015.0,0,0,59,0,2,0,0,0,0,0.0,1.0
2025-11-19 01:00:00,R3,36.23912378110834,146,2,Local,True,27.2,23.0,33.0,0.0,9.9,1015.0,0,0,59,1,2,0,0,0,0,0.25881904510252074,0.9659258262890683
2025-11-19 02:00:00,R3,38.44451847921886,147,2,Local,True,27.2,23.0,33.0,0.0,9.9,1015.0,0,0,59,2,2,0,0,0,0,0.49999999999999994,0.8660254037844387
2025-11-19 03:00:00,R3,44.0010185013878,142,2,Local,True,27.2,23.0,33.0,0.0,9.9,1015.0,0,0,59,3,2,0,0,0,0,0.7071067811865476,0.7071067811865476
2025-11-19 04:00:00,R3,33.69857843499755,112,2,Local,True,27.2,23.0,33.0,0.0,9.9,1015.0,0,0,59,4,2,0,0,0,0,0.8660254037844386,0.5000000000000001
2025-11-19 05:00:00,R3,40.21902217149566,141,2,Local,True,27.2,23.0,33.0,0.0,9.9,1015.0,0,0,59,5,2,0,0,0,0,0.9659258262890683,0.25881904510252074
2025-11-19 06:00:00,R3,42.16753649688079,108,2,Local,True,27.2,23.0,33.0,0.0,9.9,1015.0,0,0,59,6,2,0,0,0,0,1.0,6.123233995736766e-17
2025-11-19 07:00:00,R3,19.66393137514603,97,2,Local,True,27.2,23.0,33.0,0.0,9.9,1015.0,0,0,59,7,2,0,1,0,1,0.9659258262890683,-0.25881904510252063
2025-11-19 08:00:00,R3,23.89786496554622,83,2,Local,True,27.2,23.0,33.0,0.0,9.9,1015.0,0,0,59,8,2,0,1,0,1,0.8660254037844387,-0.4999999999999998
2025-11-19 09:00:00,R3,23.514850158720105,93,2,Local,True,27.2,23.0,33.0,0.0,9.9,1015.0,0,0,59,9,2,0,1,0,1,0.7071067811865476,-0.7071067811865475
2025-11-19 10:00:00,R3,15.456601136798234,64,2,Local,True,27.2,23.0,33.0,0.0,9.9,1015.0,0,0,59,10,2,0,1,0,1,0.49999999999999994,-0.8660254037844387
2025-11-19 11:00:00,R3,32.83000589475121,145,2,Local,True,27.2,23.0,33.0,0.0,9.9,1015.0,0,0,59,11,2,0,0,0,0,0.258819045102521,-0.9659258262890682
2025-11-19 12:00:00,R3,49.10744626331354,140,2,Local,True,27.2,23.0,33.0,0.0,9.9,1015.0,0,0,59,12,2,0,0,0,0,1.2246467991473532e-16,-1.0
2025-11-19 13:00:00,R3,37.50931631110556,111,2,Local,True,27.2,23.0,33.0,0.0,9.9,1015.0,0,0,59,13,2,0,0,0,0,-0.2588190451025208,-0.9659258262890683
2025-11-19 14:00:00,R3,47.70595317211716,127,2,Local,True,27.2,23.0,33.0,0.0,9.9,1015.0,0,0,59,14,2,0,0,0,0,-0.4999999999999997,-0.8660254037844388
2025-11-19 15:00:00,R3,33.139600880830656,101,2,Local,True,27.2,23.0,33.0,0.0,9.9,1015.0,0,0,59,15,2,0,0,0,0,-0.7071067811865471,-0.7071067811865479
2025-11-19 16:00:00,R3,35.15482216191797,127,2,Local,True,27.2,23.0,33.0,0.0,9.9,1015.0,0,0,59,16,2,0,0,0,0,-0.8660254037844384,-0.5000000000000004
2025-11-19 17:00:00,R3,28.04949396564592,100,2,Local,True,27.2,23.0,33.0,0.0,9.9,1015.0,0,0,59,17,2,0,0,1,1,-0.9659258262890683,-0.25881904510252063
2025-11-19 18:00:00,R3,19.415847668335243,72,2,Local,True,27.2,23.0,33.0,0.0,9.9,1015.0,0,0,59,18,2,0,0,1,1,-1.0,-1.8369701987210297e-16
2025-11-19 19:00:00,R3,24.71814421793967,61,2,Local,True,27.2,23.0,33.0,0.0,9.9,1015.0,0,0,59,19,2,0,0,1,1,-0.9659258262890684,0.2588190451025203
2025-11-19 20:00:00,R3,23.79515977457933,94,2,Local,True,27.2,23.0,33.0,0.0,9.9,1015.0,0,0,59,20,2,0,0,1,1,-0.8660254037844386,0.5000000000000001
2025-11-19 21:00:00,R3,43.82443962933115,106,2,Local,True,27.2,23.0,33.0,0.0,9.9,1015.0,0,0,59,21,2,0,0,0,0,-0.7071067811865477,0.7071067811865474
2025-11-19 22:00:00,R3,41.22895046364113,133,2,Local,True,27.2,23.0,33.0,0.0,9.9,1015.0,0,0,59,22,2,0,0,0,0,-0.5000000000000004,0.8660254037844384
2025-11-19 23:00:00,R3,41.086159209429226,117,2,Local,True,27.2,23.0,33.0,0.0,9.9,1015.0,0,0,59,23,2,0,0,0,0,-0.25881904510252157,0.9659258262890681
2025-11-20 00:00:00,R3,31.67605346105114,104,2,Local,True,26.4,20.0,31.0,0.0,11.3,1016.5,0,0,59,0,3,0,0,0,0,0.0,1.0
2025-11-20 01:00:00,R3,34.37092059375367,128,2,Local,True,26.4,20.0,31.0,0.0,11.3,1016.5,0,0,59,1,3,0,0,0,0,0.25881904510252074,0.9659258262890683
2025-11-20 02:00:00,R3,34.8825864419095,133,2,Local,True,26.4,20.0,31.0,0.0,11.3,1016.5,0,0,59,2,3,0,0,0,0,0.49999999999999994,0.8660254037844387
2025-11-20 03:00:00,R3,31.102905629209825,148,2,Local,True,26.4,20.0,31.0,0.0,11.3,1016.5,0,0,59,3,3,0,0,0,0,0.7071067811865476,0.7071067811865476
2025-11-20 04:00:00,R3,35.22590592732395,108,2,Local,True,26.4,20.0,31.0,0.0,11.3,1016.5,0,0,59,4,3,0,0,0,0,0.8660254037844386,0.5000000000000001
2025-11-20 05:00:00,R3,44.95305557663645,104,2,Local,True,26.4,20.0,31.0,0.0,11.3,1016.5,0,0,59,5,3,0,0,0,0,0.9659258262890683,0.25881904510252074
2025-11-20 06:00:00,R3,44.37310636835131,142,2,Local,True,26.4,20.0,31.0,0.0,11.3,1016.5,0,0,59,6,3,0,0,0,0,1.0,6.123233995736766e-17
2025-11-20 07:00:00,R3,19.68030588967388,98,2,Local,True,26.4,20.0,31.0,0.0,11.3,1016.5,0,0,59,7,3,0,1,0,1,0.9659258262890683,-0.25881904510252063
2025-11-20 08:00:00,R3,24.72211752804962,65,2,Local,True,26.4,20.0,31.0,0.0,11.3,1016.5,0,0,59,8,3,0,1,0,1,0.8660254037844387,-0.4999999999999998
2025-11-20 09:00:00,R3,24.599404783349165,60,2,Local,True,26.4,20.0,31.0,0.0,11.3,1016.5,0,0,59,9,3,0,1,0,1,0.7071067811865476,-0.7071067811865475
2025-11-20 10:00:00,R3,23.25376730979006,67,2,Local,True,26.4,20.0,31.0,0.0,11.3,1016.5,0,0,59,10,3,0,1,0,1,0.49999999999999994,-0.8660254037844387
2025-11-20 11:00:00,R3,32.82182787743942,107,2,Local,True,26.4,20.0,31.0,0.0,11.3,1016.5,0,0,59,11,3,0,0,0,0,0.258819045102521,-0.9659258262890682
2025-11-20 12:00:00,R3,44.78511196545912,118,2,Local,True,26.4,20.0,31.0,0.0,11.3,1016.5,0,0,59,12,3,0,0,0,0,1.2246467991473532e-16,-1.0
2025-11-20 13:00:00,R3,43.76497243994452,127,2,Local,True,26.4,20.0,31.0,0.0,11.3,1016.5,0,0,59,13,3,0,0,0,0,-0.2588190451025208,-0.9659258262890683
2025-11-20 14:00:00,R3,51.19224889862856,141,2,Local,True,26.4,20.0,31.0,0.0,11.3,1016.5,0,0,59,14,3,0,0,0,0,-0.4999999999999997,-0.8660254037844388
2025-11-20 15:00:00,R3,32.05352584741474,149,2,Local,True,26.4,20.0,31.0,0.0,11.3,1016.5,0,0,59,15,3,0,0,0,0,-0.7071067811865471,-0.7071067811865479
2025-11-20 16:00:00,R3,40.097554008312656,118,2,Local,True,26.4,20.0,31.0,0.0,11.3,1016.5,0,0,59,16,3,0,0,0,0,-0.8660254037844384,-0.5000000000000004
2025-11-20 17:00:00,R3,29.17803493453234,108,2,Local,True,26.4,20.0,31.0,0.0,11.3,1016.5,0,0,59,17,3,0,0,1,1,-0.9659258262890683,-0.25881904510252063
2025-11-20 18:00:00,R3,14.157755779075316,89,2,Local,True,26.4,20.0,31.0,0.0,11.3,1016.5,0,0,59,18,3,0,0,1,1,-1.0,-1.8369701987210297e-16
2025-11-20 19:00:00,R3,16.45704112485728,108,2,Local,True,26.4,20.0,31.0,0.0,11.3,1016.5,0,0,59,19,3,0,0,1,1,-0.9659258262890684,0.2588190451025203
2025-11-20 20:00:00,R3,28.178863150977094,86,2,Local,True,26.4,20.0,31.0,0.0,11.3,1016.5,0,0,59,20,3,0,0,1,1,-0.8660254037844386,0.5000000000000001
2025-11-20 21:00:00,R3,38.952682103055416,126,2,Local,True,26.4,20.0,31.0,0.0,11.3,1016.5,0,0,59,21,3,0,0,0,0,-0.7071067811865477,0.7071067811865474
2025-11-20 22:00:00,R3,46.810318580075226,124,2,Local,True,26.4,20.0,31.0,0.0,11.3,1016.5,0,0,59,22,3,0,0,0,0,-0.5000000000000004,0.8660254037844384
2025-11-20 23:00:00,R3,36.79518264244644,122,2,Local,True,26.4,20.0,31.0,0.0,11.3,1016.5,0,0,59,23,3,0,0,0,0,-0.25881904510252157,0.9659258262890681
2025-11-21 00:00:00,R3,46.57296666419743,115,2,Local,True,27.2,22.0,31.0,0.0,9.5,1017.4,0,0,59,0,4,0,0,0,0,0.0,1.0
2025-11-21 01:00:00,R3,47.1257214079877,104,2,Local,True,27.2,22.0,31.0,0.0,9.5,1017.4,0,0,59,1,4,0,0,0,0,0.25881904510252074,0.9659258262890683
2025-11-21 02:00:00,R3,47.37583214110846,139,2,Local,True,27.2,22.0,31.0,0.0,9.5,1017.4,0,0,59,2,4,0,0,0,0,0.49999999999999994,0.8660254037844387
2025-11-21 03:00:00,R3,47.51522938937386,123,2,Local,True,27.2,22.0,31.0,0.0,9.5,1017.4,0,0,59,3,4,0,0,0,0,0.7071067811865476,0.7071067811865476
2025-11-21 04:00:00,R3,36.78885151883266,134,2,Local,True,27.2,22.0,31.0,0.0,9.5,1017.4,0,0,59,4,4,0,0,0,0,0.8660254037844386,0.5000000000000001
2025-11-21 05:00:00,R3,46.44085176179088,125,2,Local,True,27.2,22.0,31.0,0.0,9.5,1017.4,0,0,59,5,4,0,0,0,0,0.9659258262890683,0.25881904510252074
2025-11-21 06:00:00,R3,39.17244192169462,149,2,Local,True,27.2,22.0,31.0,0.0,9.5,1017.4,0,0,59,6,4,0,0,0,0,1.0,6.123233995736766e-17
2025-11-21 07:00:00,R3,21.9955383113097,98,2,Local,True,27.2,22.0,31.0,0.0,9.5,1017.4,0,0,59,7,4,0,1,0,1,0.9659258262890683,-0.25881904510252063
2025-11-21 08:00:00,R3,25.478007463572748,61,2,Local,True,27.2,22.0,31.0,0.0,9.5,1017.4,0,0,59,8,4,0,1,0,1,0.8660254037844387,-0.4999999999999998
2025-11-21 09:00:00,R3,26.98663322924102,75,2,Local,True,27.2,22.0,31.0,0.0,9.5,1017.4,0,0,59,9,4,0,1,0,1,0.7071067811865476,-0.7071067811865475
2025-11-21 10:00:00,R3,20.44195500880829,99,2,Local,True,27.2,22.0,31.0,0.0,9.5,1017.4,0,0,59,10,4,0,1,0,1,0.49999999999999994,-0.8660254037844387
2025-11-21 11:00:00,R3,38.18046585389778,100,2,Local,True,27.2,22.0,31.0,0.0,9.5,1017.4,0,0,59,11,4,0,0,0,0,0.258819045102521,-0.9659258262890682
2025-11-21 12:00:00,R3,31.402506253265464,131,2,Local,True,27.2,22.0,31.0,0.0,9.5,1017.4,0,0,59,12,4,0,0,0,0,1.2246467991473532e-16,-1.0
2025-11-21 13:00:00,R3,33.97752742996535,137,2,Local,True,27.2,22.0,31.0,0.0,9.5,1017.4,0,0,59,13,4,0,0,0,0,-0.2588190451025208,-0.9659258262890683
2025-11-21 14:00:00,R3,36.42476917301542,104,2,Local,True,27.2,22.0,31.0,0.0,9.5,1017.4,0,0,59,14,4,0,0,0,0,-0.4999999999999997,-0.8660254037844388
2025-11-21 15:00:00,R3,34.1808799412426,148,2,Local,True,27.2,22.0,31.0,0.0,9.5,1017.4,0,0,59,15,4,0,0,0,0,-0.7071067811865471,-0.7071067811865479
2025-11-21 16:00:00,R3,54.77538136760674,108,2,Local,True,27.2,22.0,31.0,0.0,9.5,1017.4,0,0,59,16,4,0,0,0,0,-0.8660254037844384,-0.5000000000000004
2025-11-21 17:00:00,R3,25.027225343838587,78,2,Local,True,27.2,22.0,31.0,0.0,9.5,1017.4,0,0,59,17,4,0,0,1,1,-0.9659258262890683,-0.25881904510252063
2025-11-21 18:00:00,R3,19.166339910301616,74,2,Local,True,27.2,22.0,31.0,0.0,9.5,1017.4,0,0,59,18,4,0,0,1,1,-1.0,-1.8369701987210297e-16
2025-11-21 19:00:00,R3,23.46695862205891,77,2,Local,True,27.2,22.0,31.0,0.0,9.5,1017.4,0,0,59,19,4,0,0,1,1,-0.9659258262890684,0.2588190451025203
2025-11-21 20:00:00,R3,22.62988622381469,61,2,Local,True,27.2,22.0,31.0,0.0,9.5,1017.4,0,0,59,20,4,0,0,1,1,-0.8660254037844386,0.5000000000000001
2025-11-21 21:00:00,R3,41.81631774945645,109,2,Local,True,27.2,22.0,31.0,0.0,9.5,1017.4,0,0,59,21,4,0,0,0,0,-0.7071067811865477,0.7071067811865474
2025-11-21 22:00:00,R3,34.699292226503175,109,2,Local,True,27.2,22.0,31.0,0.0,9.5,1017.4,0,0,59,22,4,0,0,0,0,-0.5000000000000004,0.8660254037844384
2025-11-21 23:00:00,R3,47.10890871784704,102,2,Local,True,27.2,22.0,31.0,0.0,9.5,1017.4,0,0,59,23,4,0,0,0,0,-0.25881904510252157,0.9659258262890681
2025-11-22 00:00:00,R3,37.32207175975492,120,2,Local,True,26.9,21.0,33.0,0.0,9.1,1017.3,0,0,59,0,5,1,0,0,0,0.0,1.0
2025-11-22 01:00:00,R3,31.313365862487565,100,2,Local,True,26.9,21.0,33.0,0.0,9.1,1017.3,0,0,59,1,5,1,0,0,0,0.25881904510252074,0.9659258262890683
2025-11-22 02:00:00,R3,46.66889277063597,116,2,Local,True,26.9,21.0,33.0,0.0,9.1,1017.3,0,0,59,2,5,1,0,0,0,0.49999999999999994,0.8660254037844387
2025-11-22 03:00:00,R3,40.996749521896085,111,2,Local,True,26.9,21.0,33.0,0.0,9.1,1017.3,0,0,59,3,5,1,0,0,0,0.7071067811865476,0.7071067811865476
2025-11-22 04:00:00,R3,35.762691831830324,130,2,Local,True,26.9,21.0,33.0,0.0,9.1,1017.3,0,0,59,4,5,1,0,0,0,0.8660254037844386,0.5000000000000001
2025-11-22 05:00:00,R3,36.82658447177004,148,2,Local,True,26.9,21.0,33.0,0.0,9.1,1017.3,0,0,59,5,5,1,0,0,0,0.9659258262890683,0.25881904510252074
2025-11-22 06:00:00,R3,42.574895654384896,130,2,Local,True,26.9,21.0,33.0,0.0,9.1,1017.3,0,0,59,6,5,1,0,0,0,1.0,6.123233995736766e-17
2025-11-22 07:00:00,R3,24.6134064850884,102,2,Local,True,26.9,21.0,33.0,0.0,9.1,1017.3,0,0,59,7,5,1,1,0,1,0.9659258262890683,-0.25881904510252063
2025-11-22 08:00:00,R3,29.677477847314304,103,2,Local,True,26.9,21.0,33.0,0.0,9.1,1017.3,0,0,59,8,5,1,1,0,1,0.8660254037844387,-0.4999999999999998
2025-11-22 09:00:00,R3,17.539939898504407,83,2,Local,True,26.9,21.0,33.0,0.0,9.1,1017.3,0,0,59,9,5,1,1,0,1,0.7071067811865476,-0.7071067811865475
2025-11-22 10:00:00,R3,26.56044277648068,99,2,Local,True,26.9,21.0,33.0,0.0,9.1,1017.3,0,0,59,10,5,1,1,0,1,0.49999999999999994,-0.8660254037844387
2025-11-22 11:00:00,R3,44.51038670509565,134,2,Local,True,26.9,21.0,33.0,0.0,9.1,1017.3,0,0,59,11,5,1,0,0,0,0.258819045102521,-0.9659258262890682
2025-11-22 12:00:00,R3,51.2655522864614,119,2,Local,True,26.9,21.0,33.0,0.0,9.1,1017.3,0,0,59,12,5,1,0,0,0,1.2246467991473532e-16,-1.0
2025-11-22 13:00:00,R3,43.56848228442142,142,2,Local,True,26.9,21.0,33.0,0.0,9.1,1017.3,0,0,59,13,5,1,0,0,0,-0.2588190451025208,-0.9659258262890683
2025-11-22 14:00:00,R3,39.91119800796719,128,2,Local,True,26.9,21.0,33.0,0.0,9.1,1017.3,0,0,59,14,5,1,0,0,0,-0.4999999999999997,-0.8660254037844388
2025-11-22 15:00:00,R3,43.81971369597292,138,2,Local,True,26.9,21.0,33.0,0.0,9.1,1017.3,0,0,59,15,5,1,0,0,0,-0.7071067811865471,-0.7071067811865479
2025-11-22 16:00:00,R3,46.92307457436783,110,2,Local,True,26.9,21.0,33.0,0.0,9.1,1017.3,0,0,59,16,5,1,0,0,0,-0.8660254037844384,-0.5000000000000004
2025-11-22 17:00:00,R3,24.96449949184068,61,2,Local,True,26.9,21.0,33.0,0.0,9.1,1017.3,0,0,59,17,5,1,0,1,1,-0.9659258262890683,-0.25881904510252063
2025-11-22 18:00:00,R3,23.10889026625114,105,2,Local,True,26.9,21.0,33.0,0.0,9.1,1017.3,0,0,59,18,5,1,0,1,1,-1.0,-1.8369701987210297e-16
2025-11-22 19:00:00,R3,25.173285083297586,100,2,Local,True,26.9,21.0,33.0,0.0,9.1,1017.3,0,0,59,19,5,1,0,1,1,-0.9659258262890684,0.2588190451025203
2025-11-22 20:00:00,R3,34.26295633157616,94,2,Local,True,26.9,21.0,33.0,0.0,9.1,1017.3,0,0,59,20,5,1,0,1,1,-0.8660254037844386,0.5000000000000001
2025-11-22 21:00:00,R3,39.94542576695547,134,2,Local,True,26.9,21.0,33.0,0.0,9.1,1017.3,0,0,59,21,5,1,0,0,0,-0.7071067811865477,0.7071067811865474
2025-11-22 22:00:00,R3,32.24007215431614,100,2,Local,True,26.9,21.0,33.0,0.0,9.1,1017.3,0,0,59,22,5,1,0,0,0,-0.5000000000000004,0.8660254037844384
2025-11-22 23:00:00,R3,36.162350091119286,107,2,Local,True,26.9,21.0,33.0,0.0,9.1,1017.3,0,0,59,23,5,1,0,0,0,-0.25881904510252157,0.9659258262890681
2025-11-23 00:00:00,R3,39.3469978114351,121,2,Local,True,26.6,21.0,32.0,0.0,8.8,1016.9,0,0,59,0,6,1,0,0,0,0.0,1.0
2025-11-23 01:00:00,R3,42.79506089523056,127,2,Local,True,26.6,21.0,32.0,0.0,8.8,1016.9,0,0,59,1,6,1,0,0,0,0.25881904510252074,0.9659258262890683
2025-11-23 02:00:00,R3,47.53084940225638,127,2,Local,True,26.6,21.0,32.0,0.0,8.8,1016.9,0,0,59,2,6,1,0,0,0,0.49999999999999994,0.8660254037844387
2025-11-23 03:00:00,R3,49.12782688554247,115,2,Local,True,26.6,21.0,32.0,0.0,8.8,1016.9,0,0,59,3,6,1,0,0,0,0.7071067811865476,0.7071067811865476
2025-11-23 04:00:00,R3,47.58278445278423,120,2,Local,True,26.6,21.0,32.0,0.0,8.8,1016.9,0,0,59,4,6,1,0,0,0,0.8660254037844386,0.5000000000000001
2025-11-23 05:00:00,R3,43.75521839752805,109,2,Local,True,26.6,21.0,32.0,0.0,8.8,1016.9,0,0,59,5,6,1,0,0,0,0.9659258262890683,0.25881904510252074
2025-11-23 06:00:00,R3,47.091618806846895,125,2,Local,True,26.6,21.0,32.0,0.0,8.8,1016.9,0,0,59,6,6,1,0,0,0,1.0,6.123233995736766e-17
2025-11-23 07:00:00,R3,21.966829368717463,84,2,Local,True,26.6,21.0,32.0,0.0,8.8,1016.9,0,0,59,7,6,1,1,0,1,0.9659258262890683,-0.25881904510252063
2025-11-23 08:00:00,R3,27.08549835358621,88,2,Local,True,26.6,21.0,32.0,0.0,8.8,1016.9,0,0,59,8,6,1,1,0,1,0.8660254037844387,-0.4999999999999998
2025-11-23 09:00:00,R3,25.56159813178149,70,2,Local,True,26.6,21.0,32.0,0.0,8.8,1016.9,0,0,59,9,6,1,1,0,1,0.7071067811865476,-0.7071067811865475
2025-11-23 10:00:00,R3,17.000629230223804,85,2,Local,True,26.6,21.0,32.0,0.0,8.8,1016.9,0,0,59,10,6,1,1,0,1,0.49999999999999994,-0.8660254037844387
2025-11-23 11:00:00,R3,44.32406636916059,100,2,Local,True,26.6,21.0,32.0,0.0,8.8,1016.9,0,0,59,11,6,1,0,0,0,0.258819045102521,-0.9659258262890682
2025-11-23 12:00:00,R3,45.89158410270289,101,2,Local,True,26.6,21.0,32.0,0.0,8.8,1016.9,0,0,59,12,6,1,0,0,0,1.2246467991473532e-16,-1.0
2025-11-23 13:00:00,R3,37.990605608531816,109,2,Local,True,26.6,21.0,32.0,0.0,8.8,1016.9,0,0,59,13,6,1,0,0,0,-0.2588190451025208,-0.9659258262890683
2025-11-23 14:00:00,R3,38.67207715469856,125,2,Local,True,26.6,21.0,32.0,0.0,8.8,1016.9,0,0,59,14,6,1,0,0,0,-0.4999999999999997,-0.8660254037844388
2025-11-23 15:00:00,R3,38.68152964394432,102,2,Local,True,26.6,21.0,32.0,0.0,8.8,1016.9,0,0,59,15,6,1,0,0,0,-0.7071067811865471,-0.7071067811865479
2025-11-23 16:00:00,R3,39.03412697288013,139,2,Local,True,26.6,21.0,32.0,0.0,8.8,1016.9,0,0,59,16,6,1,0,0,0,-0.8660254037844384,-0.5000000000000004
2025-11-23 17:00:00,R3,29.084699439512818,68,2,Local,True,26.6,21.0,32.0,0.0,8.8,1016.9,0,0,59,17,6,1,0,1,1,-0.9659258262890683,-0.25881904510252063
2025-11-23 18:00:00,R3,20.639067649515752,84,2,Local,True,26.6,21.0,32.0,0.0,8.8,1016.9,0,0,59,18,6,1,0,1,1,-1.0,-1.8369701987210297e-16
2025-11-23 19:00:00,R3,23.43232804621383,64,2,Local,True,26.6,21.0,32.0,0.0,8.8,1016.9,0,0,59,19,6,1,0,1,1,-0.9659258262890684,0.2588190451025203
2025-11-23 20:00:00,R3,17.607328298728746,60,2,Local,True,26.6,21.0,32.0,0.0,8.8,1016.9,0,0,59,20,6,1,0,1,1,-0.8660254037844386,0.5000000000000001
2025-11-23 21:00:00,R3,42.02543932882213,144,2,Local,True,26.6,21.0,32.0,0.0,8.8,1016.9,0,0,59,21,6,1,0,0,0,-0.7071067811865477,0.7071067811865474
2025-11-23 22:00:00,R3,38.73127599214648,132,2,Local,True,26.6,21.0,32.0,0.0,8.8,1016.9,0,0,59,22,6,1,0,0,0,-0.5000000000000004,0.8660254037844384
2025-11-23 23:00:00,R3,48.99639217973267,121,2,Local,True,26.6,21.0,32.0,0.0,8.8,1016.9,0,0,59,23,6,1,0,0,0,-0.25881904510252157,0.9659258262890681
2025-11-24 00:00:00,R3,36.3630128492034,134,2,Local,True,26.5,22.0,31.0,0.0,10.0,1016.7,0,0,59,0,0,0,0,0,0,0.0,1.0
2025-11-24 01:00:00,R3,41.66100436075513,116,2,Local,True,26.5,22.0,31.0,0.0,10.0,1016.7,0,0,59,1,0,0,0,0,0,0.25881904510252074,0.9659258262890683
2025-11-24 02:00:00,R3,37.703196254181606,144,2,Local,True,26.5,22.0,31.0,0.0,10.0,1016.7,0,0,59,2,0,0,0,0,0,0.49999999999999994,0.8660254037844387
2025-11-24 03:00:00,R3,43.49910821709928,119,2,Local,True,26.5,22.0,31.0,0.0,10.0,1016.7,0,0,59,3,0,0,0,0,0,0.7071067811865476,0.7071067811865476
2025-11-24 04:00:00,R3,36.9394614863593,139,2,Local,True,26.5,22.0,31.0,0.0,10.0,1016.7,0,0,59,4,0,0,0,0,0,0.8660254037844386,0.5000000000000001
2025-11-24 05:00:00,R3,44.64512230204173,134,2,Local,True,26.5,22.0,31.0,0.0,10.0,1016.7,0,0,59,5,0,0,0,0,0,0.9659258262890683,0.25881904510252074
2025-11-24 06:00:00,R3,37.99030121010372,100,2,Local,True,26.5,22.0,31.0,0.0,10.0,1016.7,0,0,59,6,0,0,0,0,0,1.0,6.123233995736766e-17
2025-11-24 07:00:00,R3,20.194568798994712,81,2,Local,True,26.5,22.0,31.0,0.0,10.0,1016.7,0,0,59,7,0,0,1,0,1,0.9659258262890683,-0.25881904510252063
2025-11-24 08:00:00,R3,26.95150626658876,94,2,Local,True,26.5,22.0,31.0,0.0,10.0,1016.7,0,0,59,8,0,0,1,0,1,0.8660254037844387,-0.4999999999999998
2025-11-24 09:00:00,R3,29.87185332039033,67,2,Local,True,26.5,22.0,31.0,0.0,10.0,1016.7,0,0,59,9,0,0,1,0,1,0.7071067811865476,-0.7071067811865475
2025-11-24 10:00:00,R3,26.21348891387735,61,2,Local,True,26.5,22.0,31.0,0.0,10.0,1016.7,0,0,59,10,0,0,1,0,1,0.49999999999999994,-0.8660254037844387
2025-11-24 11:00:00,R3,43.71785305512636,143,2,Local,True,26.5,22.0,31.0,0.0,10.0,1016.7,0,0,59,11,0,0,0,0,0,0.258819045102521,-0.9659258262890682
2025-11-24 12:00:00,R3,40.48403493074772,111,2,Local,True,26.5,22.0,31.0,0.0,10.0,1016.7,0,0,59,12,0,0,0,0,0,1.2246467991473532e-16,-1.0
2025-11-24 13:00:00,R3,36.15615699001593,129,2,Local,True,26.5,22.0,31.0,0.0,10.0,1016.7,0,0,59,13,0,0,0,0,0,-0.2588190451025208,-0.9659258262890683
2025-11-24 14:00:00,R3,37.80028115372751,125,2,Local,True,26.5,22.0,31.0,0.0,10.0,1016.7,0,0,59,14,0,0,0,0,0,-0.4999999999999997,-0.8660254037844388
2025-11-24 15:00:00,R3,38.365866090832974,136,2,Local,True,26.5,22.0,31.0,0.0,10.0,1016.7,0,0,59,15,0,0,0,0,0,-0.7071067811865471,-0.7071067811865479
2025-11-24 16:00:00,R3,43.01335449472714,111,2,Local,True,26.5,22.0,31.0,0.0,10.0,1016.7,0,0,59,16,0,0,0,0,0,-0.8660254037844384,-0.5000000000000004
2025-11-24 17:00:00,R3,17.532625905564224,75,2,Local,True,26.5,22.0,31.0,0.0,10.0,1016.7,0,0,59,17,0,0,0,1,1,-0.9659258262890683,-0.25881904510252063
2025-11-24 18:00:00,R3,23.14863199513545,108,2,Local,True,26.5,22.0,31.0,0.0,10.0,1016.7,0,0,59,18,0,0,0,1,1,-1.0,-1.8369701987210297e-16
2025-11-24 19:00:00,R3,22.613429101782515,68,2,Local,True,26.5,22.0,31.0,0.0,10.0,1016.7,0,0,59,19,0,0,0,1,1,-0.9659258262890684,0.2588190451025203
2025-11-24 20:00:00,R3,14.32540372787256,65,2,Local,True,26.5,22.0,31.0,0.0,10.0,1016.7,0,0,59,20,0,0,0,1,1,-0.8660254037844386,0.5000000000000001
2025-11-24 21:00:00,R3,39.63298622902259,128,2,Local,True,26.5,22.0,31.0,0.0,10.0,1016.7,0,0,59,21,0,0,0,0,0,-0.7071067811865477,0.7071067811865474
2025-11-24 22:00:00,R3,31.515659138545235,139,2,Local,True,26.5,22.0,31.0,0.0,10.0,1016.7,0,0,59,22,0,0,0,0,0,-0.5000000000000004,0.8660254037844384
2025-11-24 23:00:00,R3,42.66145157462384,136,2,Local,True,26.5,22.0,31.0,0.0,10.0,1016.7,0,0,59,23,0,0,0,0,0,-0.25881904510252157,0.9659258262890681
2025-11-25 00:00:00,R3,41.87148576274669,130,2,Local,True,25.6,21.0,31.0,0.0,10.4,1017.2,0,0,59,0,1,0,0,0,0,0.0,1.0
2025-11-25 01:00:00,R3,46.90442091401072,112,2,Local,True,25.6,21.0,31.0,0.0,10.4,1017.2,0,0,59,1,1,0,0,0,0,0.25881904510252074,0.9659258262890683
2025-11-25 02:00:00,R3,33.891173131275536,113,2,Local,True,25.6,21.0,31.0,0.0,10.4,1017.2,0,0,59,2,1,0,0,0,0,0.49999999999999994,0.8660254037844387
2025-11-25 03:00:00,R3,48.6647971496471,139,2,Local,True,25.6,21.0,31.0,0.0,10.4,1017.2,0,0,59,3,1,0,0,0,0,0.7071067811865476,0.7071067811865476
2025-11-25 04:00:00,R3,40.41843130541581,111,2,Local,True,25.6,21.0,31.0,0.0,10.4,1017.2,0,0,59,4,1,0,0,0,0,0.8660254037844386,0.5000000000000001
2025-11-25 05:00:00,R3,36.27557537728797,112,2,Local,True,25.6,21.0,31.0,0.0,10.4,1017.2,0,0,59,5,1,0,0,0,0,0.9659258262890683,0.25881904510252074
2025-11-25 06:00:00,R3,38.773894695898335,137,2,Local,True,25.6,21.0,31.0,0.0,10.4,1017.2,0,0,59,6,1,0,0,0,0,1.0,6.123233995736766e-17
2025-11-25 07:00:00,R3,24.840974228031826,91,2,Local,True,25.6,21.0,31.0,0.0,10.4,1017.2,0,0,59,7,1,0,1,0,1,0.9659258262890683,-0.25881904510252063
2025-11-25 08:00:00,R3,31.27805580020748,61,2,Local,True,25.6,21.0,31.0,0.0,10.4,1017.2,0,0,59,8,1,0,1,0,1,0.8660254037844387,-0.4999999999999998
2025-11-25 09:00:00,R3,24.371718341131302,73,2,Local,True,25.6,21.0,31.0,0.0,10.4,1017.2,0,0,59,9,1,0,1,0,1,0.7071067811865476,-0.7071067811865475
2025-11-25 10:00:00,R3,23.47629272156002,103,2,Local,True,25.6,21.0,31.0,0.0,10.4,1017.2,0,0,59,10,1,0,1,0,1,0.49999999999999994,-0.8660254037844387
2025-11-25 11:00:00,R3,43.999923276153375,107,2,Local,True,25.6,21.0,31.0,0.0,10.4,1017.2,0,0,59,11,1,0,0,0,0,0.258819045102521,-0.9659258262890682
2025-11-25 12:00:00,R3,42.34479877438745,121,2,Local,True,25.6,21.0,31.0,0.0,10.4,1017.2,0,0,59,12,1,0,0,0,0,1.2246467991473532e-16,-1.0
2025-11-25 13:00:00,R3,37.86310525433576,145,2,Local,True,25.6,21.0,31.0,0.0,10.4,1017.2,0,0,59,13,1,0,0,0,0,-0.2588190451025208,-0.9659258262890683
2025-11-25 14:00:00,R3,41.09787509657682,142,2,Local,True,25.6,21.0,31.0,0.0,10.4,1017.2,0,0,59,14,1,0,0,0,0,-0.4999999999999997,-0.8660254037844388
2025-11-25 15:00:00,R3,40.41097302012827,139,2,Local,True,25.6,21.0,31.0,0.0,10.4,1017.2,0,0,59,15,1,0,0,0,0,-0.7071067811865471,-0.7071067811865479
2025-11-25 16:00:00,R3,40.62124629632867,109,2,Local,True,25.6,21.0,31.0,0.0,10.4,1017.2,0,0,59,16,1,0,0,0,0,-0.8660254037844384,-0.5000000000000004
2025-11-25 17:00:00,R3,25.471176995766,85,2,Local,True,25.6,21.0,31.0,0.0,10.4,1017.2,0,0,59,17,1,0,0,1,1,-0.9659258262890683,-0.25881904510252063
2025-11-25 18:00:00,R3,37.04543103890517,104,2,Local,True,25.6,21.0,31.0,0.0,10.4,1017.2,0,0,59,18,1,0,0,1,1,-1.0,-1.8369701987210297e-16
2025-11-25 19:00:00,R3,28.77224601053124,60,2,Local,True,25.6,21.0,31.0,0.0,10.4,1017.2,0,0,59,19,1,0,0,1,1,-0.9659258262890684,0.2588190451025203
2025-11-25 20:00:00,R3,23.82674385014353,93,2,Local,True,25.6,21.0,31.0,0.0,10.4,1017.2,0,0,59,20,1,0,0,1,1,-0.8660254037844386,0.5000000000000001
2025-11-25 21:00:00,R3,34.28507780777913,114,2,Local,True,25.6,21.0,31.0,0.0,10.4,1017.2,0,0,59,21,1,0,0,0,0,-0.7071067811865477,0.7071067811865474
2025-11-25 22:00:00,R3,36.85939017768949,104,2,Local,True,25.6,21.0,31.0,0.0,10.4,1017.2,0,0,59,22,1,0,0,0,0,-0.5000000000000004,0.8660254037844384
2025-11-25 23:00:00,R3,33.65072997807827,145,2,Local,True,25.6,21.0,31.0,0.0,10.4,1017.2,0,0,59,23,1,0,0,0,0,-0.25881904510252157,0.9659258262890681
2025-11-26 00:00:00,R3,39.24196648446267,126,2,Local,True,25.3,20.0,30.0,0.0,9.7,1016.5,0,0,59,0,2,0,0,0,0,0.0,1.0
2025-11-26 01:00:00,R3,31.893052800054203,110,2,Local,True,25.3,20.0,30.0,0.0,9.7,1016.5,0,0,59,1,2,0,0,0,0,0.25881904510252074,0.9659258262890683
2025-11-26 02:00:00,R3,39.24523799710487,149,2,Local,True,25.3,20.0,30.0,0.0,9.7,1016.5,0,0,59,2,2,0,0,0,0,0.49999999999999994,0.8660254037844387
2025-11-26 03:00:00,R3,40.94437202646112,101,2,Local,True,25.3,20.0,30.0,0.0,9.7,1016.5,0,0,59,3,2,0,0,0,0,0.7071067811865476,0.7071067811865476
2025-11-26 04:00:00,R3,41.04334954223024,133,2,Local,True,25.3,20.0,30.0,0.0,9.7,1016.5,0,0,59,4,2,0,0,0,0,0.8660254037844386,0.5000000000000001
2025-11-26 05:00:00,R3,44.4909852559883,114,2,Local,True,25.3,20.0,30.0,0.0,9.7,1016.5,0,0,59,5,2,0,0,0,0,0.9659258262890683,0.25881904510252074
2025-11-26 06:00:00,R3,41.402670177521365,145,2,Local,True,25.3,20.0,30.0,0.0,9.7,1016.5,0,0,59,6,2,0,0,0,0,1.0,6.123233995736766e-17
2025-11-26 07:00:00,R3,16.69610318724235,107,2,Local,True,25.3,20.0,30.0,0.0,9.7,1016.5,0,0,59,7,2,0,1,0,1,0.9659258262890683,-0.25881904510252063
2025-11-26 08:00:00,R3,15.504982578562132,108,2,Local,True,25.3,20.0,30.0,0.0,9.7,1016.5,0,0,59,8,2,0,1,0,1,0.8660254037844387,-0.4999999999999998
2025-11-26 09:00:00,R3,26.456519758503635,83,2,Local,True,25.3,20.0,30.0,0.0,9.7,1016.5,0,0,59,9,2,0,1,0,1,0.7071067811865476,-0.7071067811865475
2025-11-26 10:00:00,R3,26.48765856887408,85,2,Local,True,25.3,20.0,30.0,0.0,9.7,1016.5,0,0,59,10,2,0,1,0,1,0.49999999999999994,-0.8660254037844387
2025-11-26 11:00:00,R3,43.25850671323618,127,2,Local,True,25.3,20.0,30.0,0.0,9.7,1016.5,0,0,59,11,2,0,0,0,0,0.258819045102521,-0.9659258262890682
2025-11-26 12:00:00,R3,43.03244534744773,105,2,Local,True,25.3,20.0,30.0,0.0,9.7,1016.5,0,0,59,12,2,0,0,0,0,1.2246467991473532e-16,-1.0
2025-11-26 13:00:00,R3,39.10848346452944,133,2,Local,True,25.3,20.0,30.0,0.0,9.7,1016.5,0,0,59,13,2,0,0,0,0,-0.2588190451025208,-0.9659258262890683
2025-11-26 14:00:00,R3,39.735915619059696,137,2,Local,True,25.3,20.0,30.0,0.0,9.7,1016.5,0,0,59,14,2,0,0,0,0,-0.4999999999999997,-0.8660254037844388
2025-11-26 15:00:00,R3,49.621689368165846,139,2,Local,True,25.3,20.0,30.0,0.0,9.7,1016.5,0,0,59,15,2,0,0,0,0,-0.7071067811865471,-0.7071067811865479
2025-11-26 16:00:00,R3,39.25191656464256,126,2,Local,True,25.3,20.0,30.0,0.0,9.7,1016.5,0,0,59,16,2,0,0,0,0,-0.8660254037844384,-0.5000000000000004
2025-11-26 17:00:00,R3,28.48033591643571,102,2,Local,True,25.3,20.0,30.0,0.0,9.7,1016.5,0,0,59,17,2,0,0,1,1,-0.9659258262890683,-0.25881904510252063
2025-11-26 18:00:00,R3,25.874577959390145,87,2,Local,True,25.3,20.0,30.0,0.0,9.7,1016.5,0,0,59,18,2,0,0,1,1,-1.0,-1.8369701987210297e-16
2025-11-26 19:00:00,R3,28.8825777940108,86,2,Local,True,25.3,20.0,30.0,0.0,9.7,1016.5,0,0,59,19,2,0,0,1,1,-0.9659258262890684,0.2588190451025203
2025-11-26 20:00:00,R3,21.025150122748062,77,2,Local,True,25.3,20.0,30.0,0.0,9.7,1016.5,0,0,59,20,2,0,0,1,1,-0.8660254037844386,0.5000000000000001
2025-11-26 21:00:00,R3,42.33656129413544,108,2,Local,True,25.3,20.0,30.0,0.0,9.7,1016.5,0,0,59,21,2,0,0,0,0,-0.7071067811865477,0.7071067811865474
2025-11-26 22:00:00,R3,40.94907126937876,107,2,Local,True,25.3,20.0,30.0,0.0,9.7,1016.5,0,0,59,22,2,0,0,0,0,-0.5000000000000004,0.8660254037844384
2025-11-26 23:00:00,R3,38.46782277574008,116,2,Local,True,25.3,20.0,30.0,0.0,9.7,1016.5,0,0,59,23,2,0,0,0,0,-0.25881904510252157,0.9659258262890681
2025-11-27 00:00:00,R3,30.90879444474808,100,2,Local,True,25.2,21.0,29.0,0.0,8.8,1016.8,0,0,59,0,3,0,0,0,0,0.0,1.0
2025-11-27 01:00:00,R3,41.758745859527,118,2,Local,True,25.2,21.0,29.0,0.0,8.8,1016.8,0,0,59,1,3,0,0,0,0,0.25881904510252074,0.9659258262890683
2025-11-27 02:00:00,R3,38.77293823730054,117,2,Local,True,25.2,21.0,29.0,0.0,8.8,1016.8,0,0,59,2,3,0,0,0,0,0.49999999999999994,0.8660254037844387
2025-11-27 03:00:00,R3,38.26193354472439,120,2,Local,True,25.2,21.0,29.0,0.0,8.8,1016.8,0,0,59,3,3,0,0,0,0,0.7071067811865476,0.7071067811865476
2025-11-27 04:00:00,R3,36.55500818381074,115,2,Local,True,25.2,21.0,29.0,0.0,8.8,1016.8,0,0,59,4,3,0,0,0,0,0.8660254037844386,0.5000000000000001
2025-11-27 05:00:00,R3,38.54954072250837,141,2,Local,True,25.2,21.0,29.0,0.0,8.8,1016.8,0,0,59,5,3,0,0,0,0,0.9659258262890683,0.25881904510252074
2025-11-27 06:00:00,R3,38.998493946242014,145,2,Local,True,25.2,21.0,29.0,0.0,8.8,1016.8,0,0,59,6,3,0,0,0,0,1.0,6.123233995736766e-17
2025-11-27 07:00:00,R3,23.568582840080232,79,2,Local,True,25.2,21.0,29.0,0.0,8.8,1016.8,0,0,59,7,3,0,1,0,1,0.9659258262890683,-0.25881904510252063
2025-11-27 08:00:00,R3,29.3213157947305,104,2,Local,True,25.2,21.0,29.0,0.0,8.8,1016.8,0,0,59,8,3,0,1,0,1,0.8660254037844387,-0.4999999999999998
2025-11-27 09:00:00,R3,16.21128616861537,104,2,Local,True,25.2,21.0,29.0,0.0,8.8,1016.8,0,0,59,9,3,0,1,0,1,0.7071067811865476,-0.7071067811865475
2025-11-27 10:00:00,R3,16.599027906343345,62,2,Local,True,25.2,21.0,29.0,0.0,8.8,1016.8,0,0,59,10,3,0,1,0,1,0.49999999999999994,-0.8660254037844387
2025-11-27 11:00:00,R3,39.12408899632196,110,2,Local,True,25.2,21.0,29.0,0.0,8.8,1016.8,0,0,59,11,3,0,0,0,0,0.258819045102521,-0.9659258262890682
2025-11-27 12:00:00,R3,41.394735761074266,100,2,Local,True,25.2,21.0,29.0,0.0,8.8,1016.8,0,0,59,12,3,0,0,0,0,1.2246467991473532e-16,-1.0
2025-11-27 13:00:00,R3,36.42039905312663,117,2,Local,True,25.2,21.0,29.0,0.0,8.8,1016.8,0,0,59,13,3,0,0,0,0,-0.2588190451025208,-0.9659258262890683
2025-11-27 14:00:00,R3,47.22220931875876,104,2,Local,True,25.2,21.0,29.0,0.0,8.8,1016.8,0,0,59,14,3,0,0,0,0,-0.4999999999999997,-0.8660254037844388
2025-11-27 15:00:00,R3,36.46416837179964,106,2,Local,True,25.2,21.0,29.0,0.0,8.8,1016.8,0,0,59,15,3,0,0,0,0,-0.7071067811865471,-0.7071067811865479
2025-11-27 16:00:00,R3,41.2583773305115,119,2,Local,True,25.2,21.0,29.0,0.0,8.8,1016.8,0,0,59,16,3,0,0,0,0,-0.8660254037844384,-0.5000000000000004
2025-11-27 17:00:00,R3,36.34328181965782,71,2,Local,True,25.2,21.0,29.0,0.0,8.8,1016.8,0,0,59,17,3,0,0,1,1,-0.9659258262890683,-0.25881904510252063
2025-11-27 18:00:00,R3,30.75759129330152,69,2,Local,True,25.2,21.0,29.0,0.0,8.8,1016.8,0,0,59,18,3,0,0,1,1,-1.0,-1.8369701987210297e-16
2025-11-27 19:00:00,R3,27.24622159681562,69,2,Local,True,25.2,21.0,29.0,0.0,8.8,1016.8,0,0,59,19,3,0,0,1,1,-0.9659258262890684,0.2588190451025203
2025-11-27 20:00:00,R3,24.124529317331508,102,2,Local,True,25.2,21.0,29.0,0.0,8.8,1016.8,0,0,59,20,3,0,0,1,1,-0.8660254037844386,0.5000000000000001
2025-11-27 21:00:00,R3,29.474296804949915,114,2,Local,True,25.2,21.0,29.0,0.0,8.8,1016.8,0,0,59,21,3,0,0,0,0,-0.7071067811865477,0.7071067811865474
2025-11-27 22:00:00,R3,43.26938663321968,110,2,Local,True,25.2,21.0,29.0,0.0,8.8,1016.8,0,0,59,22,3,0,0,0,0,-0.5000000000000004,0.8660254037844384
2025-11-27 23:00:00,R3,39.71251038028501,117,2,Local,True,25.2,21.0,29.0,0.0,8.8,1016.8,0,0,59,23,3,0,0,0,0,-0.25881904510252157,0.9659258262890681
2025-11-28 00:00:00,R3,38.67017311253067,149,2,Local,True,25.1,22.0,28.0,0.0,9.6,1017.8,0,0,59,0,4,0,0,0,0,0.0,1.0
2025-11-28 01:00:00,R3,35.206193125623315,100,2,Local,True,25.1,22.0,28.0,0.0,9.6,1017.8,0,0,59,1,4,0,0,0,0,0.25881904510252074,0.9659258262890683
2025-11-28 02:00:00,R3,35.49231767899102,147,2,Local,True,25.1,22.0,28.0,0.0,9.6,1017.8,0,0,59,2,4,0,0,0,0,0.49999999999999994,0.8660254037844387
2025-11-28 03:00:00,R3,38.416814025066735,104,2,Local,True,25.1,22.0,28.0,0.0,9.6,1017.8,0,0,59,3,4,0,0,0,0,0.7071067811865476,0.7071067811865476
2025-11-28 04:00:00,R3,37.37020599469286,132,2,Local,True,25.1,22.0,28.0,0.0,9.6,1017.8,0,0,59,4,4,0,0,0,0,0.8660254037844386,0.5000000000000001
2025-11-28 05:00:00,R3,34.67601990154318,102,2,Local,True,25.1,22.0,28.0,0.0,9.6,1017.8,0,0,59,5,4,0,0,0,0,0.9659258262890683,0.25881904510252074
2025-11-28 06:00:00,R3,44.65397707769684,113,2,Local,True,25.1,22.0,28.0,0.0,9.6,1017.8,0,0,59,6,4,0,0,0,0,1.0,6.123233995736766e-17
2025-11-28 07:00:00,R3,30.315288335061496,106,2,Local,True,25.1,22.0,28.0,0.0,9.6,1017.8,0,0,59,7,4,0,1,0,1,0.9659258262890683,-0.25881904510252063
2025-11-28 08:00:00,R3,26.911197951497623,109,2,Local,True,25.1,22.0,28.0,0.0,9.6,1017.8,0,0,59,8,4,0,1,0,1,0.8660254037844387,-0.4999999999999998
2025-11-28 09:00:00,R3,27.24713138862107,76,2,Local,True,25.1,22.0,28.0,0.0,9.6,1017.8,0,0,59,9,4,0,1,0,1,0.7071067811865476,-0.7071067811865475
2025-11-28 10:00:00,R3,18.259883197972112,91,2,Local,True,25.1,22.0,28.0,0.0,9.6,1017.8,0,0,59,10,4,0,1,0,1,0.49999999999999994,-0.8660254037844387
2025-11-28 11:00:00,R3,40.62553275528453,111,2,Local,True,25.1,22.0,28.0,0.0,9.6,1017.8,0,0,59,11,4,0,0,0,0,0.258819045102521,-0.9659258262890682
2025-11-28 12:00:00,R3,46.371557029601874,149,2,Local,True,25.1,22.0,28.0,0.0,9.6,1017.8,0,0,59,12,4,0,0,0,0,1.2246467991473532e-16,-1.0
2025-11-28 13:00:00,R3,34.90293568938613,130,2,Local,True,25.1,22.0,28.0,0.0,9.6,1017.8,0,0,59,13,4,0,0,0,0,-0.2588190451025208,-0.9659258262890683
2025-11-28 14:00:00,R3,42.82054946288206,113,2,Local,True,25.1,22.0,28.0,0.0,9.6,1017.8,0,0,59,14,4,0,0,0,0,-0.4999999999999997,-0.8660254037844388
2025-11-28 15:00:00,R3,49.84083032135556,147,2,Local,True,25.1,22.0,28.0,0.0,9.6,1017.8,0,0,59,15,4,0,0,0,0,-0.7071067811865471,-0.7071067811865479
2025-11-28 16:00:00,R3,38.88754805220818,100,2,Local,True,25.1,22.0,28.0,0.0,9.6,1017.8,0,0,59,16,4,0,0,0,0,-0.8660254037844384,-0.5000000000000004
2025-11-28 17:00:00,R3,24.275534383419657,80,2,Local,True,25.1,22.0,28.0,0.0,9.6,1017.8,0,0,59,17,4,0,0,1,1,-0.9659258262890683,-0.25881904510252063
2025-11-28 18:00:00,R3,24.06624721974272,92,2,Local,True,25.1,22.0,28.0,0.0,9.6,1017.8,0,0,59,18,4,0,0,1,1,-1.0,-1.8369701987210297e-16
2025-11-28 19:00:00,R3,19.44523819726927,85,2,Local,True,25.1,22.0,28.0,0.0,9.6,1017.8,0,0,59,19,4,0,0,1,1,-0.9659258262890684,0.2588190451025203
2025-11-28 20:00:00,R3,22.14860631235119,74,2,Local,True,25.1,22.0,28.0,0.0,9.6,1017.8,0,0,59,20,4,0,0,1,1,-0.8660254037844386,0.5000000000000001
2025-11-28 21:00:00,R3,47.33618954249747,135,2,Local,True,25.1,22.0,28.0,0.0,9.6,1017.8,0,0,59,21,4,0,0,0,0,-0.7071067811865477,0.7071067811865474
2025-11-28 22:00:00,R3,41.95087115289781,111,2,Local,True,25.1,22.0,28.0,0.0,9.6,1017.8,0,0,59,22,4,0,0,0,0,-0.5000000000000004,0.8660254037844384
2025-11-28 23:00:00,R3,46.219400493458565,128,2,Local,True,25.1,22.0,28.0,0.0,9.6,1017.8,0,0,59,23,4,0,0,0,0,-0.25881904510252157,0.9659258262890681
2025-11-29 00:00:00,R3,34.28578930940509,116,2,Local,True,25.4,22.0,28.0,0.0,10.8,1016.8,0,0,59,0,5,1,0,0,0,0.0,1.0
2025-11-29 01:00:00,R3,35.95792825285293,118,2,Local,True,25.4,22.0,28.0,0.0,10.8,1016.8,0,0,59,1,5,1,0,0,0,0.25881904510252074,0.9659258262890683
2025-11-29 02:00:00,R3,48.46164670021615,122,2,Local,True,25.4,22.0,28.0,0.0,10.8,1016.8,0,0,59,2,5,1,0,0,0,0.49999999999999994,0.8660254037844387
2025-11-29 03:00:00,R3,41.84412861085253,105,2,Local,True,25.4,22.0,28.0,0.0,10.8,1016.8,0,0,59,3,5,1,0,0,0,0.7071067811865476,0.7071067811865476
2025-11-29 04:00:00,R3,38.39394760850432,118,2,Local,True,25.4,22.0,28.0,0.0,10.8,1016.8,0,0,59,4,5,1,0,0,0,0.8660254037844386,0.5000000000000001
2025-11-29 05:00:00,R3,37.82150262644199,143,2,Local,True,25.4,22.0,28.0,0.0,10.8,1016.8,0,0,59,5,5,1,0,0,0,0.9659258262890683,0.25881904510252074
2025-11-29 06:00:00,R3,39.09455225278101,139,2,Local,True,25.4,22.0,28.0,0.0,10.8,1016.8,0,0,59,6,5,1,0,0,0,1.0,6.123233995736766e-17
2025-11-29 07:00:00,R3,21.89468865517679,105,2,Local,True,25.4,22.0,28.0,0.0,10.8,1016.8,0,0,59,7,5,1,1,0,1,0.9659258262890683,-0.25881904510252063
2025-11-29 08:00:00,R3,24.486718185691178,62,2,Local,True,25.4,22.0,28.0,0.0,10.8,1016.8,0,0,59,8,5,1,1,0,1,0.8660254037844387,-0.4999999999999998
2025-11-29 09:00:00,R3,17.282210043355946,86,2,Local,True,25.4,22.0,28.0,0.0,10.8,1016.8,0,0,59,9,5,1,1,0,1,0.7071067811865476,-0.7071067811865475
2025-11-29 10:00:00,R3,24.28237061700077,95,2,Local,True,25.4,22.0,28.0,0.0,10.8,1016.8,0,0,59,10,5,1,1,0,1,0.49999999999999994,-0.8660254037844387
2025-11-29 11:00:00,R3,36.76410609677663,119,2,Local,True,25.4,22.0,28.0,0.0,10.8,1016.8,0,0,59,11,5,1,0,0,0,0.258819045102521,-0.9659258262890682
2025-11-29 12:00:00,R3,36.10253225823593,139,2,Local,True,25.4,22.0,28.0,0.0,10.8,1016.8,0,0,59,12,5,1,0,0,0,1.2246467991473532e-16,-1.0
2025-11-29 13:00:00,R3,40.46608025198461,121,2,Local,True,25.4,22.0,28.0,0.0,10.8,1016.8,0,0,59,13,5,1,0,0,0,-0.2588190451025208,-0.9659258262890683
2025-11-29 14:00:00,R3,36.8534801075973,137,2,Local,True,25.4,22.0,28.0,0.0,10.8,1016.8,0,0,59,14,5,1,0,0,0,-0.4999999999999997,-0.8660254037844388
2025-11-29 15:00:00,R3,31.57330814461396,127,2,Local,True,25.4,22.0,28.0,0.0,10.8,1016.8,0,0,59,15,5,1,0,0,0,-0.7071067811865471,-0.7071067811865479
2025-11-29 16:00:00,R3,33.56886385136242,112,2,Local,True,25.4,22.0,28.0,0.0,10.8,1016.8,0,0,59,16,5,1,0,0,0,-0.8660254037844384,-0.5000000000000004
2025-11-29 17:00:00,R3,20.6112904981912,62,2,Local,True,25.4,22.0,28.0,0.0,10.8,1016.8,0,0,59,17,5,1,0,1,1,-0.9659258262890683,-0.25881904510252063
2025-11-29 18:00:00,R3,24.41942122149849,74,2,Local,True,25.4,22.0,28.0,0.0,10.8,1016.8,0,0,59,18,5,1,0,1,1,-1.0,-1.8369701987210297e-16
2025-11-29 19:00:00,R3,27.64089991937356,78,2,Local,True,25.4,22.0,28.0,0.0,10.8,1016.8,0,0,59,19,5,1,0,1,1,-0.9659258262890684,0.2588190451025203
2025-11-29 20:00:00,R3,26.66000646938317,75,2,Local,True,25.4,22.0,28.0,0.0,10.8,1016.8,0,0,59,20,5,1,0,1,1,-0.8660254037844386,0.5000000000000001
2025-11-29 21:00:00,R3,40.71801811732049,127,2,Local,True,25.4,22.0,28.0,0.0,10.8,1016.8,0,0,59,21,5,1,0,0,0,-0.7071067811865477,0.7071067811865474
2025-11-29 22:00:00,R3,39.05048673442384,145,2,Local,True,25.4,22.0,28.0,0.0,10.8,1016.8,0,0,59,22,5,1,0,0,0,-0.5000000000000004,0.8660254037844384
2025-11-29 23:00:00,R3,38.754148472863626,129,2,Local,True,25.4,22.0,28.0,0.0,10.8,1016.8,0,0,59,23,5,1,0,0,0,-0.25881904510252157,0.9659258262890681
2025-11-30 00:00:00,R3,47.45192983218341,128,2,Local,True,25.0,20.0,29.0,0.0,9.0,1016.2,0,0,59,0,6,1,0,0,0,0.0,1.0
2025-11-30 01:00:00,R3,42.63898282750797,146,2,Local,True,25.0,20.0,29.0,0.0,9.0,1016.2,0,0,59,1,6,1,0,0,0,0.25881904510252074,0.9659258262890683
2025-11-30 02:00:00,R3,43.23518936114312,130,2,Local,True,25.0,20.0,29.0,0.0,9.0,1016.2,0,0,59,2,6,1,0,0,0,0.49999999999999994,0.8660254037844387
2025-11-30 03:00:00,R3,50.124143449299,108,2,Local,True,25.0,20.0,29.0,0.0,9.0,1016.2,0,0,59,3,6,1,0,0,0,0.7071067811865476,0.7071067811865476
2025-11-30 04:00:00,R3,45.58853996717245,121,2,Local,True,25.0,20.0,29.0,0.0,9.0,1016.2,0,0,59,4,6,1,0,0,0,0.8660254037844386,0.5000000000000001
2025-11-30 05:00:00,R3,40.5082602850944,116,2,Local,True,25.0,20.0,29.0,0.0,9.0,1016.2,0,0,59,5,6,1,0,0,0,0.9659258262890683,0.25881904510252074
2025-11-30 06:00:00,R3,39.02599037250604,148,2,Local,True,25.0,20.0,29.0,0.0,9.0,1016.2,0,0,59,6,6,1,0,0,0,1.0,6.123233995736766e-17
2025-11-30 07:00:00,R3,23.473954971980948,96,2,Local,True,25.0,20.0,29.0,0.0,9.0,1016.2,0,0,59,7,6,1,1,0,1,0.9659258262890683,-0.25881904510252063
2025-11-30 08:00:00,R3,23.48336799304141,69,2,Local,True,25.0,20.0,29.0,0.0,9.0,1016.2,0,0,59,8,6,1,1,0,1,0.8660254037844387,-0.4999999999999998
2025-11-30 09:00:00,R3,24.365848639604483,106,2,Local,True,25.0,20.0,29.0,0.0,9.0,1016.2,0,0,59,9,6,1,1,0,1,0.7071067811865476,-0.7071067811865475
2025-11-30 10:00:00,R3,21.752045124834883,109,2,Local,True,25.0,20.0,29.0,0.0,9.0,1016.2,0,0,59,10,6,1,1,0,1,0.49999999999999994,-0.8660254037844387
2025-11-30 11:00:00,R3,43.77922641730406,106,2,Local,True,25.0,20.0,29.0,0.0,9.0,1016.2,0,0,59,11,6,1,0,0,0,0.258819045102521,-0.9659258262890682
2025-11-30 12:00:00,R3,35.20219572614798,115,2,Local,True,25.0,20.0,29.0,0.0,9.0,1016.2,0,0,59,12,6,1,0,0,0,1.2246467991473532e-16,-1.0
2025-11-30 13:00:00,R3,36.988124438057966,135,2,Local,True,25.0,20.0,29.0,0.0,9.0,1016.2,0,0,59,13,6,1,0,0,0,-0.2588190451025208,-0.9659258262890683
2025-11-30 14:00:00,R3,41.69514585687021,116,2,Local,True,25.0,20.0,29.0,0.0,9.0,1016.2,0,0,59,14,6,1,0,0,0,-0.4999999999999997,-0.8660254037844388
2025-11-30 15:00:00,R3,43.93855152521772,118,2,Local,True,25.0,20.0,29.0,0.0,9.0,1016.2,0,0,59,15,6,1,0,0,0,-0.7071067811865471,-0.7071067811865479
2025-11-30 16:00:00,R3,44.73207190582725,124,2,Local,True,25.0,20.0,29.0,0.0,9.0,1016.2,0,0,59,16,6,1,0,0,0,-0.8660254037844384,-0.5000000000000004
2025-11-30 17:00:00,R3,24.10951307798191,77,2,Local,True,25.0,20.0,29.0,0.0,9.0,1016.2,0,0,59,17,6,1,0,1,1,-0.9659258262890683,-0.25881904510252063
2025-11-30 18:00:00,R3,26.636762676197847,106,2,Local,True,25.0,20.0,29.0,0.0,9.0,1016.2,0,0,59,18,6,1,0,1,1,-1.0,-1.8369701987210297e-16
2025-11-30 19:00:00,R3,15.253768016545678,70,2,Local,True,25.0,20.0,29.0,0.0,9.0,1016.2,0,0,59,19,6,1,0,1,1,-0.9659258262890684,0.2588190451025203
2025-11-30 20:00:00,R3,19.170940599068107,66,2,Local,True,25.0,20.0,29.0,0.0,9.0,1016.2,0,0,59,20,6,1,0,1,1,-0.8660254037844386,0.5000000000000001
2025-11-30 21:00:00,R3,41.45902475970152,114,2,Local,True,25.0,20.0,29.0,0.0,9.0,1016.2,0,0,59,21,6,1,0,0,0,-0.7071067811865477,0.7071067811865474
2025-11-30 22:00:00,R3,32.218235015273194,120,2,Local,True,25.0,20.0,29.0,0.0,9.0,1016.2,0,0,59,22,6,1,0,0,0,-0.5000000000000004,0.8660254037844384
2025-11-30 23:00:00,R3,36.79809849399356,134,2,Local,True,25.0,20.0,29.0,0.0,9.0,1016.2,0,0,59,23,6,1,0,0,0,-0.25881904510252157,0.9659258262890681
2025-11-01 00:00:00,R4,64.12507731287239,144,3,Arterial,True,30.5,26.0,34.0,0.0,14.0,1013.0,0,0,59,0,5,1,0,0,0,0.0,1.0
2025-11-01 01:00:00,R4,63.52607719015093,107,3,Arterial,True,30.5,26.0,34.0,0.0,14.0,1013.0,0,0,59,1,5,1,0,0,0,0.25881904510252074,0.9659258262890683
2025-11-01 02:00:00,R4,60.43372328382446,134,3,Arterial,True,30.5,26.0,34.0,0.0,14.0,1013.0,0,0,59,2,5,1,0,0,0,0.49999999999999994,0.8660254037844387
2025-11-01 03:00:00,R4,58.88645224236526,110,3,Arterial,True,30.5,26.0,34.0,0.0,14.0,1013.0,0,0,59,3,5,1,0,0,0,0.7071067811865476,0.7071067811865476
2025-11-01 04:00:00,R4,58.168779812869445,128,3,Arterial,True,30.5,26.0,34.0,0.0,14.0,1013.0,0,0,59,4,5,1,0,0,0,0.8660254037844386,0.5000000000000001
2025-11-01 05:00:00,R4,58.348581118567616,101,3,Arterial,True,30.5,26.0,34.0,0.0,14.0,1013.0,0,0,59,5,5,1,0,0,0,0.9659258262890683,0.25881904510252074
2025-11-01 06:00:00,R4,56.71661781742424,112,3,Arterial,True,30.5,26.0,34.0,0.0,14.0,1013.0,0,0,59,6,5,1,0,0,0,1.0,6.123233995736766e-17
2025-11-01 07:00:00,R4,36.36276841996149,71,3,Arterial,True,30.5,26.0,34.0,0.0,14.0,1013.0,0,0,59,7,5,1,1,0,1,0.9659258262890683,-0.25881904510252063
2025-11-01 08:00:00,R4,41.73953757422479,79,3,Arterial,True,30.5,26.0,34.0,0.0,14.0,1013.0,0,0,59,8,5,1,1,0,1,0.8660254037844387,-0.4999999999999998
2025-11-01 09:00:00,R4,37.80489854459754,108,3,Arterial,True,30.5,26.0,34.0,0.0,14.0,1013.0,0,0,59,9,5,1,1,0,1,0.7071067811865476,-0.7071067811865475
2025-11-01 10:00:00,R4,42.8937389141848,83,3,Arterial,True,30.5,26.0,34.0,0.0,14.0,1013.0,0,0,59,10,5,1,1,0,1,0.49999999999999994,-0.8660254037844387
2025-11-01 11:00:00,R4,53.24862311403103,115,3,Arterial,True,30.5,26.0,34.0,0.0,14.0,1013.0,0,0,59,11,5,1,0,0,0,0.258819045102521,-0.9659258262890682
2025-11-01 12:00:00,R4,56.14820626789056,123,3,Arterial,True,30.5,26.0,34.0,0.0,14.0,1013.0,0,0,59,12,5,1,0,0,0,1.2246467991473532e-16,-1.0
2025-11-01 13:00:00,R4,64.82577687916317,130,3,Arterial,True,30.5,26.0,34.0,0.0,14.0,1013.0,0,0,59,13,5,1,0,0,0,-0.2588190451025208,-0.9659258262890683
2025-11-01 14:00:00,R4,64.60697448296763,105,3,Arterial,True,30.5,26.0,34.0,0.0,14.0,1013.0,0,0,59,14,5,1,0,0,0,-0.4999999999999997,-0.8660254037844388
2025-11-01 15:00:00,R4,62.95987639359464,124,3,Arterial,True,30.5,26.0,34.0,0.0,14.0,1013.0,0,0,59,15,5,1,0,0,0,-0.7071067811865471,-0.7071067811865479
2025-11-01 16:00:00,R4,67.75559929361174,104,3,Arterial,True,30.5,26.0,34.0,0.0,14.0,1013.0,0,0,59,16,5,1,0,0,0,-0.8660254037844384,-0.5000000000000004
2025-11-01 17:00:00,R4,33.3409460799032,76,3,Arterial,True,30.5,26.0,34.0,0.0,14.0,1013.0,0,0,59,17,5,1,0,1,1,-0.9659258262890683,-0.25881904510252063
2025-11-01 18:00:00,R4,36.04482296152115,85,3,Arterial,True,30.5,26.0,34.0,0.0,14.0,1013.0,0,0,59,18,5,1,0,1,1,-1.0,-1.8369701987210297e-16
2025-11-01 19:00:00,R4,34.31704114143797,74,3,Arterial,True,30.5,26.0,34.0,0.0,14.0,1013.0,0,0,59,19,5,1,0,1,1,-0.9659258262890684,0.2588190451025203
2025-11-01 20:00:00,R4,33.323052941207074,87,3,Arterial,True,30.5,26.0,34.0,0.0,14.0,1013.0,0,0,59,20,5,1,0,1,1,-0.8660254037844386,0.5000000000000001
2025-11-01 21:00:00,R4,62.19309166912863,100,3,Arterial,True,30.5,26.0,34.0,0.0,14.0,1013.0,0,0,59,21,5,1,0,0,0,-0.7071067811865477,0.7071067811865474
2025-11-01 22:00:00,R4,54.07492250202139,113,3,Arterial,True,30.5,26.0,34.0,0.0,14.0,1013.0,0,0,59,22,5,1,0,0,0,-0.5000000000000004,0.8660254037844384
2025-11-01 23:00:00,R4,58.081956700756,116,3,Arterial,True,30.5,26.0,34.0,0.0,14.0,1013.0,0,0,59,23,5,1,0,0,0,-0.25881904510252157,0.9659258262890681
2025-11-02 00:00:00,R4,61.17276420111305,113,3,Arterial,True,29.8,26.0,33.0,0.0,11.4,1013.6,0,0,59,0,6,1,0,0,0,0.0,1.0
2025-11-02 01:00:00,R4,53.74119527382024,129,3,Arterial,True,29.8,26.0,33.0,0.0,11.4,1013.6,0,0,59,1,6,1,0,0,0,0.25881904510252074,0.9659258262890683
2025-11-02 02:00:00,R4,59.28666224817862,145,3,Arterial,True,29.8,26.0,33.0,0.0,11.4,1013.6,0,0,59,2,6,1,0,0,0,0.49999999999999994,0.8660254037844387
2025-11-02 03:00:00,R4,64.68783409186041,100,3,Arterial,True,29.8,26.0,33.0,0.0,11.4,1013.6,0,0,59,3,6,1,0,0,0,0.7071067811865476,0.7071067811865476
2025-11-02 04:00:00,R4,57.86612108644221,134,3,Arterial,True,29.8,26.0,33.0,0.0,11.4,1013.6,0,0,59,4,6,1,0,0,0,0.8660254037844386,0.5000000000000001
2025-11-02 05:00:00,R4,61.8315067381857,107,3,Arterial,True,29.8,26.0,33.0,0.0,11.4,1013.6,0,0,59,5,6,1,0,0,0,0.9659258262890683,0.25881904510252074
2025-11-02 06:00:00,R4,57.348227871015226,116,3,Arterial,True,29.8,26.0,33.0,0.0,11.4,1013.6,0,0,59,6,6,1,0,0,0,1.0,6.123233995736766e-17
2025-11-02 07:00:00,R4,42.279025000255245,107,3,Arterial,True,29.8,26.0,33.0,0.0,11.4,1013.6,0,0,59,7,6,1,1,0,1,0.9659258262890683,-0.25881904510252063
2025-11-02 08:00:00,R4,42.36536856860591,104,3,Arterial,True,29.8,26.0,33.0,0.0,11.4,1013.6,0,0,59,8,6,1,1,0,1,0.8660254037844387,-0.4999999999999998
2025-11-02 09:00:00,R4,34.1621502190176,88,3,Arterial,True,29.8,26.0,33.0,0.0,11.4,1013.6,0,0,59,9,6,1,1,0,1,0.7071067811865476,-0.7071067811865475
2025-11-02 10:00:00,R4,35.56684958429726,105,3,Arterial,True,29.8,26.0,33.0,0.0,11.4,1013.6,0,0,59,10,6,1,1,0,1,0.49999999999999994,-0.8660254037844387
2025-11-02 11:00:00,R4,68.54466773056966,134,3,Arterial,True,29.8,26.0,33.0,0.0,11.4,1013.6,0,0,59,11,6,1,0,0,0,0.258819045102521,-0.9659258262890682
2025-11-02 12:00:00,R4,52.50680526482168,132,3,Arterial,True,29.8,26.0,33.0,0.0,11.4,1013.6,0,0,59,12,6,1,0,0,0,1.2246467991473532e-16,-1.0
2025-11-02 13:00:00,R4,60.43483959943352,124,3,Arterial,True,29.8,26.0,33.0,0.0,11.4,1013.6,0,0,59,13,6,1,0,0,0,-0.2588190451025208,-0.9659258262890683
2025-11-02 14:00:00,R4,65.66887402455166,102,3,Arterial,True,29.8,26.0,33.0,0.0,11.4,1013.6,0,0,59,14,6,1,0,0,0,-0.4999999999999997,-0.8660254037844388
2025-11-02 15:00:00,R4,49.00375980693868,130,3,Arterial,True,29.8,26.0,33.0,0.0,11.4,1013.6,0,0,59,15,6,1,0,0,0,-0.7071067811865471,-0.7071067811865479
2025-11-02 16:00:00,R4,59.00334994973967,143,3,Arterial,True,29.8,26.0,33.0,0.0,11.4,1013.6,0,0,59,16,6,1,0,0,0,-0.8660254037844384,-0.5000000000000004
2025-11-02 17:00:00,R4,33.617171697671786,104,3,Arterial,True,29.8,26.0,33.0,0.0,11.4,1013.6,0,0,59,17,6,1,0,1,1,-0.9659258262890683,-0.25881904510252063
2025-11-02 18:00:00,R4,34.49098664242503,99,3,Arterial,True,29.8,26.0,33.0,0.0,11.4,1013.6,0,0,59,18,6,1,0,1,1,-1.0,-1.8369701987210297e-16
2025-11-02 19:00:00,R4,39.30900575781793,84,3,Arterial,True,29.8,26.0,33.0,0.0,11.4,1013.6,0,0,59,19,6,1,0,1,1,-0.9659258262890684,0.2588190451025203
2025-11-02 20:00:00,R4,31.65687593667152,78,3,Arterial,True,29.8,26.0,33.0,0.0,11.4,1013.6,0,0,59,20,6,1,0,1,1,-0.8660254037844386,0.5000000000000001
2025-11-02 21:00:00,R4,58.18679133459845,100,3,Arterial,True,29.8,26.0,33.0,0.0,11.4,1013.6,0,0,59,21,6,1,0,0,0,-0.7071067811865477,0.7071067811865474
2025-11-02 22:00:00,R4,59.317507359622894,108,3,Arterial,True,29.8,26.0,33.0,0.0,11.4,1013.6,0,0,59,22,6,1,0,0,0,-0.5000000000000004,0.8660254037844384
2025-11-02 23:00:00,R4,60.60560065343512,120,3,Arterial,True,29.8,26.0,33.0,0.0,11.4,1013.6,0,0,59,23,6,1,0,0,0,-0.25881904510252157,0.9659258262890681
2025-11-03 00:00:00,R4,65.98361456175498,132,3,Arterial,True,29.1,25.0,32.0,0.0,13.3,1012.9,0,0,59,0,0,0,0,0,0,0.0,1.0
2025-11-03 01:00:00,R4,58.71650900911655,100,3,Arterial,True,29.1,25.0,32.0,0.0,13.3,1012.9,0,0,59,1,0,0,0,0,0,0.25881904510252074,0.9659258262890683
2025-11-03 02:00:00,R4,59.39668042818123,108,3,Arterial,True,29.1,25.0,32.0,0.0,13.3,1012.9,0,0,59,2,0,0,0,0,0,0.49999999999999994,0.8660254037844387
2025-11-03 03:00:00,R4,53.12351016461445,137,3,Arterial,True,29.1,25.0,32.0,0.0,13.3,1012.9,0,0,59,3,0,0,0,0,0,0.7071067811865476,0.7071067811865476
2025-11-03 04:00:00,R4,58.859416746572414,148,3,Arterial,True,29.1,25.0,32.0,0.0,13.3,1012.9,0,0,59,4,0,0,0,0,0,0.8660254037844386,0.5000000000000001
2025-11-03 05:00:00,R4,58.84387614911546,109,3,Arterial,True,29.1,25.0,32.0,0.0,13.3,1012.9,0,0,59,5,0,0,0,0,0,0.9659258262890683,0.25881904510252074
2025-11-03 06:00:00,R4,48.659122163929325,118,3,Arterial,True,29.1,25.0,32.0,0.0,13.3,1012.9,0,0,59,6,0,0,0,0,0,1.0,6.123233995736766e-17
2025-11-03 07:00:00,R4,41.04021662302727,98,3,Arterial,True,29.1,25.0,32.0,0.0,13.3,1012.9,0,0,59,7,0,0,1,0,1,0.9659258262890683,-0.25881904510252063
2025-11-03 08:00:00,R4,30.751082686121617,71,3,Arterial,True,29.1,25.0,32.0,0.0,13.3,1012.9,0,0,59,8,0,0,1,0,1,0.8660254037844387,-0.4999999999999998
2025-11-03 09:00:00,R4,43.57740335532621,104,3,Arterial,True,29.1,25.0,32.0,0.0,13.3,1012.9,0,0,59,9,0,0,1,0,1,0.7071067811865476,-0.7071067811865475
2025-11-03 10:00:00,R4,42.61865132073856,72,3,Arterial,True,29.1,25.0,32.0,0.0,13.3,1012.9,0,0,59,10,0,0,1,0,1,0.49999999999999994,-0.8660254037844387
2025-11-03 11:00:00,R4,62.89015011937166,140,3,Arterial,True,29.1,25.0,32.0,0.0,13.3,1012.9,0,0,59,11,0,0,0,0,0,0.258819045102521,-0.9659258262890682
2025-11-03 12:00:00,R4,61.935960789796,123,3,Arterial,True,29.1,25.0,32.0,0.0,13.3,1012.9,0,0,59,12,0,0,0,0,0,1.2246467991473532e-16,-1.0
2025-11-03 13:00:00,R4,53.15002955818233,104,3,Arterial,True,29.1,25.0,32.0,0.0,13.3,1012.9,0,0,59,13,0,0,0,0,0,-0.2588190451025208,-0.9659258262890683
2025-11-03 14:00:00,R4,61.93380017553789,110,3,Arterial,True,29.1,25.0,32.0,0.0,13.3,1012.9,0,0,59,14,0,0,0,0,0,-0.4999999999999997,-0.8660254037844388
2025-11-03 15:00:00,R4,58.730195474213744,104,3,Arterial,True,29.1,25.0,32.0,0.0,13.3,1012.9,0,0,59,15,0,0,0,0,0,-0.7071067811865471,-0.7071067811865479
2025-11-03 16:00:00,R4,61.28331353984627,123,3,Arterial,True,29.1,25.0,32.0,0.0,13.3,1012.9,0,0,59,16,0,0,0,0,0,-0.8660254037844384,-0.5000000000000004
2025-11-03 17:00:00,R4,38.60524759049129,61,3,Arterial,True,29.1,25.0,32.0,0.0,13.3,1012.9,0,0,59,17,0,0,0,1,1,-0.9659258262890683,-0.25881904510252063
2025-11-03 18:00:00,R4,36.946260313597726,98,3,Arterial,True,29.1,25.0,32.0,0.0,13.3,1012.9,0,0,59,18,0,0,0,1,1,-1.0,-1.8369701987210297e-16
2025-11-03 19:00:00,R4,39.33566948476764,81,3,Arterial,True,29.1,25.0,32.0,0.0,13.3,1012.9,0,0,59,19,0,0,0,1,1,-0.9659258262890684,0.2588190451025203
2025-11-03 20:00:00,R4,34.2813049676125,84,3,Arterial,True,29.1,25.0,32.0,0.0,13.3,1012.9,0,0,59,20,0,0,0,1,1,-0.8660254037844386,0.5000000000000001
2025-11-03 21:00:00,R4,56.27416574983206,125,3,Arterial,True,29.1,25.0,32.0,0.0,13.3,1012.9,0,0,59,21,0,0,0,0,0,-0.7071067811865477,0.7071067811865474
2025-11-03 22:00:00,R4,68.61933178001186,140,3,Arterial,True,29.1,25.0,32.0,0.0,13.3,1012.9,0,0,59,22,0,0,0,0,0,-0.5000000000000004,0.8660254037844384
2025-11-03 23:00:00,R4,52.493868737217845,126,3,Arterial,True,29.1,25.0,32.0,0.0,13.3,1012.9,0,0,59,23,0,0,0,0,0,-0.25881904510252157,0.9659258262890681
2025-11-04 00:00:00,R4,59.72589813375165,125,3,Arterial,True,29.5,25.0,33.0,0.0,12.4,1013.6,0,0,59,0,1,0,0,0,0,0.0,1.0
2025-11-04 01:00:00,R4,55.97854835872123,131,3,Arterial,True,29.5,25.0,33.0,0.0,12.4,1013.6,0,0,59,1,1,0,0,0,0,0.25881904510252074,0.9659258262890683
2025-11-04 02:00:00,R4,63.664792644930586,130,3,Arterial,True,29.5,25.0,33.0,0.0,12.4,1013.6,0,0,59,2,1,0,0,0,0,0.49999999999999994,0.8660254037844387
2025-11-04 03:00:00,R4,69.24312028144371,130,3,Arterial,True,29.5,25.0,33.0,0.0,12.4,1013.6,0,0,59,3,1,0,0,0,0,0.7071067811865476,0.7071067811865476
2025-11-04 04:00:00,R4,62.57446514858507,110,3,Arterial,True,29.5,25.0,33.0,0.0,12.4,1013.6,0,0,59,4,1,0,0,0,0,0.8660254037844386,0.5000000000000001
2025-11-04 05:00:00,R4,62.25593460158584,101,3,Arterial,True,29.5,25.0,33.0,0.0,12.4,1013.6,0,0,59,5,1,0,0,0,0,0.9659258262890683,0.25881904510252074
2025-11-04 06:00:00,R4,69.2976332800736,104,3,Arterial,True,29.5,25.0,33.0,0.0,12.4,1013.6,0,0,59,6,1,0,0,0,0,1.0,6.123233995736766e-17
2025-11-04 07:00:00,R4,45.11680077683344,65,3,Arterial,True,29.5,25.0,33.0,0.0,12.4,1013.6,0,0,59,7,1,0,1,0,1,0.9659258262890683,-0.25881904510252063
2025-11-04 08:00:00,R4,37.24039471593418,93,3,Arterial,True,29.5,25.0,33.0,0.0,12.4,1013.6,0,0,59,8,1,0,1,0,1,0.8660254037844387,-0.4999999999999998
2025-11-04 09:00:00,R4,35.49948557783187,78,3,Arterial,True,29.5,25.0,33.0,0.0,12.4,1013.6,0,0,59,9,1,0,1,0,1,0.7071067811865476,-0.7071067811865475
2025-11-04 10:00:00,R4,31.240158694418792,105,3,Arterial,True,29.5,25.0,33.0,0.0,12.4,1013.6,0,0,59,10,1,0,1,0,1,0.49999999999999994,-0.8660254037844387
2025-11-04 11:00:00,R4,60.35816930864024,139,3,Arterial,True,29.5,25.0,33.0,0.0,12.4,1013.6,0,0,59,11,1,0,0,0,0,0.258819045102521,-0.9659258262890682
2025-11-04 12:00:00,R4,54.43505079074396,133,3,Arterial,True,29.5,25.0,33.0,0.0,12.4,1013.6,0,0,59,12,1,0,0,0,0,1.2246467991473532e-16,-1.0
2025-11-04 13:00:00,R4,60.6991632606159,122,3,Arterial,True,29.5,25.0,33.0,0.0,12.4,1013.6,0,0,59,13,1,0,0,0,0,-0.2588190451025208,-0.9659258262890683
2025-11-04 14:00:00,R4,63.849063927101135,123,3,Arterial,True,29.5,25.0,33.0,0.0,12.4,1013.6,0,0,59,14,1,0,0,0,0,-0.4999999999999997,-0.8660254037844388
2025-11-04 15:00:00,R4,64.83110696579196,104,3,Arterial,True,29.5,25.0,33.0,0.0,12.4,1013.6,0,0,59,15,1,0,0,0,0,-0.7071067811865471,-0.7071067811865479
2025-11-04 16:00:00,R4,65.10687046404622,134,3,Arterial,True,29.5,25.0,33.0,0.0,12.4,1013.6,0,0,59,16,1,0,0,0,0,-0.8660254037844384,-0.5000000000000004
2025-11-04 17:00:00,R4,28.770079845063915,89,3,Arterial,True,29.5,25.0,33.0,0.0,12.4,1013.6,0,0,59,17,1,0,0,1,1,-0.9659258262890683,-0.25881904510252063
2025-11-04 18:00:00,R4,36.96571853404596,91,3,Arterial,True,29.5,25.0,33.0,0.0,12.4,1013.6,0,0,59,18,1,0,0,1,1,-1.0,-1.8369701987210297e-16
2025-11-04 19:00:00,R4,44.07681101505904,74,3,Arterial,True,29.5,25.0,33.0,0.0,12.4,1013.6,0,0,59,19,1,0,0,1,1,-0.9659258262890684,0.2588190451025203
2025-11-04 20:00:00,R4,40.24140470688751,72,3,Arterial,True,29.5,25.0,33.0,0.0,12.4,1013.6,0,0,59,20,1,0,0,1,1,-0.8660254037844386,0.5000000000000001
2025-11-04 21:00:00,R4,63.87515121119874,105,3,Arterial,True,29.5,25.0,33.0,0.0,12.4,1013.6,0,0,59,21,1,0,0,0,0,-0.7071067811865477,0.7071067811865474
2025-11-04 22:00:00,R4,68.337108814679,109,3,Arterial,True,29.5,25.0,33.0,0.0,12.4,1013.6,0,0,59,22,1,0,0,0,0,-0.5000000000000004,0.8660254037844384
2025-11-04 23:00:00,R4,60.79223296695652,104,3,Arterial,True,29.5,25.0,33.0,0.0,12.4,1013.6,0,0,59,23,1,0,0,0,0,-0.25881904510252157,0.9659258262890681
2025-11-05 00:00:00,R4,61.42667517634131,129,3,Arterial,True,29.7,26.0,33.0,0.0,12.2,1013.3,0,0,59,0,2,0,0,0,0,0.0,1.0
2025-11-05 01:00:00,R4,58.97407601359582,148,3,Arterial,True,29.7,26.0,33.0,0.0,12.2,1013.3,0,0,59,1,2,0,0,0,0,0.25881904510252074,0.9659258262890683
2025-11-05 02:00:00,R4,53.587268197087376,118,3,Arterial,True,29.7,26.0,33.0,0.0,12.2,1013.3,0,0,59,2,2,0,0,0,0,0.49999999999999994,0.8660254037844387
2025-11-05 03:00:00,R4,62.22444402872567,129,3,Arterial,True,29.7,26.0,33.0,0.0,12.2,1013.3,0,0,59,3,2,0,0,0,0,0.7071067811865476,0.7071067811865476
2025-11-05 04:00:00,R4,63.82119242768747,111,3,Arterial,True,29.7,26.0,33.0,0.0,12.2,1013.3,0,0,59,4,2,0,0,0,0,0.8660254037844386,0.5000000000000001
2025-11-05 05:00:00,R4,56.26821319651231,104,3,Arterial,True,29.7,26.0,33.0,0.0,12.2,1013.3,0,0,59,5,2,0,0,0,0,0.9659258262890683,0.25881904510252074
2025-11-05 06:00:00,R4,58.94378240406471,141,3,Arterial,True,29.7,26.0,33.0,0.0,12.2,1013.3,0,0,59,6,2,0,0,0,0,1.0,6.123233995736766e-17
2025-11-05 07:00:00,R4,38.59066888440066,62,3,Arterial,True,29.7,26.0,33.0,0.0,12.2,1013.3,0,0,59,7,2,0,1,0,1,0.9659258262890683,-0.25881904510252063
2025-11-05 08:00:00,R4,36.15624534170132,66,3,Arterial,True,29.7,26.0,33.0,0.0,12.2,1013.3,0,0,59,8,2,0,1,0,1,0.8660254037844387,-0.4999999999999998
2025-11-05 09:00:00,R4,36.84864940174804,67,3,Arterial,True,29.7,26.0,33.0,0.0,12.2,1013.3,0,0,59,9,2,0,1,0,1,0.7071067811865476,-0.7071067811865475
2025-11-05 10:00:00,R4,34.56355222349312,63,3,Arterial,True,29.7,26.0,33.0,0.0,12.2,1013.3,0,0,59,10,2,0,1,0,1,0.49999999999999994,-0.8660254037844387
2025-11-05 11:00:00,R4,55.719890895074414,147,3,Arterial,True,29.7,26.0,33.0,0.0,12.2,1013.3,0,0,59,11,2,0,0,0,0,0.258819045102521,-0.9659258262890682
2025-11-05 12:00:00,R4,61.321473242511104,131,3,Arterial,True,29.7,26.0,33.0,0.0,12.2,1013.3,0,0,59,12,2,0,0,0,0,1.2246467991473532e-16,-1.0
2025-11-05 13:00:00,R4,53.195257093801146,119,3,Arterial,True,29.7,26.0,33.0,0.0,12.2,1013.3,0,0,59,13,2,0,0,0,0,-0.2588190451025208,-0.9659258262890683
2025-11-05 14:00:00,R4,58.088671223660384,128,3,Arterial,True,29.7,26.0,33.0,0.0,12.2,1013.3,0,0,59,14,2,0,0,0,0,-0.4999999999999997,-0.8660254037844388
2025-11-05 15:00:00,R4,63.49125293305149,119,3,Arterial,True,29.7,26.0,33.0,0.0,12.2,1013.3,0,0,59,15,2,0,0,0,0,-0.7071067811865471,-0.7071067811865479
2025-11-05 16:00:00,R4,59.3761987340005,109,3,Arterial,True,29.7,26.0,33.0,0.0,12.2,1013.3,0,0,59,16,2,0,0,0,0,-0.8660254037844384,-0.5000000000000004
2025-11-05 17:00:00,R4,24.55311065431676,71,3,Arterial,True,29.7,26.0,33.0,0.0,12.2,1013.3,0,0,59,17,2,0,0,1,1,-0.9659258262890683,-0.25881904510252063
2025-11-05 18:00:00,R4,31.07068963016196,100,3,Arterial,True,29.7,26.0,33.0,0.0,12.2,1013.3,0,0,59,18,2,0,0,1,1,-1.0,-1.8369701987210297e-16
2025-11-05 19:00:00,R4,40.56693647682892,95,3,Arterial,True,29.7,26.0,33.0,0.0,12.2,1013.3,0,0,59,19,2,0,0,1,1,-0.9659258262890684,0.2588190451025203
2025-11-05 20:00:00,R4,41.77222394682417,62,3,Arterial,True,29.7,26.0,33.0,0.0,12.2,1013.3,0,0,59,20,2,0,0,1,1,-0.8660254037844386,0.5000000000000001
2025-11-05 21:00:00,R4,53.51524854321423,103,3,Arterial,True,29.7,26.0,33.0,0.0,12.2,1013.3,0,0,59,21,2,0,0,0,0,-0.7071067811865477,0.7071067811865474
2025-11-05 22:00:00,R4,64.28109841280542,138,3,Arterial,True,29.7,26.0,33.0,0.0,12.2,1013.3,0,0,59,22,2,0,0,0,0,-0.5000000000000004,0.8660254037844384
2025-11-05 23:00:00,R4,54.14730166072023,125,3,Arterial,True,29.7,26.0,33.0,0.0,12.2,1013.3,0,0,59,23,2,0,0,0,0,-0.25881904510252157,0.9659258262890681
2025-11-06 00:00:00,R4,64.07718580665363,134,3,Arterial,True,29.1,26.0,34.0,0.0,11.4,1013.0,0,0,59,0,3,0,0,0,0,0.0,1.0
2025-11-06 01:00:00,R4,61.84149685856751,142,3,Arterial,True,29.1,26.0,34.0,0.0,11.4,1013.0,0,0,59,1,3,0,0,0,0,0.25881904510252074,0.9659258262890683
2025-11-06 02:00:00,R4,59.31910508169312,126,3,Arterial,True,29.1,26.0,34.0,0.0,11.4,1013.0,0,0,59,2,3,0,0,0,0,0.49999999999999994,0.8660254037844387
2025-11-06 03:00:00,R4,51.37681241073652,145,3,Arterial,True,29.1,26.0,34.0,0.0,11.4,1013.0,0,0,59,3,3,0,0,0,0,0.7071067811865476,0.7071067811865476
2025-11-06 04:00:00,R4,57.88506558900568,137,3,Arterial,True,29.1,26.0,34.0,0.0,11.4,1013.0,0,0,59,4,3,0,0,0,0,0.8660254037844386,0.5000000000000001
2025-11-06 05:00:00,R4,63.760916296122176,109,3,Arterial,True,29.1,26.0,34.0,0.0,11.4,1013.0,0,0,59,5,3,0,0,0,0,0.9659258262890683,0.25881904510252074
2025-11-06 06:00:00,R4,69.9641205698174,141,3,Arterial,True,29.1,26.0,34.0,0.0,11.4,1013.0,0,0,59,6,3,0,0,0,0,1.0,6.123233995736766e-17
2025-11-06 07:00:00,R4,34.82943331128259,66,3,Arterial,True,29.1,26.0,34.0,0.0,11.4,1013.0,0,0,59,7,3,0,1,0,1,0.9659258262890683,-0.25881904510252063
2025-11-06 08:00:00,R4,37.81419775283931,68,3,Arterial,True,29.1,26.0,34.0,0.0,11.4,1013.0,0,0,59,8,3,0,1,0,1,0.8660254037844387,-0.4999999999999998
2025-11-06 09:00:00,R4,31.364134379864964,68,3,Arterial,True,29.1,26.0,34.0,0.0,11.4,1013.0,0,0,59,9,3,0,1,0,1,0.7071067811865476,-0.7071067811865475
2025-11-06 10:00:00,R4,29.422629168875204,67,3,Arterial,True,29.1,26.0,34.0,0.0,11.4,1013.0,0,0,59,10,3,0,1,0,1,0.49999999999999994,-0.8660254037844387
2025-11-06 11:00:00,R4,59.84962756527606,135,3,Arterial,True,29.1,26.0,34.0,0.0,11.4,1013.0,0,0,59,11,3,0,0,0,0,0.258819045102521,-0.9659258262890682
2025-11-06 12:00:00,R4,56.14170809248829,106,3,Arterial,True,29.1,26.0,34.0,0.0,11.4,1013.0,0,0,59,12,3,0,0,0,0,1.2246467991473532e-16,-1.0
2025-11-06 13:00:00,R4,61.508555793010366,146,3,Arterial,True,29.1,26.0,34.0,0.0,11.4,1013.0,0,0,59,13,3,0,0,0,0,-0.2588190451025208,-0.9659258262890683
2025-11-06 14:00:00,R4,60.50380918671685,125,3,Arterial,True,29.1,26.0,34.0,0.0,11.4,1013.0,0,0,59,14,3,0,0,0,0,-0.4999999999999997,-0.8660254037844388
2025-11-06 15:00:00,R4,59.06945529799968,138,3,Arterial,True,29.1,26.0,34.0,0.0,11.4,1013.0,0,0,59,15,3,0,0,0,0,-0.7071067811865471,-0.7071067811865479
2025-11-06 16:00:00,R4,66.93261925352365,118,3,Arterial,True,29.1,26.0,34.0,0.0,11.4,1013.0,0,0,59,16,3,0,0,0,0,-0.8660254037844384,-0.5000000000000004
2025-11-06 17:00:00,R4,34.234850267135045,75,3,Arterial,True,29.1,26.0,34.0,0.0,11.4,1013.0,0,0,59,17,3,0,0,1,1,-0.9659258262890683,-0.25881904510252063
2025-11-06 18:00:00,R4,39.02237147682733,75,3,Arterial,True,29.1,26.0,34.0,0.0,11.4,1013.0,0,0,59,18,3,0,0,1,1,-1.0,-1.8369701987210297e-16
2025-11-06 19:00:00,R4,43.47120270737424,108,3,Arterial,True,29.1,26.0,34.0,0.0,11.4,1013.0,0,0,59,19,3,0,0,1,1,-0.9659258262890684,0.2588190451025203
2025-11-06 20:00:00,R4,28.320980851716183,70,3,Arterial,True,29.1,26.0,34.0,0.0,11.4,1013.0,0,0,59,20,3,0,0,1,1,-0.8660254037844386,0.5000000000000001
2025-11-06 21:00:00,R4,68.03929469085342,102,3,Arterial,True,29.1,26.0,34.0,0.0,11.4,1013.0,0,0,59,21,3,0,0,0,0,-0.7071067811865477,0.7071067811865474
2025-11-06 22:00:00,R4,60.13199216099931,103,3,Arterial,True,29.1,26.0,34.0,0.0,11.4,1013.0,0,0,59,22,3,0,0,0,0,-0.5000000000000004,0.8660254037844384
2025-11-06 23:00:00,R4,53.451311991718654,109,3,Arterial,True,29.1,26.0,34.0,0.0,11.4,1013.0,0,0,59,23,3,0,0,0,0,-0.25881904510252157,0.9659258262890681
2025-11-07 00:00:00,R4,63.83760466481541,109,3,Arterial,True,27.9,24.0,32.0,0.0,11.0,1014.8,0,0,59,0,4,0,0,0,0,0.0,1.0
2025-11-07 01:00:00,R4,53.60203064125784,109,3,Arterial,True,27.9,24.0,32.0,0.0,11.0,1014.8,0,0,59,1,4,0,0,0,0,0.25881904510252074,0.9659258262890683
2025-11-07 02:00:00,R4,60.059083671973504,118,3,Arterial,True,27.9,24.0,32.0,0.0,11.0,1014.8,0,0,59,2,4,0,0,0,0,0.49999999999999994,0.8660254037844387
2025-11-07 03:00:00,R4,62.218971742198114,121,3,Arterial,True,27.9,24.0,32.0,0.0,11.0,1014.8,0,0,59,3,4,0,0,0,0,0.7071067811865476,0.7071067811865476
2025-11-07 04:00:00,R4,54.74949197612358,132,3,Arterial,True,27.9,24.0,32.0,0.0,11.0,1014.8,0,0,59,4,4,0,0,0,0,0.8660254037844386,0.5000000000000001
2025-11-07 05:00:00,R4,58.63932258407756,145,3,Arterial,True,27.9,24.0,32.0,0.0,11.0,1014.8,0,0,59,5,4,0,0,0,0,0.9659258262890683,0.25881904510252074
2025-11-07 06:00:00,R4,58.96205945472497,148,3,Arterial,True,27.9,24.0,32.0,0.0,11.0,1014.8,0,0,59,6,4,0,0,0,0,1.0,6.123233995736766e-17
2025-11-07 07:00:00,R4,43.03138708702828,109,3,Arterial,True,27.9,24.0,32.0,0.0,11.0,1014.8,0,0,59,7,4,0,1,0,1,0.9659258262890683,-0.25881904510252063
2025-11-07 08:00:00,R4,29.549924932068897,71,3,Arterial,True,27.9,24.0,32.0,0.0,11.0,1014.8,0,0,59,8,4,0,1,0,1,0.8660254037844387,-0.4999999999999998
2025-11-07 09:00:00,R4,33.57533774676054,67,3,Arterial,True,27.9,24.0,32.0,0.0,11.0,1014.8,0,0,59,9,4,0,1,0,1,0.7071067811865476,-0.7071067811865475
2025-11-07 10:00:00,R4,33.3428396483902,67,3,Arterial,True,27.9,24.0,32.0,0.0,11.0,1014.8,0,0,59,10,4,0,1,0,1,0.49999999999999994,-0.8660254037844387
2025-11-07 11:00:00,R4,62.98039328854584,145,3,Arterial,True,27.9,24.0,32.0,0.0,11.0,1014.8,0,0,59,11,4,0,0,0,0,0.258819045102521,-0.9659258262890682
2025-11-07 12:00:00,R4,56.79925405983055,114,3,Arterial,True,27.9,24.0,32.0,0.0,11.0,1014.8,0,0,59,12,4,0,0,0,0,1.2246467991473532e-16,-1.0
2025-11-07 13:00:00,R4,46.4308400090053,134,3,Arterial,True,27.9,24.0,32.0,0.0,11.0,1014.8,0,0,59,13,4,0,0,0,0,-0.2588190451025208,-0.9659258262890683
2025-11-07 14:00:00,R4,60.33624743780331,149,3,Arterial,True,27.9,24.0,32.0,0.0,11.0,1014.8,0,0,59,14,4,0,0,0,0,-0.4999999999999997,-0.8660254037844388
2025-11-07 15:00:00,R4,54.98514661631408,114,3,Arterial,True,27.9,24.0,32.0,0.0,11.0,1014.8,0,0,59,15,4,0,0,0,0,-0.7071067811865471,-0.7071067811865479
2025-11-07 16:00:00,R4,52.46867925904675,146,3,Arterial,True,27.9,24.0,32.0,0.0,11.0,1014.8,0,0,59,16,4,0,0,0,0,-0.8660254037844384,-0.5000000000000004
2025-11-07 17:00:00,R4,39.59263464230043,99,3,Arterial,True,27.9,24.0,32.0,0.0,11.0,1014.8,0,0,59,17,4,0,0,1,1,-0.9659258262890683,-0.25881904510252063
2025-11-07 18:00:00,R4,34.24568793544797,65,3,Arterial,True,27.9,24.0,32.0,0.0,11.0,1014.8,0,0,59,18,4,0,0,1,1,-1.0,-1.8369701987210297e-16
2025-11-07 19:00:00,R4,32.336285463850146,76,3,Arterial,True,27.9,24.0,32.0,0.0,11.0,1014.8,0,0,59,19,4,0,0,1,1,-0.9659258262890684,0.2588190451025203
2025-11-07 20:00:00,R4,34.11076327687268,81,3,Arterial,True,27.9,24.0,32.0,0.0,11.0,1014.8,0,0,59,20,4,0,0,1,1,-0.8660254037844386,0.5000000000000001
2025-11-07 21:00:00,R4,59.85728634441587,130,3,Arterial,True,27.9,24.0,32.0,0.0,11.0,1014.8,0,0,59,21,4,0,0,0,0,-0.7071067811865477,0.7071067811865474
2025-11-07 22:00:00,R4,64.56538677086134,141,3,Arterial,True,27.9,24.0,32.0,0.0,11.0,1014.8,0,0,59,22,4,0,0,0,0,-0.5000000000000004,0.8660254037844384
2025-11-07 23:00:00,R4,63.70723939002357,115,3,Arterial,True,27.9,24.0,32.0,0.0,11.0,1014.8,0,0,59,23,4,0,0,0,0,-0.25881904510252157,0.9659258262890681
2025-11-08 00:00:00,R4,70.68165418822369,101,3,Arterial,True,27.9,23.0,32.0,0.0,11.0,1016.7,0,0,59,0,5,1,0,0,0,0.0,1.0
2025-11-08 01:00:00,R4,66.056713784015,148,3,Arterial,True,27.9,23.0,32.0,0.0,11.0,1016.7,0,0,59,1,5,1,0,0,0,0.25881904510252074,0.9659258262890683
2025-11-08 02:00:00,R4,67.67333145006376,143,3,Arterial,True,27.9,23.0,32.0,0.0,11.0,1016.7,0,0,59,2,5,1,0,0,0,0.49999999999999994,0.8660254037844387
2025-11-08 03:00:00,R4,51.577869217338176,134,3,Arterial,True,27.9,23.0,32.0,0.0,11.0,1016.7,0,0,59,3,5,1,0,0,0,0.7071067811865476,0.7071067811865476
2025-11-08 04:00:00,R4,54.49915187325512,115,3,Arterial,True,27.9,23.0,32.0,0.0,11.0,1016.7,0,0,59,4,5,1,0,0,0,0.8660254037844386,0.5000000000000001
2025-11-08 05:00:00,R4,63.65164527031655,134,3,Arterial,True,27.9,23.0,32.0,0.0,11.0,1016.7,0,0,59,5,5,1,0,0,0,0.9659258262890683,0.25881904510252074
2025-11-08 06:00:00,R4,62.63612818576577,133,3,Arterial,True,27.9,23.0,32.0,0.0,11.0,1016.7,0,0,59,6,5,1,0,0,0,1.0,6.123233995736766e-17
2025-11-08 07:00:00,R4,32.39131903652252,99,3,Arterial,True,27.9,23.0,32.0,0.0,11.0,1016.7,0,0,59,7,5,1,1,0,1,0.9659258262890683,-0.25881904510252063
2025-11-08 08:00:00,R4,37.109701426973935,68,3,Arterial,True,27.9,23.0,32.0,0.0,11.0,1016.7,0,0,59,8,5,1,1,0,1,0.8660254037844387,-0.4999999999999998
2025-11-08 09:00:00,R4,35.93646351434427,70,3,Arterial,True,27.9,23.0,32.0,0.0,11.0,1016.7,0,0,59,9,5,1,1,0,1,0.7071067811865476,-0.7071067811865475
2025-11-08 10:00:00,R4,41.55906011247726,72,3,Arterial,True,27.9,23.0,32.0,0.0,11.0,1016.7,0,0,59,10,5,1,1,0,1,0.49999999999999994,-0.8660254037844387
2025-11-08 11:00:00,R4,63.13208470643088,130,3,Arterial,True,27.9,23.0,32.0,0.0,11.0,1016.7,0,0,59,11,5,1,0,0,0,0.258819045102521,-0.9659258262890682
2025-11-08 12:00:00,R4,53.18486361975253,129,3,Arterial,True,27.9,23.0,32.0,0.0,11.0,1016.7,0,0,59,12,5,1,0,0,0,1.2246467991473532e-16,-1.0
2025-11-08 13:00:00,R4,63.72353215845243,147,3,Arterial,True,27.9,23.0,32.0,0.0,11.0,1016.7,0,0,59,13,5,1,0,0,0,-0.2588190451025208,-0.9659258262890683
2025-11-08 14:00:00,R4,54.07686258936035,103,3,Arterial,True,27.9,23.0,32.0,0.0,11.0,1016.7,0,0,59,14,5,1,0,0,0,-0.4999999999999997,-0.8660254037844388
2025-11-08 15:00:00,R4,64.56582529603213,139,3,Arterial,True,27.9,23.0,32.0,0.0,11.0,1016.7,0,0,59,15,5,1,0,0,0,-0.7071067811865471,-0.7071067811865479
2025-11-08 16:00:00,R4,68.08685446376882,122,3,Arterial,True,27.9,23.0,32.0,0.0,11.0,1016.7,0,0,59,16,5,1,0,0,0,-0.8660254037844384,-0.5000000000000004
2025-11-08 17:00:00,R4,29.745152677676653,97,3,Arterial,True,27.9,23.0,32.0,0.0,11.0,1016.7,0,0,59,17,5,1,0,1,1,-0.9659258262890683,-0.25881904510252063
2025-11-08 18:00:00,R4,34.79883826308658,66,3,Arterial,True,27.9,23.0,32.0,0.0,11.0,1016.7,0,0,59,18,5,1,0,1,1,-1.0,-1.8369701987210297e-16
2025-11-08 19:00:00,R4,45.09747447990802,83,3,Arterial,True,27.9,23.0,32.0,0.0,11.0,1016.7,0,0,59,19,5,1,0,1,1,-0.9659258262890684,0.2588190451025203
2025-11-08 20:00:00,R4,27.154802692951147,63,3,Arterial,True,27.9,23.0,32.0,0.0,11.0,1016.7,0,0,59,20,5,1,0,1,1,-0.8660254037844386,0.5000000000000001
2025-11-08 21:00:00,R4,54.226414947161416,112,3,Arterial,True,27.9,23.0,32.0,0.0,11.0,1016.7,0,0,59,21,5,1,0,0,0,-0.7071067811865477,0.7071067811865474
2025-11-08 22:00:00,R4,67.3904927918071,138,3,Arterial,True,27.9,23.0,32.0,0.0,11.0,1016.7,0,0,59,22,5,1,0,0,0,-0.5000000000000004,0.8660254037844384
2025-11-08 23:00:00,R4,61.3482136294484,124,3,Arterial,True,27.9,23.0,32.0,0.0,11.0,1016.7,0,0,59,23,5,1,0,0,0,-0.25881904510252157,0.9659258262890681
2025-11-09 00:00:00,R4,63.223534648942994,140,3,Arterial,True,28.2,24.0,31.0,0.0,12.7,1016.2,0,0,59,0,6,1,0,0,0,0.0,1.0
2025-11-09 01:00:00,R4,49.60382650223094,124,3,Arterial,True,28.2,24.0,31.0,0.0,12.7,1016.2,0,0,59,1,6,1,0,0,0,0.25881904510252074,0.9659258262890683
2025-11-09 02:00:00,R4,58.28498403814746,133,3,Arterial,True,28.2,24.0,31.0,0.0,12.7,1016.2,0,0,59,2,6,1,0,0,0,0.49999999999999994,0.8660254037844387
2025-11-09 03:00:00,R4,64.34568080048025,140,3,Arterial,True,28.2,24.0,31.0,0.0,12.7,1016.2,0,0,59,3,6,1,0,0,0,0.7071067811865476,0.7071067811865476
2025-11-09 04:00:00,R4,57.40144143585995,146,3,Arterial,True,28.2,24.0,31.0,0.0,12.7,1016.2,0,0,59,4,6,1,0,0,0,0.8660254037844386,0.5000000000000001
2025-11-09 05:00:00,R4,68.49082912191263,142,3,Arterial,True,28.2,24.0,31.0,0.0,12.7,1016.2,0,0,59,5,6,1,0,0,0,0.9659258262890683,0.25881904510252074
2025-11-09 06:00:00,R4,54.8754459935497,124,3,Arterial,True,28.2,24.0,31.0,0.0,12.7,1016.2,0,0,59,6,6,1,0,0,0,1.0,6.123233995736766e-17
2025-11-09 07:00:00,R4,32.67266110403883,72,3,Arterial,True,28.2,24.0,31.0,0.0,12.7,1016.2,0,0,59,7,6,1,1,0,1,0.9659258262890683,-0.25881904510252063
2025-11-09 08:00:00,R4,29.358755633802485,73,3,Arterial,True,28.2,24.0,31.0,0.0,12.7,1016.2,0,0,59,8,6,1,1,0,1,0.8660254037844387,-0.4999999999999998
2025-11-09 09:00:00,R4,36.63760001903847,102,3,Arterial,True,28.2,24.0,31.0,0.0,12.7,1016.2,0,0,59,9,6,1,1,0,1,0.7071067811865476,-0.7071067811865475
2025-11-09 10:00:00,R4,40.18057673779809,65,3,Arterial,True,28.2,24.0,31.0,0.0,12.7,1016.2,0,0,59,10,6,1,1,0,1,0.49999999999999994,-0.8660254037844387
2025-11-09 11:00:00,R4,57.92874819280837,108,3,Arterial,True,28.2,24.0,31.0,0.0,12.7,1016.2,0,0,59,11,6,1,0,0,0,0.258819045102521,-0.9659258262890682
2025-11-09 12:00:00,R4,59.22252169977982,117,3,Arterial,True,28.2,24.0,31.0,0.0,12.7,1016.2,0,0,59,12,6,1,0,0,0,1.2246467991473532e-16,-1.0
2025-11-09 13:00:00,R4,67.49893068761354,143,3,Arterial,True,28.2,24.0,31.0,0.0,12.7,1016.2,0,0,59,13,6,1,0,0,0,-0.2588190451025208,-0.9659258262890683
2025-11-09 14:00:00,R4,54.40119004613222,148,3,Arterial,True,28.2,24.0,31.0,0.0,12.7,1016.2,0,0,59,14,6,1,0,0,0,-0.4999999999999997,-0.8660254037844388
2025-11-09 15:00:00,R4,67.62866609499751,111,3,Arterial,True,28.2,24.0,31.0,0.0,12.7,1016.2,0,0,59,15,6,1,0,0,0,-0.7071067811865471,-0.7071067811865479
2025-11-09 16:00:00,R4,63.21231357330429,110,3,Arterial,True,28.2,24.0,31.0,0.0,12.7,1016.2,0,0,59,16,6,1,0,0,0,-0.8660254037844384,-0.5000000000000004
2025-11-09 17:00:00,R4,33.392376339741695,67,3,Arterial,True,28.2,24.0,31.0,0.0,12.7,1016.2,0,0,59,17,6,1,0,1,1,-0.9659258262890683,-0.25881904510252063
2025-11-09 18:00:00,R4,28.482220292034985,73,3,Arterial,True,28.2,24.0,31.0,0.0,12.7,1016.2,0,0,59,18,6,1,0,1,1,-1.0,-1.8369701987210297e-16
2025-11-09 19:00:00,R4,26.86949036242825,107,3,Arterial,True,28.2,24.0,31.0,0.0,12.7,1016.2,0,0,59,19,6,1,0,1,1,-0.9659258262890684,0.2588190451025203
2025-11-09 20:00:00,R4,35.52300726483458,100,3,Arterial,True,28.2,24.0,31.0,0.0,12.7,1016.2,0,0,59,20,6,1,0,1,1,-0.8660254037844386,0.5000000000000001
2025-11-09 21:00:00,R4,51.47433112002853,146,3,Arterial,True,28.2,24.0,31.0,0.0,12.7,1016.2,0,0,59,21,6,1,0,0,0,-0.7071067811865477,0.7071067811865474
2025-11-09 22:00:00,R4,65.9150460279208,105,3,Arterial,True,28.2,24.0,31.0,0.0,12.7,1016.2,0,0,59,22,6,1,0,0,0,-0.5000000000000004,0.8660254037844384
2025-11-09 23:00:00,R4,71.12634725962198,129,3,Arterial,True,28.2,24.0,31.0,0.0,12.7,1016.2,0,0,59,23,6,1,0,0,0,-0.25881904510252157,0.9659258262890681
2025-11-10 00:00:00,R4,65.16060281786241,125,3,Arterial,True,27.9,24.0,31.0,0.0,10.4,1014.8,0,0,59,0,0,0,0,0,0,0.0,1.0
2025-11-10 01:00:00,R4,56.01782196085436,149,3,Arterial,True,27.9,24.0,31.0,0.0,10.4,1014.8,0,0,59,1,0,0,0,0,0,0.25881904510252074,0.9659258262890683
2025-11-10 02:00:00,R4,62.64063155615072,149,3,Arterial,True,27.9,24.0,31.0,0.0,10.4,1014.8,0,0,59,2,0,0,0,0,0,0.49999999999999994,0.8660254037844387
2025-11-10 03:00:00,R4,51.78753302196398,106,3,Arterial,True,27.9,24.0,31.0,0.0,10.4,1014.8,0,0,59,3,0,0,0,0,0,0.7071067811865476,0.7071067811865476
2025-11-10 04:00:00,R4,61.98868630668164,121,3,Arterial,True,27.9,24.0,31.0,0.0,10.4,1014.8,0,0,59,4,0,0,0,0,0,0.8660254037844386,0.5000000000000001
2025-11-10 05:00:00,R4,63.98170100603691,103,3,Arterial,True,27.9,24.0,31.0,0.0,10.4,1014.8,0,0,59,5,0,0,0,0,0,0.9659258262890683,0.25881904510252074
2025-11-10 06:00:00,R4,53.01655681247328,102,3,Arterial,True,27.9,24.0,31.0,0.0,10.4,1014.8,0,0,59,6,0,0,0,0,0,1.0,6.123233995736766e-17
2025-11-10 07:00:00,R4,40.2501589335611,108,3,Arterial,True,27.9,24.0,31.0,0.0,10.4,1014.8,0,0,59,7,0,0,1,0,1,0.9659258262890683,-0.25881904510252063
2025-11-10 08:00:00,R4,38.74763354082074,98,3,Arterial,True,27.9,24.0,31.0,0.0,10.4,1014.8,0,0,59,8,0,0,1,0,1,0.8660254037844387,-0.4999999999999998
2025-11-10 09:00:00,R4,28.43753448500756,106,3,Arterial,True,27.9,24.0,31.0,0.0,10.4,1014.8,0,0,59,9,0,0,1,0,1,0.7071067811865476,-0.7071067811865475
2025-11-10 10:00:00,R4,36.22774913169828,67,3,Arterial,True,27.9,24.0,31.0,0.0,10.4,1014.8,0,0,59,10,0,0,1,0,1,0.49999999999999994,-0.8660254037844387
2025-11-10 11:00:00,R4,56.416288741011854,120,3,Arterial,True,27.9,24.0,31.0,0.0,10.4,1014.8,0,0,59,11,0,0,0,0,0,0.258819045102521,-0.9659258262890682
2025-11-10 12:00:00,R4,67.89019912785115,145,3,Arterial,True,27.9,24.0,31.0,0.0,10.4,1014.8,0,0,59,12,0,0,0,0,0,1.2246467991473532e-16,-1.0
2025-11-10 13:00:00,R4,55.607786162515225,118,3,Arterial,True,27.9,24.0,31.0,0.0,10.4,1014.8,0,0,59,13,0,0,0,0,0,-0.2588190451025208,-0.9659258262890683
2025-11-10 14:00:00,R4,68.31697240330685,113,3,Arterial,True,27.9,24.0,31.0,0.0,10.4,1014.8,0,0,59,14,0,0,0,0,0,-0.4999999999999997,-0.8660254037844388
2025-11-10 15:00:00,R4,59.85632370490345,140,3,Arterial,True,27.9,24.0,31.0,0.0,10.4,1014.8,0,0,59,15,0,0,0,0,0,-0.7071067811865471,-0.7071067811865479
2025-11-10 16:00:00,R4,60.32279749466188,140,3,Arterial,True,27.9,24.0,31.0,0.0,10.4,1014.8,0,0,59,16,0,0,0,0,0,-0.8660254037844384,-0.5000000000000004
2025-11-10 17:00:00,R4,35.31876010965628,86,3,Arterial,True,27.9,24.0,31.0,0.0,10.4,1014.8,0,0,59,17,0,0,0,1,1,-0.9659258262890683,-0.25881904510252063
2025-11-10 18:00:00,R4,38.434902580590055,109,3,Arterial,True,27.9,24.0,31.0,0.0,10.4,1014.8,0,0,59,18,0,0,0,1,1,-1.0,-1.8369701987210297e-16
2025-11-10 19:00:00,R4,32.991464190005686,80,3,Arterial,True,27.9,24.0,31.0,0.0,10.4,1014.8,0,0,59,19,0,0,0,1,1,-0.9659258262890684,0.2588190451025203
2025-11-10 20:00:00,R4,41.95774433327682,103,3,Arterial,True,27.9,24.0,31.0,0.0,10.4,1014.8,0,0,59,20,0,0,0,1,1,-0.8660254037844386,0.5000000000000001
2025-11-10 21:00:00,R4,49.86058568804432,123,3,Arterial,True,27.9,24.0,31.0,0.0,10.4,1014.8,0,0,59,21,0,0,0,0,0,-0.7071067811865477,0.7071067811865474
2025-11-10 22:00:00,R4,57.18345099908805,104,3,Arterial,True,27.9,24.0,31.0,0.0,10.4,1014.8,0,0,59,22,0,0,0,0,0,-0.5000000000000004,0.8660254037844384
2025-11-10 23:00:00,R4,54.01959033847129,142,3,Arterial,True,27.9,24.0,31.0,0.0,10.4,1014.8,0,0,59,23,0,0,0,0,0,-0.25881904510252157,0.9659258262890681
2025-11-11 00:00:00,R4,63.6822062596985,138,3,Arterial,True,27.7,24.0,31.0,0.0,10.9,1014.8,0,0,59,0,1,0,0,0,0,0.0,1.0
2025-11-11 01:00:00,R4,59.01638459026177,122,3,Arterial,True,27.7,24.0,31.0,0.0,10.9,1014.8,0,0,59,1,1,0,0,0,0,0.25881904510252074,0.9659258262890683
2025-11-11 02:00:00,R4,60.55743890137207,101,3,Arterial,True,27.7,24.0,31.0,0.0,10.9,1014.8,0,0,59,2,1,0,0,0,0,0.49999999999999994,0.8660254037844387
2025-11-11 03:00:00,R4,65.58640514247264,114,3,Arterial,True,27.7,24.0,31.0,0.0,10.9,1014.8,0,0,59,3,1,0,0,0,0,0.7071067811865476,0.7071067811865476
2025-11-11 04:00:00,R4,60.356810121865394,122,3,Arterial,True,27.7,24.0,31.0,0.0,10.9,1014.8,0,0,59,4,1,0,0,0,0,0.8660254037844386,0.5000000000000001
2025-11-11 05:00:00,R4,62.32402893163408,106,3,Arterial,True,27.7,24.0,31.0,0.0,10.9,1014.8,0,0,59,5,1,0,0,0,0,0.9659258262890683,0.25881904510252074
2025-11-11 06:00:00,R4,62.93968362375321,124,3,Arterial,True,27.7,24.0,31.0,0.0,10.9,1014.8,0,0,59,6,1,0,0,0,0,1.0,6.123233995736766e-17
2025-11-11 07:00:00,R4,32.650484171684006,93,3,Arterial,True,27.7,24.0,31.0,0.0,10.9,1014.8,0,0,59,7,1,0,1,0,1,0.9659258262890683,-0.25881904510252063
2025-11-11 08:00:00,R4,46.73686648846317,71,3,Arterial,True,27.7,24.0,31.0,0.0,10.9,1014.8,0,0,59,8,1,0,1,0,1,0.8660254037844387,-0.4999999999999998
2025-11-11 09:00:00,R4,35.48738636071024,76,3,Arterial,True,27.7,24.0,31.0,0.0,10.9,1014.8,0,0,59,9,1,0,1,0,1,0.7071067811865476,-0.7071067811865475
2025-11-11 10:00:00,R4,29.07054335327698,104,3,Arterial,True,27.7,24.0,31.0,0.0,10.9,1014.8,0,0,59,10,1,0,1,0,1,0.49999999999999994,-0.8660254037844387
2025-11-11 11:00:00,R4,61.708523035496576,103,3,Arterial,True,27.7,24.0,31.0,0.0,10.9,1014.8,0,0,59,11,1,0,0,0,0,0.258819045102521,-0.9659258262890682
2025-11-11 12:00:00,R4,51.040688681756,145,3,Arterial,True,27.7,24.0,31.0,0.0,10.9,1014.8,0,0,59,12,1,0,0,0,0,1.2246467991473532e-16,-1.0
2025-11-11 13:00:00,R4,59.69673332533812,130,3,Arterial,True,27.7,24.0,31.0,0.0,10.9,1014.8,0,0,59,13,1,0,0,0,0,-0.2588190451025208,-0.9659258262890683
2025-11-11 14:00:00,R4,63.3168397980427,122,3,Arterial,True,27.7,24.0,31.0,0.0,10.9,1014.8,0,0,59,14,1,0,0,0,0,-0.4999999999999997,-0.8660254037844388
2025-11-11 15:00:00,R4,49.505827930153714,145,3,Arterial,True,27.7,24.0,31.0,0.0,10.9,1014.8,0,0,59,15,1,0,0,0,0,-0.7071067811865471,-0.7071067811865479
2025-11-11 16:00:00,R4,57.77658915935224,101,3,Arterial,True,27.7,24.0,31.0,0.0,10.9,1014.8,0,0,59,16,1,0,0,0,0,-0.8660254037844384,-0.5000000000000004
2025-11-11 17:00:00,R4,32.625617994538835,99,3,Arterial,True,27.7,24.0,31.0,0.0,10.9,1014.8,0,0,59,17,1,0,0,1,1,-0.9659258262890683,-0.25881904510252063
2025-11-11 18:00:00,R4,34.6955457340032,84,3,Arterial,True,27.7,24.0,31.0,0.0,10.9,1014.8,0,0,59,18,1,0,0,1,1,-1.0,-1.8369701987210297e-16
2025-11-11 19:00:00,R4,37.572661444097335,102,3,Arterial,True,27.7,24.0,31.0,0.0,10.9,1014.8,0,0,59,19,1,0,0,1,1,-0.9659258262890684,0.2588190451025203
2025-11-11 20:00:00,R4,37.07312071060472,105,3,Arterial,True,27.7,24.0,31.0,0.0,10.9,1014.8,0,0,59,20,1,0,0,1,1,-0.8660254037844386,0.5000000000000001
2025-11-11 21:00:00,R4,66.22444708538919,134,3,Arterial,True,27.7,24.0,31.0,0.0,10.9,1014.8,0,0,59,21,1,0,0,0,0,-0.7071067811865477,0.7071067811865474
2025-11-11 22:00:00,R4,67.65305726366242,142,3,Arterial,True,27.7,24.0,31.0,0.0,10.9,1014.8,0,0,59,22,1,0,0,0,0,-0.5000000000000004,0.8660254037844384
2025-11-11 23:00:00,R4,62.99708808856903,129,3,Arterial,True,27.7,24.0,31.0,0.0,10.9,1014.8,0,0,59,23,1,0,0,0,0,-0.25881904510252157,0.9659258262890681
2025-11-12 00:00:00,R4,63.11415587069659,121,3,Arterial,True,27.9,23.0,33.0,0.0,10.5,1016.3,0,0,59,0,2,0,0,0,0,0.0,1.0
2025-11-12 01:00:00,R4,63.21719332832841,143,3,Arterial,True,27.9,23.0,33.0,0.0,10.5,1016.3,0,0,59,1,2,0,0,0,0,0.25881904510252074,0.9659258262890683
2025-11-12 02:00:00,R4,58.17422914213959,148,3,Arterial,True,27.9,23.0,33.0,0.0,10.5,1016.3,0,0,59,2,2,0,0,0,0,0.49999999999999994,0.8660254037844387
2025-11-12 03:00:00,R4,56.25289945727465,120,3,Arterial,True,27.9,23.0,33.0,0.0,10.5,1016.3,0,0,59,3,2,0,0,0,0,0.7071067811865476,0.7071067811865476
2025-11-12 04:00:00,R4,58.80498289868103,108,3,Arterial,True,27.9,23.0,33.0,0.0,10.5,1016.3,0,0,59,4,2,0,0,0,0,0.8660254037844386,0.5000000000000001
2025-11-12 05:00:00,R4,63.93068174318682,104,3,Arterial,True,27.9,23.0,33.0,0.0,10.5,1016.3,0,0,59,5,2,0,0,0,0,0.9659258262890683,0.25881904510252074
2025-11-12 06:00:00,R4,56.73071500123742,139,3,Arterial,True,27.9,23.0,33.0,0.0,10.5,1016.3,0,0,59,6,2,0,0,0,0,1.0,6.123233995736766e-17
2025-11-12 07:00:00,R4,37.20453394278074,86,3,Arterial,True,27.9,23.0,33.0,0.0,10.5,1016.3,0,0,59,7,2,0,1,0,1,0.9659258262890683,-0.25881904510252063
2025-11-12 08:00:00,R4,33.90808588101528,102,3,Arterial,True,27.9,23.0,33.0,0.0,10.5,1016.3,0,0,59,8,2,0,1,0,1,0.8660254037844387,-0.4999999999999998
2025-11-12 09:00:00,R4,35.00406591988924,95,3,Arterial,True,27.9,23.0,33.0,0.0,10.5,1016.3,0,0,59,9,2,0,1,0,1,0.7071067811865476,-0.7071067811865475
2025-11-12 10:00:00,R4,35.125758115853166,70,3,Arterial,True,27.9,23.0,33.0,0.0,10.5,1016.3,0,0,59,10,2,0,1,0,1,0.49999999999999994,-0.8660254037844387
2025-11-12 11:00:00,R4,62.38808700586353,120,3,Arterial,True,27.9,23.0,33.0,0.0,10.5,1016.3,0,0,59,11,2,0,0,0,0,0.258819045102521,-0.9659258262890682
2025-11-12 12:00:00,R4,55.45111761430755,100,3,Arterial,True,27.9,23.0,33.0,0.0,10.5,1016.3,0,0,59,12,2,0,0,0,0,1.2246467991473532e-16,-1.0
2025-11-12 13:00:00,R4,56.78918449447589,128,3,Arterial,True,27.9,23.0,33.0,0.0,10.5,1016.3,0,0,59,13,2,0,0,0,0,-0.2588190451025208,-0.9659258262890683
2025-11-12 14:00:00,R4,63.215737538985785,110,3,Arterial,True,27.9,23.0,33.0,0.0,10.5,1016.3,0,0,59,14,2,0,0,0,0,-0.4999999999999997,-0.8660254037844388
2025-11-12 15:00:00,R4,56.86986092836872,125,3,Arterial,True,27.9,23.0,33.0,0.0,10.5,1016.3,0,0,59,15,2,0,0,0,0,-0.7071067811865471,-0.7071067811865479
2025-11-12 16:00:00,R4,63.604149642936285,117,3,Arterial,True,27.9,23.0,33.0,0.0,10.5,1016.3,0,0,59,16,2,0,0,0,0,-0.8660254037844384,-0.5000000000000004
2025-11-12 17:00:00,R4,32.03691387055864,109,3,Arterial,True,27.9,23.0,33.0,0.0,10.5,1016.3,0,0,59,17,2,0,0,1,1,-0.9659258262890683,-0.25881904510252063
2025-11-12 18:00:00,R4,38.32336095049087,73,3,Arterial,True,27.9,23.0,33.0,0.0,10.5,1016.3,0,0,59,18,2,0,0,1,1,-1.0,-1.8369701987210297e-16
2025-11-12 19:00:00,R4,32.936164442546165,83,3,Arterial,True,27.9,23.0,33.0,0.0,10.5,1016.3,0,0,59,19,2,0,0,1,1,-0.9659258262890684,0.2588190451025203
2025-11-12 20:00:00,R4,38.02046801929829,106,3,Arterial,True,27.9,23.0,33.0,0.0,10.5,1016.3,0,0,59,20,2,0,0,1,1,-0.8660254037844386,0.5000000000000001
2025-11-12 21:00:00,R4,65.15596744305049,144,3,Arterial,True,27.9,23.0,33.0,0.0,10.5,1016.3,0,0,59,21,2,0,0,0,0,-0.7071067811865477,0.7071067811865474
2025-11-12 22:00:00,R4,55.1368707646045,141,3,Arterial,True,27.9,23.0,33.0,0.0,10.5,1016.3,0,0,59,22,2,0,0,0,0,-0.5000000000000004,0.8660254037844384
2025-11-12 23:00:00,R4,54.7678789509267,131,3,Arterial,True,27.9,23.0,33.0,0.0,10.5,1016.3,0,0,59,23,2,0,0,0,0,-0.25881904510252157,0.9659258262890681
2025-11-13 00:00:00,R4,68.29876078971489,124,3,Arterial,True,27.6,23.0,31.0,0.0,11.5,1017.7,0,0,59,0,3,0,0,0,0,0.0,1.0
2025-11-13 01:00:00,R4,65.88800164631489,148,3,Arterial,True,27.6,23.0,31.0,0.0,11.5,1017.7,0,0,59,1,3,0,0,0,0,0.25881904510252074,0.9659258262890683
2025-11-13 02:00:00,R4,63.58083588859678,122,3,Arterial,True,27.6,23.0,31.0,0.0,11.5,1017.7,0,0,59,2,3,0,0,0,0,0.49999999999999994,0.8660254037844387
2025-11-13 03:00:00,R4,51.67494658560408,112,3,Arterial,True,27.6,23.0,31.0,0.0,11.5,1017.7,0,0,59,3,3,0,0,0,0,0.7071067811865476,0.7071067811865476
2025-11-13 04:00:00,R4,66.8893838622173,131,3,Arterial,True,27.6,23.0,31.0,0.0,11.5,1017.7,0,0,59,4,3,0,0,0,0,0.8660254037844386,0.5000000000000001
2025-11-13 05:00:00,R4,59.00558008363828,139,3,Arterial,True,27.6,23.0,31.0,0.0,11.5,1017.7,0,0,59,5,3,0,0,0,0,0.9659258262890683,0.25881904510252074
2025-11-13 06:00:00,R4,61.004498932033314,121,3,Arterial,True,27.6,23.0,31.0,0.0,11.5,1017.7,0,0,59,6,3,0,0,0,0,1.0,6.123233995736766e-17
2025-11-13 07:00:00,R4,35.954579947244085,102,3,Arterial,True,27.6,23.0,31.0,0.0,11.5,1017.7,0,0,59,7,3,0,1,0,1,0.9659258262890683,-0.25881904510252063
2025-11-13 08:00:00,R4,36.1690955193643,62,3,Arterial,True,27.6,23.0,31.0,0.0,11.5,1017.7,0,0,59,8,3,0,1,0,1,0.8660254037844387,-0.4999999999999998
2025-11-13 09:00:00,R4,36.72153913731242,81,3,Arterial,True,27.6,23.0,31.0,0.0,11.5,1017.7,0,0,59,9,3,0,1,0,1,0.7071067811865476,-0.7071067811865475
2025-11-13 10:00:00,R4,37.177151911328245,106,3,Arterial,True,27.6,23.0,31.0,0.0,11.5,1017.7,0,0,59,10,3,0,1,0,1,0.49999999999999994,-0.8660254037844387
2025-11-13 11:00:00,R4,60.91615190581477,133,3,Arterial,True,27.6,23.0,31.0,0.0,11.5,1017.7,0,0,59,11,3,0,0,0,0,0.258819045102521,-0.9659258262890682
2025-11-13 12:00:00,R4,56.90784316425159,136,3,Arterial,True,27.6,23.0,31.0,0.0,11.5,1017.7,0,0,59,12,3,0,0,0,0,1.2246467991473532e-16,-1.0
2025-11-13 13:00:00,R4,65.09521544172341,137,3,Arterial,True,27.6,23.0,31.0,0.0,11.5,1017.7,0,0,59,13,3,0,0,0,0,-0.2588190451025208,-0.9659258262890683
2025-11-13 14:00:00,R4,63.68722135579986,120,3,Arterial,True,27.6,23.0,31.0,0.0,11.5,1017.7,0,0,59,14,3,0,0,0,0,-0.4999999999999997,-0.8660254037844388
2025-11-13 15:00:00,R4,62.32105612287712,141,3,Arterial,True,27.6,23.0,31.0,0.0,11.5,1017.7,0,0,59,15,3,0,0,0,0,-0.7071067811865471,-0.7071067811865479
2025-11-13 16:00:00,R4,52.950029573169466,117,3,Arterial,True,27.6,23.0,31.0,0.0,11.5,1017.7,0,0,59,16,3,0,0,0,0,-0.8660254037844384,-0.5000000000000004
2025-11-13 17:00:00,R4,32.12612639960349,95,3,Arterial,True,27.6,23.0,31.0,0.0,11.5,1017.7,0,0,59,17,3,0,0,1,1,-0.9659258262890683,-0.25881904510252063
2025-11-13 18:00:00,R4,38.304688800908245,74,3,Arterial,True,27.6,23.0,31.0,0.0,11.5,1017.7,0,0,59,18,3,0,0,1,1,-1.0,-1.8369701987210297e-16
2025-11-13 19:00:00,R4,37.453917051367696,99,3,Arterial,True,27.6,23.0,31.0,0.0,11.5,1017.7,0,0,59,19,3,0,0,1,1,-0.9659258262890684,0.2588190451025203
2025-11-13 20:00:00,R4,36.80661029632944,91,3,Arterial,True,27.6,23.0,31.0,0.0,11.5,1017.7,0,0,59,20,3,0,0,1,1,-0.8660254037844386,0.5000000000000001
2025-11-13 21:00:00,R4,53.888514017980654,137,3,Arterial,True,27.6,23.0,31.0,0.0,11.5,1017.7,0,0,59,21,3,0,0,0,0,-0.7071067811865477,0.7071067811865474
2025-11-13 22:00:00,R4,71.14015879847221,142,3,Arterial,True,27.6,23.0,31.0,0.0,11.5,1017.7,0,0,59,22,3,0,0,0,0,-0.5000000000000004,0.8660254037844384
2025-11-13 23:00:00,R4,64.21097586541472,134,3,Arterial,True,27.6,23.0,31.0,0.0,11.5,1017.7,0,0,59,23,3,0,0,0,0,-0.25881904510252157,0.9659258262890681
2025-11-14 00:00:00,R4,55.94352241482419,123,3,Arterial,True,27.4,23.0,31.0,0.0,11.5,1017.0,0,0,59,0,4,0,0,0,0,0.0,1.0
2025-11-14 01:00:00,R4,59.90781861162653,148,3,Arterial,True,27.4,23.0,31.0,0.0,11.5,1017.0,0,0,59,1,4,0,0,0,0,0.25881904510252074,0.9659258262890683
2025-11-14 02:00:00,R4,61.9769942324844,131,3,Arterial,True,27.4,23.0,31.0,0.0,11.5,1017.0,0,0,59,2,4,0,0,0,0,0.49999999999999994,0.8660254037844387
2025-11-14 03:00:00,R4,61.208695030904174,130,3,Arterial,True,27.4,23.0,31.0,0.0,11.5,1017.0,0,0,59,3,4,0,0,0,0,0.7071067811865476,0.7071067811865476
2025-11-14 04:00:00,R4,65.17236483938025,104,3,Arterial,True,27.4,23.0,31.0,0.0,11.5,1017.0,0,0,59,4,4,0,0,0,0,0.8660254037844386,0.5000000000000001
2025-11-14 05:00:00,R4,57.152740476989486,111,3,Arterial,True,27.4,23.0,31.0,0.0,11.5,1017.0,0,0,59,5,4,0,0,0,0,0.9659258262890683,0.25881904510252074
2025-11-14 06:00:00,R4,63.93242941220083,142,3,Arterial,True,27.4,23.0,31.0,0.0,11.5,1017.0,0,0,59,6,4,0,0,0,0,1.0,6.123233995736766e-17
2025-11-14 07:00:00,R4,27.795104354634702,66,3,Arterial,True,27.4,23.0,31.0,0.0,11.5,1017.0,0,0,59,7,4,0,1,0,1,0.9659258262890683,-0.25881904510252063
2025-11-14 08:00:00,R4,34.26631815394109,89,3,Arterial,True,27.4,23.0,31.0,0.0,11.5,1017.0,0,0,59,8,4,0,1,0,1,0.8660254037844387,-0.4999999999999998
2025-11-14 09:00:00,R4,40.407008923581486,85,3,Arterial,True,27.4,23.0,31.0,0.0,11.5,1017.0,0,0,59,9,4,0,1,0,1,0.7071067811865476,-0.7071067811865475
2025-11-14 10:00:00,R4,36.08631747510968,109,3,Arterial,True,27.4,23.0,31.0,0.0,11.5,1017.0,0,0,59,10,4,0,1,0,1,0.49999999999999994,-0.8660254037844387
2025-11-14 11:00:00,R4,56.2204263541709,105,3,Arterial,True,27.4,23.0,31.0,0.0,11.5,1017.0,0,0,59,11,4,0,0,0,0,0.258819045102521,-0.9659258262890682
2025-11-14 12:00:00,R4,51.436091186941965,116,3,Arterial,True,27.4,23.0,31.0,0.0,11.5,1017.0,0,0,59,12,4,0,0,0,0,1.2246467991473532e-16,-1.0
2025-11-14 13:00:00,R4,60.80048118349499,123,3,Arterial,True,27.4,23.0,31.0,0.0,11.5,1017.0,0,0,59,13,4,0,0,0,0,-0.2588190451025208,-0.9659258262890683
2025-11-14 14:00:00,R4,66.017833600449,102,3,Arterial,True,27.4,23.0,31.0,0.0,11.5,1017.0,0,0,59,14,4,0,0,0,0,-0.4999999999999997,-0.8660254037844388
2025-11-14 15:00:00,R4,47.7031353119507,105,3,Arterial,True,27.4,23.0,31.0,0.0,11.5,1017.0,0,0,59,15,4,0,0,0,0,-0.7071067811865471,-0.7071067811865479
2025-11-14 16:00:00,R4,57.79404148638001,115,3,Arterial,True,27.4,23.0,31.0,0.0,11.5,1017.0,0,0,59,16,4,0,0,0,0,-0.8660254037844384,-0.5000000000000004
2025-11-14 17:00:00,R4,41.18423384477313,99,3,Arterial,True,27.4,23.0,31.0,0.0,11.5,1017.0,0,0,59,17,4,0,0,1,1,-0.9659258262890683,-0.25881904510252063
2025-11-14 18:00:00,R4,42.56340570598744,73,3,Arterial,True,27.4,23.0,31.0,0.0,11.5,1017.0,0,0,59,18,4,0,0,1,1,-1.0,-1.8369701987210297e-16
2025-11-14 19:00:00,R4,39.139171237396965,79,3,Arterial,True,27.4,23.0,31.0,0.0,11.5,1017.0,0,0,59,19,4,0,0,1,1,-0.9659258262890684,0.2588190451025203
2025-11-14 20:00:00,R4,37.34214102042378,78,3,Arterial,True,27.4,23.0,31.0,0.0,11.5,1017.0,0,0,59,20,4,0,0,1,1,-0.8660254037844386,0.5000000000000001
2025-11-14 21:00:00,R4,60.72600490399552,145,3,Arterial,True,27.4,23.0,31.0,0.0,11.5,1017.0,0,0,59,21,4,0,0,0,0,-0.7071067811865477,0.7071067811865474
2025-11-14 22:00:00,R4,58.38551595710588,113,3,Arterial,True,27.4,23.0,31.0,0.0,11.5,1017.0,0,0,59,22,4,0,0,0,0,-0.5000000000000004,0.8660254037844384
2025-11-14 23:00:00,R4,59.33435293026761,113,3,Arterial,True,27.4,23.0,31.0,0.0,11.5,1017.0,0,0,59,23,4,0,0,0,0,-0.25881904510252157,0.9659258262890681
2025-11-15 00:00:00,R4,48.4542147765367,139,3,Arterial,True,27.1,23.0,31.0,0.0,11.1,1016.6,0,0,59,0,5,1,0,0,0,0.0,1.0
2025-11-15 01:00:00,R4,58.33605788751708,134,3,Arterial,True,27.1,23.0,31.0,0.0,11.1,1016.6,0,0,59,1,5,1,0,0,0,0.25881904510252074,0.9659258262890683
2025-11-15 02:00:00,R4,64.2427863207178,137,3,Arterial,True,27.1,23.0,31.0,0.0,11.1,1016.6,0,0,59,2,5,1,0,0,0,0.49999999999999994,0.8660254037844387
2025-11-15 03:00:00,R4,56.84311716482578,136,3,Arterial,True,27.1,23.0,31.0,0.0,11.1,1016.6,0,0,59,3,5,1,0,0,0,0.7071067811865476,0.7071067811865476
2025-11-15 04:00:00,R4,60.02280085579022,141,3,Arterial,True,27.1,23.0,31.0,0.0,11.1,1016.6,0,0,59,4,5,1,0,0,0,0.8660254037844386,0.5000000000000001
2025-11-15 05:00:00,R4,58.4957806862317,136,3,Arterial,True,27.1,23.0,31.0,0.0,11.1,1016.6,0,0,59,5,5,1,0,0,0,0.9659258262890683,0.25881904510252074
2025-11-15 06:00:00,R4,46.365854325541314,121,3,Arterial,True,27.1,23.0,31.0,0.0,11.1,1016.6,0,0,59,6,5,1,0,0,0,1.0,6.123233995736766e-17
2025-11-15 07:00:00,R4,40.82121818149061,64,3,Arterial,True,27.1,23.0,31.0,0.0,11.1,1016.6,0,0,59,7,5,1,1,0,1,0.9659258262890683,-0.25881904510252063
2025-11-15 08:00:00,R4,31.11633540372602,96,3,Arterial,True,27.1,23.0,31.0,0.0,11.1,1016.6,0,0,59,8,5,1,1,0,1,0.8660254037844387,-0.4999999999999998
2025-11-15 09:00:00,R4,35.221238963349144,95,3,Arterial,True,27.1,23.0,31.0,0.0,11.1,1016.6,0,0,59,9,5,1,1,0,1,0.7071067811865476,-0.7071067811865475
2025-11-15 10:00:00,R4,35.586485561264546,109,3,Arterial,True,27.1,23.0,31.0,0.0,11.1,1016.6,0,0,59,10,5,1,1,0,1,0.49999999999999994,-0.8660254037844387
2025-11-15 11:00:00,R4,66.56420306964786,116,3,Arterial,True,27.1,23.0,31.0,0.0,11.1,1016.6,0,0,59,11,5,1,0,0,0,0.258819045102521,-0.9659258262890682
2025-11-15 12:00:00,R4,67.32932174046422,128,3,Arterial,True,27.1,23.0,31.0,0.0,11.1,1016.6,0,0,59,12,5,1,0,0,0,1.2246467991473532e-16,-1.0
2025-11-15 13:00:00,R4,52.20743239161021,123,3,Arterial,True,27.1,23.0,31.0,0.0,11.1,1016.6,0,0,59,13,5,1,0,0,0,-0.2588190451025208,-0.9659258262890683
2025-11-15 14:00:00,R4,58.91389199243527,139,3,Arterial,True,27.1,23.0,31.0,0.0,11.1,1016.6,0,0,59,14,5,1,0,0,0,-0.4999999999999997,-0.8660254037844388
2025-11-15 15:00:00,R4,50.33665836767777,101,3,Arterial,True,27.1,23.0,31.0,0.0,11.1,1016.6,0,0,59,15,5,1,0,0,0,-0.7071067811865471,-0.7071067811865479
2025-11-15 16:00:00,R4,58.47308289004585,114,3,Arterial,True,27.1,23.0,31.0,0.0,11.1,1016.6,0,0,59,16,5,1,0,0,0,-0.8660254037844384,-0.5000000000000004
2025-11-15 17:00:00,R4,35.17328380259192,91,3,Arterial,True,27.1,23.0,31.0,0.0,11.1,1016.6,0,0,59,17,5,1,0,1,1,-0.9659258262890683,-0.25881904510252063
2025-11-15 18:00:00,R4,40.523046338795794,61,3,Arterial,True,27.1,23.0,31.0,0.0,11.1,1016.6,0,0,59,18,5,1,0,1,1,-1.0,-1.8369701987210297e-16
2025-11-15 19:00:00,R4,36.80760431878692,62,3,Arterial,True,27.1,23.0,31.0,0.0,11.1,1016.6,0,0,59,19,5,1,0,1,1,-0.9659258262890684,0.2588190451025203
2025-11-15 20:00:00,R4,36.8277642533443,94,3,Arterial,True,27.1,23.0,31.0,0.0,11.1,1016.6,0,0,59,20,5,1,0,1,1,-0.8660254037844386,0.5000000000000001
2025-11-15 21:00:00,R4,64.43422495054375,114,3,Arterial,True,27.1,23.0,31.0,0.0,11.1,1016.6,0,0,59,21,5,1,0,0,0,-0.7071067811865477,0.7071067811865474
2025-11-15 22:00:00,R4,58.44722884371833,112,3,Arterial,True,27.1,23.0,31.0,0.0,11.1,1016.6,0,0,59,22,5,1,0,0,0,-0.5000000000000004,0.8660254037844384
2025-11-15 23:00:00,R4,63.58155728892872,114,3,Arterial,True,27.1,23.0,31.0,0.0,11.1,1016.6,0,0,59,23,5,1,0,0,0,-0.25881904510252157,0.9659258262890681
2025-11-16 00:00:00,R4,71.4398936757237,119,3,Arterial,True,27.4,23.0,33.0,0.0,11.2,1018.4,0,0,59,0,6,1,0,0,0,0.0,1.0
2025-11-16 01:00:00,R4,58.09078863213659,109,3,Arterial,True,27.4,23.0,33.0,0.0,11.2,1018.4,0,0,59,1,6,1,0,0,0,0.25881904510252074,0.9659258262890683
2025-11-16 02:00:00,R4,50.72989302265283,149,3,Arterial,True,27.4,23.0,33.0,0.0,11.2,1018.4,0,0,59,2,6,1,0,0,0,0.49999999999999994,0.8660254037844387
2025-11-16 03:00:00,R4,59.09117350573853,108,3,Arterial,True,27.4,23.0,33.0,0.0,11.2,1018.4,0,0,59,3,6,1,0,0,0,0.7071067811865476,0.7071067811865476
2025-11-16 04:00:00,R4,54.76005535010519,102,3,Arterial,True,27.4,23.0,33.0,0.0,11.2,1018.4,0,0,59,4,6,1,0,0,0,0.8660254037844386,0.5000000000000001
2025-11-16 05:00:00,R4,59.59901998522313,109,3,Arterial,True,27.4,23.0,33.0,0.0,11.2,1018.4,0,0,59,5,6,1,0,0,0,0.9659258262890683,0.25881904510252074
2025-11-16 06:00:00,R4,57.09056336024901,144,3,Arterial,True,27.4,23.0,33.0,0.0,11.2,1018.4,0,0,59,6,6,1,0,0,0,1.0,6.123233995736766e-17
2025-11-16 07:00:00,R4,30.263411945697666,62,3,Arterial,True,27.4,23.0,33.0,0.0,11.2,1018.4,0,0,59,7,6,1,1,0,1,0.9659258262890683,-0.25881904510252063
2025-11-16 08:00:00,R4,43.91893692935992,73,3,Arterial,True,27.4,23.0,33.0,0.0,11.2,1018.4,0,0,59,8,6,1,1,0,1,0.8660254037844387,-0.4999999999999998
2025-11-16 09:00:00,R4,32.67042297449898,95,3,Arterial,True,27.4,23.0,33.0,0.0,11.2,1018.4,0,0,59,9,6,1,1,0,1,0.7071067811865476,-0.7071067811865475
2025-11-16 10:00:00,R4,27.785348142244693,64,3,Arterial,True,27.4,23.0,33.0,0.0,11.2,1018.4,0,0,59,10,6,1,1,0,1,0.49999999999999994,-0.8660254037844387
2025-11-16 11:00:00,R4,65.49801710757502,105,3,Arterial,True,27.4,23.0,33.0,0.0,11.2,1018.4,0,0,59,11,6,1,0,0,0,0.258819045102521,-0.9659258262890682
2025-11-16 12:00:00,R4,53.38625197140056,140,3,Arterial,True,27.4,23.0,33.0,0.0,11.2,1018.4,0,0,59,12,6,1,0,0,0,1.2246467991473532e-16,-1.0
2025-11-16 13:00:00,R4,53.41881116670723,106,3,Arterial,True,27.4,23.0,33.0,0.0,11.2,1018.4,0,0,59,13,6,1,0,0,0,-0.2588190451025208,-0.9659258262890683
2025-11-16 14:00:00,R4,63.48971388794185,147,3,Arterial,True,27.4,23.0,33.0,0.0,11.2,1018.4,0,0,59,14,6,1,0,0,0,-0.4999999999999997,-0.8660254037844388
2025-11-16 15:00:00,R4,63.03108706139557,111,3,Arterial,True,27.4,23.0,33.0,0.0,11.2,1018.4,0,0,59,15,6,1,0,0,0,-0.7071067811865471,-0.7071067811865479
2025-11-16 16:00:00,R4,64.31165293118079,100,3,Arterial,True,27.4,23.0,33.0,0.0,11.2,1018.4,0,0,59,16,6,1,0,0,0,-0.8660254037844384,-0.5000000000000004
2025-11-16 17:00:00,R4,35.17009160555328,109,3,Arterial,True,27.4,23.0,33.0,0.0,11.2,1018.4,0,0,59,17,6,1,0,1,1,-0.9659258262890683,-0.25881904510252063
2025-11-16 18:00:00,R4,39.11066107845646,75,3,Arterial,True,27.4,23.0,33.0,0.0,11.2,1018.4,0,0,59,18,6,1,0,1,1,-1.0,-1.8369701987210297e-16
2025-11-16 19:00:00,R4,41.68694127694948,81,3,Arterial,True,27.4,23.0,33.0,0.0,11.2,1018.4,0,0,59,19,6,1,0,1,1,-0.9659258262890684,0.2588190451025203
2025-11-16 20:00:00,R4,38.2649162427095,80,3,Arterial,True,27.4,23.0,33.0,0.0,11.2,1018.4,0,0,59,20,6,1,0,1,1,-0.8660254037844386,0.5000000000000001
2025-11-16 21:00:00,R4,56.53334650594584,134,3,Arterial,True,27.4,23.0,33.0,0.0,11.2,1018.4,0,0,59,21,6,1,0,0,0,-0.7071067811865477,0.7071067811865474
2025-11-16 22:00:00,R4,60.54656100658119,145,3,Arterial,True,27.4,23.0,33.0,0.0,11.2,1018.4,0,0,59,22,6,1,0,0,0,-0.5000000000000004,0.8660254037844384
2025-11-16 23:00:00,R4,56.03101650455466,149,3,Arterial,True,27.4,23.0,33.0,0.0,11.2,1018.4,0,0,59,23,6,1,0,0,0,-0.25881904510252157,0.9659258262890681
2025-11-17 00:00:00,R4,57.0636060774012,121,3,Arterial,True,27.1,23.0,31.0,0.0,11.5,1018.9,0,0,59,0,0,0,0,0,0,0.0,1.0
2025-11-17 01:00:00,R4,57.71249328650254,149,3,Arterial,True,27.1,23.0,31.0,0.0,11.5,1018.9,0,0,59,1,0,0,0,0,0,0.25881904510252074,0.9659258262890683
2025-11-17 02:00:00,R4,57.37132795325066,141,3,Arterial,True,27.1,23.0,31.0,0.0,11.5,1018.9,0,0,59,2,0,0,0,0,0,0.49999999999999994,0.8660254037844387
2025-11-17 03:00:00,R4,65.05755328696398,125,3,Arterial,True,27.1,23.0,31.0,0.0,11.5,1018.9,0,0,59,3,0,0,0,0,0,0.7071067811865476,0.7071067811865476
2025-11-17 04:00:00,R4,63.65675055247351,149,3,Arterial,True,27.1,23.0,31.0,0.0,11.5,1018.9,0,0,59,4,0,0,0,0,0,0.8660254037844386,0.5000000000000001
2025-11-17 05:00:00,R4,56.48821320623606,102,3,Arterial,True,27.1,23.0,31.0,0.0,11.5,1018.9,0,0,59,5,0,0,0,0,0,0.9659258262890683,0.25881904510252074
2025-11-17 06:00:00,R4,68.79504868623813,144,3,Arterial,True,27.1,23.0,31.0,0.0,11.5,1018.9,0,0,59,6,0,0,0,0,0,1.0,6.123233995736766e-17
2025-11-17 07:00:00,R4,39.06017828467965,70,3,Arterial,True,27.1,23.0,31.0,0.0,11.5,1018.9,0,0,59,7,0,0,1,0,1,0.9659258262890683,-0.25881904510252063
2025-11-17 08:00:00,R4,24.831243786692774,105,3,Arterial,True,27.1,23.0,31.0,0.0,11.5,1018.9,0,0,59,8,0,0,1,0,1,0.8660254037844387,-0.4999999999999998
2025-11-17 09:00:00,R4,32.15263742749922,92,3,Arterial,True,27.1,23.0,31.0,0.0,11.5,1018.9,0,0,59,9,0,0,1,0,1,0.7071067811865476,-0.7071067811865475
2025-11-17 10:00:00,R4,36.00003122748175,103,3,Arterial,True,27.1,23.0,31.0,0.0,11.5,1018.9,0,0,59,10,0,0,1,0,1,0.49999999999999994,-0.8660254037844387
2025-11-17 11:00:00,R4,53.67298930497107,148,3,Arterial,True,27.1,23.0,31.0,0.0,11.5,1018.9,0,0,59,11,0,0,0,0,0,0.258819045102521,-0.9659258262890682
2025-11-17 12:00:00,R4,63.85237865703804,127,3,Arterial,True,27.1,23.0,31.0,0.0,11.5,1018.9,0,0,59,12,0,0,0,0,0,1.2246467991473532e-16,-1.0
2025-11-17 13:00:00,R4,62.36499937222547,137,3,Arterial,True,27.1,23.0,31.0,0.0,11.5,1018.9,0,0,59,13,0,0,0,0,0,-0.2588190451025208,-0.9659258262890683
2025-11-17 14:00:00,R4,64.05358287524237,138,3,Arterial,True,27.1,23.0,31.0,0.0,11.5,1018.9,0,0,59,14,0,0,0,0,0,-0.4999999999999997,-0.8660254037844388
2025-11-17 15:00:00,R4,60.04549755250026,127,3,Arterial,True,27.1,23.0,31.0,0.0,11.5,1018.9,0,0,59,15,0,0,0,0,0,-0.7071067811865471,-0.7071067811865479
2025-11-17 16:00:00,R4,51.67138921060834,131,3,Arterial,True,27.1,23.0,31.0,0.0,11.5,1018.9,0,0,59,16,0,0,0,0,0,-0.8660254037844384,-0.5000000000000004
2025-11-17 17:00:00,R4,37.93644833828882,87,3,Arterial,True,27.1,23.0,31.0,0.0,11.5,1018.9,0,0,59,17,0,0,0,1,1,-0.9659258262890683,-0.25881904510252063
2025-11-17 18:00:00,R4,25.492065078238426,96,3,Arterial,True,27.1,23.0,31.0,0.0,11.5,1018.9,0,0,59,18,0,0,0,1,1,-1.0,-1.8369701987210297e-16
2025-11-17 19:00:00,R4,41.31386343180355,70,3,Arterial,True,27.1,23.0,31.0,0.0,11.5,1018.9,0,0,59,19,0,0,0,1,1,-0.9659258262890684,0.2588190451025203
2025-11-17 20:00:00,R4,33.34495766607475,105,3,Arterial,True,27.1,23.0,31.0,0.0,11.5,1018.9,0,0,59,20,0,0,0,1,1,-0.8660254037844386,0.5000000000000001
2025-11-17 21:00:00,R4,63.99779044720091,149,3,Arterial,True,27.1,23.0,31.0,0.0,11.5,1018.9,0,0,59,21,0,0,0,0,0,-0.7071067811865477,0.7071067811865474
2025-11-17 22:00:00,R4,60.02618429370891,111,3,Arterial,True,27.1,23.0,31.0,0.0,11.5,1018.9,0,0,59,22,0,0,0,0,0,-0.5000000000000004,0.8660254037844384
2025-11-17 23:00:00,R4,59.66116743636484,147,3,Arterial,True,27.1,23.0,31.0,0.0,11.5,1018.9,0,0,59,23,0,0,0,0,0,-0.25881904510252157,0.9659258262890681
2025-11-18 00:00:00,R4,63.31932504337231,100,3,Arterial,True,26.8,23.0,31.0,0.0,10.4,1016.3,0,0,59,0,1,0,0,0,0,0.0,1.0
2025-11-18 01:00:00,R4,63.42560212024787,118,3,Arterial,True,26.8,23.0,31.0,0.0,10.4,1016.3,0,0,59,1,1,0,0,0,0,0.25881904510252074,0.9659258262890683
2025-11-18 02:00:00,R4,64.89224792837703,135,3,Arterial,True,26.8,23.0,31.0,0.0,10.4,1016.3,0,0,59,2,1,0,0,0,0,0.49999999999999994,0.8660254037844387
2025-11-18 03:00:00,R4,64.95733258595575,115,3,Arterial,True,26.8,23.0,31.0,0.0,10.4,1016.3,0,0,59,3,1,0,0,0,0,0.7071067811865476,0.7071067811865476
2025-11-18 04:00:00,R4,58.8429260895966,145,3,Arterial,True,26.8,23.0,31.0,0.0,10.4,1016.3,0,0,59,4,1,0,0,0,0,0.8660254037844386,0.5000000000000001
2025-11-18 05:00:00,R4,65.24046299120613,146,3,Arterial,True,26.8,23.0,31.0,0.0,10.4,1016.3,0,0,59,5,1,0,0,0,0,0.9659258262890683,0.25881904510252074
2025-11-18 06:00:00,R4,67.56973362347267,101,3,Arterial,True,26.8,23.0,31.0,0.0,10.4,1016.3,0,0,59,6,1,0,0,0,0,1.0,6.123233995736766e-17
2025-11-18 07:00:00,R4,26.27901817166381,101,3,Arterial,True,26.8,23.0,31.0,0.0,10.4,1016.3,0,0,59,7,1,0,1,0,1,0.9659258262890683,-0.25881904510252063
2025-11-18 08:00:00,R4,35.29291335095592,63,3,Arterial,True,26.8,23.0,31.0,0.0,10.4,1016.3,0,0,59,8,1,0,1,0,1,0.8660254037844387,-0.4999999999999998
2025-11-18 09:00:00,R4,30.893757019583948,74,3,Arterial,True,26.8,23.0,31.0,0.0,10.4,1016.3,0,0,59,9,1,0,1,0,1,0.7071067811865476,-0.7071067811865475
2025-11-18 10:00:00,R4,31.28843373335506,78,3,Arterial,True,26.8,23.0,31.0,0.0,10.4,1016.3,0,0,59,10,1,0,1,0,1,0.49999999999999994,-0.8660254037844387
2025-11-18 11:00:00,R4,60.89783153552028,114,3,Arterial,True,26.8,23.0,31.0,0.0,10.4,1016.3,0,0,59,11,1,0,0,0,0,0.258819045102521,-0.9659258262890682
2025-11-18 12:00:00,R4,62.384552194677326,128,3,Arterial,True,26.8,23.0,31.0,0.0,10.4,1016.3,0,0,59,12,1,0,0,0,0,1.2246467991473532e-16,-1.0
2025-11-18 13:00:00,R4,52.96597120702837,116,3,Arterial,True,26.8,23.0,31.0,0.0,10.4,1016.3,0,0,59,13,1,0,0,0,0,-0.2588190451025208,-0.9659258262890683
2025-11-18 14:00:00,R4,67.19758105545671,134,3,Arterial,True,26.8,23.0,31.0,0.0,10.4,1016.3,0,0,59,14,1,0,0,0,0,-0.4999999999999997,-0.8660254037844388
2025-11-18 15:00:00,R4,55.12644452571125,101,3,Arterial,True,26.8,23.0,31.0,0.0,10.4,1016.3,0,0,59,15,1,0,0,0,0,-0.7071067811865471,-0.7071067811865479
2025-11-18 16:00:00,R4,60.50020852610032,121,3,Arterial,True,26.8,23.0,31.0,0.0,10.4,1016.3,0,0,59,16,1,0,0,0,0,-0.8660254037844384,-0.5000000000000004
2025-11-18 17:00:00,R4,34.29929213163968,104,3,Arterial,True,26.8,23.0,31.0,0.0,10.4,1016.3,0,0,59,17,1,0,0,1,1,-0.9659258262890683,-0.25881904510252063
2025-11-18 18:00:00,R4,34.44569408034596,74,3,Arterial,True,26.8,23.0,31.0,0.0,10.4,1016.3,0,0,59,18,1,0,0,1,1,-1.0,-1.8369701987210297e-16
2025-11-18 19:00:00,R4,27.5205748947452,91,3,Arterial,True,26.8,23.0,31.0,0.0,10.4,1016.3,0,0,59,19,1,0,0,1,1,-0.9659258262890684,0.2588190451025203
2025-11-18 20:00:00,R4,31.744559710095057,94,3,Arterial,True,26.8,23.0,31.0,0.0,10.4,1016.3,0,0,59,20,1,0,0,1,1,-0.8660254037844386,0.5000000000000001
2025-11-18 21:00:00,R4,60.56371285124377,111,3,Arterial,True,26.8,23.0,31.0,0.0,10.4,1016.3,0,0,59,21,1,0,0,0,0,-0.7071067811865477,0.7071067811865474
2025-11-18 22:00:00,R4,64.35664589809724,124,3,Arterial,True,26.8,23.0,31.0,0.0,10.4,1016.3,0,0,59,22,1,0,0,0,0,-0.5000000000000004,0.8660254037844384
2025-11-18 23:00:00,R4,64.56275718644952,145,3,Arterial,True,26.8,23.0,31.0,0.0,10.4,1016.3,0,0,59,23,1,0,0,0,0,-0.25881904510252157,0.9659258262890681
2025-11-19 00:00:00,R4,62.18232822129765,127,3,Arterial,True,27.2,23.0,33.0,0.0,9.9,1015.0,0,0,59,0,2,0,0,0,0,0.0,1.0
2025-11-19 01:00:00,R4,56.85333956988431,116,3,Arterial,True,27.2,23.0,33.0,0.0,9.9,1015.0,0,0,59,1,2,0,0,0,0,0.25881904510252074,0.9659258262890683
2025-11-19 02:00:00,R4,50.97996502706134,101,3,Arterial,True,27.2,23.0,33.0,0.0,9.9,1015.0,0,0,59,2,2,0,0,0,0,0.49999999999999994,0.8660254037844387
2025-11-19 03:00:00,R4,66.95611880241482,146,3,Arterial,True,27.2,23.0,33.0,0.0,9.9,1015.0,0,0,59,3,2,0,0,0,0,0.7071067811865476,0.7071067811865476
2025-11-19 04:00:00,R4,66.82465366916837,130,3,Arterial,True,27.2,23.0,33.0,0.0,9.9,1015.0,0,0,59,4,2,0,0,0,0,0.8660254037844386,0.5000000000000001
2025-11-19 05:00:00,R4,64.09104246425026,136,3,Arterial,True,27.2,23.0,33.0,0.0,9.9,1015.0,0,0,59,5,2,0,0,0,0,0.9659258262890683,0.25881904510252074
2025-11-19 06:00:00,R4,60.81743792563915,120,3,Arterial,True,27.2,23.0,33.0,0.0,9.9,1015.0,0,0,59,6,2,0,0,0,0,1.0,6.123233995736766e-17
2025-11-19 07:00:00,R4,26.981089469214474,78,3,Arterial,True,27.2,23.0,33.0,0.0,9.9,1015.0,0,0,59,7,2,0,1,0,1,0.9659258262890683,-0.25881904510252063
2025-11-19 08:00:00,R4,32.535092907792496,103,3,Arterial,True,27.2,23.0,33.0,0.0,9.9,1015.0,0,0,59,8,2,0,1,0,1,0.8660254037844387,-0.4999999999999998
2025-11-19 09:00:00,R4,36.04402495378362,76,3,Arterial,True,27.2,23.0,33.0,0.0,9.9,1015.0,0,0,59,9,2,0,1,0,1,0.7071067811865476,-0.7071067811865475
2025-11-19 10:00:00,R4,41.34755136737624,74,3,Arterial,True,27.2,23.0,33.0,0.0,9.9,1015.0,0,0,59,10,2,0,1,0,1,0.49999999999999994,-0.8660254037844387
2025-11-19 11:00:00,R4,62.53079970135878,113,3,Arterial,True,27.2,23.0,33.0,0.0,9.9,1015.0,0,0,59,11,2,0,0,0,0,0.258819045102521,-0.9659258262890682
2025-11-19 12:00:00,R4,59.9499861171527,117,3,Arterial,True,27.2,23.0,33.0,0.0,9.9,1015.0,0,0,59,12,2,0,0,0,0,1.2246467991473532e-16,-1.0
2025-11-19 13:00:00,R4,55.5646744627828,128,3,Arterial,True,27.2,23.0,33.0,0.0,9.9,1015.0,0,0,59,13,2,0,0,0,0,-0.2588190451025208,-0.9659258262890683
2025-11-19 14:00:00,R4,56.358259423166416,125,3,Arterial,True,27.2,23.0,33.0,0.0,9.9,1015.0,0,0,59,14,2,0,0,0,0,-0.4999999999999997,-0.8660254037844388
2025-11-19 15:00:00,R4,57.62308882333769,136,3,Arterial,True,27.2,23.0,33.0,0.0,9.9,1015.0,0,0,59,15,2,0,0,0,0,-0.7071067811865471,-0.7071067811865479
2025-11-19 16:00:00,R4,55.06640267172384,124,3,Arterial,True,27.2,23.0,33.0,0.0,9.9,1015.0,0,0,59,16,2,0,0,0,0,-0.8660254037844384,-0.5000000000000004
2025-11-19 17:00:00,R4,27.61411383110687,88,3,Arterial,True,27.2,23.0,33.0,0.0,9.9,1015.0,0,0,59,17,2,0,0,1,1,-0.9659258262890683,-0.25881904510252063
2025-11-19 18:00:00,R4,37.72205899157154,92,3,Arterial,True,27.2,23.0,33.0,0.0,9.9,1015.0,0,0,59,18,2,0,0,1,1,-1.0,-1.8369701987210297e-16
2025-11-19 19:00:00,R4,38.339216565423335,92,3,Arterial,True,27.2,23.0,33.0,0.0,9.9,1015.0,0,0,59,19,2,0,0,1,1,-0.9659258262890684,0.2588190451025203
2025-11-19 20:00:00,R4,32.45303991088792,74,3,Arterial,True,27.2,23.0,33.0,0.0,9.9,1015.0,0,0,59,20,2,0,0,1,1,-0.8660254037844386,0.5000000000000001
2025-11-19 21:00:00,R4,58.241614606407445,117,3,Arterial,True,27.2,23.0,33.0,0.0,9.9,1015.0,0,0,59,21,2,0,0,0,0,-0.7071067811865477,0.7071067811865474
2025-11-19 22:00:00,R4,62.59067271697783,125,3,Arterial,True,27.2,23.0,33.0,0.0,9.9,1015.0,0,0,59,22,2,0,0,0,0,-0.5000000000000004,0.8660254037844384
2025-11-19 23:00:00,R4,64.1979112155026,111,3,Arterial,True,27.2,23.0,33.0,0.0,9.9,1015.0,0,0,59,23,2,0,0,0,0,-0.25881904510252157,0.9659258262890681
2025-11-20 00:00:00,R4,59.6081892045394,123,3,Arterial,True,26.4,20.0,31.0,0.0,11.3,1016.5,0,0,59,0,3,0,0,0,0,0.0,1.0
2025-11-20 01:00:00,R4,60.17118384874727,130,3,Arterial,True,26.4,20.0,31.0,0.0,11.3,1016.5,0,0,59,1,3,0,0,0,0,0.25881904510252074,0.9659258262890683
2025-11-20 02:00:00,R4,64.69630208268639,149,3,Arterial,True,26.4,20.0,31.0,0.0,11.3,1016.5,0,0,59,2,3,0,0,0,0,0.49999999999999994,0.8660254037844387
2025-11-20 03:00:00,R4,57.802931752684295,105,3,Arterial,True,26.4,20.0,31.0,0.0,11.3,1016.5,0,0,59,3,3,0,0,0,0,0.7071067811865476,0.7071067811865476
2025-11-20 04:00:00,R4,58.75503834699097,101,3,Arterial,True,26.4,20.0,31.0,0.0,11.3,1016.5,0,0,59,4,3,0,0,0,0,0.8660254037844386,0.5000000000000001
2025-11-20 05:00:00,R4,67.28079179321718,101,3,Arterial,True,26.4,20.0,31.0,0.0,11.3,1016.5,0,0,59,5,3,0,0,0,0,0.9659258262890683,0.25881904510252074
2025-11-20 06:00:00,R4,58.8322808766953,122,3,Arterial,True,26.4,20.0,31.0,0.0,11.3,1016.5,0,0,59,6,3,0,0,0,0,1.0,6.123233995736766e-17
2025-11-20 07:00:00,R4,37.69887015327366,80,3,Arterial,True,26.4,20.0,31.0,0.0,11.3,1016.5,0,0,59,7,3,0,1,0,1,0.9659258262890683,-0.25881904510252063
2025-11-20 08:00:00,R4,40.83812352768547,92,3,Arterial,True,26.4,20.0,31.0,0.0,11.3,1016.5,0,0,59,8,3,0,1,0,1,0.8660254037844387,-0.4999999999999998
2025-11-20 09:00:00,R4,35.33871295882842,87,3,Arterial,True,26.4,20.0,31.0,0.0,11.3,1016.5,0,0,59,9,3,0,1,0,1,0.7071067811865476,-0.7071067811865475
2025-11-20 10:00:00,R4,33.378958855168094,92,3,Arterial,True,26.4,20.0,31.0,0.0,11.3,1016.5,0,0,59,10,3,0,1,0,1,0.49999999999999994,-0.8660254037844387
2025-11-20 11:00:00,R4,64.71142416458383,116,3,Arterial,True,26.4,20.0,31.0,0.0,11.3,1016.5,0,0,59,11,3,0,0,0,0,0.258819045102521,-0.9659258262890682
2025-11-20 12:00:00,R4,54.99366424191818,109,3,Arterial,True,26.4,20.0,31.0,0.0,11.3,1016.5,0,0,59,12,3,0,0,0,0,1.2246467991473532e-16,-1.0
2025-11-20 13:00:00,R4,63.03089446917848,117,3,Arterial,True,26.4,20.0,31.0,0.0,11.3,1016.5,0,0,59,13,3,0,0,0,0,-0.2588190451025208,-0.9659258262890683
2025-11-20 14:00:00,R4,61.34677072223025,119,3,Arterial,True,26.4,20.0,31.0,0.0,11.3,1016.5,0,0,59,14,3,0,0,0,0,-0.4999999999999997,-0.8660254037844388
2025-11-20 15:00:00,R4,56.50137280475804,124,3,Arterial,True,26.4,20.0,31.0,0.0,11.3,1016.5,0,0,59,15,3,0,0,0,0,-0.7071067811865471,-0.7071067811865479
2025-11-20 16:00:00,R4,58.11707073772679,115,3,Arterial,True,26.4,20.0,31.0,0.0,11.3,1016.5,0,0,59,16,3,0,0,0,0,-0.8660254037844384,-0.5000000000000004
2025-11-20 17:00:00,R4,32.289307270733744,106,3,Arterial,True,26.4,20.0,31.0,0.0,11.3,1016.5,0,0,59,17,3,0,0,1,1,-0.9659258262890683,-0.25881904510252063
2025-11-20 18:00:00,R4,30.18498056151602,102,3,Arterial,True,26.4,20.0,31.0,0.0,11.3,1016.5,0,0,59,18,3,0,0,1,1,-1.0,-1.8369701987210297e-16
2025-11-20 19:00:00,R4,41.63875335275856,67,3,Arterial,True,26.4,20.0,31.0,0.0,11.3,1016.5,0,0,59,19,3,0,0,1,1,-0.9659258262890684,0.2588190451025203
2025-11-20 20:00:00,R4,29.9747296190598,70,3,Arterial,True,26.4,20.0,31.0,0.0,11.3,1016.5,0,0,59,20,3,0,0,1,1,-0.8660254037844386,0.5000000000000001
2025-11-20 21:00:00,R4,55.64852652733168,149,3,Arterial,True,26.4,20.0,31.0,0.0,11.3,1016.5,0,0,59,21,3,0,0,0,0,-0.7071067811865477,0.7071067811865474
2025-11-20 22:00:00,R4,60.56264115368768,130,3,Arterial,True,26.4,20.0,31.0,0.0,11.3,1016.5,0,0,59,22,3,0,0,0,0,-0.5000000000000004,0.8660254037844384
2025-11-20 23:00:00,R4,59.04507721488382,143,3,Arterial,True,26.4,20.0,31.0,0.0,11.3,1016.5,0,0,59,23,3,0,0,0,0,-0.25881904510252157,0.9659258262890681
2025-11-21 00:00:00,R4,64.05544238938386,129,3,Arterial,True,27.2,22.0,31.0,0.0,9.5,1017.4,0,0,59,0,4,0,0,0,0,0.0,1.0
2025-11-21 01:00:00,R4,55.06118635926019,114,3,Arterial,True,27.2,22.0,31.0,0.0,9.5,1017.4,0,0,59,1,4,0,0,0,0,0.25881904510252074,0.9659258262890683
2025-11-21 02:00:00,R4,54.92119955560082,138,3,Arterial,True,27.2,22.0,31.0,0.0,9.5,1017.4,0,0,59,2,4,0,0,0,0,0.49999999999999994,0.8660254037844387
2025-11-21 03:00:00,R4,64.06470022357688,133,3,Arterial,True,27.2,22.0,31.0,0.0,9.5,1017.4,0,0,59,3,4,0,0,0,0,0.7071067811865476,0.7071067811865476
2025-11-21 04:00:00,R4,53.27482604499818,101,3,Arterial,True,27.2,22.0,31.0,0.0,9.5,1017.4,0,0,59,4,4,0,0,0,0,0.8660254037844386,0.5000000000000001
2025-11-21 05:00:00,R4,56.52386474529957,117,3,Arterial,True,27.2,22.0,31.0,0.0,9.5,1017.4,0,0,59,5,4,0,0,0,0,0.9659258262890683,0.25881904510252074
2025-11-21 06:00:00,R4,63.68671292324596,141,3,Arterial,True,27.2,22.0,31.0,0.0,9.5,1017.4,0,0,59,6,4,0,0,0,0,1.0,6.123233995736766e-17
2025-11-21 07:00:00,R4,35.825947123234926,89,3,Arterial,True,27.2,22.0,31.0,0.0,9.5,1017.4,0,0,59,7,4,0,1,0,1,0.9659258262890683,-0.25881904510252063
2025-11-21 08:00:00,R4,30.764701424330173,77,3,Arterial,True,27.2,22.0,31.0,0.0,9.5,1017.4,0,0,59,8,4,0,1,0,1,0.8660254037844387,-0.4999999999999998
2025-11-21 09:00:00,R4,39.89288723538483,97,3,Arterial,True,27.2,22.0,31.0,0.0,9.5,1017.4,0,0,59,9,4,0,1,0,1,0.7071067811865476,-0.7071067811865475
2025-11-21 10:00:00,R4,28.52893440175152,93,3,Arterial,True,27.2,22.0,31.0,0.0,9.5,1017.4,0,0,59,10,4,0,1,0,1,0.49999999999999994,-0.8660254037844387
2025-11-21 11:00:00,R4,65.77932142155336,103,3,Arterial,True,27.2,22.0,31.0,0.0,9.5,1017.4,0,0,59,11,4,0,0,0,0,0.258819045102521,-0.9659258262890682
2025-11-21 12:00:00,R4,58.99809931338525,139,3,Arterial,True,27.2,22.0,31.0,0.0,9.5,1017.4,0,0,59,12,4,0,0,0,0,1.2246467991473532e-16,-1.0
2025-11-21 13:00:00,R4,63.499387159053725,120,3,Arterial,True,27.2,22.0,31.0,0.0,9.5,1017.4,0,0,59,13,4,0,0,0,0,-0.2588190451025208,-0.9659258262890683
2025-11-21 14:00:00,R4,60.32595923639767,131,3,Arterial,True,27.2,22.0,31.0,0.0,9.5,1017.4,0,0,59,14,4,0,0,0,0,-0.4999999999999997,-0.8660254037844388
2025-11-21 15:00:00,R4,58.90709656431316,126,3,Arterial,True,27.2,22.0,31.0,0.0,9.5,1017.4,0,0,59,15,4,0,0,0,0,-0.7071067811865471,-0.7071067811865479
2025-11-21 16:00:00,R4,61.07655174601685,130,3,Arterial,True,27.2,22.0,31.0,0.0,9.5,1017.4,0,0,59,16,4,0,0,0,0,-0.8660254037844384,-0.5000000000000004
2025-11-21 17:00:00,R4,39.74499917547218,94,3,Arterial,True,27.2,22.0,31.0,0.0,9.5,1017.4,0,0,59,17,4,0,0,1,1,-0.9659258262890683,-0.25881904510252063
2025-11-21 18:00:00,R4,35.875664463497884,99,3,Arterial,True,27.2,22.0,31.0,0.0,9.5,1017.4,0,0,59,18,4,0,0,1,1,-1.0,-1.8369701987210297e-16
2025-11-21 19:00:00,R4,30.80213122830856,65,3,Arterial,True,27.2,22.0,31.0,0.0,9.5,1017.4,0,0,59,19,4,0,0,1,1,-0.9659258262890684,0.2588190451025203
2025-11-21 20:00:00,R4,34.29016016524834,104,3,Arterial,True,27.2,22.0,31.0,0.0,9.5,1017.4,0,0,59,20,4,0,0,1,1,-0.8660254037844386,0.5000000000000001
2025-11-21 21:00:00,R4,57.56517934991224,102,3,Arterial,True,27.2,22.0,31.0,0.0,9.5,1017.4,0,0,59,21,4,0,0,0,0,-0.7071067811865477,0.7071067811865474
2025-11-21 22:00:00,R4,65.08839525546063,108,3,Arterial,True,27.2,22.0,31.0,0.0,9.5,1017.4,0,0,59,22,4,0,0,0,0,-0.5000000000000004,0.8660254037844384
2025-11-21 23:00:00,R4,60.80277146844539,148,3,Arterial,True,27.2,22.0,31.0,0.0,9.5,1017.4,0,0,59,23,4,0,0,0,0,-0.25881904510252157,0.9659258262890681
2025-11-22 00:00:00,R4,50.76219995258023,131,3,Arterial,True,26.9,21.0,33.0,0.0,9.1,1017.3,0,0,59,0,5,1,0,0,0,0.0,1.0
2025-11-22 01:00:00,R4,52.66574114181815,108,3,Arterial,True,26.9,21.0,33.0,0.0,9.1,1017.3,0,0,59,1,5,1,0,0,0,0.25881904510252074,0.9659258262890683
2025-11-22 02:00:00,R4,51.7149579679205,123,3,Arterial,True,26.9,21.0,33.0,0.0,9.1,1017.3,0,0,59,2,5,1,0,0,0,0.49999999999999994,0.8660254037844387
2025-11-22 03:00:00,R4,59.21209430346379,126,3,Arterial,True,26.9,21.0,33.0,0.0,9.1,1017.3,0,0,59,3,5,1,0,0,0,0.7071067811865476,0.7071067811865476
2025-11-22 04:00:00,R4,61.48113123632716,136,3,Arterial,True,26.9,21.0,33.0,0.0,9.1,1017.3,0,0,59,4,5,1,0,0,0,0.8660254037844386,0.5000000000000001
2025-11-22 05:00:00,R4,57.91621081259166,130,3,Arterial,True,26.9,21.0,33.0,0.0,9.1,1017.3,0,0,59,5,5,1,0,0,0,0.9659258262890683,0.25881904510252074
2025-11-22 06:00:00,R4,58.37653982681493,117,3,Arterial,True,26.9,21.0,33.0,0.0,9.1,1017.3,0,0,59,6,5,1,0,0,0,1.0,6.123233995736766e-17
2025-11-22 07:00:00,R4,33.69505304997542,61,3,Arterial,True,26.9,21.0,33.0,0.0,9.1,1017.3,0,0,59,7,5,1,1,0,1,0.9659258262890683,-0.25881904510252063
2025-11-22 08:00:00,R4,32.189410565040035,92,3,Arterial,True,26.9,21.0,33.0,0.0,9.1,1017.3,0,0,59,8,5,1,1,0,1,0.8660254037844387,-0.4999999999999998
2025-11-22 09:00:00,R4,26.182950486739458,107,3,Arterial,True,26.9,21.0,33.0,0.0,9.1,1017.3,0,0,59,9,5,1,1,0,1,0.7071067811865476,-0.7071067811865475
2025-11-22 10:00:00,R4,45.99446585097944,73,3,Arterial,True,26.9,21.0,33.0,0.0,9.1,1017.3,0,0,59,10,5,1,1,0,1,0.49999999999999994,-0.8660254037844387
2025-11-22 11:00:00,R4,62.33245951456387,140,3,Arterial,True,26.9,21.0,33.0,0.0,9.1,1017.3,0,0,59,11,5,1,0,0,0,0.258819045102521,-0.9659258262890682
2025-11-22 12:00:00,R4,62.91623870624241,148,3,Arterial,True,26.9,21.0,33.0,0.0,9.1,1017.3,0,0,59,12,5,1,0,0,0,1.2246467991473532e-16,-1.0
2025-11-22 13:00:00,R4,64.06295135869532,105,3,Arterial,True,26.9,21.0,33.0,0.0,9.1,1017.3,0,0,59,13,5,1,0,0,0,-0.2588190451025208,-0.9659258262890683
2025-11-22 14:00:00,R4,51.28739133076176,122,3,Arterial,True,26.9,21.0,33.0,0.0,9.1,1017.3,0,0,59,14,5,1,0,0,0,-0.4999999999999997,-0.8660254037844388
2025-11-22 15:00:00,R4,67.52619328987329,101,3,Arterial,True,26.9,21.0,33.0,0.0,9.1,1017.3,0,0,59,15,5,1,0,0,0,-0.7071067811865471,-0.7071067811865479
2025-11-22 16:00:00,R4,64.52138368645258,105,3,Arterial,True,26.9,21.0,33.0,0.0,9.1,1017.3,0,0,59,16,5,1,0,0,0,-0.8660254037844384,-0.5000000000000004
2025-11-22 17:00:00,R4,33.83397320743047,92,3,Arterial,True,26.9,21.0,33.0,0.0,9.1,1017.3,0,0,59,17,5,1,0,1,1,-0.9659258262890683,-0.25881904510252063
2025-11-22 18:00:00,R4,36.55110231431699,71,3,Arterial,True,26.9,21.0,33.0,0.0,9.1,1017.3,0,0,59,18,5,1,0,1,1,-1.0,-1.8369701987210297e-16
2025-11-22 19:00:00,R4,30.726578359744423,97,3,Arterial,True,26.9,21.0,33.0,0.0,9.1,1017.3,0,0,59,19,5,1,0,1,1,-0.9659258262890684,0.2588190451025203
2025-11-22 20:00:00,R4,24.92437114266702,86,3,Arterial,True,26.9,21.0,33.0,0.0,9.1,1017.3,0,0,59,20,5,1,0,1,1,-0.8660254037844386,0.5000000000000001
2025-11-22 21:00:00,R4,62.90154357023981,125,3,Arterial,True,26.9,21.0,33.0,0.0,9.1,1017.3,0,0,59,21,5,1,0,0,0,-0.7071067811865477,0.7071067811865474
2025-11-22 22:00:00,R4,62.25586530311016,137,3,Arterial,True,26.9,21.0,33.0,0.0,9.1,1017.3,0,0,59,22,5,1,0,0,0,-0.5000000000000004,0.8660254037844384
2025-11-22 23:00:00,R4,59.260687144203146,121,3,Arterial,True,26.9,21.0,33.0,0.0,9.1,1017.3,0,0,59,23,5,1,0,0,0,-0.25881904510252157,0.9659258262890681
2025-11-23 00:00:00,R4,60.74083685030386,145,3,Arterial,True,26.6,21.0,32.0,0.0,8.8,1016.9,0,0,59,0,6,1,0,0,0,0.0,1.0
2025-11-23 01:00:00,R4,66.4904636280184,143,3,Arterial,True,26.6,21.0,32.0,0.0,8.8,1016.9,0,0,59,1,6,1,0,0,0,0.25881904510252074,0.9659258262890683
2025-11-23 02:00:00,R4,62.174644036362274,142,3,Arterial,True,26.6,21.0,32.0,0.0,8.8,1016.9,0,0,59,2,6,1,0,0,0,0.49999999999999994,0.8660254037844387
2025-11-23 03:00:00,R4,61.73999087124732,130,3,Arterial,True,26.6,21.0,32.0,0.0,8.8,1016.9,0,0,59,3,6,1,0,0,0,0.7071067811865476,0.7071067811865476
2025-11-23 04:00:00,R4,61.26067227437079,136,3,Arterial,True,26.6,21.0,32.0,0.0,8.8,1016.9,0,0,59,4,6,1,0,0,0,0.8660254037844386,0.5000000000000001
2025-11-23 05:00:00,R4,59.22963362783326,146,3,Arterial,True,26.6,21.0,32.0,0.0,8.8,1016.9,0,0,59,5,6,1,0,0,0,0.9659258262890683,0.25881904510252074
2025-11-23 06:00:00,R4,53.63405146266067,118,3,Arterial,True,26.6,21.0,32.0,0.0,8.8,1016.9,0,0,59,6,6,1,0,0,0,1.0,6.123233995736766e-17
2025-11-23 07:00:00,R4,26.923913289436143,74,3,Arterial,True,26.6,21.0,32.0,0.0,8.8,1016.9,0,0,59,7,6,1,1,0,1,0.9659258262890683,-0.25881904510252063
2025-11-23 08:00:00,R4,33.73332362144868,79,3,Arterial,True,26.6,21.0,32.0,0.0,8.8,1016.9,0,0,59,8,6,1,1,0,1,0.8660254037844387,-0.4999999999999998
2025-11-23 09:00:00,R4,42.07158054464551,82,3,Arterial,True,26.6,21.0,32.0,0.0,8.8,1016.9,0,0,59,9,6,1,1,0,1,0.7071067811865476,-0.7071067811865475
2025-11-23 10:00:00,R4,32.538033871779405,65,3,Arterial,True,26.6,21.0,32.0,0.0,8.8,1016.9,0,0,59,10,6,1,1,0,1,0.49999999999999994,-0.8660254037844387
2025-11-23 11:00:00,R4,53.41051053433733,137,3,Arterial,True,26.6,21.0,32.0,0.0,8.8,1016.9,0,0,59,11,6,1,0,0,0,0.258819045102521,-0.9659258262890682
2025-11-23 12:00:00,R4,58.63230642391203,101,3,Arterial,True,26.6,21.0,32.0,0.0,8.8,1016.9,0,0,59,12,6,1,0,0,0,1.2246467991473532e-16,-1.0
2025-11-23 13:00:00,R4,57.97241581023607,141,3,Arterial,True,26.6,21.0,32.0,0.0,8.8,1016.9,0,0,59,13,6,1,0,0,0,-0.2588190451025208,-0.9659258262890683
2025-11-23 14:00:00,R4,66.90382893094875,107,3,Arterial,True,26.6,21.0,32.0,0.0,8.8,1016.9,0,0,59,14,6,1,0,0,0,-0.4999999999999997,-0.8660254037844388
2025-11-23 15:00:00,R4,61.229634824619936,146,3,Arterial,True,26.6,21.0,32.0,0.0,8.8,1016.9,0,0,59,15,6,1,0,0,0,-0.7071067811865471,-0.7071067811865479
2025-11-23 16:00:00,R4,61.50035796737964,146,3,Arterial,True,26.6,21.0,32.0,0.0,8.8,1016.9,0,0,59,16,6,1,0,0,0,-0.8660254037844384,-0.5000000000000004
2025-11-23 17:00:00,R4,33.00845444349344,74,3,Arterial,True,26.6,21.0,32.0,0.0,8.8,1016.9,0,0,59,17,6,1,0,1,1,-0.9659258262890683,-0.25881904510252063
2025-11-23 18:00:00,R4,37.97609924441982,92,3,Arterial,True,26.6,21.0,32.0,0.0,8.8,1016.9,0,0,59,18,6,1,0,1,1,-1.0,-1.8369701987210297e-16
2025-11-23 19:00:00,R4,28.49317091095603,99,3,Arterial,True,26.6,21.0,32.0,0.0,8.8,1016.9,0,0,59,19,6,1,0,1,1,-0.9659258262890684,0.2588190451025203
2025-11-23 20:00:00,R4,30.50773759191985,104,3,Arterial,True,26.6,21.0,32.0,0.0,8.8,1016.9,0,0,59,20,6,1,0,1,1,-0.8660254037844386,0.5000000000000001
2025-11-23 21:00:00,R4,62.3316684574384,108,3,Arterial,True,26.6,21.0,32.0,0.0,8.8,1016.9,0,0,59,21,6,1,0,0,0,-0.7071067811865477,0.7071067811865474
2025-11-23 22:00:00,R4,57.71764149019673,107,3,Arterial,True,26.6,21.0,32.0,0.0,8.8,1016.9,0,0,59,22,6,1,0,0,0,-0.5000000000000004,0.8660254037844384
2025-11-23 23:00:00,R4,52.23341999167011,121,3,Arterial,True,26.6,21.0,32.0,0.0,8.8,1016.9,0,0,59,23,6,1,0,0,0,-0.25881904510252157,0.9659258262890681
2025-11-24 00:00:00,R4,63.0851015921282,147,3,Arterial,True,26.5,22.0,31.0,0.0,10.0,1016.7,0,0,59,0,0,0,0,0,0,0.0,1.0
2025-11-24 01:00:00,R4,56.3505679847248,138,3,Arterial,True,26.5,22.0,31.0,0.0,10.0,1016.7,0,0,59,1,0,0,0,0,0,0.25881904510252074,0.9659258262890683
2025-11-24 02:00:00,R4,56.83846102255967,132,3,Arterial,True,26.5,22.0,31.0,0.0,10.0,1016.7,0,0,59,2,0,0,0,0,0,0.49999999999999994,0.8660254037844387
2025-11-24 03:00:00,R4,61.57276469203046,136,3,Arterial,True,26.5,22.0,31.0,0.0,10.0,1016.7,0,0,59,3,0,0,0,0,0,0.7071067811865476,0.7071067811865476
2025-11-24 04:00:00,R4,72.23989641722751,143,3,Arterial,True,26.5,22.0,31.0,0.0,10.0,1016.7,0,0,59,4,0,0,0,0,0,0.8660254037844386,0.5000000000000001
2025-11-24 05:00:00,R4,59.40698399692421,122,3,Arterial,True,26.5,22.0,31.0,0.0,10.0,1016.7,0,0,59,5,0,0,0,0,0,0.9659258262890683,0.25881904510252074
2025-11-24 06:00:00,R4,63.277972486871455,142,3,Arterial,True,26.5,22.0,31.0,0.0,10.0,1016.7,0,0,59,6,0,0,0,0,0,1.0,6.123233995736766e-17
2025-11-24 07:00:00,R4,28.23449094885815,104,3,Arterial,True,26.5,22.0,31.0,0.0,10.0,1016.7,0,0,59,7,0,0,1,0,1,0.9659258262890683,-0.25881904510252063
2025-11-24 08:00:00,R4,35.793961215987295,79,3,Arterial,True,26.5,22.0,31.0,0.0,10.0,1016.7,0,0,59,8,0,0,1,0,1,0.8660254037844387,-0.4999999999999998
2025-11-24 09:00:00,R4,31.937916524401864,97,3,Arterial,True,26.5,22.0,31.0,0.0,10.0,1016.7,0,0,59,9,0,0,1,0,1,0.7071067811865476,-0.7071067811865475
2025-11-24 10:00:00,R4,42.10506600572409,64,3,Arterial,True,26.5,22.0,31.0,0.0,10.0,1016.7,0,0,59,10,0,0,1,0,1,0.49999999999999994,-0.8660254037844387
2025-11-24 11:00:00,R4,65.34053078888552,138,3,Arterial,True,26.5,22.0,31.0,0.0,10.0,1016.7,0,0,59,11,0,0,0,0,0,0.258819045102521,-0.9659258262890682
2025-11-24 12:00:00,R4,50.35963878794729,112,3,Arterial,True,26.5,22.0,31.0,0.0,10.0,1016.7,0,0,59,12,0,0,0,0,0,1.2246467991473532e-16,-1.0
2025-11-24 13:00:00,R4,57.727528229251526,136,3,Arterial,True,26.5,22.0,31.0,0.0,10.0,1016.7,0,0,59,13,0,0,0,0,0,-0.2588190451025208,-0.9659258262890683
2025-11-24 14:00:00,R4,55.93054052862957,122,3,Arterial,True,26.5,22.0,31.0,0.0,10.0,1016.7,0,0,59,14,0,0,0,0,0,-0.4999999999999997,-0.8660254037844388
2025-11-24 15:00:00,R4,58.2451840347414,110,3,Arterial,True,26.5,22.0,31.0,0.0,10.0,1016.7,0,0,59,15,0,0,0,0,0,-0.7071067811865471,-0.7071067811865479
2025-11-24 16:00:00,R4,58.89979613624882,131,3,Arterial,True,26.5,22.0,31.0,0.0,10.0,1016.7,0,0,59,16,0,0,0,0,0,-0.8660254037844384,-0.5000000000000004
2025-11-24 17:00:00,R4,37.48327071471117,61,3,Arterial,True,26.5,22.0,31.0,0.0,10.0,1016.7,0,0,59,17,0,0,0,1,1,-0.9659258262890683,-0.25881904510252063
2025-11-24 18:00:00,R4,36.95672907967997,97,3,Arterial,True,26.5,22.0,31.0,0.0,10.0,1016.7,0,0,59,18,0,0,0,1,1,-1.0,-1.8369701987210297e-16
2025-11-24 19:00:00,R4,38.00588795196514,101,3,Arterial,True,26.5,22.0,31.0,0.0,10.0,1016.7,0,0,59,19,0,0,0,1,1,-0.9659258262890684,0.2588190451025203
2025-11-24 20:00:00,R4,39.29852420358786,79,3,Arterial,True,26.5,22.0,31.0,0.0,10.0,1016.7,0,0,59,20,0,0,0,1,1,-0.8660254037844386,0.5000000000000001
2025-11-24 21:00:00,R4,62.75712010104362,133,3,Arterial,True,26.5,22.0,31.0,0.0,10.0,1016.7,0,0,59,21,0,0,0,0,0,-0.7071067811865477,0.7071067811865474
2025-11-24 22:00:00,R4,53.12715099331155,139,3,Arterial,True,26.5,22.0,31.0,0.0,10.0,1016.7,0,0,59,22,0,0,0,0,0,-0.5000000000000004,0.8660254037844384
2025-11-24 23:00:00,R4,65.60841742279332,111,3,Arterial,True,26.5,22.0,31.0,0.0,10.0,1016.7,0,0,59,23,0,0,0,0,0,-0.25881904510252157,0.9659258262890681
2025-11-25 00:00:00,R4,62.227791518896446,146,3,Arterial,True,25.6,21.0,31.0,0.0,10.4,1017.2,0,0,59,0,1,0,0,0,0,0.0,1.0
2025-11-25 01:00:00,R4,57.47462483088832,111,3,Arterial,True,25.6,21.0,31.0,0.0,10.4,1017.2,0,0,59,1,1,0,0,0,0,0.25881904510252074,0.9659258262890683
2025-11-25 02:00:00,R4,62.75948869456533,136,3,Arterial,True,25.6,21.0,31.0,0.0,10.4,1017.2,0,0,59,2,1,0,0,0,0,0.49999999999999994,0.8660254037844387
2025-11-25 03:00:00,R4,58.12570539243061,129,3,Arterial,True,25.6,21.0,31.0,0.0,10.4,1017.2,0,0,59,3,1,0,0,0,0,0.7071067811865476,0.7071067811865476
2025-11-25 04:00:00,R4,60.7013033439756,128,3,Arterial,True,25.6,21.0,31.0,0.0,10.4,1017.2,0,0,59,4,1,0,0,0,0,0.8660254037844386,0.5000000000000001
2025-11-25 05:00:00,R4,53.08158959773375,146,3,Arterial,True,25.6,21.0,31.0,0.0,10.4,1017.2,0,0,59,5,1,0,0,0,0,0.9659258262890683,0.25881904510252074
2025-11-25 06:00:00,R4,62.25729118531079,148,3,Arterial,True,25.6,21.0,31.0,0.0,10.4,1017.2,0,0,59,6,1,0,0,0,0,1.0,6.123233995736766e-17
2025-11-25 07:00:00,R4,41.003507840258415,79,3,Arterial,True,25.6,21.0,31.0,0.0,10.4,1017.2,0,0,59,7,1,0,1,0,1,0.9659258262890683,-0.25881904510252063
2025-11-25 08:00:00,R4,37.540949275965325,73,3,Arterial,True,25.6,21.0,31.0,0.0,10.4,1017.2,0,0,59,8,1,0,1,0,1,0.8660254037844387,-0.4999999999999998
2025-11-25 09:00:00,R4,29.728677163094176,92,3,Arterial,True,25.6,21.0,31.0,0.0,10.4,1017.2,0,0,59,9,1,0,1,0,1,0.7071067811865476,-0.7071067811865475
2025-11-25 10:00:00,R4,31.36015270063197,106,3,Arterial,True,25.6,21.0,31.0,0.0,10.4,1017.2,0,0,59,10,1,0,1,0,1,0.49999999999999994,-0.8660254037844387
2025-11-25 11:00:00,R4,64.46861023084632,132,3,Arterial,True,25.6,21.0,31.0,0.0,10.4,1017.2,0,0,59,11,1,0,0,0,0,0.258819045102521,-0.9659258262890682
2025-11-25 12:00:00,R4,71.11255593760227,144,3,Arterial,True,25.6,21.0,31.0,0.0,10.4,1017.2,0,0,59,12,1,0,0,0,0,1.2246467991473532e-16,-1.0
2025-11-25 13:00:00,R4,53.065567084755685,146,3,Arterial,True,25.6,21.0,31.0,0.0,10.4,1017.2,0,0,59,13,1,0,0,0,0,-0.2588190451025208,-0.9659258262890683
2025-11-25 14:00:00,R4,66.43332425314429,139,3,Arterial,True,25.6,21.0,31.0,0.0,10.4,1017.2,0,0,59,14,1,0,0,0,0,-0.4999999999999997,-0.8660254037844388
2025-11-25 15:00:00,R4,67.12102765553185,108,3,Arterial,True,25.6,21.0,31.0,0.0,10.4,1017.2,0,0,59,15,1,0,0,0,0,-0.7071067811865471,-0.7071067811865479
2025-11-25 16:00:00,R4,61.44200448510952,107,3,Arterial,True,25.6,21.0,31.0,0.0,10.4,1017.2,0,0,59,16,1,0,0,0,0,-0.8660254037844384,-0.5000000000000004
2025-11-25 17:00:00,R4,30.06326046815114,100,3,Arterial,True,25.6,21.0,31.0,0.0,10.4,1017.2,0,0,59,17,1,0,0,1,1,-0.9659258262890683,-0.25881904510252063
2025-11-25 18:00:00,R4,37.11978557893395,78,3,Arterial,True,25.6,21.0,31.0,0.0,10.4,1017.2,0,0,59,18,1,0,0,1,1,-1.0,-1.8369701987210297e-16
2025-11-25 19:00:00,R4,42.07036779346432,68,3,Arterial,True,25.6,21.0,31.0,0.0,10.4,1017.2,0,0,59,19,1,0,0,1,1,-0.9659258262890684,0.2588190451025203
2025-11-25 20:00:00,R4,35.812595937136884,108,3,Arterial,True,25.6,21.0,31.0,0.0,10.4,1017.2,0,0,59,20,1,0,0,1,1,-0.8660254037844386,0.5000000000000001
2025-11-25 21:00:00,R4,60.974599074840434,144,3,Arterial,True,25.6,21.0,31.0,0.0,10.4,1017.2,0,0,59,21,1,0,0,0,0,-0.7071067811865477,0.7071067811865474
2025-11-25 22:00:00,R4,65.89998165654238,138,3,Arterial,True,25.6,21.0,31.0,0.0,10.4,1017.2,0,0,59,22,1,0,0,0,0,-0.5000000000000004,0.8660254037844384
2025-11-25 23:00:00,R4,63.4645811583033,124,3,Arterial,True,25.6,21.0,31.0,0.0,10.4,1017.2,0,0,59,23,1,0,0,0,0,-0.25881904510252157,0.9659258262890681
2025-11-26 00:00:00,R4,54.42823419899119,119,3,Arterial,True,25.3,20.0,30.0,0.0,9.7,1016.5,0,0,59,0,2,0,0,0,0,0.0,1.0
2025-11-26 01:00:00,R4,60.719839653463865,113,3,Arterial,True,25.3,20.0,30.0,0.0,9.7,1016.5,0,0,59,1,2,0,0,0,0,0.25881904510252074,0.9659258262890683
2025-11-26 02:00:00,R4,60.44140985350546,118,3,Arterial,True,25.3,20.0,30.0,0.0,9.7,1016.5,0,0,59,2,2,0,0,0,0,0.49999999999999994,0.8660254037844387
2025-11-26 03:00:00,R4,56.747952884131806,101,3,Arterial,True,25.3,20.0,30.0,0.0,9.7,1016.5,0,0,59,3,2,0,0,0,0,0.7071067811865476,0.7071067811865476
2025-11-26 04:00:00,R4,56.95339390589682,126,3,Arterial,True,25.3,20.0,30.0,0.0,9.7,1016.5,0,0,59,4,2,0,0,0,0,0.8660254037844386,0.5000000000000001
2025-11-26 05:00:00,R4,61.50961354716773,109,3,Arterial,True,25.3,20.0,30.0,0.0,9.7,1016.5,0,0,59,5,2,0,0,0,0,0.9659258262890683,0.25881904510252074
2025-11-26 06:00:00,R4,61.00644094443708,118,3,Arterial,True,25.3,20.0,30.0,0.0,9.7,1016.5,0,0,59,6,2,0,0,0,0,1.0,6.123233995736766e-17
2025-11-26 07:00:00,R4,40.01340762838422,95,3,Arterial,True,25.3,20.0,30.0,0.0,9.7,1016.5,0,0,59,7,2,0,1,0,1,0.9659258262890683,-0.25881904510252063
2025-11-26 08:00:00,R4,38.92338929137809,102,3,Arterial,True,25.3,20.0,30.0,0.0,9.7,1016.5,0,0,59,8,2,0,1,0,1,0.8660254037844387,-0.4999999999999998
2025-11-26 09:00:00,R4,34.047058189030686,76,3,Arterial,True,25.3,20.0,30.0,0.0,9.7,1016.5,0,0,59,9,2,0,1,0,1,0.7071067811865476,-0.7071067811865475
2025-11-26 10:00:00,R4,27.09750610463064,93,3,Arterial,True,25.3,20.0,30.0,0.0,9.7,1016.5,0,0,59,10,2,0,1,0,1,0.49999999999999994,-0.8660254037844387
2025-11-26 11:00:00,R4,59.274130674850944,143,3,Arterial,True,25.3,20.0,30.0,0.0,9.7,1016.5,0,0,59,11,2,0,0,0,0,0.258819045102521,-0.9659258262890682
2025-11-26 12:00:00,R4,67.3993912519042,146,3,Arterial,True,25.3,20.0,30.0,0.0,9.7,1016.5,0,0,59,12,2,0,0,0,0,1.2246467991473532e-16,-1.0
2025-11-26 13:00:00,R4,54.32362946895874,109,3,Arterial,True,25.3,20.0,30.0,0.0,9.7,1016.5,0,0,59,13,2,0,0,0,0,-0.2588190451025208,-0.9659258262890683
2025-11-26 14:00:00,R4,58.54815617741239,112,3,Arterial,True,25.3,20.0,30.0,0.0,9.7,1016.5,0,0,59,14,2,0,0,0,0,-0.4999999999999997,-0.8660254037844388
2025-11-26 15:00:00,R4,60.69934270415714,120,3,Arterial,True,25.3,20.0,30.0,0.0,9.7,1016.5,0,0,59,15,2,0,0,0,0,-0.7071067811865471,-0.7071067811865479
2025-11-26 16:00:00,R4,56.72571034749256,108,3,Arterial,True,25.3,20.0,30.0,0.0,9.7,1016.5,0,0,59,16,2,0,0,0,0,-0.8660254037844384,-0.5000000000000004
2025-11-26 17:00:00,R4,34.93415934507048,81,3,Arterial,True,25.3,20.0,30.0,0.0,9.7,1016.5,0,0,59,17,2,0,0,1,1,-0.9659258262890683,-0.25881904510252063
2025-11-26 18:00:00,R4,35.90283832706714,95,3,Arterial,True,25.3,20.0,30.0,0.0,9.7,1016.5,0,0,59,18,2,0,0,1,1,-1.0,-1.8369701987210297e-16
2025-11-26 19:00:00,R4,43.53954374285736,92,3,Arterial,True,25.3,20.0,30.0,0.0,9.7,1016.5,0,0,59,19,2,0,0,1,1,-0.9659258262890684,0.2588190451025203
2025-11-26 20:00:00,R4,41.40318006021735,87,3,Arterial,True,25.3,20.0,30.0,0.0,9.7,1016.5,0,0,59,20,2,0,0,1,1,-0.8660254037844386,0.5000000000000001
2025-11-26 21:00:00,R4,59.38684803164529,123,3,Arterial,True,25.3,20.0,30.0,0.0,9.7,1016.5,0,0,59,21,2,0,0,0,0,-0.7071067811865477,0.7071067811865474
2025-11-26 22:00:00,R4,61.69305923482669,139,3,Arterial,True,25.3,20.0,30.0,0.0,9.7,1016.5,0,0,59,22,2,0,0,0,0,-0.5000000000000004,0.8660254037844384
2025-11-26 23:00:00,R4,58.80206363634033,130,3,Arterial,True,25.3,20.0,30.0,0.0,9.7,1016.5,0,0,59,23,2,0,0,0,0,-0.25881904510252157,0.9659258262890681
2025-11-27 00:00:00,R4,64.15914069399903,144,3,Arterial,True,25.2,21.0,29.0,0.0,8.8,1016.8,0,0,59,0,3,0,0,0,0,0.0,1.0
2025-11-27 01:00:00,R4,67.65844213027555,140,3,Arterial,True,25.2,21.0,29.0,0.0,8.8,1016.8,0,0,59,1,3,0,0,0,0,0.25881904510252074,0.9659258262890683
2025-11-27 02:00:00,R4,59.6059724640722,146,3,Arterial,True,25.2,21.0,29.0,0.0,8.8,1016.8,0,0,59,2,3,0,0,0,0,0.49999999999999994,0.8660254037844387
2025-11-27 03:00:00,R4,51.218407318432696,140,3,Arterial,True,25.2,21.0,29.0,0.0,8.8,1016.8,0,0,59,3,3,0,0,0,0,0.7071067811865476,0.7071067811865476
2025-11-27 04:00:00,R4,63.70622099886224,121,3,Arterial,True,25.2,21.0,29.0,0.0,8.8,1016.8,0,0,59,4,3,0,0,0,0,0.8660254037844386,0.5000000000000001
2025-11-27 05:00:00,R4,54.32287421130164,123,3,Arterial,True,25.2,21.0,29.0,0.0,8.8,1016.8,0,0,59,5,3,0,0,0,0,0.9659258262890683,0.25881904510252074
2025-11-27 06:00:00,R4,57.94771271499725,105,3,Arterial,True,25.2,21.0,29.0,0.0,8.8,1016.8,0,0,59,6,3,0,0,0,0,1.0,6.123233995736766e-17
2025-11-27 07:00:00,R4,37.36844613816483,73,3,Arterial,True,25.2,21.0,29.0,0.0,8.8,1016.8,0,0,59,7,3,0,1,0,1,0.9659258262890683,-0.25881904510252063
2025-11-27 08:00:00,R4,36.10385493508805,77,3,Arterial,True,25.2,21.0,29.0,0.0,8.8,1016.8,0,0,59,8,3,0,1,0,1,0.8660254037844387,-0.4999999999999998
2025-11-27 09:00:00,R4,47.800013532536255,106,3,Arterial,True,25.2,21.0,29.0,0.0,8.8,1016.8,0,0,59,9,3,0,1,0,1,0.7071067811865476,-0.7071067811865475
2025-11-27 10:00:00,R4,42.416045990897246,103,3,Arterial,True,25.2,21.0,29.0,0.0,8.8,1016.8,0,0,59,10,3,0,1,0,1,0.49999999999999994,-0.8660254037844387
2025-11-27 11:00:00,R4,58.980186912509645,142,3,Arterial,True,25.2,21.0,29.0,0.0,8.8,1016.8,0,0,59,11,3,0,0,0,0,0.258819045102521,-0.9659258262890682
2025-11-27 12:00:00,R4,65.90745865750007,105,3,Arterial,True,25.2,21.0,29.0,0.0,8.8,1016.8,0,0,59,12,3,0,0,0,0,1.2246467991473532e-16,-1.0
2025-11-27 13:00:00,R4,55.56375961856264,117,3,Arterial,True,25.2,21.0,29.0,0.0,8.8,1016.8,0,0,59,13,3,0,0,0,0,-0.2588190451025208,-0.9659258262890683
2025-11-27 14:00:00,R4,55.98671531212988,147,3,Arterial,True,25.2,21.0,29.0,0.0,8.8,1016.8,0,0,59,14,3,0,0,0,0,-0.4999999999999997,-0.8660254037844388
2025-11-27 15:00:00,R4,58.9940963728234,103,3,Arterial,True,25.2,21.0,29.0,0.0,8.8,1016.8,0,0,59,15,3,0,0,0,0,-0.7071067811865471,-0.7071067811865479
2025-11-27 16:00:00,R4,67.41594691970978,149,3,Arterial,True,25.2,21.0,29.0,0.0,8.8,1016.8,0,0,59,16,3,0,0,0,0,-0.8660254037844384,-0.5000000000000004
2025-11-27 17:00:00,R4,37.32873681955937,108,3,Arterial,True,25.2,21.0,29.0,0.0,8.8,1016.8,0,0,59,17,3,0,0,1,1,-0.9659258262890683,-0.25881904510252063
2025-11-27 18:00:00,R4,44.260718232209626,100,3,Arterial,True,25.2,21.0,29.0,0.0,8.8,1016.8,0,0,59,18,3,0,0,1,1,-1.0,-1.8369701987210297e-16
2025-11-27 19:00:00,R4,35.99554351572453,73,3,Arterial,True,25.2,21.0,29.0,0.0,8.8,1016.8,0,0,59,19,3,0,0,1,1,-0.9659258262890684,0.2588190451025203
2025-11-27 20:00:00,R4,30.3617980686284,99,3,Arterial,True,25.2,21.0,29.0,0.0,8.8,1016.8,0,0,59,20,3,0,0,1,1,-0.8660254037844386,0.5000000000000001
2025-11-27 21:00:00,R4,51.78869050699032,142,3,Arterial,True,25.2,21.0,29.0,0.0,8.8,1016.8,0,0,59,21,3,0,0,0,0,-0.7071067811865477,0.7071067811865474
2025-11-27 22:00:00,R4,59.81441827704099,122,3,Arterial,True,25.2,21.0,29.0,0.0,8.8,1016.8,0,0,59,22,3,0,0,0,0,-0.5000000000000004,0.8660254037844384
2025-11-27 23:00:00,R4,58.93552187447445,123,3,Arterial,True,25.2,21.0,29.0,0.0,8.8,1016.8,0,0,59,23,3,0,0,0,0,-0.25881904510252157,0.9659258262890681
2025-11-28 00:00:00,R4,53.85136495288312,116,3,Arterial,True,25.1,22.0,28.0,0.0,9.6,1017.8,0,0,59,0,4,0,0,0,0,0.0,1.0
2025-11-28 01:00:00,R4,64.81822400332429,125,3,Arterial,True,25.1,22.0,28.0,0.0,9.6,1017.8,0,0,59,1,4,0,0,0,0,0.25881904510252074,0.9659258262890683
2025-11-28 02:00:00,R4,60.88252465481531,110,3,Arterial,True,25.1,22.0,28.0,0.0,9.6,1017.8,0,0,59,2,4,0,0,0,0,0.49999999999999994,0.8660254037844387
2025-11-28 03:00:00,R4,54.98699874545615,108,3,Arterial,True,25.1,22.0,28.0,0.0,9.6,1017.8,0,0,59,3,4,0,0,0,0,0.7071067811865476,0.7071067811865476
2025-11-28 04:00:00,R4,56.61578154751371,141,3,Arterial,True,25.1,22.0,28.0,0.0,9.6,1017.8,0,0,59,4,4,0,0,0,0,0.8660254037844386,0.5000000000000001
2025-11-28 05:00:00,R4,53.86173968012993,136,3,Arterial,True,25.1,22.0,28.0,0.0,9.6,1017.8,0,0,59,5,4,0,0,0,0,0.9659258262890683,0.25881904510252074
2025-11-28 06:00:00,R4,61.13471987261345,128,3,Arterial,True,25.1,22.0,28.0,0.0,9.6,1017.8,0,0,59,6,4,0,0,0,0,1.0,6.123233995736766e-17
2025-11-28 07:00:00,R4,34.84885888371686,93,3,Arterial,True,25.1,22.0,28.0,0.0,9.6,1017.8,0,0,59,7,4,0,1,0,1,0.9659258262890683,-0.25881904510252063
2025-11-28 08:00:00,R4,35.355687350555684,98,3,Arterial,True,25.1,22.0,28.0,0.0,9.6,1017.8,0,0,59,8,4,0,1,0,1,0.8660254037844387,-0.4999999999999998
2025-11-28 09:00:00,R4,32.18013470418823,82,3,Arterial,True,25.1,22.0,28.0,0.0,9.6,1017.8,0,0,59,9,4,0,1,0,1,0.7071067811865476,-0.7071067811865475
2025-11-28 10:00:00,R4,31.48390464101225,76,3,Arterial,True,25.1,22.0,28.0,0.0,9.6,1017.8,0,0,59,10,4,0,1,0,1,0.49999999999999994,-0.8660254037844387
2025-11-28 11:00:00,R4,61.55717429319392,124,3,Arterial,True,25.1,22.0,28.0,0.0,9.6,1017.8,0,0,59,11,4,0,0,0,0,0.258819045102521,-0.9659258262890682
2025-11-28 12:00:00,R4,61.571924911404935,122,3,Arterial,True,25.1,22.0,28.0,0.0,9.6,1017.8,0,0,59,12,4,0,0,0,0,1.2246467991473532e-16,-1.0
2025-11-28 13:00:00,R4,65.11926180399882,137,3,Arterial,True,25.1,22.0,28.0,0.0,9.6,1017.8,0,0,59,13,4,0,0,0,0,-0.2588190451025208,-0.9659258262890683
2025-11-28 14:00:00,R4,65.66640125403079,133,3,Arterial,True,25.1,22.0,28.0,0.0,9.6,1017.8,0,0,59,14,4,0,0,0,0,-0.4999999999999997,-0.8660254037844388
2025-11-28 15:00:00,R4,52.755130153933095,100,3,Arterial,True,25.1,22.0,28.0,0.0,9.6,1017.8,0,0,59,15,4,0,0,0,0,-0.7071067811865471,-0.7071067811865479
2025-11-28 16:00:00,R4,54.88761577381108,134,3,Arterial,True,25.1,22.0,28.0,0.0,9.6,1017.8,0,0,59,16,4,0,0,0,0,-0.8660254037844384,-0.5000000000000004
2025-11-28 17:00:00,R4,27.23719877792812,102,3,Arterial,True,25.1,22.0,28.0,0.0,9.6,1017.8,0,0,59,17,4,0,0,1,1,-0.9659258262890683,-0.25881904510252063
2025-11-28 18:00:00,R4,37.87388200292009,90,3,Arterial,True,25.1,22.0,28.0,0.0,9.6,1017.8,0,0,59,18,4,0,0,1,1,-1.0,-1.8369701987210297e-16
2025-11-28 19:00:00,R4,45.36891491980616,69,3,Arterial,True,25.1,22.0,28.0,0.0,9.6,1017.8,0,0,59,19,4,0,0,1,1,-0.9659258262890684,0.2588190451025203
2025-11-28 20:00:00,R4,31.97512577360781,83,3,Arterial,True,25.1,22.0,28.0,0.0,9.6,1017.8,0,0,59,20,4,0,0,1,1,-0.8660254037844386,0.5000000000000001
2025-11-28 21:00:00,R4,70.21802520344193,108,3,Arterial,True,25.1,22.0,28.0,0.0,9.6,1017.8,0,0,59,21,4,0,0,0,0,-0.7071067811865477,0.7071067811865474
2025-11-28 22:00:00,R4,51.28021892851606,133,3,Arterial,True,25.1,22.0,28.0,0.0,9.6,1017.8,0,0,59,22,4,0,0,0,0,-0.5000000000000004,0.8660254037844384
2025-11-28 23:00:00,R4,64.86700810466269,111,3,Arterial,True,25.1,22.0,28.0,0.0,9.6,1017.8,0,0,59,23,4,0,0,0,0,-0.25881904510252157,0.9659258262890681
2025-11-29 00:00:00,R4,59.20958200476407,116,3,Arterial,True,25.4,22.0,28.0,0.0,10.8,1016.8,0,0,59,0,5,1,0,0,0,0.0,1.0
2025-11-29 01:00:00,R4,63.11868972646144,135,3,Arterial,True,25.4,22.0,28.0,0.0,10.8,1016.8,0,0,59,1,5,1,0,0,0,0.25881904510252074,0.9659258262890683
2025-11-29 02:00:00,R4,59.198117281012586,114,3,Arterial,True,25.4,22.0,28.0,0.0,10.8,1016.8,0,0,59,2,5,1,0,0,0,0.49999999999999994,0.8660254037844387
2025-11-29 03:00:00,R4,61.52005180793326,145,3,Arterial,True,25.4,22.0,28.0,0.0,10.8,1016.8,0,0,59,3,5,1,0,0,0,0.7071067811865476,0.7071067811865476
2025-11-29 04:00:00,R4,48.22020225861466,118,3,Arterial,True,25.4,22.0,28.0,0.0,10.8,1016.8,0,0,59,4,5,1,0,0,0,0.8660254037844386,0.5000000000000001
2025-11-29 05:00:00,R4,57.06819931501144,101,3,Arterial,True,25.4,22.0,28.0,0.0,10.8,1016.8,0,0,59,5,5,1,0,0,0,0.9659258262890683,0.25881904510252074
2025-11-29 06:00:00,R4,64.12646041593219,111,3,Arterial,True,25.4,22.0,28.0,0.0,10.8,1016.8,0,0,59,6,5,1,0,0,0,1.0,6.123233995736766e-17
2025-11-29 07:00:00,R4,43.9030400764412,78,3,Arterial,True,25.4,22.0,28.0,0.0,10.8,1016.8,0,0,59,7,5,1,1,0,1,0.9659258262890683,-0.25881904510252063
2025-11-29 08:00:00,R4,33.44490005933123,84,3,Arterial,True,25.4,22.0,28.0,0.0,10.8,1016.8,0,0,59,8,5,1,1,0,1,0.8660254037844387,-0.4999999999999998
2025-11-29 09:00:00,R4,37.89428628839186,66,3,Arterial,True,25.4,22.0,28.0,0.0,10.8,1016.8,0,0,59,9,5,1,1,0,1,0.7071067811865476,-0.7071067811865475
2025-11-29 10:00:00,R4,29.07340017788464,78,3,Arterial,True,25.4,22.0,28.0,0.0,10.8,1016.8,0,0,59,10,5,1,1,0,1,0.49999999999999994,-0.8660254037844387
2025-11-29 11:00:00,R4,55.79902873181737,124,3,Arterial,True,25.4,22.0,28.0,0.0,10.8,1016.8,0,0,59,11,5,1,0,0,0,0.258819045102521,-0.9659258262890682
2025-11-29 12:00:00,R4,60.10535390050931,139,3,Arterial,True,25.4,22.0,28.0,0.0,10.8,1016.8,0,0,59,12,5,1,0,0,0,1.2246467991473532e-16,-1.0
2025-11-29 13:00:00,R4,53.06230653991249,132,3,Arterial,True,25.4,22.0,28.0,0.0,10.8,1016.8,0,0,59,13,5,1,0,0,0,-0.2588190451025208,-0.9659258262890683
2025-11-29 14:00:00,R4,62.66469255312025,141,3,Arterial,True,25.4,22.0,28.0,0.0,10.8,1016.8,0,0,59,14,5,1,0,0,0,-0.4999999999999997,-0.8660254037844388
2025-11-29 15:00:00,R4,64.38281413124591,142,3,Arterial,True,25.4,22.0,28.0,0.0,10.8,1016.8,0,0,59,15,5,1,0,0,0,-0.7071067811865471,-0.7071067811865479
2025-11-29 16:00:00,R4,55.83283587449033,108,3,Arterial,True,25.4,22.0,28.0,0.0,10.8,1016.8,0,0,59,16,5,1,0,0,0,-0.8660254037844384,-0.5000000000000004
2025-11-29 17:00:00,R4,41.04700060784759,63,3,Arterial,True,25.4,22.0,28.0,0.0,10.8,1016.8,0,0,59,17,5,1,0,1,1,-0.9659258262890683,-0.25881904510252063
2025-11-29 18:00:00,R4,38.41726182337486,92,3,Arterial,True,25.4,22.0,28.0,0.0,10.8,1016.8,0,0,59,18,5,1,0,1,1,-1.0,-1.8369701987210297e-16
2025-11-29 19:00:00,R4,45.93910232894766,96,3,Arterial,True,25.4,22.0,28.0,0.0,10.8,1016.8,0,0,59,19,5,1,0,1,1,-0.9659258262890684,0.2588190451025203
2025-11-29 20:00:00,R4,31.43850465377784,60,3,Arterial,True,25.4,22.0,28.0,0.0,10.8,1016.8,0,0,59,20,5,1,0,1,1,-0.8660254037844386,0.5000000000000001
2025-11-29 21:00:00,R4,64.11947648397263,149,3,Arterial,True,25.4,22.0,28.0,0.0,10.8,1016.8,0,0,59,21,5,1,0,0,0,-0.7071067811865477,0.7071067811865474
2025-11-29 22:00:00,R4,61.16208097356787,117,3,Arterial,True,25.4,22.0,28.0,0.0,10.8,1016.8,0,0,59,22,5,1,0,0,0,-0.5000000000000004,0.8660254037844384
2025-11-29 23:00:00,R4,64.51454461374637,148,3,Arterial,True,25.4,22.0,28.0,0.0,10.8,1016.8,0,0,59,23,5,1,0,0,0,-0.25881904510252157,0.9659258262890681
2025-11-30 00:00:00,R4,58.11455753134288,119,3,Arterial,True,25.0,20.0,29.0,0.0,9.0,1016.2,0,0,59,0,6,1,0,0,0,0.0,1.0
2025-11-30 01:00:00,R4,56.85492223493053,124,3,Arterial,True,25.0,20.0,29.0,0.0,9.0,1016.2,0,0,59,1,6,1,0,0,0,0.25881904510252074,0.9659258262890683
2025-11-30 02:00:00,R4,54.795325398185724,107,3,Arterial,True,25.0,20.0,29.0,0.0,9.0,1016.2,0,0,59,2,6,1,0,0,0,0.49999999999999994,0.8660254037844387
2025-11-30 03:00:00,R4,69.41338107526528,131,3,Arterial,True,25.0,20.0,29.0,0.0,9.0,1016.2,0,0,59,3,6,1,0,0,0,0.7071067811865476,0.7071067811865476
2025-11-30 04:00:00,R4,61.93179799528248,146,3,Arterial,True,25.0,20.0,29.0,0.0,9.0,1016.2,0,0,59,4,6,1,0,0,0,0.8660254037844386,0.5000000000000001
2025-11-30 05:00:00,R4,57.6281391260672,122,3,Arterial,True,25.0,20.0,29.0,0.0,9.0,1016.2,0,0,59,5,6,1,0,0,0,0.9659258262890683,0.25881904510252074
2025-11-30 06:00:00,R4,53.90088225618656,148,3,Arterial,True,25.0,20.0,29.0,0.0,9.0,1016.2,0,0,59,6,6,1,0,0,0,1.0,6.123233995736766e-17
2025-11-30 07:00:00,R4,37.42756064737354,94,3,Arterial,True,25.0,20.0,29.0,0.0,9.0,1016.2,0,0,59,7,6,1,1,0,1,0.9659258262890683,-0.25881904510252063
2025-11-30 08:00:00,R4,38.31376704582722,95,3,Arterial,True,25.0,20.0,29.0,0.0,9.0,1016.2,0,0,59,8,6,1,1,0,1,0.8660254037844387,-0.4999999999999998
2025-11-30 09:00:00,R4,38.50988894058413,60,3,Arterial,True,25.0,20.0,29.0,0.0,9.0,1016.2,0,0,59,9,6,1,1,0,1,0.7071067811865476,-0.7071067811865475
2025-11-30 10:00:00,R4,39.772895220353526,62,3,Arterial,True,25.0,20.0,29.0,0.0,9.0,1016.2,0,0,59,10,6,1,1,0,1,0.49999999999999994,-0.8660254037844387
2025-11-30 11:00:00,R4,60.18525590976832,139,3,Arterial,True,25.0,20.0,29.0,0.0,9.0,1016.2,0,0,59,11,6,1,0,0,0,0.258819045102521,-0.9659258262890682
2025-11-30 12:00:00,R4,58.58439387234437,148,3,Arterial,True,25.0,20.0,29.0,0.0,9.0,1016.2,0,0,59,12,6,1,0,0,0,1.2246467991473532e-16,-1.0
2025-11-30 13:00:00,R4,58.31437471872229,133,3,Arterial,True,25.0,20.0,29.0,0.0,9.0,1016.2,0,0,59,13,6,1,0,0,0,-0.2588190451025208,-0.9659258262890683
2025-11-30 14:00:00,R4,54.65053388983979,129,3,Arterial,True,25.0,20.0,29.0,0.0,9.0,1016.2,0,0,59,14,6,1,0,0,0,-0.4999999999999997,-0.8660254037844388
2025-11-30 15:00:00,R4,57.92467955289491,140,3,Arterial,True,25.0,20.0,29.0,0.0,9.0,1016.2,0,0,59,15,6,1,0,0,0,-0.7071067811865471,-0.7071067811865479
2025-11-30 16:00:00,R4,62.46456030570341,119,3,Arterial,True,25.0,20.0,29.0,0.0,9.0,1016.2,0,0,59,16,6,1,0,0,0,-0.8660254037844384,-0.5000000000000004
2025-11-30 17:00:00,R4,37.50051096287297,105,3,Arterial,True,25.0,20.0,29.0,0.0,9.0,1016.2,0,0,59,17,6,1,0,1,1,-0.9659258262890683,-0.25881904510252063
2025-11-30 18:00:00,R4,41.27748945765113,94,3,Arterial,True,25.0,20.0,29.0,0.0,9.0,1016.2,0,0,59,18,6,1,0,1,1,-1.0,-1.8369701987210297e-16
2025-11-30 19:00:00,R4,35.87141843181239,94,3,Arterial,True,25.0,20.0,29.0,0.0,9.0,1016.2,0,0,59,19,6,1,0,1,1,-0.9659258262890684,0.2588190451025203
2025-11-30 20:00:00,R4,33.01346104213016,77,3,Arterial,True,25.0,20.0,29.0,0.0,9.0,1016.2,0,0,59,20,6,1,0,1,1,-0.8660254037844386,0.5000000000000001
2025-11-30 21:00:00,R4,57.20300763080344,141,3,Arterial,True,25.0,20.0,29.0,0.0,9.0,1016.2,0,0,59,21,6,1,0,0,0,-0.7071067811865477,0.7071067811865474
2025-11-30 22:00:00,R4,70.03143393141306,140,3,Arterial,True,25.0,20.0,29.0,0.0,9.0,1016.2,0,0,59,22,6,1,0,0,0,-0.5000000000000004,0.8660254037844384
2025-11-30 23:00:00,R4,62.68637568640467,124,3,Arterial,True,25.0,20.0,29.0,0.0,9.0,1016.2,0,0,59,23,6,1,0,0,0,-0.25881904510252157,0.9659258262890681
2025-11-01 00:00:00,R5,50.10116095905671,133,2,Local,True,30.5,26.0,34.0,0.0,14.0,1013.0,0,0,59,0,5,1,0,0,0,0.0,1.0
2025-11-01 01:00:00,R5,45.167180249582685,100,2,Local,True,30.5,26.0,34.0,0.0,14.0,1013.0,0,0,59,1,5,1,0,0,0,0.25881904510252074,0.9659258262890683
2025-11-01 02:00:00,R5,32.58648931599134,139,2,Local,True,30.5,26.0,34.0,0.0,14.0,1013.0,0,0,59,2,5,1,0,0,0,0.49999999999999994,0.8660254037844387
2025-11-01 03:00:00,R5,35.01835805367719,147,2,Local,True,30.5,26.0,34.0,0.0,14.0,1013.0,0,0,59,3,5,1,0,0,0,0.7071067811865476,0.7071067811865476
2025-11-01 04:00:00,R5,39.60519629860782,140,2,Local,True,30.5,26.0,34.0,0.0,14.0,1013.0,0,0,59,4,5,1,0,0,0,0.8660254037844386,0.5000000000000001
2025-11-01 05:00:00,R5,36.1807637812319,132,2,Local,True,30.5,26.0,34.0,0.0,14.0,1013.0,0,0,59,5,5,1,0,0,0,0.9659258262890683,0.25881904510252074
2025-11-01 06:00:00,R5,36.781668604153374,110,2,Local,True,30.5,26.0,34.0,0.0,14.0,1013.0,0,0,59,6,5,1,0,0,0,1.0,6.123233995736766e-17
2025-11-01 07:00:00,R5,24.78705376181039,90,2,Local,True,30.5,26.0,34.0,0.0,14.0,1013.0,0,0,59,7,5,1,1,0,1,0.9659258262890683,-0.25881904510252063
2025-11-01 08:00:00,R5,21.380327237930302,72,2,Local,True,30.5,26.0,34.0,0.0,14.0,1013.0,0,0,59,8,5,1,1,0,1,0.8660254037844387,-0.4999999999999998
2025-11-01 09:00:00,R5,18.758595940889343,79,2,Local,True,30.5,26.0,34.0,0.0,14.0,1013.0,0,0,59,9,5,1,1,0,1,0.7071067811865476,-0.7071067811865475
2025-11-01 10:00:00,R5,13.862898774409338,74,2,Local,True,30.5,26.0,34.0,0.0,14.0,1013.0,0,0,59,10,5,1,1,0,1,0.49999999999999994,-0.8660254037844387
2025-11-01 11:00:00,R5,42.45165202688392,109,2,Local,True,30.5,26.0,34.0,0.0,14.0,1013.0,0,0,59,11,5,1,0,0,0,0.258819045102521,-0.9659258262890682
2025-11-01 12:00:00,R5,36.25844782754152,117,2,Local,True,30.5,26.0,34.0,0.0,14.0,1013.0,0,0,59,12,5,1,0,0,0,1.2246467991473532e-16,-1.0
2025-11-01 13:00:00,R5,45.18209439188609,112,2,Local,True,30.5,26.0,34.0,0.0,14.0,1013.0,0,0,59,13,5,1,0,0,0,-0.2588190451025208,-0.9659258262890683
2025-11-01 14:00:00,R5,53.2103612565778,108,2,Local,True,30.5,26.0,34.0,0.0,14.0,1013.0,0,0,59,14,5,1,0,0,0,-0.4999999999999997,-0.8660254037844388
2025-11-01 15:00:00,R5,42.43052097291501,132,2,Local,True,30.5,26.0,34.0,0.0,14.0,1013.0,0,0,59,15,5,1,0,0,0,-0.7071067811865471,-0.7071067811865479
2025-11-01 16:00:00,R5,46.53453460592327,134,2,Local,True,30.5,26.0,34.0,0.0,14.0,1013.0,0,0,59,16,5,1,0,0,0,-0.8660254037844384,-0.5000000000000004
2025-11-01 17:00:00,R5,24.86330080562262,84,2,Local,True,30.5,26.0,34.0,0.0,14.0,1013.0,0,0,59,17,5,1,0,1,1,-0.9659258262890683,-0.25881904510252063
2025-11-01 18:00:00,R5,25.96772788239909,64,2,Local,True,30.5,26.0,34.0,0.0,14.0,1013.0,0,0,59,18,5,1,0,1,1,-1.0,-1.8369701987210297e-16
2025-11-01 19:00:00,R5,26.177168885032724,103,2,Local,True,30.5,26.0,34.0,0.0,14.0,1013.0,0,0,59,19,5,1,0,1,1,-0.9659258262890684,0.2588190451025203
2025-11-01 20:00:00,R5,28.833957461183548,89,2,Local,True,30.5,26.0,34.0,0.0,14.0,1013.0,0,0,59,20,5,1,0,1,1,-0.8660254037844386,0.5000000000000001
2025-11-01 21:00:00,R5,40.77838563838879,139,2,Local,True,30.5,26.0,34.0,0.0,14.0,1013.0,0,0,59,21,5,1,0,0,0,-0.7071067811865477,0.7071067811865474
2025-11-01 22:00:00,R5,39.60875077083255,129,2,Local,True,30.5,26.0,34.0,0.0,14.0,1013.0,0,0,59,22,5,1,0,0,0,-0.5000000000000004,0.8660254037844384
2025-11-01 23:00:00,R5,31.31353678537701,120,2,Local,True,30.5,26.0,34.0,0.0,14.0,1013.0,0,0,59,23,5,1,0,0,0,-0.25881904510252157,0.9659258262890681
2025-11-02 00:00:00,R5,40.54382567207165,115,2,Local,True,29.8,26.0,33.0,0.0,11.4,1013.6,0,0,59,0,6,1,0,0,0,0.0,1.0
2025-11-02 01:00:00,R5,42.754602285384514,122,2,Local,True,29.8,26.0,33.0,0.0,11.4,1013.6,0,0,59,1,6,1,0,0,0,0.25881904510252074,0.9659258262890683
2025-11-02 02:00:00,R5,39.71568146167493,146,2,Local,True,29.8,26.0,33.0,0.0,11.4,1013.6,0,0,59,2,6,1,0,0,0,0.49999999999999994,0.8660254037844387
2025-11-02 03:00:00,R5,38.75157226017274,146,2,Local,True,29.8,26.0,33.0,0.0,11.4,1013.6,0,0,59,3,6,1,0,0,0,0.7071067811865476,0.7071067811865476
2025-11-02 04:00:00,R5,45.51615503285636,127,2,Local,True,29.8,26.0,33.0,0.0,11.4,1013.6,0,0,59,4,6,1,0,0,0,0.8660254037844386,0.5000000000000001
2025-11-02 05:00:00,R5,33.09284657167042,123,2,Local,True,29.8,26.0,33.0,0.0,11.4,1013.6,0,0,59,5,6,1,0,0,0,0.9659258262890683,0.25881904510252074
2025-11-02 06:00:00,R5,47.2619963517945,132,2,Local,True,29.8,26.0,33.0,0.0,11.4,1013.6,0,0,59,6,6,1,0,0,0,1.0,6.123233995736766e-17
2025-11-02 07:00:00,R5,23.03182056772352,99,2,Local,True,29.8,26.0,33.0,0.0,11.4,1013.6,0,0,59,7,6,1,1,0,1,0.9659258262890683,-0.25881904510252063
2025-11-02 08:00:00,R5,20.752890666804884,79,2,Local,True,29.8,26.0,33.0,0.0,11.4,1013.6,0,0,59,8,6,1,1,0,1,0.8660254037844387,-0.4999999999999998
2025-11-02 09:00:00,R5,26.08875126507145,90,2,Local,True,29.8,26.0,33.0,0.0,11.4,1013.6,0,0,59,9,6,1,1,0,1,0.7071067811865476,-0.7071067811865475
2025-11-02 10:00:00,R5,20.996418688068708,83,2,Local,True,29.8,26.0,33.0,0.0,11.4,1013.6,0,0,59,10,6,1,1,0,1,0.49999999999999994,-0.8660254037844387
2025-11-02 11:00:00,R5,34.89464542002089,146,2,Local,True,29.8,26.0,33.0,0.0,11.4,1013.6,0,0,59,11,6,1,0,0,0,0.258819045102521,-0.9659258262890682
2025-11-02 12:00:00,R5,39.08319230301226,103,2,Local,True,29.8,26.0,33.0,0.0,11.4,1013.6,0,0,59,12,6,1,0,0,0,1.2246467991473532e-16,-1.0
2025-11-02 13:00:00,R5,38.59744545638888,107,2,Local,True,29.8,26.0,33.0,0.0,11.4,1013.6,0,0,59,13,6,1,0,0,0,-0.2588190451025208,-0.9659258262890683
2025-11-02 14:00:00,R5,45.160291031430845,114,2,Local,True,29.8,26.0,33.0,0.0,11.4,1013.6,0,0,59,14,6,1,0,0,0,-0.4999999999999997,-0.8660254037844388
2025-11-02 15:00:00,R5,41.163677693429086,105,2,Local,True,29.8,26.0,33.0,0.0,11.4,1013.6,0,0,59,15,6,1,0,0,0,-0.7071067811865471,-0.7071067811865479
2025-11-02 16:00:00,R5,33.32204115029183,114,2,Local,True,29.8,26.0,33.0,0.0,11.4,1013.6,0,0,59,16,6,1,0,0,0,-0.8660254037844384,-0.5000000000000004
2025-11-02 17:00:00,R5,21.255456677091225,77,2,Local,True,29.8,26.0,33.0,0.0,11.4,1013.6,0,0,59,17,6,1,0,1,1,-0.9659258262890683,-0.25881904510252063
2025-11-02 18:00:00,R5,25.25997367699231,85,2,Local,True,29.8,26.0,33.0,0.0,11.4,1013.6,0,0,59,18,6,1,0,1,1,-1.0,-1.8369701987210297e-16
2025-11-02 19:00:00,R5,26.188742222208777,66,2,Local,True,29.8,26.0,33.0,0.0,11.4,1013.6,0,0,59,19,6,1,0,1,1,-0.9659258262890684,0.2588190451025203
2025-11-02 20:00:00,R5,16.075949625367052,90,2,Local,True,29.8,26.0,33.0,0.0,11.4,1013.6,0,0,59,20,6,1,0,1,1,-0.8660254037844386,0.5000000000000001
2025-11-02 21:00:00,R5,38.70217895484461,141,2,Local,True,29.8,26.0,33.0,0.0,11.4,1013.6,0,0,59,21,6,1,0,0,0,-0.7071067811865477,0.7071067811865474
2025-11-02 22:00:00,R5,38.51439874130617,100,2,Local,True,29.8,26.0,33.0,0.0,11.4,1013.6,0,0,59,22,6,1,0,0,0,-0.5000000000000004,0.8660254037844384
2025-11-02 23:00:00,R5,44.15646605011376,120,2,Local,True,29.8,26.0,33.0,0.0,11.4,1013.6,0,0,59,23,6,1,0,0,0,-0.25881904510252157,0.9659258262890681
2025-11-03 00:00:00,R5,47.86893494956775,111,2,Local,True,29.1,25.0,32.0,0.0,13.3,1012.9,0,0,59,0,0,0,0,0,0,0.0,1.0
2025-11-03 01:00:00,R5,24.9896210763413,107,2,Local,True,29.1,25.0,32.0,0.0,13.3,1012.9,0,0,59,1,0,0,0,0,0,0.25881904510252074,0.9659258262890683
2025-11-03 02:00:00,R5,46.39911575538192,103,2,Local,True,29.1,25.0,32.0,0.0,13.3,1012.9,0,0,59,2,0,0,0,0,0,0.49999999999999994,0.8660254037844387
2025-11-03 03:00:00,R5,30.471554494568807,121,2,Local,True,29.1,25.0,32.0,0.0,13.3,1012.9,0,0,59,3,0,0,0,0,0,0.7071067811865476,0.7071067811865476
2025-11-03 04:00:00,R5,33.56295123230106,138,2,Local,True,29.1,25.0,32.0,0.0,13.3,1012.9,0,0,59,4,0,0,0,0,0,0.8660254037844386,0.5000000000000001
2025-11-03 05:00:00,R5,42.54183373853857,141,2,Local,True,29.1,25.0,32.0,0.0,13.3,1012.9,0,0,59,5,0,0,0,0,0,0.9659258262890683,0.25881904510252074
2025-11-03 06:00:00,R5,41.10371987593064,115,2,Local,True,29.1,25.0,32.0,0.0,13.3,1012.9,0,0,59,6,0,0,0,0,0,1.0,6.123233995736766e-17
2025-11-03 07:00:00,R5,19.441574038572988,86,2,Local,True,29.1,25.0,32.0,0.0,13.3,1012.9,0,0,59,7,0,0,1,0,1,0.9659258262890683,-0.25881904510252063
2025-11-03 08:00:00,R5,19.542358357333665,105,2,Local,True,29.1,25.0,32.0,0.0,13.3,1012.9,0,0,59,8,0,0,1,0,1,0.8660254037844387,-0.4999999999999998
2025-11-03 09:00:00,R5,16.41049878365819,80,2,Local,True,29.1,25.0,32.0,0.0,13.3,1012.9,0,0,59,9,0,0,1,0,1,0.7071067811865476,-0.7071067811865475
2025-11-03 10:00:00,R5,29.125302606020085,96,2,Local,True,29.1,25.0,32.0,0.0,13.3,1012.9,0,0,59,10,0,0,1,0,1,0.49999999999999994,-0.8660254037844387
2025-11-03 11:00:00,R5,33.60542241212566,133,2,Local,True,29.1,25.0,32.0,0.0,13.3,1012.9,0,0,59,11,0,0,0,0,0,0.258819045102521,-0.9659258262890682
2025-11-03 12:00:00,R5,38.12876305680335,108,2,Local,True,29.1,25.0,32.0,0.0,13.3,1012.9,0,0,59,12,0,0,0,0,0,1.2246467991473532e-16,-1.0
2025-11-03 13:00:00,R5,43.19399532708696,135,2,Local,True,29.1,25.0,32.0,0.0,13.3,1012.9,0,0,59,13,0,0,0,0,0,-0.2588190451025208,-0.9659258262890683
2025-11-03 14:00:00,R5,26.735888279055537,133,2,Local,True,29.1,25.0,32.0,0.0,13.3,1012.9,0,0,59,14,0,0,0,0,0,-0.4999999999999997,-0.8660254037844388
2025-11-03 15:00:00,R5,47.03720205348722,141,2,Local,True,29.1,25.0,32.0,0.0,13.3,1012.9,0,0,59,15,0,0,0,0,0,-0.7071067811865471,-0.7071067811865479
2025-11-03 16:00:00,R5,38.99567752935843,111,2,Local,True,29.1,25.0,32.0,0.0,13.3,1012.9,0,0,59,16,0,0,0,0,0,-0.8660254037844384,-0.5000000000000004
2025-11-03 17:00:00,R5,26.621459131996247,61,2,Local,True,29.1,25.0,32.0,0.0,13.3,1012.9,0,0,59,17,0,0,0,1,1,-0.9659258262890683,-0.25881904510252063
2025-11-03 18:00:00,R5,15.07574753235384,98,2,Local,True,29.1,25.0,32.0,0.0,13.3,1012.9,0,0,59,18,0,0,0,1,1,-1.0,-1.8369701987210297e-16
2025-11-03 19:00:00,R5,23.293144480808127,77,2,Local,True,29.1,25.0,32.0,0.0,13.3,1012.9,0,0,59,19,0,0,0,1,1,-0.9659258262890684,0.2588190451025203
2025-11-03 20:00:00,R5,31.86971799938248,97,2,Local,True,29.1,25.0,32.0,0.0,13.3,1012.9,0,0,59,20,0,0,0,1,1,-0.8660254037844386,0.5000000000000001
2025-11-03 21:00:00,R5,37.29973600921988,130,2,Local,True,29.1,25.0,32.0,0.0,13.3,1012.9,0,0,59,21,0,0,0,0,0,-0.7071067811865477,0.7071067811865474
2025-11-03 22:00:00,R5,34.15649773464163,118,2,Local,True,29.1,25.0,32.0,0.0,13.3,1012.9,0,0,59,22,0,0,0,0,0,-0.5000000000000004,0.8660254037844384
2025-11-03 23:00:00,R5,43.4308454682856,102,2,Local,True,29.1,25.0,32.0,0.0,13.3,1012.9,0,0,59,23,0,0,0,0,0,-0.25881904510252157,0.9659258262890681
2025-11-04 00:00:00,R5,36.28311145751096,131,2,Local,True,29.5,25.0,33.0,0.0,12.4,1013.6,0,0,59,0,1,0,0,0,0,0.0,1.0
2025-11-04 01:00:00,R5,42.90614640062594,130,2,Local,True,29.5,25.0,33.0,0.0,12.4,1013.6,0,0,59,1,1,0,0,0,0,0.25881904510252074,0.9659258262890683
2025-11-04 02:00:00,R5,37.74818533400685,102,2,Local,True,29.5,25.0,33.0,0.0,12.4,1013.6,0,0,59,2,1,0,0,0,0,0.49999999999999994,0.8660254037844387
2025-11-04 03:00:00,R5,29.24434768250401,110,2,Local,True,29.5,25.0,33.0,0.0,12.4,1013.6,0,0,59,3,1,0,0,0,0,0.7071067811865476,0.7071067811865476
2025-11-04 04:00:00,R5,33.181469125246274,103,2,Local,True,29.5,25.0,33.0,0.0,12.4,1013.6,0,0,59,4,1,0,0,0,0,0.8660254037844386,0.5000000000000001
2025-11-04 05:00:00,R5,41.2131327684741,141,2,Local,True,29.5,25.0,33.0,0.0,12.4,1013.6,0,0,59,5,1,0,0,0,0,0.9659258262890683,0.25881904510252074
2025-11-04 06:00:00,R5,41.921826384078166,106,2,Local,True,29.5,25.0,33.0,0.0,12.4,1013.6,0,0,59,6,1,0,0,0,0,1.0,6.123233995736766e-17
2025-11-04 07:00:00,R5,14.29149523817694,103,2,Local,True,29.5,25.0,33.0,0.0,12.4,1013.6,0,0,59,7,1,0,1,0,1,0.9659258262890683,-0.25881904510252063
2025-11-04 08:00:00,R5,32.06018867998237,94,2,Local,True,29.5,25.0,33.0,0.0,12.4,1013.6,0,0,59,8,1,0,1,0,1,0.8660254037844387,-0.4999999999999998
2025-11-04 09:00:00,R5,19.421203681720453,67,2,Local,True,29.5,25.0,33.0,0.0,12.4,1013.6,0,0,59,9,1,0,1,0,1,0.7071067811865476,-0.7071067811865475
2025-11-04 10:00:00,R5,27.55923827181556,100,2,Local,True,29.5,25.0,33.0,0.0,12.4,1013.6,0,0,59,10,1,0,1,0,1,0.49999999999999994,-0.8660254037844387
2025-11-04 11:00:00,R5,36.31019830180043,117,2,Local,True,29.5,25.0,33.0,0.0,12.4,1013.6,0,0,59,11,1,0,0,0,0,0.258819045102521,-0.9659258262890682
2025-11-04 12:00:00,R5,45.75777914001152,120,2,Local,True,29.5,25.0,33.0,0.0,12.4,1013.6,0,0,59,12,1,0,0,0,0,1.2246467991473532e-16,-1.0
2025-11-04 13:00:00,R5,47.23625109767989,103,2,Local,True,29.5,25.0,33.0,0.0,12.4,1013.6,0,0,59,13,1,0,0,0,0,-0.2588190451025208,-0.9659258262890683
2025-11-04 14:00:00,R5,35.82673157733365,111,2,Local,True,29.5,25.0,33.0,0.0,12.4,1013.6,0,0,59,14,1,0,0,0,0,-0.4999999999999997,-0.8660254037844388
2025-11-04 15:00:00,R5,42.762768342615495,136,2,Local,True,29.5,25.0,33.0,0.0,12.4,1013.6,0,0,59,15,1,0,0,0,0,-0.7071067811865471,-0.7071067811865479
2025-11-04 16:00:00,R5,40.81919696548726,149,2,Local,True,29.5,25.0,33.0,0.0,12.4,1013.6,0,0,59,16,1,0,0,0,0,-0.8660254037844384,-0.5000000000000004
2025-11-04 17:00:00,R5,23.38067717625523,98,2,Local,True,29.5,25.0,33.0,0.0,12.4,1013.6,0,0,59,17,1,0,0,1,1,-0.9659258262890683,-0.25881904510252063
2025-11-04 18:00:00,R5,12.64806702144861,72,2,Local,True,29.5,25.0,33.0,0.0,12.4,1013.6,0,0,59,18,1,0,0,1,1,-1.0,-1.8369701987210297e-16
2025-11-04 19:00:00,R5,32.33438839889213,72,2,Local,True,29.5,25.0,33.0,0.0,12.4,1013.6,0,0,59,19,1,0,0,1,1,-0.9659258262890684,0.2588190451025203
2025-11-04 20:00:00,R5,27.95088208641393,74,2,Local,True,29.5,25.0,33.0,0.0,12.4,1013.6,0,0,59,20,1,0,0,1,1,-0.8660254037844386,0.5000000000000001
2025-11-04 21:00:00,R5,42.66984166296736,134,2,Local,True,29.5,25.0,33.0,0.0,12.4,1013.6,0,0,59,21,1,0,0,0,0,-0.7071067811865477,0.7071067811865474
2025-11-04 22:00:00,R5,33.681348138667474,140,2,Local,True,29.5,25.0,33.0,0.0,12.4,1013.6,0,0,59,22,1,0,0,0,0,-0.5000000000000004,0.8660254037844384
2025-11-04 23:00:00,R5,36.38302810202216,137,2,Local,True,29.5,25.0,33.0,0.0,12.4,1013.6,0,0,59,23,1,0,0,0,0,-0.25881904510252157,0.9659258262890681
2025-11-05 00:00:00,R5,37.55342523007448,120,2,Local,True,29.7,26.0,33.0,0.0,12.2,1013.3,0,0,59,0,2,0,0,0,0,0.0,1.0
2025-11-05 01:00:00,R5,46.49617047876887,124,2,Local,True,29.7,26.0,33.0,0.0,12.2,1013.3,0,0,59,1,2,0,0,0,0,0.25881904510252074,0.9659258262890683
2025-11-05 02:00:00,R5,49.51646711788529,118,2,Local,True,29.7,26.0,33.0,0.0,12.2,1013.3,0,0,59,2,2,0,0,0,0,0.49999999999999994,0.8660254037844387
2025-11-05 03:00:00,R5,34.29597103473156,139,2,Local,True,29.7,26.0,33.0,0.0,12.2,1013.3,0,0,59,3,2,0,0,0,0,0.7071067811865476,0.7071067811865476
2025-11-05 04:00:00,R5,40.10203875060251,101,2,Local,True,29.7,26.0,33.0,0.0,12.2,1013.3,0,0,59,4,2,0,0,0,0,0.8660254037844386,0.5000000000000001
2025-11-05 05:00:00,R5,39.128681457740505,129,2,Local,True,29.7,26.0,33.0,0.0,12.2,1013.3,0,0,59,5,2,0,0,0,0,0.9659258262890683,0.25881904510252074
2025-11-05 06:00:00,R5,43.27724154601421,129,2,Local,True,29.7,26.0,33.0,0.0,12.2,1013.3,0,0,59,6,2,0,0,0,0,1.0,6.123233995736766e-17
2025-11-05 07:00:00,R5,20.282219342914544,68,2,Local,True,29.7,26.0,33.0,0.0,12.2,1013.3,0,0,59,7,2,0,1,0,1,0.9659258262890683,-0.25881904510252063
2025-11-05 08:00:00,R5,22.6891645124401,101,2,Local,True,29.7,26.0,33.0,0.0,12.2,1013.3,0,0,59,8,2,0,1,0,1,0.8660254037844387,-0.4999999999999998
2025-11-05 09:00:00,R5,21.61899342874725,96,2,Local,True,29.7,26.0,33.0,0.0,12.2,1013.3,0,0,59,9,2,0,1,0,1,0.7071067811865476,-0.7071067811865475
2025-11-05 10:00:00,R5,28.72217557593804,74,2,Local,True,29.7,26.0,33.0,0.0,12.2,1013.3,0,0,59,10,2,0,1,0,1,0.49999999999999994,-0.8660254037844387
2025-11-05 11:00:00,R5,48.36110820383238,105,2,Local,True,29.7,26.0,33.0,0.0,12.2,1013.3,0,0,59,11,2,0,0,0,0,0.258819045102521,-0.9659258262890682
2025-11-05 12:00:00,R5,41.70423097913712,121,2,Local,True,29.7,26.0,33.0,0.0,12.2,1013.3,0,0,59,12,2,0,0,0,0,1.2246467991473532e-16,-1.0
2025-11-05 13:00:00,R5,40.16072915678029,145,2,Local,True,29.7,26.0,33.0,0.0,12.2,1013.3,0,0,59,13,2,0,0,0,0,-0.2588190451025208,-0.9659258262890683
2025-11-05 14:00:00,R5,40.23924933275725,110,2,Local,True,29.7,26.0,33.0,0.0,12.2,1013.3,0,0,59,14,2,0,0,0,0,-0.4999999999999997,-0.8660254037844388
2025-11-05 15:00:00,R5,45.70713827940752,135,2,Local,True,29.7,26.0,33.0,0.0,12.2,1013.3,0,0,59,15,2,0,0,0,0,-0.7071067811865471,-0.7071067811865479
2025-11-05 16:00:00,R5,38.28252695946132,130,2,Local,True,29.7,26.0,33.0,0.0,12.2,1013.3,0,0,59,16,2,0,0,0,0,-0.8660254037844384,-0.5000000000000004
2025-11-05 17:00:00,R5,19.23506313679572,82,2,Local,True,29.7,26.0,33.0,0.0,12.2,1013.3,0,0,59,17,2,0,0,1,1,-0.9659258262890683,-0.25881904510252063
2025-11-05 18:00:00,R5,20.03476307230433,89,2,Local,True,29.7,26.0,33.0,0.0,12.2,1013.3,0,0,59,18,2,0,0,1,1,-1.0,-1.8369701987210297e-16
2025-11-05 19:00:00,R5,22.37985106479837,77,2,Local,True,29.7,26.0,33.0,0.0,12.2,1013.3,0,0,59,19,2,0,0,1,1,-0.9659258262890684,0.2588190451025203
2025-11-05 20:00:00,R5,22.96744116844989,98,2,Local,True,29.7,26.0,33.0,0.0,12.2,1013.3,0,0,59,20,2,0,0,1,1,-0.8660254037844386,0.5000000000000001
2025-11-05 21:00:00,R5,40.75859269076783,137,2,Local,True,29.7,26.0,33.0,0.0,12.2,1013.3,0,0,59,21,2,0,0,0,0,-0.7071067811865477,0.7071067811865474
2025-11-05 22:00:00,R5,46.689119642950814,113,2,Local,True,29.7,26.0,33.0,0.0,12.2,1013.3,0,0,59,22,2,0,0,0,0,-0.5000000000000004,0.8660254037844384
2025-11-05 23:00:00,R5,31.42619352169979,138,2,Local,True,29.7,26.0,33.0,0.0,12.2,1013.3,0,0,59,23,2,0,0,0,0,-0.25881904510252157,0.9659258262890681
2025-11-06 00:00:00,R5,43.27493284836318,132,2,Local,True,29.1,26.0,34.0,0.0,11.4,1013.0,0,0,59,0,3,0,0,0,0,0.0,1.0
2025-11-06 01:00:00,R5,43.89188702764087,112,2,Local,True,29.1,26.0,34.0,0.0,11.4,1013.0,0,0,59,1,3,0,0,0,0,0.25881904510252074,0.9659258262890683
2025-11-06 02:00:00,R5,41.07197770629648,145,2,Local,True,29.1,26.0,34.0,0.0,11.4,1013.0,0,0,59,2,3,0,0,0,0,0.49999999999999994,0.8660254037844387
2025-11-06 03:00:00,R5,38.47359787115848,147,2,Local,True,29.1,26.0,34.0,0.0,11.4,1013.0,0,0,59,3,3,0,0,0,0,0.7071067811865476,0.7071067811865476
2025-11-06 04:00:00,R5,32.78167748309141,149,2,Local,True,29.1,26.0,34.0,0.0,11.4,1013.0,0,0,59,4,3,0,0,0,0,0.8660254037844386,0.5000000000000001
2025-11-06 05:00:00,R5,37.500871015363245,123,2,Local,True,29.1,26.0,34.0,0.0,11.4,1013.0,0,0,59,5,3,0,0,0,0,0.9659258262890683,0.25881904510252074
2025-11-06 06:00:00,R5,40.46219332050842,144,2,Local,True,29.1,26.0,34.0,0.0,11.4,1013.0,0,0,59,6,3,0,0,0,0,1.0,6.123233995736766e-17
2025-11-06 07:00:00,R5,17.612244409654018,63,2,Local,True,29.1,26.0,34.0,0.0,11.4,1013.0,0,0,59,7,3,0,1,0,1,0.9659258262890683,-0.25881904510252063
2025-11-06 08:00:00,R5,26.454171345568763,91,2,Local,True,29.1,26.0,34.0,0.0,11.4,1013.0,0,0,59,8,3,0,1,0,1,0.8660254037844387,-0.4999999999999998
2025-11-06 09:00:00,R5,19.18391211112588,66,2,Local,True,29.1,26.0,34.0,0.0,11.4,1013.0,0,0,59,9,3,0,1,0,1,0.7071067811865476,-0.7071067811865475
2025-11-06 10:00:00,R5,37.7206116532609,66,2,Local,True,29.1,26.0,34.0,0.0,11.4,1013.0,0,0,59,10,3,0,1,0,1,0.49999999999999994,-0.8660254037844387
2025-11-06 11:00:00,R5,34.133130784480954,124,2,Local,True,29.1,26.0,34.0,0.0,11.4,1013.0,0,0,59,11,3,0,0,0,0,0.258819045102521,-0.9659258262890682
2025-11-06 12:00:00,R5,46.15430533844555,134,2,Local,True,29.1,26.0,34.0,0.0,11.4,1013.0,0,0,59,12,3,0,0,0,0,1.2246467991473532e-16,-1.0
2025-11-06 13:00:00,R5,39.01969912357796,123,2,Local,True,29.1,26.0,34.0,0.0,11.4,1013.0,0,0,59,13,3,0,0,0,0,-0.2588190451025208,-0.9659258262890683
2025-11-06 14:00:00,R5,49.86849875739633,134,2,Local,True,29.1,26.0,34.0,0.0,11.4,1013.0,0,0,59,14,3,0,0,0,0,-0.4999999999999997,-0.8660254037844388
2025-11-06 15:00:00,R5,33.820909169001624,122,2,Local,True,29.1,26.0,34.0,0.0,11.4,1013.0,0,0,59,15,3,0,0,0,0,-0.7071067811865471,-0.7071067811865479
2025-11-06 16:00:00,R5,29.118723232342777,101,2,Local,True,29.1,26.0,34.0,0.0,11.4,1013.0,0,0,59,16,3,0,0,0,0,-0.8660254037844384,-0.5000000000000004
2025-11-06 17:00:00,R5,28.8153741688018,94,2,Local,True,29.1,26.0,34.0,0.0,11.4,1013.0,0,0,59,17,3,0,0,1,1,-0.9659258262890683,-0.25881904510252063
2025-11-06 18:00:00,R5,21.33319837735453,68,2,Local,True,29.1,26.0,34.0,0.0,11.4,1013.0,0,0,59,18,3,0,0,1,1,-1.0,-1.8369701987210297e-16
2025-11-06 19:00:00,R5,32.73793537855924,85,2,Local,True,29.1,26.0,34.0,0.0,11.4,1013.0,0,0,59,19,3,0,0,1,1,-0.9659258262890684,0.2588190451025203
2025-11-06 20:00:00,R5,22.68580356291666,72,2,Local,True,29.1,26.0,34.0,0.0,11.4,1013.0,0,0,59,20,3,0,0,1,1,-0.8660254037844386,0.5000000000000001
2025-11-06 21:00:00,R5,32.59867625986237,142,2,Local,True,29.1,26.0,34.0,0.0,11.4,1013.0,0,0,59,21,3,0,0,0,0,-0.7071067811865477,0.7071067811865474
2025-11-06 22:00:00,R5,40.42747787560168,123,2,Local,True,29.1,26.0,34.0,0.0,11.4,1013.0,0,0,59,22,3,0,0,0,0,-0.5000000000000004,0.8660254037844384
2025-11-06 23:00:00,R5,41.74115410181796,122,2,Local,True,29.1,26.0,34.0,0.0,11.4,1013.0,0,0,59,23,3,0,0,0,0,-0.25881904510252157,0.9659258262890681
2025-11-07 00:00:00,R5,37.94651097971293,149,2,Local,True,27.9,24.0,32.0,0.0,11.0,1014.8,0,0,59,0,4,0,0,0,0,0.0,1.0
2025-11-07 01:00:00,R5,42.87002578316283,136,2,Local,True,27.9,24.0,32.0,0.0,11.0,1014.8,0,0,59,1,4,0,0,0,0,0.25881904510252074,0.9659258262890683
2025-11-07 02:00:00,R5,41.38186059889087,104,2,Local,True,27.9,24.0,32.0,0.0,11.0,1014.8,0,0,59,2,4,0,0,0,0,0.49999999999999994,0.8660254037844387
2025-11-07 03:00:00,R5,41.73101548207345,105,2,Local,True,27.9,24.0,32.0,0.0,11.0,1014.8,0,0,59,3,4,0,0,0,0,0.7071067811865476,0.7071067811865476
2025-11-07 04:00:00,R5,40.56311141429973,126,2,Local,True,27.9,24.0,32.0,0.0,11.0,1014.8,0,0,59,4,4,0,0,0,0,0.8660254037844386,0.5000000000000001
2025-11-07 05:00:00,R5,43.77040979928965,146,2,Local,True,27.9,24.0,32.0,0.0,11.0,1014.8,0,0,59,5,4,0,0,0,0,0.9659258262890683,0.25881904510252074
2025-11-07 06:00:00,R5,40.58564799057294,122,2,Local,True,27.9,24.0,32.0,0.0,11.0,1014.8,0,0,59,6,4,0,0,0,0,1.0,6.123233995736766e-17
2025-11-07 07:00:00,R5,27.122461635317336,77,2,Local,True,27.9,24.0,32.0,0.0,11.0,1014.8,0,0,59,7,4,0,1,0,1,0.9659258262890683,-0.25881904510252063
2025-11-07 08:00:00,R5,20.28300887089065,108,2,Local,True,27.9,24.0,32.0,0.0,11.0,1014.8,0,0,59,8,4,0,1,0,1,0.8660254037844387,-0.4999999999999998
2025-11-07 09:00:00,R5,20.890720064692523,87,2,Local,True,27.9,24.0,32.0,0.0,11.0,1014.8,0,0,59,9,4,0,1,0,1,0.7071067811865476,-0.7071067811865475
2025-11-07 10:00:00,R5,26.25296912179084,106,2,Local,True,27.9,24.0,32.0,0.0,11.0,1014.8,0,0,59,10,4,0,1,0,1,0.49999999999999994,-0.8660254037844387
2025-11-07 11:00:00,R5,42.97969965505011,144,2,Local,True,27.9,24.0,32.0,0.0,11.0,1014.8,0,0,59,11,4,0,0,0,0,0.258819045102521,-0.9659258262890682
2025-11-07 12:00:00,R5,34.17709674693663,108,2,Local,True,27.9,24.0,32.0,0.0,11.0,1014.8,0,0,59,12,4,0,0,0,0,1.2246467991473532e-16,-1.0
2025-11-07 13:00:00,R5,40.27136865525643,132,2,Local,True,27.9,24.0,32.0,0.0,11.0,1014.8,0,0,59,13,4,0,0,0,0,-0.2588190451025208,-0.9659258262890683
2025-11-07 14:00:00,R5,49.80315418539804,118,2,Local,True,27.9,24.0,32.0,0.0,11.0,1014.8,0,0,59,14,4,0,0,0,0,-0.4999999999999997,-0.8660254037844388
2025-11-07 15:00:00,R5,29.49575013448112,146,2,Local,True,27.9,24.0,32.0,0.0,11.0,1014.8,0,0,59,15,4,0,0,0,0,-0.7071067811865471,-0.7071067811865479
2025-11-07 16:00:00,R5,39.59746060705017,135,2,Local,True,27.9,24.0,32.0,0.0,11.0,1014.8,0,0,59,16,4,0,0,0,0,-0.8660254037844384,-0.5000000000000004
2025-11-07 17:00:00,R5,26.42382295391819,76,2,Local,True,27.9,24.0,32.0,0.0,11.0,1014.8,0,0,59,17,4,0,0,1,1,-0.9659258262890683,-0.25881904510252063
2025-11-07 18:00:00,R5,21.303657132724723,75,2,Local,True,27.9,24.0,32.0,0.0,11.0,1014.8,0,0,59,18,4,0,0,1,1,-1.0,-1.8369701987210297e-16
2025-11-07 19:00:00,R5,29.337087482667965,88,2,Local,True,27.9,24.0,32.0,0.0,11.0,1014.8,0,0,59,19,4,0,0,1,1,-0.9659258262890684,0.2588190451025203
2025-11-07 20:00:00,R5,21.00926680177253,78,2,Local,True,27.9,24.0,32.0,0.0,11.0,1014.8,0,0,59,20,4,0,0,1,1,-0.8660254037844386,0.5000000000000001
2025-11-07 21:00:00,R5,40.54368143861583,131,2,Local,True,27.9,24.0,32.0,0.0,11.0,1014.8,0,0,59,21,4,0,0,0,0,-0.7071067811865477,0.7071067811865474
2025-11-07 22:00:00,R5,39.45020795110621,141,2,Local,True,27.9,24.0,32.0,0.0,11.0,1014.8,0,0,59,22,4,0,0,0,0,-0.5000000000000004,0.8660254037844384
2025-11-07 23:00:00,R5,37.774164760589656,137,2,Local,True,27.9,24.0,32.0,0.0,11.0,1014.8,0,0,59,23,4,0,0,0,0,-0.25881904510252157,0.9659258262890681
2025-11-08 00:00:00,R5,41.2569269849033,143,2,Local,True,27.9,23.0,32.0,0.0,11.0,1016.7,0,0,59,0,5,1,0,0,0,0.0,1.0
2025-11-08 01:00:00,R5,48.97789203866521,117,2,Local,True,27.9,23.0,32.0,0.0,11.0,1016.7,0,0,59,1,5,1,0,0,0,0.25881904510252074,0.9659258262890683
2025-11-08 02:00:00,R5,28.678058447782643,100,2,Local,True,27.9,23.0,32.0,0.0,11.0,1016.7,0,0,59,2,5,1,0,0,0,0.49999999999999994,0.8660254037844387
2025-11-08 03:00:00,R5,37.771761696290326,141,2,Local,True,27.9,23.0,32.0,0.0,11.0,1016.7,0,0,59,3,5,1,0,0,0,0.7071067811865476,0.7071067811865476
2025-11-08 04:00:00,R5,44.19212397399875,125,2,Local,True,27.9,23.0,32.0,0.0,11.0,1016.7,0,0,59,4,5,1,0,0,0,0.8660254037844386,0.5000000000000001
2025-11-08 05:00:00,R5,38.73123956273331,128,2,Local,True,27.9,23.0,32.0,0.0,11.0,1016.7,0,0,59,5,5,1,0,0,0,0.9659258262890683,0.25881904510252074
2025-11-08 06:00:00,R5,41.173879731394905,127,2,Local,True,27.9,23.0,32.0,0.0,11.0,1016.7,0,0,59,6,5,1,0,0,0,1.0,6.123233995736766e-17
2025-11-08 07:00:00,R5,24.132517912853828,87,2,Local,True,27.9,23.0,32.0,0.0,11.0,1016.7,0,0,59,7,5,1,1,0,1,0.9659258262890683,-0.25881904510252063
2025-11-08 08:00:00,R5,18.98592158687748,104,2,Local,True,27.9,23.0,32.0,0.0,11.0,1016.7,0,0,59,8,5,1,1,0,1,0.8660254037844387,-0.4999999999999998
2025-11-08 09:00:00,R5,24.3266934881664,89,2,Local,True,27.9,23.0,32.0,0.0,11.0,1016.7,0,0,59,9,5,1,1,0,1,0.7071067811865476,-0.7071067811865475
2025-11-08 10:00:00,R5,25.96152003755109,85,2,Local,True,27.9,23.0,32.0,0.0,11.0,1016.7,0,0,59,10,5,1,1,0,1,0.49999999999999994,-0.8660254037844387
2025-11-08 11:00:00,R5,42.98715709491092,119,2,Local,True,27.9,23.0,32.0,0.0,11.0,1016.7,0,0,59,11,5,1,0,0,0,0.258819045102521,-0.9659258262890682
2025-11-08 12:00:00,R5,42.67461105526071,145,2,Local,True,27.9,23.0,32.0,0.0,11.0,1016.7,0,0,59,12,5,1,0,0,0,1.2246467991473532e-16,-1.0
2025-11-08 13:00:00,R5,31.92197698681745,146,2,Local,True,27.9,23.0,32.0,0.0,11.0,1016.7,0,0,59,13,5,1,0,0,0,-0.2588190451025208,-0.9659258262890683
2025-11-08 14:00:00,R5,45.07133211684144,139,2,Local,True,27.9,23.0,32.0,0.0,11.0,1016.7,0,0,59,14,5,1,0,0,0,-0.4999999999999997,-0.8660254037844388
2025-11-08 15:00:00,R5,45.78495193539314,137,2,Local,True,27.9,23.0,32.0,0.0,11.0,1016.7,0,0,59,15,5,1,0,0,0,-0.7071067811865471,-0.7071067811865479
2025-11-08 16:00:00,R5,43.540278800597015,138,2,Local,True,27.9,23.0,32.0,0.0,11.0,1016.7,0,0,59,16,5,1,0,0,0,-0.8660254037844384,-0.5000000000000004
2025-11-08 17:00:00,R5,24.24762666877072,76,2,Local,True,27.9,23.0,32.0,0.0,11.0,1016.7,0,0,59,17,5,1,0,1,1,-0.9659258262890683,-0.25881904510252063
2025-11-08 18:00:00,R5,25.37026280537315,67,2,Local,True,27.9,23.0,32.0,0.0,11.0,1016.7,0,0,59,18,5,1,0,1,1,-1.0,-1.8369701987210297e-16
2025-11-08 19:00:00,R5,19.76747017513532,95,2,Local,True,27.9,23.0,32.0,0.0,11.0,1016.7,0,0,59,19,5,1,0,1,1,-0.9659258262890684,0.2588190451025203
2025-11-08 20:00:00,R5,26.791981996425285,69,2,Local,True,27.9,23.0,32.0,0.0,11.0,1016.7,0,0,59,20,5,1,0,1,1,-0.8660254037844386,0.5000000000000001
2025-11-08 21:00:00,R5,43.96663828204428,115,2,Local,True,27.9,23.0,32.0,0.0,11.0,1016.7,0,0,59,21,5,1,0,0,0,-0.7071067811865477,0.7071067811865474
2025-11-08 22:00:00,R5,45.49127116905588,139,2,Local,True,27.9,23.0,32.0,0.0,11.0,1016.7,0,0,59,22,5,1,0,0,0,-0.5000000000000004,0.8660254037844384
2025-11-08 23:00:00,R5,40.51941016935195,135,2,Local,True,27.9,23.0,32.0,0.0,11.0,1016.7,0,0,59,23,5,1,0,0,0,-0.25881904510252157,0.9659258262890681
2025-11-09 00:00:00,R5,43.77952876831336,114,2,Local,True,28.2,24.0,31.0,0.0,12.7,1016.2,0,0,59,0,6,1,0,0,0,0.0,1.0
2025-11-09 01:00:00,R5,40.14061625129114,128,2,Local,True,28.2,24.0,31.0,0.0,12.7,1016.2,0,0,59,1,6,1,0,0,0,0.25881904510252074,0.9659258262890683
2025-11-09 02:00:00,R5,38.80548728262744,115,2,Local,True,28.2,24.0,31.0,0.0,12.7,1016.2,0,0,59,2,6,1,0,0,0,0.49999999999999994,0.8660254037844387
2025-11-09 03:00:00,R5,44.79843011216983,145,2,Local,True,28.2,24.0,31.0,0.0,12.7,1016.2,0,0,59,3,6,1,0,0,0,0.7071067811865476,0.7071067811865476
2025-11-09 04:00:00,R5,27.42074693372352,106,2,Local,True,28.2,24.0,31.0,0.0,12.7,1016.2,0,0,59,4,6,1,0,0,0,0.8660254037844386,0.5000000000000001
2025-11-09 05:00:00,R5,37.953810322835416,132,2,Local,True,28.2,24.0,31.0,0.0,12.7,1016.2,0,0,59,5,6,1,0,0,0,0.9659258262890683,0.25881904510252074
2025-11-09 06:00:00,R5,35.382435897470614,119,2,Local,True,28.2,24.0,31.0,0.0,12.7,1016.2,0,0,59,6,6,1,0,0,0,1.0,6.123233995736766e-17
2025-11-09 07:00:00,R5,27.4752125288862,97,2,Local,True,28.2,24.0,31.0,0.0,12.7,1016.2,0,0,59,7,6,1,1,0,1,0.9659258262890683,-0.25881904510252063
2025-11-09 08:00:00,R5,35.63101829009172,93,2,Local,True,28.2,24.0,31.0,0.0,12.7,1016.2,0,0,59,8,6,1,1,0,1,0.8660254037844387,-0.4999999999999998
2025-11-09 09:00:00,R5,20.934553017994023,85,2,Local,True,28.2,24.0,31.0,0.0,12.7,1016.2,0,0,59,9,6,1,1,0,1,0.7071067811865476,-0.7071067811865475
2025-11-09 10:00:00,R5,26.65649783663634,70,2,Local,True,28.2,24.0,31.0,0.0,12.7,1016.2,0,0,59,10,6,1,1,0,1,0.49999999999999994,-0.8660254037844387
2025-11-09 11:00:00,R5,35.333579602055686,135,2,Local,True,28.2,24.0,31.0,0.0,12.7,1016.2,0,0,59,11,6,1,0,0,0,0.258819045102521,-0.9659258262890682
2025-11-09 12:00:00,R5,33.909235751194856,117,2,Local,True,28.2,24.0,31.0,0.0,12.7,1016.2,0,0,59,12,6,1,0,0,0,1.2246467991473532e-16,-1.0
2025-11-09 13:00:00,R5,42.917339061111846,149,2,Local,True,28.2,24.0,31.0,0.0,12.7,1016.2,0,0,59,13,6,1,0,0,0,-0.2588190451025208,-0.9659258262890683
2025-11-09 14:00:00,R5,34.81770794770935,146,2,Local,True,28.2,24.0,31.0,0.0,12.7,1016.2,0,0,59,14,6,1,0,0,0,-0.4999999999999997,-0.8660254037844388
2025-11-09 15:00:00,R5,46.64905101413309,125,2,Local,True,28.2,24.0,31.0,0.0,12.7,1016.2,0,0,59,15,6,1,0,0,0,-0.7071067811865471,-0.7071067811865479
2025-11-09 16:00:00,R5,36.986703215327566,119,2,Local,True,28.2,24.0,31.0,0.0,12.7,1016.2,0,0,59,16,6,1,0,0,0,-0.8660254037844384,-0.5000000000000004
2025-11-09 17:00:00,R5,19.21101830451345,79,2,Local,True,28.2,24.0,31.0,0.0,12.7,1016.2,0,0,59,17,6,1,0,1,1,-0.9659258262890683,-0.25881904510252063
2025-11-09 18:00:00,R5,20.34290379594936,75,2,Local,True,28.2,24.0,31.0,0.0,12.7,1016.2,0,0,59,18,6,1,0,1,1,-1.0,-1.8369701987210297e-16
2025-11-09 19:00:00,R5,22.195836471158607,79,2,Local,True,28.2,24.0,31.0,0.0,12.7,1016.2,0,0,59,19,6,1,0,1,1,-0.9659258262890684,0.2588190451025203
2025-11-09 20:00:00,R5,28.896524386765307,86,2,Local,True,28.2,24.0,31.0,0.0,12.7,1016.2,0,0,59,20,6,1,0,1,1,-0.8660254037844386,0.5000000000000001
2025-11-09 21:00:00,R5,33.90479320948114,145,2,Local,True,28.2,24.0,31.0,0.0,12.7,1016.2,0,0,59,21,6,1,0,0,0,-0.7071067811865477,0.7071067811865474
2025-11-09 22:00:00,R5,31.306377207496347,126,2,Local,True,28.2,24.0,31.0,0.0,12.7,1016.2,0,0,59,22,6,1,0,0,0,-0.5000000000000004,0.8660254037844384
2025-11-09 23:00:00,R5,43.2972335152693,110,2,Local,True,28.2,24.0,31.0,0.0,12.7,1016.2,0,0,59,23,6,1,0,0,0,-0.25881904510252157,0.9659258262890681
2025-11-10 00:00:00,R5,29.474224398748493,114,2,Local,True,27.9,24.0,31.0,0.0,10.4,1014.8,0,0,59,0,0,0,0,0,0,0.0,1.0
2025-11-10 01:00:00,R5,45.73164663191393,145,2,Local,True,27.9,24.0,31.0,0.0,10.4,1014.8,0,0,59,1,0,0,0,0,0,0.25881904510252074,0.9659258262890683
2025-11-10 02:00:00,R5,38.622248407707325,106,2,Local,True,27.9,24.0,31.0,0.0,10.4,1014.8,0,0,59,2,0,0,0,0,0,0.49999999999999994,0.8660254037844387
2025-11-10 03:00:00,R5,44.53151969911988,100,2,Local,True,27.9,24.0,31.0,0.0,10.4,1014.8,0,0,59,3,0,0,0,0,0,0.7071067811865476,0.7071067811865476
2025-11-10 04:00:00,R5,35.38677055064706,135,2,Local,True,27.9,24.0,31.0,0.0,10.4,1014.8,0,0,59,4,0,0,0,0,0,0.8660254037844386,0.5000000000000001
2025-11-10 05:00:00,R5,38.11190899811928,111,2,Local,True,27.9,24.0,31.0,0.0,10.4,1014.8,0,0,59,5,0,0,0,0,0,0.9659258262890683,0.25881904510252074
2025-11-10 06:00:00,R5,37.04846877188838,117,2,Local,True,27.9,24.0,31.0,0.0,10.4,1014.8,0,0,59,6,0,0,0,0,0,1.0,6.123233995736766e-17
2025-11-10 07:00:00,R5,30.53392653724733,72,2,Local,True,27.9,24.0,31.0,0.0,10.4,1014.8,0,0,59,7,0,0,1,0,1,0.9659258262890683,-0.25881904510252063
2025-11-10 08:00:00,R5,36.766893355522704,81,2,Local,True,27.9,24.0,31.0,0.0,10.4,1014.8,0,0,59,8,0,0,1,0,1,0.8660254037844387,-0.4999999999999998
2025-11-10 09:00:00,R5,25.80874692683324,82,2,Local,True,27.9,24.0,31.0,0.0,10.4,1014.8,0,0,59,9,0,0,1,0,1,0.7071067811865476,-0.7071067811865475
2025-11-10 10:00:00,R5,24.682340135017267,60,2,Local,True,27.9,24.0,31.0,0.0,10.4,1014.8,0,0,59,10,0,0,1,0,1,0.49999999999999994,-0.8660254037844387
2025-11-10 11:00:00,R5,51.762065092115,147,2,Local,True,27.9,24.0,31.0,0.0,10.4,1014.8,0,0,59,11,0,0,0,0,0,0.258819045102521,-0.9659258262890682
2025-11-10 12:00:00,R5,39.19345224723002,116,2,Local,True,27.9,24.0,31.0,0.0,10.4,1014.8,0,0,59,12,0,0,0,0,0,1.2246467991473532e-16,-1.0
2025-11-10 13:00:00,R5,46.181407152516506,106,2,Local,True,27.9,24.0,31.0,0.0,10.4,1014.8,0,0,59,13,0,0,0,0,0,-0.2588190451025208,-0.9659258262890683
2025-11-10 14:00:00,R5,43.68896815514973,104,2,Local,True,27.9,24.0,31.0,0.0,10.4,1014.8,0,0,59,14,0,0,0,0,0,-0.4999999999999997,-0.8660254037844388
2025-11-10 15:00:00,R5,34.93553811001132,120,2,Local,True,27.9,24.0,31.0,0.0,10.4,1014.8,0,0,59,15,0,0,0,0,0,-0.7071067811865471,-0.7071067811865479
2025-11-10 16:00:00,R5,42.45363294521224,122,2,Local,True,27.9,24.0,31.0,0.0,10.4,1014.8,0,0,59,16,0,0,0,0,0,-0.8660254037844384,-0.5000000000000004
2025-11-10 17:00:00,R5,26.01178511608516,99,2,Local,True,27.9,24.0,31.0,0.0,10.4,1014.8,0,0,59,17,0,0,0,1,1,-0.9659258262890683,-0.25881904510252063
2025-11-10 18:00:00,R5,30.8147574955196,97,2,Local,True,27.9,24.0,31.0,0.0,10.4,1014.8,0,0,59,18,0,0,0,1,1,-1.0,-1.8369701987210297e-16
2025-11-10 19:00:00,R5,23.384435076683584,94,2,Local,True,27.9,24.0,31.0,0.0,10.4,1014.8,0,0,59,19,0,0,0,1,1,-0.9659258262890684,0.2588190451025203
2025-11-10 20:00:00,R5,25.04484245153451,101,2,Local,True,27.9,24.0,31.0,0.0,10.4,1014.8,0,0,59,20,0,0,0,1,1,-0.8660254037844386,0.5000000000000001
2025-11-10 21:00:00,R5,38.00241044554723,139,2,Local,True,27.9,24.0,31.0,0.0,10.4,1014.8,0,0,59,21,0,0,0,0,0,-0.7071067811865477,0.7071067811865474
2025-11-10 22:00:00,R5,37.45257081252316,144,2,Local,True,27.9,24.0,31.0,0.0,10.4,1014.8,0,0,59,22,0,0,0,0,0,-0.5000000000000004,0.8660254037844384
2025-11-10 23:00:00,R5,39.80879734185071,117,2,Local,True,27.9,24.0,31.0,0.0,10.4,1014.8,0,0,59,23,0,0,0,0,0,-0.25881904510252157,0.9659258262890681
2025-11-11 00:00:00,R5,41.49050849889018,130,2,Local,True,27.7,24.0,31.0,0.0,10.9,1014.8,0,0,59,0,1,0,0,0,0,0.0,1.0
2025-11-11 01:00:00,R5,35.917148729669684,135,2,Local,True,27.7,24.0,31.0,0.0,10.9,1014.8,0,0,59,1,1,0,0,0,0,0.25881904510252074,0.9659258262890683
2025-11-11 02:00:00,R5,44.00095533851831,148,2,Local,True,27.7,24.0,31.0,0.0,10.9,1014.8,0,0,59,2,1,0,0,0,0,0.49999999999999994,0.8660254037844387
2025-11-11 03:00:00,R5,39.40111136849913,148,2,Local,True,27.7,24.0,31.0,0.0,10.9,1014.8,0,0,59,3,1,0,0,0,0,0.7071067811865476,0.7071067811865476
2025-11-11 04:00:00,R5,42.27251178281925,110,2,Local,True,27.7,24.0,31.0,0.0,10.9,1014.8,0,0,59,4,1,0,0,0,0,0.8660254037844386,0.5000000000000001
2025-11-11 05:00:00,R5,28.439928952209545,146,2,Local,True,27.7,24.0,31.0,0.0,10.9,1014.8,0,0,59,5,1,0,0,0,0,0.9659258262890683,0.25881904510252074
2025-11-11 06:00:00,R5,39.32394728640092,119,2,Local,True,27.7,24.0,31.0,0.0,10.9,1014.8,0,0,59,6,1,0,0,0,0,1.0,6.123233995736766e-17
2025-11-11 07:00:00,R5,23.813647228377526,85,2,Local,True,27.7,24.0,31.0,0.0,10.9,1014.8,0,0,59,7,1,0,1,0,1,0.9659258262890683,-0.25881904510252063
2025-11-11 08:00:00,R5,27.984993424149604,64,2,Local,True,27.7,24.0,31.0,0.0,10.9,1014.8,0,0,59,8,1,0,1,0,1,0.8660254037844387,-0.4999999999999998
2025-11-11 09:00:00,R5,22.454411275651875,77,2,Local,True,27.7,24.0,31.0,0.0,10.9,1014.8,0,0,59,9,1,0,1,0,1,0.7071067811865476,-0.7071067811865475
2025-11-11 10:00:00,R5,15.950973666114752,91,2,Local,True,27.7,24.0,31.0,0.0,10.9,1014.8,0,0,59,10,1,0,1,0,1,0.49999999999999994,-0.8660254037844387
2025-11-11 11:00:00,R5,45.527015485385,108,2,Local,True,27.7,24.0,31.0,0.0,10.9,1014.8,0,0,59,11,1,0,0,0,0,0.258819045102521,-0.9659258262890682
2025-11-11 12:00:00,R5,39.438885586627215,124,2,Local,True,27.7,24.0,31.0,0.0,10.9,1014.8,0,0,59,12,1,0,0,0,0,1.2246467991473532e-16,-1.0
2025-11-11 13:00:00,R5,40.04101102430801,135,2,Local,True,27.7,24.0,31.0,0.0,10.9,1014.8,0,0,59,13,1,0,0,0,0,-0.2588190451025208,-0.9659258262890683
2025-11-11 14:00:00,R5,30.75266741903353,142,2,Local,True,27.7,24.0,31.0,0.0,10.9,1014.8,0,0,59,14,1,0,0,0,0,-0.4999999999999997,-0.8660254037844388
2025-11-11 15:00:00,R5,38.34792651776662,121,2,Local,True,27.7,24.0,31.0,0.0,10.9,1014.8,0,0,59,15,1,0,0,0,0,-0.7071067811865471,-0.7071067811865479
2025-11-11 16:00:00,R5,45.87604130525636,109,2,Local,True,27.7,24.0,31.0,0.0,10.9,1014.8,0,0,59,16,1,0,0,0,0,-0.8660254037844384,-0.5000000000000004
2025-11-11 17:00:00,R5,27.247377565456915,88,2,Local,True,27.7,24.0,31.0,0.0,10.9,1014.8,0,0,59,17,1,0,0,1,1,-0.9659258262890683,-0.25881904510252063
2025-11-11 18:00:00,R5,21.4109040256491,87,2,Local,True,27.7,24.0,31.0,0.0,10.9,1014.8,0,0,59,18,1,0,0,1,1,-1.0,-1.8369701987210297e-16
2025-11-11 19:00:00,R5,23.230134702770066,82,2,Local,True,27.7,24.0,31.0,0.0,10.9,1014.8,0,0,59,19,1,0,0,1,1,-0.9659258262890684,0.2588190451025203
2025-11-11 20:00:00,R5,36.10355629668477,68,2,Local,True,27.7,24.0,31.0,0.0,10.9,1014.8,0,0,59,20,1,0,0,1,1,-0.8660254037844386,0.5000000000000001
2025-11-11 21:00:00,R5,34.53300510749786,127,2,Local,True,27.7,24.0,31.0,0.0,10.9,1014.8,0,0,59,21,1,0,0,0,0,-0.7071067811865477,0.7071067811865474
2025-11-11 22:00:00,R5,36.311473437025896,128,2,Local,True,27.7,24.0,31.0,0.0,10.9,1014.8,0,0,59,22,1,0,0,0,0,-0.5000000000000004,0.8660254037844384
2025-11-11 23:00:00,R5,39.419085958264944,136,2,Local,True,27.7,24.0,31.0,0.0,10.9,1014.8,0,0,59,23,1,0,0,0,0,-0.25881904510252157,0.9659258262890681
2025-11-12 00:00:00,R5,42.24653387793957,128,2,Local,True,27.9,23.0,33.0,0.0,10.5,1016.3,0,0,59,0,2,0,0,0,0,0.0,1.0
2025-11-12 01:00:00,R5,41.38448715153584,100,2,Local,True,27.9,23.0,33.0,0.0,10.5,1016.3,0,0,59,1,2,0,0,0,0,0.25881904510252074,0.9659258262890683
2025-11-12 02:00:00,R5,45.6203891624694,136,2,Local,True,27.9,23.0,33.0,0.0,10.5,1016.3,0,0,59,2,2,0,0,0,0,0.49999999999999994,0.8660254037844387
2025-11-12 03:00:00,R5,39.67497370630654,114,2,Local,True,27.9,23.0,33.0,0.0,10.5,1016.3,0,0,59,3,2,0,0,0,0,0.7071067811865476,0.7071067811865476
2025-11-12 04:00:00,R5,40.25134303072415,127,2,Local,True,27.9,23.0,33.0,0.0,10.5,1016.3,0,0,59,4,2,0,0,0,0,0.8660254037844386,0.5000000000000001
2025-11-12 05:00:00,R5,39.53106237961272,105,2,Local,True,27.9,23.0,33.0,0.0,10.5,1016.3,0,0,59,5,2,0,0,0,0,0.9659258262890683,0.25881904510252074
2025-11-12 06:00:00,R5,38.39623643340094,131,2,Local,True,27.9,23.0,33.0,0.0,10.5,1016.3,0,0,59,6,2,0,0,0,0,1.0,6.123233995736766e-17
2025-11-12 07:00:00,R5,21.575324671433243,97,2,Local,True,27.9,23.0,33.0,0.0,10.5,1016.3,0,0,59,7,2,0,1,0,1,0.9659258262890683,-0.25881904510252063
2025-11-12 08:00:00,R5,22.475622638198946,73,2,Local,True,27.9,23.0,33.0,0.0,10.5,1016.3,0,0,59,8,2,0,1,0,1,0.8660254037844387,-0.4999999999999998
2025-11-12 09:00:00,R5,27.186548549690222,87,2,Local,True,27.9,23.0,33.0,0.0,10.5,1016.3,0,0,59,9,2,0,1,0,1,0.7071067811865476,-0.7071067811865475
2025-11-12 10:00:00,R5,21.206104421309146,105,2,Local,True,27.9,23.0,33.0,0.0,10.5,1016.3,0,0,59,10,2,0,1,0,1,0.49999999999999994,-0.8660254037844387
2025-11-12 11:00:00,R5,38.81705423577474,119,2,Local,True,27.9,23.0,33.0,0.0,10.5,1016.3,0,0,59,11,2,0,0,0,0,0.258819045102521,-0.9659258262890682
2025-11-12 12:00:00,R5,39.18921257792905,119,2,Local,True,27.9,23.0,33.0,0.0,10.5,1016.3,0,0,59,12,2,0,0,0,0,1.2246467991473532e-16,-1.0
2025-11-12 13:00:00,R5,40.40046019046972,141,2,Local,True,27.9,23.0,33.0,0.0,10.5,1016.3,0,0,59,13,2,0,0,0,0,-0.2588190451025208,-0.9659258262890683
2025-11-12 14:00:00,R5,45.19607824377705,144,2,Local,True,27.9,23.0,33.0,0.0,10.5,1016.3,0,0,59,14,2,0,0,0,0,-0.4999999999999997,-0.8660254037844388
2025-11-12 15:00:00,R5,48.08399782695308,114,2,Local,True,27.9,23.0,33.0,0.0,10.5,1016.3,0,0,59,15,2,0,0,0,0,-0.7071067811865471,-0.7071067811865479
2025-11-12 16:00:00,R5,45.09973548066354,128,2,Local,True,27.9,23.0,33.0,0.0,10.5,1016.3,0,0,59,16,2,0,0,0,0,-0.8660254037844384,-0.5000000000000004
2025-11-12 17:00:00,R5,29.380613180467705,97,2,Local,True,27.9,23.0,33.0,0.0,10.5,1016.3,0,0,59,17,2,0,0,1,1,-0.9659258262890683,-0.25881904510252063
2025-11-12 18:00:00,R5,24.492408514600264,91,2,Local,True,27.9,23.0,33.0,0.0,10.5,1016.3,0,0,59,18,2,0,0,1,1,-1.0,-1.8369701987210297e-16
2025-11-12 19:00:00,R5,29.27230910293768,89,2,Local,True,27.9,23.0,33.0,0.0,10.5,1016.3,0,0,59,19,2,0,0,1,1,-0.9659258262890684,0.2588190451025203
2025-11-12 20:00:00,R5,19.2868611224278,79,2,Local,True,27.9,23.0,33.0,0.0,10.5,1016.3,0,0,59,20,2,0,0,1,1,-0.8660254037844386,0.5000000000000001
2025-11-12 21:00:00,R5,33.97784757925053,114,2,Local,True,27.9,23.0,33.0,0.0,10.5,1016.3,0,0,59,21,2,0,0,0,0,-0.7071067811865477,0.7071067811865474
2025-11-12 22:00:00,R5,39.24815997869132,130,2,Local,True,27.9,23.0,33.0,0.0,10.5,1016.3,0,0,59,22,2,0,0,0,0,-0.5000000000000004,0.8660254037844384
2025-11-12 23:00:00,R5,35.905765643157146,138,2,Local,True,27.9,23.0,33.0,0.0,10.5,1016.3,0,0,59,23,2,0,0,0,0,-0.25881904510252157,0.9659258262890681
2025-11-13 00:00:00,R5,44.643486593788126,130,2,Local,True,27.6,23.0,31.0,0.0,11.5,1017.7,0,0,59,0,3,0,0,0,0,0.0,1.0
2025-11-13 01:00:00,R5,45.2772848420759,142,2,Local,True,27.6,23.0,31.0,0.0,11.5,1017.7,0,0,59,1,3,0,0,0,0,0.25881904510252074,0.9659258262890683
2025-11-13 02:00:00,R5,42.17838879362585,112,2,Local,True,27.6,23.0,31.0,0.0,11.5,1017.7,0,0,59,2,3,0,0,0,0,0.49999999999999994,0.8660254037844387
2025-11-13 03:00:00,R5,42.66904843645428,100,2,Local,True,27.6,23.0,31.0,0.0,11.5,1017.7,0,0,59,3,3,0,0,0,0,0.7071067811865476,0.7071067811865476
2025-11-13 04:00:00,R5,39.31403296920615,120,2,Local,True,27.6,23.0,31.0,0.0,11.5,1017.7,0,0,59,4,3,0,0,0,0,0.8660254037844386,0.5000000000000001
2025-11-13 05:00:00,R5,33.63485308747278,124,2,Local,True,27.6,23.0,31.0,0.0,11.5,1017.7,0,0,59,5,3,0,0,0,0,0.9659258262890683,0.25881904510252074
2025-11-13 06:00:00,R5,44.28652525670064,142,2,Local,True,27.6,23.0,31.0,0.0,11.5,1017.7,0,0,59,6,3,0,0,0,0,1.0,6.123233995736766e-17
2025-11-13 07:00:00,R5,27.15134693893298,77,2,Local,True,27.6,23.0,31.0,0.0,11.5,1017.7,0,0,59,7,3,0,1,0,1,0.9659258262890683,-0.25881904510252063
2025-11-13 08:00:00,R5,18.462355224124625,88,2,Local,True,27.6,23.0,31.0,0.0,11.5,1017.7,0,0,59,8,3,0,1,0,1,0.8660254037844387,-0.4999999999999998
2025-11-13 09:00:00,R5,25.412173953998145,61,2,Local,True,27.6,23.0,31.0,0.0,11.5,1017.7,0,0,59,9,3,0,1,0,1,0.7071067811865476,-0.7071067811865475
2025-11-13 10:00:00,R5,24.42837750302332,101,2,Local,True,27.6,23.0,31.0,0.0,11.5,1017.7,0,0,59,10,3,0,1,0,1,0.49999999999999994,-0.8660254037844387
2025-11-13 11:00:00,R5,42.62921940887428,136,2,Local,True,27.6,23.0,31.0,0.0,11.5,1017.7,0,0,59,11,3,0,0,0,0,0.258819045102521,-0.9659258262890682
2025-11-13 12:00:00,R5,33.820957443693366,103,2,Local,True,27.6,23.0,31.0,0.0,11.5,1017.7,0,0,59,12,3,0,0,0,0,1.2246467991473532e-16,-1.0
2025-11-13 13:00:00,R5,40.42802182714459,104,2,Local,True,27.6,23.0,31.0,0.0,11.5,1017.7,0,0,59,13,3,0,0,0,0,-0.2588190451025208,-0.9659258262890683
2025-11-13 14:00:00,R5,33.891415547554104,108,2,Local,True,27.6,23.0,31.0,0.0,11.5,1017.7,0,0,59,14,3,0,0,0,0,-0.4999999999999997,-0.8660254037844388
2025-11-13 15:00:00,R5,37.33318864013501,123,2,Local,True,27.6,23.0,31.0,0.0,11.5,1017.7,0,0,59,15,3,0,0,0,0,-0.7071067811865471,-0.7071067811865479
2025-11-13 16:00:00,R5,37.97834463790675,135,2,Local,True,27.6,23.0,31.0,0.0,11.5,1017.7,0,0,59,16,3,0,0,0,0,-0.8660254037844384,-0.5000000000000004
2025-11-13 17:00:00,R5,13.822836486761046,80,2,Local,True,27.6,23.0,31.0,0.0,11.5,1017.7,0,0,59,17,3,0,0,1,1,-0.9659258262890683,-0.25881904510252063
2025-11-13 18:00:00,R5,13.218445329349285,72,2,Local,True,27.6,23.0,31.0,0.0,11.5,1017.7,0,0,59,18,3,0,0,1,1,-1.0,-1.8369701987210297e-16
2025-11-13 19:00:00,R5,22.671177836518183,86,2,Local,True,27.6,23.0,31.0,0.0,11.5,1017.7,0,0,59,19,3,0,0,1,1,-0.9659258262890684,0.2588190451025203
2025-11-13 20:00:00,R5,16.042604536946047,70,2,Local,True,27.6,23.0,31.0,0.0,11.5,1017.7,0,0,59,20,3,0,0,1,1,-0.8660254037844386,0.5000000000000001
2025-11-13 21:00:00,R5,42.935533399975625,130,2,Local,True,27.6,23.0,31.0,0.0,11.5,1017.7,0,0,59,21,3,0,0,0,0,-0.7071067811865477,0.7071067811865474
2025-11-13 22:00:00,R5,36.144764789225874,101,2,Local,True,27.6,23.0,31.0,0.0,11.5,1017.7,0,0,59,22,3,0,0,0,0,-0.5000000000000004,0.8660254037844384
2025-11-13 23:00:00,R5,44.84727335557758,114,2,Local,True,27.6,23.0,31.0,0.0,11.5,1017.7,0,0,59,23,3,0,0,0,0,-0.25881904510252157,0.9659258262890681
2025-11-14 00:00:00,R5,32.41816335876327,138,2,Local,True,27.4,23.0,31.0,0.0,11.5,1017.0,0,0,59,0,4,0,0,0,0,0.0,1.0
2025-11-14 01:00:00,R5,40.06655066956117,148,2,Local,True,27.4,23.0,31.0,0.0,11.5,1017.0,0,0,59,1,4,0,0,0,0,0.25881904510252074,0.9659258262890683
2025-11-14 02:00:00,R5,44.144271433489024,137,2,Local,True,27.4,23.0,31.0,0.0,11.5,1017.0,0,0,59,2,4,0,0,0,0,0.49999999999999994,0.8660254037844387
2025-11-14 03:00:00,R5,39.36194227816982,108,2,Local,True,27.4,23.0,31.0,0.0,11.5,1017.0,0,0,59,3,4,0,0,0,0,0.7071067811865476,0.7071067811865476
2025-11-14 04:00:00,R5,37.20045097775274,104,2,Local,True,27.4,23.0,31.0,0.0,11.5,1017.0,0,0,59,4,4,0,0,0,0,0.8660254037844386,0.5000000000000001
2025-11-14 05:00:00,R5,32.66868606779453,128,2,Local,True,27.4,23.0,31.0,0.0,11.5,1017.0,0,0,59,5,4,0,0,0,0,0.9659258262890683,0.25881904510252074
2025-11-14 06:00:00,R5,43.572758204507736,140,2,Local,True,27.4,23.0,31.0,0.0,11.5,1017.0,0,0,59,6,4,0,0,0,0,1.0,6.123233995736766e-17
2025-11-14 07:00:00,R5,26.38036949357256,69,2,Local,True,27.4,23.0,31.0,0.0,11.5,1017.0,0,0,59,7,4,0,1,0,1,0.9659258262890683,-0.25881904510252063
2025-11-14 08:00:00,R5,27.41910004285593,101,2,Local,True,27.4,23.0,31.0,0.0,11.5,1017.0,0,0,59,8,4,0,1,0,1,0.8660254037844387,-0.4999999999999998
2025-11-14 09:00:00,R5,23.371689552217475,79,2,Local,True,27.4,23.0,31.0,0.0,11.5,1017.0,0,0,59,9,4,0,1,0,1,0.7071067811865476,-0.7071067811865475
2025-11-14 10:00:00,R5,22.02354296934492,83,2,Local,True,27.4,23.0,31.0,0.0,11.5,1017.0,0,0,59,10,4,0,1,0,1,0.49999999999999994,-0.8660254037844387
2025-11-14 11:00:00,R5,37.25034776234783,110,2,Local,True,27.4,23.0,31.0,0.0,11.5,1017.0,0,0,59,11,4,0,0,0,0,0.258819045102521,-0.9659258262890682
2025-11-14 12:00:00,R5,53.02290289331684,107,2,Local,True,27.4,23.0,31.0,0.0,11.5,1017.0,0,0,59,12,4,0,0,0,0,1.2246467991473532e-16,-1.0
2025-11-14 13:00:00,R5,37.34034401203399,107,2,Local,True,27.4,23.0,31.0,0.0,11.5,1017.0,0,0,59,13,4,0,0,0,0,-0.2588190451025208,-0.9659258262890683
2025-11-14 14:00:00,R5,35.61498001232849,103,2,Local,True,27.4,23.0,31.0,0.0,11.5,1017.0,0,0,59,14,4,0,0,0,0,-0.4999999999999997,-0.8660254037844388
2025-11-14 15:00:00,R5,32.86501950441277,141,2,Local,True,27.4,23.0,31.0,0.0,11.5,1017.0,0,0,59,15,4,0,0,0,0,-0.7071067811865471,-0.7071067811865479
2025-11-14 16:00:00,R5,34.109268765540605,119,2,Local,True,27.4,23.0,31.0,0.0,11.5,1017.0,0,0,59,16,4,0,0,0,0,-0.8660254037844384,-0.5000000000000004
2025-11-14 17:00:00,R5,16.943024869736195,83,2,Local,True,27.4,23.0,31.0,0.0,11.5,1017.0,0,0,59,17,4,0,0,1,1,-0.9659258262890683,-0.25881904510252063
2025-11-14 18:00:00,R5,24.211335923268035,69,2,Local,True,27.4,23.0,31.0,0.0,11.5,1017.0,0,0,59,18,4,0,0,1,1,-1.0,-1.8369701987210297e-16
2025-11-14 19:00:00,R5,25.97303544775157,77,2,Local,True,27.4,23.0,31.0,0.0,11.5,1017.0,0,0,59,19,4,0,0,1,1,-0.9659258262890684,0.2588190451025203
2025-11-14 20:00:00,R5,23.58292822281579,109,2,Local,True,27.4,23.0,31.0,0.0,11.5,1017.0,0,0,59,20,4,0,0,1,1,-0.8660254037844386,0.5000000000000001
2025-11-14 21:00:00,R5,31.02378616634537,147,2,Local,True,27.4,23.0,31.0,0.0,11.5,1017.0,0,0,59,21,4,0,0,0,0,-0.7071067811865477,0.7071067811865474
2025-11-14 22:00:00,R5,41.3296589817019,141,2,Local,True,27.4,23.0,31.0,0.0,11.5,1017.0,0,0,59,22,4,0,0,0,0,-0.5000000000000004,0.8660254037844384
2025-11-14 23:00:00,R5,34.43482629675682,102,2,Local,True,27.4,23.0,31.0,0.0,11.5,1017.0,0,0,59,23,4,0,0,0,0,-0.25881904510252157,0.9659258262890681
2025-11-15 00:00:00,R5,38.27147251979133,119,2,Local,True,27.1,23.0,31.0,0.0,11.1,1016.6,0,0,59,0,5,1,0,0,0,0.0,1.0
2025-11-15 01:00:00,R5,51.49554276199018,141,2,Local,True,27.1,23.0,31.0,0.0,11.1,1016.6,0,0,59,1,5,1,0,0,0,0.25881904510252074,0.9659258262890683
2025-11-15 02:00:00,R5,44.6062813171428,121,2,Local,True,27.1,23.0,31.0,0.0,11.1,1016.6,0,0,59,2,5,1,0,0,0,0.49999999999999994,0.8660254037844387
2025-11-15 03:00:00,R5,46.333740947334334,104,2,Local,True,27.1,23.0,31.0,0.0,11.1,1016.6,0,0,59,3,5,1,0,0,0,0.7071067811865476,0.7071067811865476
2025-11-15 04:00:00,R5,38.82683571691829,111,2,Local,True,27.1,23.0,31.0,0.0,11.1,1016.6,0,0,59,4,5,1,0,0,0,0.8660254037844386,0.5000000000000001
2025-11-15 05:00:00,R5,41.90340028946097,103,2,Local,True,27.1,23.0,31.0,0.0,11.1,1016.6,0,0,59,5,5,1,0,0,0,0.9659258262890683,0.25881904510252074
2025-11-15 06:00:00,R5,38.49622721999394,136,2,Local,True,27.1,23.0,31.0,0.0,11.1,1016.6,0,0,59,6,5,1,0,0,0,1.0,6.123233995736766e-17
2025-11-15 07:00:00,R5,20.46083225775837,70,2,Local,True,27.1,23.0,31.0,0.0,11.1,1016.6,0,0,59,7,5,1,1,0,1,0.9659258262890683,-0.25881904510252063
2025-11-15 08:00:00,R5,25.24791149981225,63,2,Local,True,27.1,23.0,31.0,0.0,11.1,1016.6,0,0,59,8,5,1,1,0,1,0.8660254037844387,-0.4999999999999998
2025-11-15 09:00:00,R5,29.144713993782844,83,2,Local,True,27.1,23.0,31.0,0.0,11.1,1016.6,0,0,59,9,5,1,1,0,1,0.7071067811865476,-0.7071067811865475
2025-11-15 10:00:00,R5,29.223246995382283,60,2,Local,True,27.1,23.0,31.0,0.0,11.1,1016.6,0,0,59,10,5,1,1,0,1,0.49999999999999994,-0.8660254037844387
2025-11-15 11:00:00,R5,40.64628345065187,124,2,Local,True,27.1,23.0,31.0,0.0,11.1,1016.6,0,0,59,11,5,1,0,0,0,0.258819045102521,-0.9659258262890682
2025-11-15 12:00:00,R5,44.83749610236658,129,2,Local,True,27.1,23.0,31.0,0.0,11.1,1016.6,0,0,59,12,5,1,0,0,0,1.2246467991473532e-16,-1.0
2025-11-15 13:00:00,R5,47.05028670845358,138,2,Local,True,27.1,23.0,31.0,0.0,11.1,1016.6,0,0,59,13,5,1,0,0,0,-0.2588190451025208,-0.9659258262890683
2025-11-15 14:00:00,R5,45.722245147530906,116,2,Local,True,27.1,23.0,31.0,0.0,11.1,1016.6,0,0,59,14,5,1,0,0,0,-0.4999999999999997,-0.8660254037844388
2025-11-15 15:00:00,R5,41.91874462656412,141,2,Local,True,27.1,23.0,31.0,0.0,11.1,1016.6,0,0,59,15,5,1,0,0,0,-0.7071067811865471,-0.7071067811865479
2025-11-15 16:00:00,R5,42.60220050126764,141,2,Local,True,27.1,23.0,31.0,0.0,11.1,1016.6,0,0,59,16,5,1,0,0,0,-0.8660254037844384,-0.5000000000000004
2025-11-15 17:00:00,R5,18.329627950984506,87,2,Local,True,27.1,23.0,31.0,0.0,11.1,1016.6,0,0,59,17,5,1,0,1,1,-0.9659258262890683,-0.25881904510252063
2025-11-15 18:00:00,R5,28.32403526729265,70,2,Local,True,27.1,23.0,31.0,0.0,11.1,1016.6,0,0,59,18,5,1,0,1,1,-1.0,-1.8369701987210297e-16
2025-11-15 19:00:00,R5,15.928984163949105,100,2,Local,True,27.1,23.0,31.0,0.0,11.1,1016.6,0,0,59,19,5,1,0,1,1,-0.9659258262890684,0.2588190451025203
2025-11-15 20:00:00,R5,16.774716758335384,80,2,Local,True,27.1,23.0,31.0,0.0,11.1,1016.6,0,0,59,20,5,1,0,1,1,-0.8660254037844386,0.5000000000000001
2025-11-15 21:00:00,R5,42.20524993224084,113,2,Local,True,27.1,23.0,31.0,0.0,11.1,1016.6,0,0,59,21,5,1,0,0,0,-0.7071067811865477,0.7071067811865474
2025-11-15 22:00:00,R5,36.946416125029344,143,2,Local,True,27.1,23.0,31.0,0.0,11.1,1016.6,0,0,59,22,5,1,0,0,0,-0.5000000000000004,0.8660254037844384
2025-11-15 23:00:00,R5,41.06873336001232,143,2,Local,True,27.1,23.0,31.0,0.0,11.1,1016.6,0,0,59,23,5,1,0,0,0,-0.25881904510252157,0.9659258262890681
2025-11-16 00:00:00,R5,39.50970228831559,127,2,Local,True,27.4,23.0,33.0,0.0,11.2,1018.4,0,0,59,0,6,1,0,0,0,0.0,1.0
2025-11-16 01:00:00,R5,38.34533890181099,113,2,Local,True,27.4,23.0,33.0,0.0,11.2,1018.4,0,0,59,1,6,1,0,0,0,0.25881904510252074,0.9659258262890683
2025-11-16 02:00:00,R5,48.659179610773606,128,2,Local,True,27.4,23.0,33.0,0.0,11.2,1018.4,0,0,59,2,6,1,0,0,0,0.49999999999999994,0.8660254037844387
2025-11-16 03:00:00,R5,36.58786470758472,109,2,Local,True,27.4,23.0,33.0,0.0,11.2,1018.4,0,0,59,3,6,1,0,0,0,0.7071067811865476,0.7071067811865476
2025-11-16 04:00:00,R5,47.54045376613595,135,2,Local,True,27.4,23.0,33.0,0.0,11.2,1018.4,0,0,59,4,6,1,0,0,0,0.8660254037844386,0.5000000000000001
2025-11-16 05:00:00,R5,27.803154988257205,127,2,Local,True,27.4,23.0,33.0,0.0,11.2,1018.4,0,0,59,5,6,1,0,0,0,0.9659258262890683,0.25881904510252074
2025-11-16 06:00:00,R5,41.358073869966354,142,2,Local,True,27.4,23.0,33.0,0.0,11.2,1018.4,0,0,59,6,6,1,0,0,0,1.0,6.123233995736766e-17
2025-11-16 07:00:00,R5,13.979128259265618,95,2,Local,True,27.4,23.0,33.0,0.0,11.2,1018.4,0,0,59,7,6,1,1,0,1,0.9659258262890683,-0.25881904510252063
2025-11-16 08:00:00,R5,27.270563328411804,100,2,Local,True,27.4,23.0,33.0,0.0,11.2,1018.4,0,0,59,8,6,1,1,0,1,0.8660254037844387,-0.4999999999999998
2025-11-16 09:00:00,R5,21.083720083983643,97,2,Local,True,27.4,23.0,33.0,0.0,11.2,1018.4,0,0,59,9,6,1,1,0,1,0.7071067811865476,-0.7071067811865475
2025-11-16 10:00:00,R5,15.977019105361324,105,2,Local,True,27.4,23.0,33.0,0.0,11.2,1018.4,0,0,59,10,6,1,1,0,1,0.49999999999999994,-0.8660254037844387
2025-11-16 11:00:00,R5,37.58938530382574,117,2,Local,True,27.4,23.0,33.0,0.0,11.2,1018.4,0,0,59,11,6,1,0,0,0,0.258819045102521,-0.9659258262890682
2025-11-16 12:00:00,R5,40.37000436017577,104,2,Local,True,27.4,23.0,33.0,0.0,11.2,1018.4,0,0,59,12,6,1,0,0,0,1.2246467991473532e-16,-1.0
2025-11-16 13:00:00,R5,36.36085924428466,113,2,Local,True,27.4,23.0,33.0,0.0,11.2,1018.4,0,0,59,13,6,1,0,0,0,-0.2588190451025208,-0.9659258262890683
2025-11-16 14:00:00,R5,46.88410044050467,120,2,Local,True,27.4,23.0,33.0,0.0,11.2,1018.4,0,0,59,14,6,1,0,0,0,-0.4999999999999997,-0.8660254037844388
2025-11-16 15:00:00,R5,37.01840102218564,132,2,Local,True,27.4,23.0,33.0,0.0,11.2,1018.4,0,0,59,15,6,1,0,0,0,-0.7071067811865471,-0.7071067811865479
2025-11-16 16:00:00,R5,32.922380548459635,135,2,Local,True,27.4,23.0,33.0,0.0,11.2,1018.4,0,0,59,16,6,1,0,0,0,-0.8660254037844384,-0.5000000000000004
2025-11-16 17:00:00,R5,28.54499980346003,106,2,Local,True,27.4,23.0,33.0,0.0,11.2,1018.4,0,0,59,17,6,1,0,1,1,-0.9659258262890683,-0.25881904510252063
2025-11-16 18:00:00,R5,18.40430671321318,91,2,Local,True,27.4,23.0,33.0,0.0,11.2,1018.4,0,0,59,18,6,1,0,1,1,-1.0,-1.8369701987210297e-16
2025-11-16 19:00:00,R5,24.30667837114372,64,2,Local,True,27.4,23.0,33.0,0.0,11.2,1018.4,0,0,59,19,6,1,0,1,1,-0.9659258262890684,0.2588190451025203
2025-11-16 20:00:00,R5,21.808861658535843,84,2,Local,True,27.4,23.0,33.0,0.0,11.2,1018.4,0,0,59,20,6,1,0,1,1,-0.8660254037844386,0.5000000000000001
2025-11-16 21:00:00,R5,38.71106899102782,129,2,Local,True,27.4,23.0,33.0,0.0,11.2,1018.4,0,0,59,21,6,1,0,0,0,-0.7071067811865477,0.7071067811865474
2025-11-16 22:00:00,R5,38.69938065427168,110,2,Local,True,27.4,23.0,33.0,0.0,11.2,1018.4,0,0,59,22,6,1,0,0,0,-0.5000000000000004,0.8660254037844384
2025-11-16 23:00:00,R5,30.07982506549853,121,2,Local,True,27.4,23.0,33.0,0.0,11.2,1018.4,0,0,59,23,6,1,0,0,0,-0.25881904510252157,0.9659258262890681
2025-11-17 00:00:00,R5,38.53522029039027,107,2,Local,True,27.1,23.0,31.0,0.0,11.5,1018.9,0,0,59,0,0,0,0,0,0,0.0,1.0
2025-11-17 01:00:00,R5,43.978821693328,141,2,Local,True,27.1,23.0,31.0,0.0,11.5,1018.9,0,0,59,1,0,0,0,0,0,0.25881904510252074,0.9659258262890683
2025-11-17 02:00:00,R5,37.75510628132138,103,2,Local,True,27.1,23.0,31.0,0.0,11.5,1018.9,0,0,59,2,0,0,0,0,0,0.49999999999999994,0.8660254037844387
2025-11-17 03:00:00,R5,35.34714990357321,108,2,Local,True,27.1,23.0,31.0,0.0,11.5,1018.9,0,0,59,3,0,0,0,0,0,0.7071067811865476,0.7071067811865476
2025-11-17 04:00:00,R5,34.0378670153042,104,2,Local,True,27.1,23.0,31.0,0.0,11.5,1018.9,0,0,59,4,0,0,0,0,0,0.8660254037844386,0.5000000000000001
2025-11-17 05:00:00,R5,38.41727100966492,137,2,Local,True,27.1,23.0,31.0,0.0,11.5,1018.9,0,0,59,5,0,0,0,0,0,0.9659258262890683,0.25881904510252074
2025-11-17 06:00:00,R5,41.46144079289223,136,2,Local,True,27.1,23.0,31.0,0.0,11.5,1018.9,0,0,59,6,0,0,0,0,0,1.0,6.123233995736766e-17
2025-11-17 07:00:00,R5,32.57266840621968,84,2,Local,True,27.1,23.0,31.0,0.0,11.5,1018.9,0,0,59,7,0,0,1,0,1,0.9659258262890683,-0.25881904510252063
2025-11-17 08:00:00,R5,23.168007373369484,84,2,Local,True,27.1,23.0,31.0,0.0,11.5,1018.9,0,0,59,8,0,0,1,0,1,0.8660254037844387,-0.4999999999999998
2025-11-17 09:00:00,R5,31.232568207568423,101,2,Local,True,27.1,23.0,31.0,0.0,11.5,1018.9,0,0,59,9,0,0,1,0,1,0.7071067811865476,-0.7071067811865475
2025-11-17 10:00:00,R5,24.00653428277533,106,2,Local,True,27.1,23.0,31.0,0.0,11.5,1018.9,0,0,59,10,0,0,1,0,1,0.49999999999999994,-0.8660254037844387
2025-11-17 11:00:00,R5,37.46152157169328,139,2,Local,True,27.1,23.0,31.0,0.0,11.5,1018.9,0,0,59,11,0,0,0,0,0,0.258819045102521,-0.9659258262890682
2025-11-17 12:00:00,R5,39.6584522146993,143,2,Local,True,27.1,23.0,31.0,0.0,11.5,1018.9,0,0,59,12,0,0,0,0,0,1.2246467991473532e-16,-1.0
2025-11-17 13:00:00,R5,41.53149753282944,147,2,Local,True,27.1,23.0,31.0,0.0,11.5,1018.9,0,0,59,13,0,0,0,0,0,-0.2588190451025208,-0.9659258262890683
2025-11-17 14:00:00,R5,32.90899872023087,131,2,Local,True,27.1,23.0,31.0,0.0,11.5,1018.9,0,0,59,14,0,0,0,0,0,-0.4999999999999997,-0.8660254037844388
2025-11-17 15:00:00,R5,48.00734311724181,122,2,Local,True,27.1,23.0,31.0,0.0,11.5,1018.9,0,0,59,15,0,0,0,0,0,-0.7071067811865471,-0.7071067811865479
2025-11-17 16:00:00,R5,45.72225324616125,121,2,Local,True,27.1,23.0,31.0,0.0,11.5,1018.9,0,0,59,16,0,0,0,0,0,-0.8660254037844384,-0.5000000000000004
2025-11-17 17:00:00,R5,23.069240699907155,73,2,Local,True,27.1,23.0,31.0,0.0,11.5,1018.9,0,0,59,17,0,0,0,1,1,-0.9659258262890683,-0.25881904510252063
2025-11-17 18:00:00,R5,19.43345280526449,86,2,Local,True,27.1,23.0,31.0,0.0,11.5,1018.9,0,0,59,18,0,0,0,1,1,-1.0,-1.8369701987210297e-16
2025-11-17 19:00:00,R5,26.679635398947813,99,2,Local,True,27.1,23.0,31.0,0.0,11.5,1018.9,0,0,59,19,0,0,0,1,1,-0.9659258262890684,0.2588190451025203
2025-11-17 20:00:00,R5,28.98596014615685,74,2,Local,True,27.1,23.0,31.0,0.0,11.5,1018.9,0,0,59,20,0,0,0,1,1,-0.8660254037844386,0.5000000000000001
2025-11-17 21:00:00,R5,38.58013331906466,115,2,Local,True,27.1,23.0,31.0,0.0,11.5,1018.9,0,0,59,21,0,0,0,0,0,-0.7071067811865477,0.7071067811865474
2025-11-17 22:00:00,R5,42.36126588665954,116,2,Local,True,27.1,23.0,31.0,0.0,11.5,1018.9,0,0,59,22,0,0,0,0,0,-0.5000000000000004,0.8660254037844384
2025-11-17 23:00:00,R5,36.97177667790546,127,2,Local,True,27.1,23.0,31.0,0.0,11.5,1018.9,0,0,59,23,0,0,0,0,0,-0.25881904510252157,0.9659258262890681
2025-11-18 00:00:00,R5,41.05271943891243,146,2,Local,True,26.8,23.0,31.0,0.0,10.4,1016.3,0,0,59,0,1,0,0,0,0,0.0,1.0
2025-11-18 01:00:00,R5,36.68481327241136,105,2,Local,True,26.8,23.0,31.0,0.0,10.4,1016.3,0,0,59,1,1,0,0,0,0,0.25881904510252074,0.9659258262890683
2025-11-18 02:00:00,R5,40.09598989635961,108,2,Local,True,26.8,23.0,31.0,0.0,10.4,1016.3,0,0,59,2,1,0,0,0,0,0.49999999999999994,0.8660254037844387
2025-11-18 03:00:00,R5,43.44061704676015,137,2,Local,True,26.8,23.0,31.0,0.0,10.4,1016.3,0,0,59,3,1,0,0,0,0,0.7071067811865476,0.7071067811865476
2025-11-18 04:00:00,R5,29.14420694542128,123,2,Local,True,26.8,23.0,31.0,0.0,10.4,1016.3,0,0,59,4,1,0,0,0,0,0.8660254037844386,0.5000000000000001
2025-11-18 05:00:00,R5,35.04238536434104,119,2,Local,True,26.8,23.0,31.0,0.0,10.4,1016.3,0,0,59,5,1,0,0,0,0,0.9659258262890683,0.25881904510252074
2025-11-18 06:00:00,R5,40.70047704650632,145,2,Local,True,26.8,23.0,31.0,0.0,10.4,1016.3,0,0,59,6,1,0,0,0,0,1.0,6.123233995736766e-17
2025-11-18 07:00:00,R5,25.443562955779587,95,2,Local,True,26.8,23.0,31.0,0.0,10.4,1016.3,0,0,59,7,1,0,1,0,1,0.9659258262890683,-0.25881904510252063
2025-11-18 08:00:00,R5,36.0007847503186,65,2,Local,True,26.8,23.0,31.0,0.0,10.4,1016.3,0,0,59,8,1,0,1,0,1,0.8660254037844387,-0.4999999999999998
2025-11-18 09:00:00,R5,29.20673753226479,72,2,Local,True,26.8,23.0,31.0,0.0,10.4,1016.3,0,0,59,9,1,0,1,0,1,0.7071067811865476,-0.7071067811865475
2025-11-18 10:00:00,R5,18.897409964977104,90,2,Local,True,26.8,23.0,31.0,0.0,10.4,1016.3,0,0,59,10,1,0,1,0,1,0.49999999999999994,-0.8660254037844387
2025-11-18 11:00:00,R5,43.39972881286116,147,2,Local,True,26.8,23.0,31.0,0.0,10.4,1016.3,0,0,59,11,1,0,0,0,0,0.258819045102521,-0.9659258262890682
2025-11-18 12:00:00,R5,45.14982332160613,116,2,Local,True,26.8,23.0,31.0,0.0,10.4,1016.3,0,0,59,12,1,0,0,0,0,1.2246467991473532e-16,-1.0
2025-11-18 13:00:00,R5,36.2279843362882,140,2,Local,True,26.8,23.0,31.0,0.0,10.4,1016.3,0,0,59,13,1,0,0,0,0,-0.2588190451025208,-0.9659258262890683
2025-11-18 14:00:00,R5,43.33242134265856,134,2,Local,True,26.8,23.0,31.0,0.0,10.4,1016.3,0,0,59,14,1,0,0,0,0,-0.4999999999999997,-0.8660254037844388
2025-11-18 15:00:00,R5,35.887685697410106,124,2,Local,True,26.8,23.0,31.0,0.0,10.4,1016.3,0,0,59,15,1,0,0,0,0,-0.7071067811865471,-0.7071067811865479
2025-11-18 16:00:00,R5,40.21978371088142,129,2,Local,True,26.8,23.0,31.0,0.0,10.4,1016.3,0,0,59,16,1,0,0,0,0,-0.8660254037844384,-0.5000000000000004
2025-11-18 17:00:00,R5,23.13762562872811,80,2,Local,True,26.8,23.0,31.0,0.0,10.4,1016.3,0,0,59,17,1,0,0,1,1,-0.9659258262890683,-0.25881904510252063
2025-11-18 18:00:00,R5,26.87309983500609,96,2,Local,True,26.8,23.0,31.0,0.0,10.4,1016.3,0,0,59,18,1,0,0,1,1,-1.0,-1.8369701987210297e-16
2025-11-18 19:00:00,R5,30.51356414760036,72,2,Local,True,26.8,23.0,31.0,0.0,10.4,1016.3,0,0,59,19,1,0,0,1,1,-0.9659258262890684,0.2588190451025203
2025-11-18 20:00:00,R5,27.686888405130457,91,2,Local,True,26.8,23.0,31.0,0.0,10.4,1016.3,0,0,59,20,1,0,0,1,1,-0.8660254037844386,0.5000000000000001
2025-11-18 21:00:00,R5,39.35897193393676,113,2,Local,True,26.8,23.0,31.0,0.0,10.4,1016.3,0,0,59,21,1,0,0,0,0,-0.7071067811865477,0.7071067811865474
2025-11-18 22:00:00,R5,40.83801091481576,126,2,Local,True,26.8,23.0,31.0,0.0,10.4,1016.3,0,0,59,22,1,0,0,0,0,-0.5000000000000004,0.8660254037844384
2025-11-18 23:00:00,R5,38.56944090960738,106,2,Local,True,26.8,23.0,31.0,0.0,10.4,1016.3,0,0,59,23,1,0,0,0,0,-0.25881904510252157,0.9659258262890681
2025-11-19 00:00:00,R5,41.97715928715775,121,2,Local,True,27.2,23.0,33.0,0.0,9.9,1015.0,0,0,59,0,2,0,0,0,0,0.0,1.0
2025-11-19 01:00:00,R5,43.31266696473598,134,2,Local,True,27.2,23.0,33.0,0.0,9.9,1015.0,0,0,59,1,2,0,0,0,0,0.25881904510252074,0.9659258262890683
2025-11-19 02:00:00,R5,48.89633269021914,128,2,Local,True,27.2,23.0,33.0,0.0,9.9,1015.0,0,0,59,2,2,0,0,0,0,0.49999999999999994,0.8660254037844387
2025-11-19 03:00:00,R5,40.66884437758937,113,2,Local,True,27.2,23.0,33.0,0.0,9.9,1015.0,0,0,59,3,2,0,0,0,0,0.7071067811865476,0.7071067811865476
2025-11-19 04:00:00,R5,40.10417750678637,112,2,Local,True,27.2,23.0,33.0,0.0,9.9,1015.0,0,0,59,4,2,0,0,0,0,0.8660254037844386,0.5000000000000001
2025-11-19 05:00:00,R5,36.866134171328966,117,2,Local,True,27.2,23.0,33.0,0.0,9.9,1015.0,0,0,59,5,2,0,0,0,0,0.9659258262890683,0.25881904510252074
2025-11-19 06:00:00,R5,37.482448721074405,146,2,Local,True,27.2,23.0,33.0,0.0,9.9,1015.0,0,0,59,6,2,0,0,0,0,1.0,6.123233995736766e-17
2025-11-19 07:00:00,R5,23.74853881176832,89,2,Local,True,27.2,23.0,33.0,0.0,9.9,1015.0,0,0,59,7,2,0,1,0,1,0.9659258262890683,-0.25881904510252063
2025-11-19 08:00:00,R5,18.27423541640053,107,2,Local,True,27.2,23.0,33.0,0.0,9.9,1015.0,0,0,59,8,2,0,1,0,1,0.8660254037844387,-0.4999999999999998
2025-11-19 09:00:00,R5,24.656069856485047,62,2,Local,True,27.2,23.0,33.0,0.0,9.9,1015.0,0,0,59,9,2,0,1,0,1,0.7071067811865476,-0.7071067811865475
2025-11-19 10:00:00,R5,16.822682011320044,81,2,Local,True,27.2,23.0,33.0,0.0,9.9,1015.0,0,0,59,10,2,0,1,0,1,0.49999999999999994,-0.8660254037844387
2025-11-19 11:00:00,R5,42.9608113430632,105,2,Local,True,27.2,23.0,33.0,0.0,9.9,1015.0,0,0,59,11,2,0,0,0,0,0.258819045102521,-0.9659258262890682
2025-11-19 12:00:00,R5,38.6740304958388,114,2,Local,True,27.2,23.0,33.0,0.0,9.9,1015.0,0,0,59,12,2,0,0,0,0,1.2246467991473532e-16,-1.0
2025-11-19 13:00:00,R5,37.21555907332499,130,2,Local,True,27.2,23.0,33.0,0.0,9.9,1015.0,0,0,59,13,2,0,0,0,0,-0.2588190451025208,-0.9659258262890683
2025-11-19 14:00:00,R5,40.27816530923921,106,2,Local,True,27.2,23.0,33.0,0.0,9.9,1015.0,0,0,59,14,2,0,0,0,0,-0.4999999999999997,-0.8660254037844388
2025-11-19 15:00:00,R5,40.80286662558788,112,2,Local,True,27.2,23.0,33.0,0.0,9.9,1015.0,0,0,59,15,2,0,0,0,0,-0.7071067811865471,-0.7071067811865479
2025-11-19 16:00:00,R5,40.725975099578,138,2,Local,True,27.2,23.0,33.0,0.0,9.9,1015.0,0,0,59,16,2,0,0,0,0,-0.8660254037844384,-0.5000000000000004
2025-11-19 17:00:00,R5,25.435858986101067,64,2,Local,True,27.2,23.0,33.0,0.0,9.9,1015.0,0,0,59,17,2,0,0,1,1,-0.9659258262890683,-0.25881904510252063
2025-11-19 18:00:00,R5,19.1803126774995,83,2,Local,True,27.2,23.0,33.0,0.0,9.9,1015.0,0,0,59,18,2,0,0,1,1,-1.0,-1.8369701987210297e-16
2025-11-19 19:00:00,R5,30.308136264621844,68,2,Local,True,27.2,23.0,33.0,0.0,9.9,1015.0,0,0,59,19,2,0,0,1,1,-0.9659258262890684,0.2588190451025203
2025-11-19 20:00:00,R5,22.899951658934103,73,2,Local,True,27.2,23.0,33.0,0.0,9.9,1015.0,0,0,59,20,2,0,0,1,1,-0.8660254037844386,0.5000000000000001
2025-11-19 21:00:00,R5,43.70680892807902,149,2,Local,True,27.2,23.0,33.0,0.0,9.9,1015.0,0,0,59,21,2,0,0,0,0,-0.7071067811865477,0.7071067811865474
2025-11-19 22:00:00,R5,41.184691989238495,139,2,Local,True,27.2,23.0,33.0,0.0,9.9,1015.0,0,0,59,22,2,0,0,0,0,-0.5000000000000004,0.8660254037844384
2025-11-19 23:00:00,R5,41.23228552356732,140,2,Local,True,27.2,23.0,33.0,0.0,9.9,1015.0,0,0,59,23,2,0,0,0,0,-0.25881904510252157,0.9659258262890681
2025-11-20 00:00:00,R5,51.81662683034735,112,2,Local,True,26.4,20.0,31.0,0.0,11.3,1016.5,0,0,59,0,3,0,0,0,0,0.0,1.0
2025-11-20 01:00:00,R5,40.855199473078926,111,2,Local,True,26.4,20.0,31.0,0.0,11.3,1016.5,0,0,59,1,3,0,0,0,0,0.25881904510252074,0.9659258262890683
2025-11-20 02:00:00,R5,39.40497190941051,124,2,Local,True,26.4,20.0,31.0,0.0,11.3,1016.5,0,0,59,2,3,0,0,0,0,0.49999999999999994,0.8660254037844387
2025-11-20 03:00:00,R5,38.01442524455333,118,2,Local,True,26.4,20.0,31.0,0.0,11.3,1016.5,0,0,59,3,3,0,0,0,0,0.7071067811865476,0.7071067811865476
2025-11-20 04:00:00,R5,42.25053836746663,128,2,Local,True,26.4,20.0,31.0,0.0,11.3,1016.5,0,0,59,4,3,0,0,0,0,0.8660254037844386,0.5000000000000001
2025-11-20 05:00:00,R5,42.58489218755784,108,2,Local,True,26.4,20.0,31.0,0.0,11.3,1016.5,0,0,59,5,3,0,0,0,0,0.9659258262890683,0.25881904510252074
2025-11-20 06:00:00,R5,31.460628607525106,137,2,Local,True,26.4,20.0,31.0,0.0,11.3,1016.5,0,0,59,6,3,0,0,0,0,1.0,6.123233995736766e-17
2025-11-20 07:00:00,R5,17.067475698527247,104,2,Local,True,26.4,20.0,31.0,0.0,11.3,1016.5,0,0,59,7,3,0,1,0,1,0.9659258262890683,-0.25881904510252063
2025-11-20 08:00:00,R5,27.02765321133714,65,2,Local,True,26.4,20.0,31.0,0.0,11.3,1016.5,0,0,59,8,3,0,1,0,1,0.8660254037844387,-0.4999999999999998
2025-11-20 09:00:00,R5,17.18151799705584,80,2,Local,True,26.4,20.0,31.0,0.0,11.3,1016.5,0,0,59,9,3,0,1,0,1,0.7071067811865476,-0.7071067811865475
2025-11-20 10:00:00,R5,22.33523504029464,74,2,Local,True,26.4,20.0,31.0,0.0,11.3,1016.5,0,0,59,10,3,0,1,0,1,0.49999999999999994,-0.8660254037844387
2025-11-20 11:00:00,R5,38.68168333966777,139,2,Local,True,26.4,20.0,31.0,0.0,11.3,1016.5,0,0,59,11,3,0,0,0,0,0.258819045102521,-0.9659258262890682
2025-11-20 12:00:00,R5,40.86284261088424,101,2,Local,True,26.4,20.0,31.0,0.0,11.3,1016.5,0,0,59,12,3,0,0,0,0,1.2246467991473532e-16,-1.0
2025-11-20 13:00:00,R5,41.766913582423314,148,2,Local,True,26.4,20.0,31.0,0.0,11.3,1016.5,0,0,59,13,3,0,0,0,0,-0.2588190451025208,-0.9659258262890683
2025-11-20 14:00:00,R5,37.52613079394438,105,2,Local,True,26.4,20.0,31.0,0.0,11.3,1016.5,0,0,59,14,3,0,0,0,0,-0.4999999999999997,-0.8660254037844388
2025-11-20 15:00:00,R5,42.56169837119409,138,2,Local,True,26.4,20.0,31.0,0.0,11.3,1016.5,0,0,59,15,3,0,0,0,0,-0.7071067811865471,-0.7071067811865479
2025-11-20 16:00:00,R5,39.24523738524523,108,2,Local,True,26.4,20.0,31.0,0.0,11.3,1016.5,0,0,59,16,3,0,0,0,0,-0.8660254037844384,-0.5000000000000004
2025-11-20 17:00:00,R5,27.230393784409355,66,2,Local,True,26.4,20.0,31.0,0.0,11.3,1016.5,0,0,59,17,3,0,0,1,1,-0.9659258262890683,-0.25881904510252063
2025-11-20 18:00:00,R5,17.164056492737366,98,2,Local,True,26.4,20.0,31.0,0.0,11.3,1016.5,0,0,59,18,3,0,0,1,1,-1.0,-1.8369701987210297e-16
2025-11-20 19:00:00,R5,22.35311791629224,72,2,Local,True,26.4,20.0,31.0,0.0,11.3,1016.5,0,0,59,19,3,0,0,1,1,-0.9659258262890684,0.2588190451025203
2025-11-20 20:00:00,R5,29.660479114135907,61,2,Local,True,26.4,20.0,31.0,0.0,11.3,1016.5,0,0,59,20,3,0,0,1,1,-0.8660254037844386,0.5000000000000001
2025-11-20 21:00:00,R5,39.40262777931502,121,2,Local,True,26.4,20.0,31.0,0.0,11.3,1016.5,0,0,59,21,3,0,0,0,0,-0.7071067811865477,0.7071067811865474
2025-11-20 22:00:00,R5,35.57255625292018,134,2,Local,True,26.4,20.0,31.0,0.0,11.3,1016.5,0,0,59,22,3,0,0,0,0,-0.5000000000000004,0.8660254037844384
2025-11-20 23:00:00,R5,31.282909039786297,118,2,Local,True,26.4,20.0,31.0,0.0,11.3,1016.5,0,0,59,23,3,0,0,0,0,-0.25881904510252157,0.9659258262890681
2025-11-21 00:00:00,R5,39.21908215522487,131,2,Local,True,27.2,22.0,31.0,0.0,9.5,1017.4,0,0,59,0,4,0,0,0,0,0.0,1.0
2025-11-21 01:00:00,R5,39.74030499146981,130,2,Local,True,27.2,22.0,31.0,0.0,9.5,1017.4,0,0,59,1,4,0,0,0,0,0.25881904510252074,0.9659258262890683
2025-11-21 02:00:00,R5,41.11712579034756,108,2,Local,True,27.2,22.0,31.0,0.0,9.5,1017.4,0,0,59,2,4,0,0,0,0,0.49999999999999994,0.8660254037844387
2025-11-21 03:00:00,R5,40.59627191616844,103,2,Local,True,27.2,22.0,31.0,0.0,9.5,1017.4,0,0,59,3,4,0,0,0,0,0.7071067811865476,0.7071067811865476
2025-11-21 04:00:00,R5,35.635323462169346,130,2,Local,True,27.2,22.0,31.0,0.0,9.5,1017.4,0,0,59,4,4,0,0,0,0,0.8660254037844386,0.5000000000000001
2025-11-21 05:00:00,R5,33.775812201081216,102,2,Local,True,27.2,22.0,31.0,0.0,9.5,1017.4,0,0,59,5,4,0,0,0,0,0.9659258262890683,0.25881904510252074
2025-11-21 06:00:00,R5,38.78038390699739,118,2,Local,True,27.2,22.0,31.0,0.0,9.5,1017.4,0,0,59,6,4,0,0,0,0,1.0,6.123233995736766e-17
2025-11-21 07:00:00,R5,32.129160813123846,71,2,Local,True,27.2,22.0,31.0,0.0,9.5,1017.4,0,0,59,7,4,0,1,0,1,0.9659258262890683,-0.25881904510252063
2025-11-21 08:00:00,R5,24.834266887183915,60,2,Local,True,27.2,22.0,31.0,0.0,9.5,1017.4,0,0,59,8,4,0,1,0,1,0.8660254037844387,-0.4999999999999998
2025-11-21 09:00:00,R5,21.11709305541488,89,2,Local,True,27.2,22.0,31.0,0.0,9.5,1017.4,0,0,59,9,4,0,1,0,1,0.7071067811865476,-0.7071067811865475
2025-11-21 10:00:00,R5,22.72424233059684,84,2,Local,True,27.2,22.0,31.0,0.0,9.5,1017.4,0,0,59,10,4,0,1,0,1,0.49999999999999994,-0.8660254037844387
2025-11-21 11:00:00,R5,49.48000070824075,105,2,Local,True,27.2,22.0,31.0,0.0,9.5,1017.4,0,0,59,11,4,0,0,0,0,0.258819045102521,-0.9659258262890682
2025-11-21 12:00:00,R5,40.40356724126062,101,2,Local,True,27.2,22.0,31.0,0.0,9.5,1017.4,0,0,59,12,4,0,0,0,0,1.2246467991473532e-16,-1.0
2025-11-21 13:00:00,R5,35.30075810329863,142,2,Local,True,27.2,22.0,31.0,0.0,9.5,1017.4,0,0,59,13,4,0,0,0,0,-0.2588190451025208,-0.9659258262890683
2025-11-21 14:00:00,R5,48.16865709239249,139,2,Local,True,27.2,22.0,31.0,0.0,9.5,1017.4,0,0,59,14,4,0,0,0,0,-0.4999999999999997,-0.8660254037844388
2025-11-21 15:00:00,R5,46.46543367209623,118,2,Local,True,27.2,22.0,31.0,0.0,9.5,1017.4,0,0,59,15,4,0,0,0,0,-0.7071067811865471,-0.7071067811865479
2025-11-21 16:00:00,R5,42.40594577072065,146,2,Local,True,27.2,22.0,31.0,0.0,9.5,1017.4,0,0,59,16,4,0,0,0,0,-0.8660254037844384,-0.5000000000000004
2025-11-21 17:00:00,R5,29.873656970039782,68,2,Local,True,27.2,22.0,31.0,0.0,9.5,1017.4,0,0,59,17,4,0,0,1,1,-0.9659258262890683,-0.25881904510252063
2025-11-21 18:00:00,R5,21.443950735430462,63,2,Local,True,27.2,22.0,31.0,0.0,9.5,1017.4,0,0,59,18,4,0,0,1,1,-1.0,-1.8369701987210297e-16
2025-11-21 19:00:00,R5,21.05422765934408,63,2,Local,True,27.2,22.0,31.0,0.0,9.5,1017.4,0,0,59,19,4,0,0,1,1,-0.9659258262890684,0.2588190451025203
2025-11-21 20:00:00,R5,25.57373824338285,100,2,Local,True,27.2,22.0,31.0,0.0,9.5,1017.4,0,0,59,20,4,0,0,1,1,-0.8660254037844386,0.5000000000000001
2025-11-21 21:00:00,R5,38.02332247243688,115,2,Local,True,27.2,22.0,31.0,0.0,9.5,1017.4,0,0,59,21,4,0,0,0,0,-0.7071067811865477,0.7071067811865474
2025-11-21 22:00:00,R5,42.44802814556013,110,2,Local,True,27.2,22.0,31.0,0.0,9.5,1017.4,0,0,59,22,4,0,0,0,0,-0.5000000000000004,0.8660254037844384
2025-11-21 23:00:00,R5,40.5336052387925,123,2,Local,True,27.2,22.0,31.0,0.0,9.5,1017.4,0,0,59,23,4,0,0,0,0,-0.25881904510252157,0.9659258262890681
2025-11-22 00:00:00,R5,37.86714341349634,124,2,Local,True,26.9,21.0,33.0,0.0,9.1,1017.3,0,0,59,0,5,1,0,0,0,0.0,1.0
2025-11-22 01:00:00,R5,35.92502095118833,104,2,Local,True,26.9,21.0,33.0,0.0,9.1,1017.3,0,0,59,1,5,1,0,0,0,0.25881904510252074,0.9659258262890683
2025-11-22 02:00:00,R5,38.00246209256952,135,2,Local,True,26.9,21.0,33.0,0.0,9.1,1017.3,0,0,59,2,5,1,0,0,0,0.49999999999999994,0.8660254037844387
2025-11-22 03:00:00,R5,37.08895745726973,125,2,Local,True,26.9,21.0,33.0,0.0,9.1,1017.3,0,0,59,3,5,1,0,0,0,0.7071067811865476,0.7071067811865476
2025-11-22 04:00:00,R5,40.57805716895725,136,2,Local,True,26.9,21.0,33.0,0.0,9.1,1017.3,0,0,59,4,5,1,0,0,0,0.8660254037844386,0.5000000000000001
2025-11-22 05:00:00,R5,38.39793383120232,108,2,Local,True,26.9,21.0,33.0,0.0,9.1,1017.3,0,0,59,5,5,1,0,0,0,0.9659258262890683,0.25881904510252074
2025-11-22 06:00:00,R5,46.318584723420514,118,2,Local,True,26.9,21.0,33.0,0.0,9.1,1017.3,0,0,59,6,5,1,0,0,0,1.0,6.123233995736766e-17
2025-11-22 07:00:00,R5,29.464157178011988,88,2,Local,True,26.9,21.0,33.0,0.0,9.1,1017.3,0,0,59,7,5,1,1,0,1,0.9659258262890683,-0.25881904510252063
2025-11-22 08:00:00,R5,17.612169317087528,88,2,Local,True,26.9,21.0,33.0,0.0,9.1,1017.3,0,0,59,8,5,1,1,0,1,0.8660254037844387,-0.4999999999999998
2025-11-22 09:00:00,R5,25.5960458472802,64,2,Local,True,26.9,21.0,33.0,0.0,9.1,1017.3,0,0,59,9,5,1,1,0,1,0.7071067811865476,-0.7071067811865475
2025-11-22 10:00:00,R5,22.8280616018748,71,2,Local,True,26.9,21.0,33.0,0.0,9.1,1017.3,0,0,59,10,5,1,1,0,1,0.49999999999999994,-0.8660254037844387
2025-11-22 11:00:00,R5,38.3637125766163,105,2,Local,True,26.9,21.0,33.0,0.0,9.1,1017.3,0,0,59,11,5,1,0,0,0,0.258819045102521,-0.9659258262890682
2025-11-22 12:00:00,R5,32.57082576216739,142,2,Local,True,26.9,21.0,33.0,0.0,9.1,1017.3,0,0,59,12,5,1,0,0,0,1.2246467991473532e-16,-1.0
2025-11-22 13:00:00,R5,42.2633740227574,115,2,Local,True,26.9,21.0,33.0,0.0,9.1,1017.3,0,0,59,13,5,1,0,0,0,-0.2588190451025208,-0.9659258262890683
2025-11-22 14:00:00,R5,39.69496690117808,108,2,Local,True,26.9,21.0,33.0,0.0,9.1,1017.3,0,0,59,14,5,1,0,0,0,-0.4999999999999997,-0.8660254037844388
2025-11-22 15:00:00,R5,39.35571932268377,138,2,Local,True,26.9,21.0,33.0,0.0,9.1,1017.3,0,0,59,15,5,1,0,0,0,-0.7071067811865471,-0.7071067811865479
2025-11-22 16:00:00,R5,38.9963490416046,148,2,Local,True,26.9,21.0,33.0,0.0,9.1,1017.3,0,0,59,16,5,1,0,0,0,-0.8660254037844384,-0.5000000000000004
2025-11-22 17:00:00,R5,25.901348560398507,93,2,Local,True,26.9,21.0,33.0,0.0,9.1,1017.3,0,0,59,17,5,1,0,1,1,-0.9659258262890683,-0.25881904510252063
2025-11-22 18:00:00,R5,20.27653223990506,67,2,Local,True,26.9,21.0,33.0,0.0,9.1,1017.3,0,0,59,18,5,1,0,1,1,-1.0,-1.8369701987210297e-16
2025-11-22 19:00:00,R5,20.452396024087733,105,2,Local,True,26.9,21.0,33.0,0.0,9.1,1017.3,0,0,59,19,5,1,0,1,1,-0.9659258262890684,0.2588190451025203
2025-11-22 20:00:00,R5,10.139870593658118,84,2,Local,True,26.9,21.0,33.0,0.0,9.1,1017.3,0,0,59,20,5,1,0,1,1,-0.8660254037844386,0.5000000000000001
2025-11-22 21:00:00,R5,39.05974873985717,102,2,Local,True,26.9,21.0,33.0,0.0,9.1,1017.3,0,0,59,21,5,1,0,0,0,-0.7071067811865477,0.7071067811865474
2025-11-22 22:00:00,R5,44.21978445010342,144,2,Local,True,26.9,21.0,33.0,0.0,9.1,1017.3,0,0,59,22,5,1,0,0,0,-0.5000000000000004,0.8660254037844384
2025-11-22 23:00:00,R5,32.35354999167943,128,2,Local,True,26.9,21.0,33.0,0.0,9.1,1017.3,0,0,59,23,5,1,0,0,0,-0.25881904510252157,0.9659258262890681
2025-11-23 00:00:00,R5,40.42240456929977,123,2,Local,True,26.6,21.0,32.0,0.0,8.8,1016.9,0,0,59,0,6,1,0,0,0,0.0,1.0
2025-11-23 01:00:00,R5,41.02117745324016,137,2,Local,True,26.6,21.0,32.0,0.0,8.8,1016.9,0,0,59,1,6,1,0,0,0,0.25881904510252074,0.9659258262890683
2025-11-23 02:00:00,R5,42.6666951016766,118,2,Local,True,26.6,21.0,32.0,0.0,8.8,1016.9,0,0,59,2,6,1,0,0,0,0.49999999999999994,0.8660254037844387
2025-11-23 03:00:00,R5,40.30743587587092,110,2,Local,True,26.6,21.0,32.0,0.0,8.8,1016.9,0,0,59,3,6,1,0,0,0,0.7071067811865476,0.7071067811865476
2025-11-23 04:00:00,R5,37.527416831591125,101,2,Local,True,26.6,21.0,32.0,0.0,8.8,1016.9,0,0,59,4,6,1,0,0,0,0.8660254037844386,0.5000000000000001
2025-11-23 05:00:00,R5,40.56327695299024,119,2,Local,True,26.6,21.0,32.0,0.0,8.8,1016.9,0,0,59,5,6,1,0,0,0,0.9659258262890683,0.25881904510252074
2025-11-23 06:00:00,R5,39.0770139644015,146,2,Local,True,26.6,21.0,32.0,0.0,8.8,1016.9,0,0,59,6,6,1,0,0,0,1.0,6.123233995736766e-17
2025-11-23 07:00:00,R5,21.351655073103714,105,2,Local,True,26.6,21.0,32.0,0.0,8.8,1016.9,0,0,59,7,6,1,1,0,1,0.9659258262890683,-0.25881904510252063
2025-11-23 08:00:00,R5,28.452912956840184,103,2,Local,True,26.6,21.0,32.0,0.0,8.8,1016.9,0,0,59,8,6,1,1,0,1,0.8660254037844387,-0.4999999999999998
2025-11-23 09:00:00,R5,25.40539839800136,98,2,Local,True,26.6,21.0,32.0,0.0,8.8,1016.9,0,0,59,9,6,1,1,0,1,0.7071067811865476,-0.7071067811865475
2025-11-23 10:00:00,R5,19.278655768818965,71,2,Local,True,26.6,21.0,32.0,0.0,8.8,1016.9,0,0,59,10,6,1,1,0,1,0.49999999999999994,-0.8660254037844387
2025-11-23 11:00:00,R5,44.03698628105816,141,2,Local,True,26.6,21.0,32.0,0.0,8.8,1016.9,0,0,59,11,6,1,0,0,0,0.258819045102521,-0.9659258262890682
2025-11-23 12:00:00,R5,45.09140145277175,141,2,Local,True,26.6,21.0,32.0,0.0,8.8,1016.9,0,0,59,12,6,1,0,0,0,1.2246467991473532e-16,-1.0
2025-11-23 13:00:00,R5,40.9797212640788,101,2,Local,True,26.6,21.0,32.0,0.0,8.8,1016.9,0,0,59,13,6,1,0,0,0,-0.2588190451025208,-0.9659258262890683
2025-11-23 14:00:00,R5,49.3835299534972,144,2,Local,True,26.6,21.0,32.0,0.0,8.8,1016.9,0,0,59,14,6,1,0,0,0,-0.4999999999999997,-0.8660254037844388
2025-11-23 15:00:00,R5,39.889721098357576,132,2,Local,True,26.6,21.0,32.0,0.0,8.8,1016.9,0,0,59,15,6,1,0,0,0,-0.7071067811865471,-0.7071067811865479
2025-11-23 16:00:00,R5,35.43557764908888,123,2,Local,True,26.6,21.0,32.0,0.0,8.8,1016.9,0,0,59,16,6,1,0,0,0,-0.8660254037844384,-0.5000000000000004
2025-11-23 17:00:00,R5,21.80618039608487,99,2,Local,True,26.6,21.0,32.0,0.0,8.8,1016.9,0,0,59,17,6,1,0,1,1,-0.9659258262890683,-0.25881904510252063
2025-11-23 18:00:00,R5,20.49978318958003,92,2,Local,True,26.6,21.0,32.0,0.0,8.8,1016.9,0,0,59,18,6,1,0,1,1,-1.0,-1.8369701987210297e-16
2025-11-23 19:00:00,R5,26.79036225800622,64,2,Local,True,26.6,21.0,32.0,0.0,8.8,1016.9,0,0,59,19,6,1,0,1,1,-0.9659258262890684,0.2588190451025203
2025-11-23 20:00:00,R5,20.68715785745121,107,2,Local,True,26.6,21.0,32.0,0.0,8.8,1016.9,0,0,59,20,6,1,0,1,1,-0.8660254037844386,0.5000000000000001
2025-11-23 21:00:00,R5,44.91107964033903,102,2,Local,True,26.6,21.0,32.0,0.0,8.8,1016.9,0,0,59,21,6,1,0,0,0,-0.7071067811865477,0.7071067811865474
2025-11-23 22:00:00,R5,30.72795245997971,132,2,Local,True,26.6,21.0,32.0,0.0,8.8,1016.9,0,0,59,22,6,1,0,0,0,-0.5000000000000004,0.8660254037844384
2025-11-23 23:00:00,R5,40.72437791787701,137,2,Local,True,26.6,21.0,32.0,0.0,8.8,1016.9,0,0,59,23,6,1,0,0,0,-0.25881904510252157,0.9659258262890681
2025-11-24 00:00:00,R5,46.55691355907753,123,2,Local,True,26.5,22.0,31.0,0.0,10.0,1016.7,0,0,59,0,0,0,0,0,0,0.0,1.0
2025-11-24 01:00:00,R5,30.61032454063102,116,2,Local,True,26.5,22.0,31.0,0.0,10.0,1016.7,0,0,59,1,0,0,0,0,0,0.25881904510252074,0.9659258262890683
2025-11-24 02:00:00,R5,47.10708338388903,103,2,Local,True,26.5,22.0,31.0,0.0,10.0,1016.7,0,0,59,2,0,0,0,0,0,0.49999999999999994,0.8660254037844387
2025-11-24 03:00:00,R5,46.04334622164051,104,2,Local,True,26.5,22.0,31.0,0.0,10.0,1016.7,0,0,59,3,0,0,0,0,0,0.7071067811865476,0.7071067811865476
2025-11-24 04:00:00,R5,37.188137977600576,142,2,Local,True,26.5,22.0,31.0,0.0,10.0,1016.7,0,0,59,4,0,0,0,0,0,0.8660254037844386,0.5000000000000001
2025-11-24 05:00:00,R5,40.80098373022929,107,2,Local,True,26.5,22.0,31.0,0.0,10.0,1016.7,0,0,59,5,0,0,0,0,0,0.9659258262890683,0.25881904510252074
2025-11-24 06:00:00,R5,34.201702967888544,139,2,Local,True,26.5,22.0,31.0,0.0,10.0,1016.7,0,0,59,6,0,0,0,0,0,1.0,6.123233995736766e-17
2025-11-24 07:00:00,R5,24.51039859264758,104,2,Local,True,26.5,22.0,31.0,0.0,10.0,1016.7,0,0,59,7,0,0,1,0,1,0.9659258262890683,-0.25881904510252063
2025-11-24 08:00:00,R5,28.649845129660683,67,2,Local,True,26.5,22.0,31.0,0.0,10.0,1016.7,0,0,59,8,0,0,1,0,1,0.8660254037844387,-0.4999999999999998
2025-11-24 09:00:00,R5,15.283950973046416,105,2,Local,True,26.5,22.0,31.0,0.0,10.0,1016.7,0,0,59,9,0,0,1,0,1,0.7071067811865476,-0.7071067811865475
2025-11-24 10:00:00,R5,21.065064341418832,100,2,Local,True,26.5,22.0,31.0,0.0,10.0,1016.7,0,0,59,10,0,0,1,0,1,0.49999999999999994,-0.8660254037844387
2025-11-24 11:00:00,R5,45.18043466522309,148,2,Local,True,26.5,22.0,31.0,0.0,10.0,1016.7,0,0,59,11,0,0,0,0,0,0.258819045102521,-0.9659258262890682
2025-11-24 12:00:00,R5,42.41621599991389,107,2,Local,True,26.5,22.0,31.0,0.0,10.0,1016.7,0,0,59,12,0,0,0,0,0,1.2246467991473532e-16,-1.0
2025-11-24 13:00:00,R5,37.188033269935104,113,2,Local,True,26.5,22.0,31.0,0.0,10.0,1016.7,0,0,59,13,0,0,0,0,0,-0.2588190451025208,-0.9659258262890683
2025-11-24 14:00:00,R5,37.12389396092473,146,2,Local,True,26.5,22.0,31.0,0.0,10.0,1016.7,0,0,59,14,0,0,0,0,0,-0.4999999999999997,-0.8660254037844388
2025-11-24 15:00:00,R5,34.57533798157272,131,2,Local,True,26.5,22.0,31.0,0.0,10.0,1016.7,0,0,59,15,0,0,0,0,0,-0.7071067811865471,-0.7071067811865479
2025-11-24 16:00:00,R5,35.229122576418206,102,2,Local,True,26.5,22.0,31.0,0.0,10.0,1016.7,0,0,59,16,0,0,0,0,0,-0.8660254037844384,-0.5000000000000004
2025-11-24 17:00:00,R5,26.41194049359404,99,2,Local,True,26.5,22.0,31.0,0.0,10.0,1016.7,0,0,59,17,0,0,0,1,1,-0.9659258262890683,-0.25881904510252063
2025-11-24 18:00:00,R5,26.699454334458405,66,2,Local,True,26.5,22.0,31.0,0.0,10.0,1016.7,0,0,59,18,0,0,0,1,1,-1.0,-1.8369701987210297e-16
2025-11-24 19:00:00,R5,30.70740457234889,94,2,Local,True,26.5,22.0,31.0,0.0,10.0,1016.7,0,0,59,19,0,0,0,1,1,-0.9659258262890684,0.2588190451025203
2025-11-24 20:00:00,R5,18.83603949821265,63,2,Local,True,26.5,22.0,31.0,0.0,10.0,1016.7,0,0,59,20,0,0,0,1,1,-0.8660254037844386,0.5000000000000001
2025-11-24 21:00:00,R5,36.7429399804485,144,2,Local,True,26.5,22.0,31.0,0.0,10.0,1016.7,0,0,59,21,0,0,0,0,0,-0.7071067811865477,0.7071067811865474
2025-11-24 22:00:00,R5,33.96046210673963,141,2,Local,True,26.5,22.0,31.0,0.0,10.0,1016.7,0,0,59,22,0,0,0,0,0,-0.5000000000000004,0.8660254037844384
2025-11-24 23:00:00,R5,39.129958684162894,103,2,Local,True,26.5,22.0,31.0,0.0,10.0,1016.7,0,0,59,23,0,0,0,0,0,-0.25881904510252157,0.9659258262890681
2025-11-25 00:00:00,R5,31.480342167900456,141,2,Local,True,25.6,21.0,31.0,0.0,10.4,1017.2,0,0,59,0,1,0,0,0,0,0.0,1.0
2025-11-25 01:00:00,R5,46.38852098906743,132,2,Local,True,25.6,21.0,31.0,0.0,10.4,1017.2,0,0,59,1,1,0,0,0,0,0.25881904510252074,0.9659258262890683
2025-11-25 02:00:00,R5,42.29583651891395,128,2,Local,True,25.6,21.0,31.0,0.0,10.4,1017.2,0,0,59,2,1,0,0,0,0,0.49999999999999994,0.8660254037844387
2025-11-25 03:00:00,R5,30.57368465683406,103,2,Local,True,25.6,21.0,31.0,0.0,10.4,1017.2,0,0,59,3,1,0,0,0,0,0.7071067811865476,0.7071067811865476
2025-11-25 04:00:00,R5,43.630055987315,133,2,Local,True,25.6,21.0,31.0,0.0,10.4,1017.2,0,0,59,4,1,0,0,0,0,0.8660254037844386,0.5000000000000001
2025-11-25 05:00:00,R5,37.50875520475398,126,2,Local,True,25.6,21.0,31.0,0.0,10.4,1017.2,0,0,59,5,1,0,0,0,0,0.9659258262890683,0.25881904510252074
2025-11-25 06:00:00,R5,40.99732500201816,143,2,Local,True,25.6,21.0,31.0,0.0,10.4,1017.2,0,0,59,6,1,0,0,0,0,1.0,6.123233995736766e-17
2025-11-25 07:00:00,R5,28.42258517929506,65,2,Local,True,25.6,21.0,31.0,0.0,10.4,1017.2,0,0,59,7,1,0,1,0,1,0.9659258262890683,-0.25881904510252063
2025-11-25 08:00:00,R5,24.66855779835395,93,2,Local,True,25.6,21.0,31.0,0.0,10.4,1017.2,0,0,59,8,1,0,1,0,1,0.8660254037844387,-0.4999999999999998
2025-11-25 09:00:00,R5,23.92083544759768,88,2,Local,True,25.6,21.0,31.0,0.0,10.4,1017.2,0,0,59,9,1,0,1,0,1,0.7071067811865476,-0.7071067811865475
2025-11-25 10:00:00,R5,19.37271292932636,105,2,Local,True,25.6,21.0,31.0,0.0,10.4,1017.2,0,0,59,10,1,0,1,0,1,0.49999999999999994,-0.8660254037844387
2025-11-25 11:00:00,R5,39.287307741126426,106,2,Local,True,25.6,21.0,31.0,0.0,10.4,1017.2,0,0,59,11,1,0,0,0,0,0.258819045102521,-0.9659258262890682
2025-11-25 12:00:00,R5,43.64960641033868,140,2,Local,True,25.6,21.0,31.0,0.0,10.4,1017.2,0,0,59,12,1,0,0,0,0,1.2246467991473532e-16,-1.0
2025-11-25 13:00:00,R5,38.99393497406801,120,2,Local,True,25.6,21.0,31.0,0.0,10.4,1017.2,0,0,59,13,1,0,0,0,0,-0.2588190451025208,-0.9659258262890683
2025-11-25 14:00:00,R5,47.89193450710368,125,2,Local,True,25.6,21.0,31.0,0.0,10.4,1017.2,0,0,59,14,1,0,0,0,0,-0.4999999999999997,-0.8660254037844388
2025-11-25 15:00:00,R5,42.20745409372416,144,2,Local,True,25.6,21.0,31.0,0.0,10.4,1017.2,0,0,59,15,1,0,0,0,0,-0.7071067811865471,-0.7071067811865479
2025-11-25 16:00:00,R5,43.69081870260435,115,2,Local,True,25.6,21.0,31.0,0.0,10.4,1017.2,0,0,59,16,1,0,0,0,0,-0.8660254037844384,-0.5000000000000004
2025-11-25 17:00:00,R5,24.027456419262844,102,2,Local,True,25.6,21.0,31.0,0.0,10.4,1017.2,0,0,59,17,1,0,0,1,1,-0.9659258262890683,-0.25881904510252063
2025-11-25 18:00:00,R5,14.909231380542291,109,2,Local,True,25.6,21.0,31.0,0.0,10.4,1017.2,0,0,59,18,1,0,0,1,1,-1.0,-1.8369701987210297e-16
2025-11-25 19:00:00,R5,26.783374002339727,71,2,Local,True,25.6,21.0,31.0,0.0,10.4,1017.2,0,0,59,19,1,0,0,1,1,-0.9659258262890684,0.2588190451025203
2025-11-25 20:00:00,R5,26.198470073305344,99,2,Local,True,25.6,21.0,31.0,0.0,10.4,1017.2,0,0,59,20,1,0,0,1,1,-0.8660254037844386,0.5000000000000001
2025-11-25 21:00:00,R5,38.4511314270421,107,2,Local,True,25.6,21.0,31.0,0.0,10.4,1017.2,0,0,59,21,1,0,0,0,0,-0.7071067811865477,0.7071067811865474
2025-11-25 22:00:00,R5,39.97590887119133,140,2,Local,True,25.6,21.0,31.0,0.0,10.4,1017.2,0,0,59,22,1,0,0,0,0,-0.5000000000000004,0.8660254037844384
2025-11-25 23:00:00,R5,41.18922328600578,114,2,Local,True,25.6,21.0,31.0,0.0,10.4,1017.2,0,0,59,23,1,0,0,0,0,-0.25881904510252157,0.9659258262890681
2025-11-26 00:00:00,R5,42.037560820455695,110,2,Local,True,25.3,20.0,30.0,0.0,9.7,1016.5,0,0,59,0,2,0,0,0,0,0.0,1.0
2025-11-26 01:00:00,R5,42.56607829665264,148,2,Local,True,25.3,20.0,30.0,0.0,9.7,1016.5,0,0,59,1,2,0,0,0,0,0.25881904510252074,0.9659258262890683
2025-11-26 02:00:00,R5,32.75750804558654,103,2,Local,True,25.3,20.0,30.0,0.0,9.7,1016.5,0,0,59,2,2,0,0,0,0,0.49999999999999994,0.8660254037844387
2025-11-26 03:00:00,R5,33.12012536744801,100,2,Local,True,25.3,20.0,30.0,0.0,9.7,1016.5,0,0,59,3,2,0,0,0,0,0.7071067811865476,0.7071067811865476
2025-11-26 04:00:00,R5,37.24720913774317,121,2,Local,True,25.3,20.0,30.0,0.0,9.7,1016.5,0,0,59,4,2,0,0,0,0,0.8660254037844386,0.5000000000000001
2025-11-26 05:00:00,R5,35.461067402379555,117,2,Local,True,25.3,20.0,30.0,0.0,9.7,1016.5,0,0,59,5,2,0,0,0,0,0.9659258262890683,0.25881904510252074
2025-11-26 06:00:00,R5,39.84186719236957,106,2,Local,True,25.3,20.0,30.0,0.0,9.7,1016.5,0,0,59,6,2,0,0,0,0,1.0,6.123233995736766e-17
2025-11-26 07:00:00,R5,24.36634046554889,61,2,Local,True,25.3,20.0,30.0,0.0,9.7,1016.5,0,0,59,7,2,0,1,0,1,0.9659258262890683,-0.25881904510252063
2025-11-26 08:00:00,R5,22.09190790681633,102,2,Local,True,25.3,20.0,30.0,0.0,9.7,1016.5,0,0,59,8,2,0,1,0,1,0.8660254037844387,-0.4999999999999998
2025-11-26 09:00:00,R5,18.16101355913665,106,2,Local,True,25.3,20.0,30.0,0.0,9.7,1016.5,0,0,59,9,2,0,1,0,1,0.7071067811865476,-0.7071067811865475
2025-11-26 10:00:00,R5,14.71398815679924,92,2,Local,True,25.3,20.0,30.0,0.0,9.7,1016.5,0,0,59,10,2,0,1,0,1,0.49999999999999994,-0.8660254037844387
2025-11-26 11:00:00,R5,43.82188192446244,125,2,Local,True,25.3,20.0,30.0,0.0,9.7,1016.5,0,0,59,11,2,0,0,0,0,0.258819045102521,-0.9659258262890682
2025-11-26 12:00:00,R5,33.10503412973559,119,2,Local,True,25.3,20.0,30.0,0.0,9.7,1016.5,0,0,59,12,2,0,0,0,0,1.2246467991473532e-16,-1.0
2025-11-26 13:00:00,R5,35.64485392057375,122,2,Local,True,25.3,20.0,30.0,0.0,9.7,1016.5,0,0,59,13,2,0,0,0,0,-0.2588190451025208,-0.9659258262890683
2025-11-26 14:00:00,R5,37.723262381599305,115,2,Local,True,25.3,20.0,30.0,0.0,9.7,1016.5,0,0,59,14,2,0,0,0,0,-0.4999999999999997,-0.8660254037844388
2025-11-26 15:00:00,R5,42.50481381278863,118,2,Local,True,25.3,20.0,30.0,0.0,9.7,1016.5,0,0,59,15,2,0,0,0,0,-0.7071067811865471,-0.7071067811865479
2025-11-26 16:00:00,R5,37.101205760012064,130,2,Local,True,25.3,20.0,30.0,0.0,9.7,1016.5,0,0,59,16,2,0,0,0,0,-0.8660254037844384,-0.5000000000000004
2025-11-26 17:00:00,R5,27.02799206901784,86,2,Local,True,25.3,20.0,30.0,0.0,9.7,1016.5,0,0,59,17,2,0,0,1,1,-0.9659258262890683,-0.25881904510252063
2025-11-26 18:00:00,R5,29.21714298818643,102,2,Local,True,25.3,20.0,30.0,0.0,9.7,1016.5,0,0,59,18,2,0,0,1,1,-1.0,-1.8369701987210297e-16
2025-11-26 19:00:00,R5,21.675157146007585,102,2,Local,True,25.3,20.0,30.0,0.0,9.7,1016.5,0,0,59,19,2,0,0,1,1,-0.9659258262890684,0.2588190451025203
2025-11-26 20:00:00,R5,20.85310133114557,105,2,Local,True,25.3,20.0,30.0,0.0,9.7,1016.5,0,0,59,20,2,0,0,1,1,-0.8660254037844386,0.5000000000000001
2025-11-26 21:00:00,R5,29.19932710662089,131,2,Local,True,25.3,20.0,30.0,0.0,9.7,1016.5,0,0,59,21,2,0,0,0,0,-0.7071067811865477,0.7071067811865474
2025-11-26 22:00:00,R5,39.11239386577446,109,2,Local,True,25.3,20.0,30.0,0.0,9.7,1016.5,0,0,59,22,2,0,0,0,0,-0.5000000000000004,0.8660254037844384
2025-11-26 23:00:00,R5,31.34843569718341,122,2,Local,True,25.3,20.0,30.0,0.0,9.7,1016.5,0,0,59,23,2,0,0,0,0,-0.25881904510252157,0.9659258262890681
2025-11-27 00:00:00,R5,38.21418599673283,128,2,Local,True,25.2,21.0,29.0,0.0,8.8,1016.8,0,0,59,0,3,0,0,0,0,0.0,1.0
2025-11-27 01:00:00,R5,34.7027283276891,109,2,Local,True,25.2,21.0,29.0,0.0,8.8,1016.8,0,0,59,1,3,0,0,0,0,0.25881904510252074,0.9659258262890683
2025-11-27 02:00:00,R5,39.32174950573173,100,2,Local,True,25.2,21.0,29.0,0.0,8.8,1016.8,0,0,59,2,3,0,0,0,0,0.49999999999999994,0.8660254037844387
2025-11-27 03:00:00,R5,39.08632443646156,142,2,Local,True,25.2,21.0,29.0,0.0,8.8,1016.8,0,0,59,3,3,0,0,0,0,0.7071067811865476,0.7071067811865476
2025-11-27 04:00:00,R5,40.332644237954206,139,2,Local,True,25.2,21.0,29.0,0.0,8.8,1016.8,0,0,59,4,3,0,0,0,0,0.8660254037844386,0.5000000000000001
2025-11-27 05:00:00,R5,38.13930237408472,114,2,Local,True,25.2,21.0,29.0,0.0,8.8,1016.8,0,0,59,5,3,0,0,0,0,0.9659258262890683,0.25881904510252074
2025-11-27 06:00:00,R5,38.445827638736006,101,2,Local,True,25.2,21.0,29.0,0.0,8.8,1016.8,0,0,59,6,3,0,0,0,0,1.0,6.123233995736766e-17
2025-11-27 07:00:00,R5,30.013821423782247,65,2,Local,True,25.2,21.0,29.0,0.0,8.8,1016.8,0,0,59,7,3,0,1,0,1,0.9659258262890683,-0.25881904510252063
2025-11-27 08:00:00,R5,24.45083132888288,86,2,Local,True,25.2,21.0,29.0,0.0,8.8,1016.8,0,0,59,8,3,0,1,0,1,0.8660254037844387,-0.4999999999999998
2025-11-27 09:00:00,R5,24.974927403800898,70,2,Local,True,25.2,21.0,29.0,0.0,8.8,1016.8,0,0,59,9,3,0,1,0,1,0.7071067811865476,-0.7071067811865475
2025-11-27 10:00:00,R5,28.486604816466738,97,2,Local,True,25.2,21.0,29.0,0.0,8.8,1016.8,0,0,59,10,3,0,1,0,1,0.49999999999999994,-0.8660254037844387
2025-11-27 11:00:00,R5,33.667194960506095,147,2,Local,True,25.2,21.0,29.0,0.0,8.8,1016.8,0,0,59,11,3,0,0,0,0,0.258819045102521,-0.9659258262890682
2025-11-27 12:00:00,R5,39.517061633016255,125,2,Local,True,25.2,21.0,29.0,0.0,8.8,1016.8,0,0,59,12,3,0,0,0,0,1.2246467991473532e-16,-1.0
2025-11-27 13:00:00,R5,37.70633476838581,107,2,Local,True,25.2,21.0,29.0,0.0,8.8,1016.8,0,0,59,13,3,0,0,0,0,-0.2588190451025208,-0.9659258262890683
2025-11-27 14:00:00,R5,39.04429793923682,101,2,Local,True,25.2,21.0,29.0,0.0,8.8,1016.8,0,0,59,14,3,0,0,0,0,-0.4999999999999997,-0.8660254037844388
2025-11-27 15:00:00,R5,40.32256023889031,142,2,Local,True,25.2,21.0,29.0,0.0,8.8,1016.8,0,0,59,15,3,0,0,0,0,-0.7071067811865471,-0.7071067811865479
2025-11-27 16:00:00,R5,43.88689927660258,130,2,Local,True,25.2,21.0,29.0,0.0,8.8,1016.8,0,0,59,16,3,0,0,0,0,-0.8660254037844384,-0.5000000000000004
2025-11-27 17:00:00,R5,26.37220352668786,73,2,Local,True,25.2,21.0,29.0,0.0,8.8,1016.8,0,0,59,17,3,0,0,1,1,-0.9659258262890683,-0.25881904510252063
2025-11-27 18:00:00,R5,22.60986709231421,100,2,Local,True,25.2,21.0,29.0,0.0,8.8,1016.8,0,0,59,18,3,0,0,1,1,-1.0,-1.8369701987210297e-16
2025-11-27 19:00:00,R5,21.40907298849186,108,2,Local,True,25.2,21.0,29.0,0.0,8.8,1016.8,0,0,59,19,3,0,0,1,1,-0.9659258262890684,0.2588190451025203
2025-11-27 20:00:00,R5,22.3018281140556,91,2,Local,True,25.2,21.0,29.0,0.0,8.8,1016.8,0,0,59,20,3,0,0,1,1,-0.8660254037844386,0.5000000000000001
2025-11-27 21:00:00,R5,44.34399981602271,114,2,Local,True,25.2,21.0,29.0,0.0,8.8,1016.8,0,0,59,21,3,0,0,0,0,-0.7071067811865477,0.7071067811865474
2025-11-27 22:00:00,R5,38.21324783817688,143,2,Local,True,25.2,21.0,29.0,0.0,8.8,1016.8,0,0,59,22,3,0,0,0,0,-0.5000000000000004,0.8660254037844384
2025-11-27 23:00:00,R5,45.29857280187597,100,2,Local,True,25.2,21.0,29.0,0.0,8.8,1016.8,0,0,59,23,3,0,0,0,0,-0.25881904510252157,0.9659258262890681
2025-11-28 00:00:00,R5,34.34473068966092,133,2,Local,True,25.1,22.0,28.0,0.0,9.6,1017.8,0,0,59,0,4,0,0,0,0,0.0,1.0
2025-11-28 01:00:00,R5,38.560551021267344,106,2,Local,True,25.1,22.0,28.0,0.0,9.6,1017.8,0,0,59,1,4,0,0,0,0,0.25881904510252074,0.9659258262890683
2025-11-28 02:00:00,R5,38.92303902826626,112,2,Local,True,25.1,22.0,28.0,0.0,9.6,1017.8,0,0,59,2,4,0,0,0,0,0.49999999999999994,0.8660254037844387
2025-11-28 03:00:00,R5,36.912806992623615,121,2,Local,True,25.1,22.0,28.0,0.0,9.6,1017.8,0,0,59,3,4,0,0,0,0,0.7071067811865476,0.7071067811865476
2025-11-28 04:00:00,R5,36.28553548208716,103,2,Local,True,25.1,22.0,28.0,0.0,9.6,1017.8,0,0,59,4,4,0,0,0,0,0.8660254037844386,0.5000000000000001
2025-11-28 05:00:00,R5,42.66454441236259,105,2,Local,True,25.1,22.0,28.0,0.0,9.6,1017.8,0,0,59,5,4,0,0,0,0,0.9659258262890683,0.25881904510252074
2025-11-28 06:00:00,R5,46.61169073287044,113,2,Local,True,25.1,22.0,28.0,0.0,9.6,1017.8,0,0,59,6,4,0,0,0,0,1.0,6.123233995736766e-17
2025-11-28 07:00:00,R5,23.85811807192141,68,2,Local,True,25.1,22.0,28.0,0.0,9.6,1017.8,0,0,59,7,4,0,1,0,1,0.9659258262890683,-0.25881904510252063
2025-11-28 08:00:00,R5,28.740212919429325,77,2,Local,True,25.1,22.0,28.0,0.0,9.6,1017.8,0,0,59,8,4,0,1,0,1,0.8660254037844387,-0.4999999999999998
2025-11-28 09:00:00,R5,28.193403184380152,82,2,Local,True,25.1,22.0,28.0,0.0,9.6,1017.8,0,0,59,9,4,0,1,0,1,0.7071067811865476,-0.7071067811865475
2025-11-28 10:00:00,R5,24.03130227872195,87,2,Local,True,25.1,22.0,28.0,0.0,9.6,1017.8,0,0,59,10,4,0,1,0,1,0.49999999999999994,-0.8660254037844387
2025-11-28 11:00:00,R5,42.70835269395704,134,2,Local,True,25.1,22.0,28.0,0.0,9.6,1017.8,0,0,59,11,4,0,0,0,0,0.258819045102521,-0.9659258262890682
2025-11-28 12:00:00,R5,40.74590682571703,115,2,Local,True,25.1,22.0,28.0,0.0,9.6,1017.8,0,0,59,12,4,0,0,0,0,1.2246467991473532e-16,-1.0
2025-11-28 13:00:00,R5,42.94716314170421,145,2,Local,True,25.1,22.0,28.0,0.0,9.6,1017.8,0,0,59,13,4,0,0,0,0,-0.2588190451025208,-0.9659258262890683
2025-11-28 14:00:00,R5,41.164348839508754,103,2,Local,True,25.1,22.0,28.0,0.0,9.6,1017.8,0,0,59,14,4,0,0,0,0,-0.4999999999999997,-0.8660254037844388
2025-11-28 15:00:00,R5,36.21090955921076,149,2,Local,True,25.1,22.0,28.0,0.0,9.6,1017.8,0,0,59,15,4,0,0,0,0,-0.7071067811865471,-0.7071067811865479
2025-11-28 16:00:00,R5,39.30460963031648,118,2,Local,True,25.1,22.0,28.0,0.0,9.6,1017.8,0,0,59,16,4,0,0,0,0,-0.8660254037844384,-0.5000000000000004
2025-11-28 17:00:00,R5,18.927025523587616,102,2,Local,True,25.1,22.0,28.0,0.0,9.6,1017.8,0,0,59,17,4,0,0,1,1,-0.9659258262890683,-0.25881904510252063
2025-11-28 18:00:00,R5,30.52804977830733,97,2,Local,True,25.1,22.0,28.0,0.0,9.6,1017.8,0,0,59,18,4,0,0,1,1,-1.0,-1.8369701987210297e-16
2025-11-28 19:00:00,R5,35.47337608891864,85,2,Local,True,25.1,22.0,28.0,0.0,9.6,1017.8,0,0,59,19,4,0,0,1,1,-0.9659258262890684,0.2588190451025203
2025-11-28 20:00:00,R5,21.15791877152757,80,2,Local,True,25.1,22.0,28.0,0.0,9.6,1017.8,0,0,59,20,4,0,0,1,1,-0.8660254037844386,0.5000000000000001
2025-11-28 21:00:00,R5,38.61107555970053,114,2,Local,True,25.1,22.0,28.0,0.0,9.6,1017.8,0,0,59,21,4,0,0,0,0,-0.7071067811865477,0.7071067811865474
2025-11-28 22:00:00,R5,40.53898576372292,102,2,Local,True,25.1,22.0,28.0,0.0,9.6,1017.8,0,0,59,22,4,0,0,0,0,-0.5000000000000004,0.8660254037844384
2025-11-28 23:00:00,R5,39.15760681090355,101,2,Local,True,25.1,22.0,28.0,0.0,9.6,1017.8,0,0,59,23,4,0,0,0,0,-0.25881904510252157,0.9659258262890681
2025-11-29 00:00:00,R5,39.69192003330085,116,2,Local,True,25.4,22.0,28.0,0.0,10.8,1016.8,0,0,59,0,5,1,0,0,0,0.0,1.0
2025-11-29 01:00:00,R5,30.222496236859563,112,2,Local,True,25.4,22.0,28.0,0.0,10.8,1016.8,0,0,59,1,5,1,0,0,0,0.25881904510252074,0.9659258262890683
2025-11-29 02:00:00,R5,42.22418092989993,131,2,Local,True,25.4,22.0,28.0,0.0,10.8,1016.8,0,0,59,2,5,1,0,0,0,0.49999999999999994,0.8660254037844387
2025-11-29 03:00:00,R5,43.58332104004513,137,2,Local,True,25.4,22.0,28.0,0.0,10.8,1016.8,0,0,59,3,5,1,0,0,0,0.7071067811865476,0.7071067811865476
2025-11-29 04:00:00,R5,36.21054405130972,140,2,Local,True,25.4,22.0,28.0,0.0,10.8,1016.8,0,0,59,4,5,1,0,0,0,0.8660254037844386,0.5000000000000001
2025-11-29 05:00:00,R5,39.14786145545187,124,2,Local,True,25.4,22.0,28.0,0.0,10.8,1016.8,0,0,59,5,5,1,0,0,0,0.9659258262890683,0.25881904510252074
2025-11-29 06:00:00,R5,40.26487765142558,104,2,Local,True,25.4,22.0,28.0,0.0,10.8,1016.8,0,0,59,6,5,1,0,0,0,1.0,6.123233995736766e-17
2025-11-29 07:00:00,R5,30.641432214878744,68,2,Local,True,25.4,22.0,28.0,0.0,10.8,1016.8,0,0,59,7,5,1,1,0,1,0.9659258262890683,-0.25881904510252063
2025-11-29 08:00:00,R5,25.925206679257656,67,2,Local,True,25.4,22.0,28.0,0.0,10.8,1016.8,0,0,59,8,5,1,1,0,1,0.8660254037844387,-0.4999999999999998
2025-11-29 09:00:00,R5,32.82445380354373,101,2,Local,True,25.4,22.0,28.0,0.0,10.8,1016.8,0,0,59,9,5,1,1,0,1,0.7071067811865476,-0.7071067811865475
2025-11-29 10:00:00,R5,25.54203882284596,100,2,Local,True,25.4,22.0,28.0,0.0,10.8,1016.8,0,0,59,10,5,1,1,0,1,0.49999999999999994,-0.8660254037844387
2025-11-29 11:00:00,R5,47.22137047748511,130,2,Local,True,25.4,22.0,28.0,0.0,10.8,1016.8,0,0,59,11,5,1,0,0,0,0.258819045102521,-0.9659258262890682
2025-11-29 12:00:00,R5,49.46578921777298,123,2,Local,True,25.4,22.0,28.0,0.0,10.8,1016.8,0,0,59,12,5,1,0,0,0,1.2246467991473532e-16,-1.0
2025-11-29 13:00:00,R5,39.2032900981416,142,2,Local,True,25.4,22.0,28.0,0.0,10.8,1016.8,0,0,59,13,5,1,0,0,0,-0.2588190451025208,-0.9659258262890683
2025-11-29 14:00:00,R5,36.42008735698913,135,2,Local,True,25.4,22.0,28.0,0.0,10.8,1016.8,0,0,59,14,5,1,0,0,0,-0.4999999999999997,-0.8660254037844388
2025-11-29 15:00:00,R5,44.31864307374422,119,2,Local,True,25.4,22.0,28.0,0.0,10.8,1016.8,0,0,59,15,5,1,0,0,0,-0.7071067811865471,-0.7071067811865479
2025-11-29 16:00:00,R5,43.38724520615872,116,2,Local,True,25.4,22.0,28.0,0.0,10.8,1016.8,0,0,59,16,5,1,0,0,0,-0.8660254037844384,-0.5000000000000004
2025-11-29 17:00:00,R5,21.705617495961512,87,2,Local,True,25.4,22.0,28.0,0.0,10.8,1016.8,0,0,59,17,5,1,0,1,1,-0.9659258262890683,-0.25881904510252063
2025-11-29 18:00:00,R5,16.73590874081007,103,2,Local,True,25.4,22.0,28.0,0.0,10.8,1016.8,0,0,59,18,5,1,0,1,1,-1.0,-1.8369701987210297e-16
2025-11-29 19:00:00,R5,21.63835346791701,95,2,Local,True,25.4,22.0,28.0,0.0,10.8,1016.8,0,0,59,19,5,1,0,1,1,-0.9659258262890684,0.2588190451025203
2025-11-29 20:00:00,R5,17.61755981250827,101,2,Local,True,25.4,22.0,28.0,0.0,10.8,1016.8,0,0,59,20,5,1,0,1,1,-0.8660254037844386,0.5000000000000001
2025-11-29 21:00:00,R5,35.26734486238573,135,2,Local,True,25.4,22.0,28.0,0.0,10.8,1016.8,0,0,59,21,5,1,0,0,0,-0.7071067811865477,0.7071067811865474
2025-11-29 22:00:00,R5,39.844716232520106,135,2,Local,True,25.4,22.0,28.0,0.0,10.8,1016.8,0,0,59,22,5,1,0,0,0,-0.5000000000000004,0.8660254037844384
2025-11-29 23:00:00,R5,38.55027669129851,129,2,Local,True,25.4,22.0,28.0,0.0,10.8,1016.8,0,0,59,23,5,1,0,0,0,-0.25881904510252157,0.9659258262890681
2025-11-30 00:00:00,R5,46.33429416398458,117,2,Local,True,25.0,20.0,29.0,0.0,9.0,1016.2,0,0,59,0,6,1,0,0,0,0.0,1.0
2025-11-30 01:00:00,R5,48.33437163010877,121,2,Local,True,25.0,20.0,29.0,0.0,9.0,1016.2,0,0,59,1,6,1,0,0,0,0.25881904510252074,0.9659258262890683
2025-11-30 02:00:00,R5,32.13531692700976,139,2,Local,True,25.0,20.0,29.0,0.0,9.0,1016.2,0,0,59,2,6,1,0,0,0,0.49999999999999994,0.8660254037844387
2025-11-30 03:00:00,R5,44.30445740472287,130,2,Local,True,25.0,20.0,29.0,0.0,9.0,1016.2,0,0,59,3,6,1,0,0,0,0.7071067811865476,0.7071067811865476
2025-11-30 04:00:00,R5,42.75478188804857,135,2,Local,True,25.0,20.0,29.0,0.0,9.0,1016.2,0,0,59,4,6,1,0,0,0,0.8660254037844386,0.5000000000000001
2025-11-30 05:00:00,R5,39.53884130559605,121,2,Local,True,25.0,20.0,29.0,0.0,9.0,1016.2,0,0,59,5,6,1,0,0,0,0.9659258262890683,0.25881904510252074
2025-11-30 06:00:00,R5,33.98501629966577,109,2,Local,True,25.0,20.0,29.0,0.0,9.0,1016.2,0,0,59,6,6,1,0,0,0,1.0,6.123233995736766e-17
2025-11-30 07:00:00,R5,33.08695010495364,88,2,Local,True,25.0,20.0,29.0,0.0,9.0,1016.2,0,0,59,7,6,1,1,0,1,0.9659258262890683,-0.25881904510252063
2025-11-30 08:00:00,R5,33.738365235999304,102,2,Local,True,25.0,20.0,29.0,0.0,9.0,1016.2,0,0,59,8,6,1,1,0,1,0.8660254037844387,-0.4999999999999998
2025-11-30 09:00:00,R5,29.770412548727872,66,2,Local,True,25.0,20.0,29.0,0.0,9.0,1016.2,0,0,59,9,6,1,1,0,1,0.7071067811865476,-0.7071067811865475
2025-11-30 10:00:00,R5,23.082603151135373,81,2,Local,True,25.0,20.0,29.0,0.0,9.0,1016.2,0,0,59,10,6,1,1,0,1,0.49999999999999994,-0.8660254037844387
2025-11-30 11:00:00,R5,35.623343348648945,139,2,Local,True,25.0,20.0,29.0,0.0,9.0,1016.2,0,0,59,11,6,1,0,0,0,0.258819045102521,-0.9659258262890682
2025-11-30 12:00:00,R5,36.8345891432398,118,2,Local,True,25.0,20.0,29.0,0.0,9.0,1016.2,0,0,59,12,6,1,0,0,0,1.2246467991473532e-16,-1.0
2025-11-30 13:00:00,R5,48.76897120554587,133,2,Local,True,25.0,20.0,29.0,0.0,9.0,1016.2,0,0,59,13,6,1,0,0,0,-0.2588190451025208,-0.9659258262890683
2025-11-30 14:00:00,R5,35.50666361986925,130,2,Local,True,25.0,20.0,29.0,0.0,9.0,1016.2,0,0,59,14,6,1,0,0,0,-0.4999999999999997,-0.8660254037844388
2025-11-30 15:00:00,R5,35.426635898266014,118,2,Local,True,25.0,20.0,29.0,0.0,9.0,1016.2,0,0,59,15,6,1,0,0,0,-0.7071067811865471,-0.7071067811865479
2025-11-30 16:00:00,R5,43.91487208830959,103,2,Local,True,25.0,20.0,29.0,0.0,9.0,1016.2,0,0,59,16,6,1,0,0,0,-0.8660254037844384,-0.5000000000000004
2025-11-30 17:00:00,R5,22.550474159601748,104,2,Local,True,25.0,20.0,29.0,0.0,9.0,1016.2,0,0,59,17,6,1,0,1,1,-0.9659258262890683,-0.25881904510252063
2025-11-30 18:00:00,R5,24.848839749997,81,2,Local,True,25.0,20.0,29.0,0.0,9.0,1016.2,0,0,59,18,6,1,0,1,1,-1.0,-1.8369701987210297e-16
2025-11-30 19:00:00,R5,26.928732068059617,73,2,Local,True,25.0,20.0,29.0,0.0,9.0,1016.2,0,0,59,19,6,1,0,1,1,-0.9659258262890684,0.2588190451025203
2025-11-30 20:00:00,R5,21.30857844315869,104,2,Local,True,25.0,20.0,29.0,0.0,9.0,1016.2,0,0,59,20,6,1,0,1,1,-0.8660254037844386,0.5000000000000001
2025-11-30 21:00:00,R5,36.73447050967928,104,2,Local,True,25.0,20.0,29.0,0.0,9.0,1016.2,0,0,59,21,6,1,0,0,0,-0.7071067811865477,0.7071067811865474
2025-11-30 22:00:00,R5,42.62952395736508,114,2,Local,True,25.0,20.0,29.0,0.0,9.0,1016.2,0,0,59,22,6,1,0,0,0,-0.5000000000000004,0.8660254037844384
2025-11-30 23:00:00,R5,51.189191749180814,137,2,Local,True,25.0,20.0,29.0,0.0,9.0,1016.2,0,0,59,23,6,1,0,0,0,-0.25881904510252157,0.9659258262890681
