datetime,road_id,congestion_level,congestion_cause,primary_driver,confidence_proxy,data_type
2025-11-01 00:00:00,R1,Low,Peak_Hour,road_type_speed_ratio,1.0,real_traffic_weather
2025-11-01 01:00:00,R1,Low,Peak_Hour,road_type_speed_ratio,1.0,real_traffic_weather
2025-11-01 02:00:00,R1,Low,Peak_Hour,road_type_speed_ratio,1.0,real_traffic_weather
2025-11-01 03:00:00,R1,Low,Peak_Hour,road_type_speed_ratio,1.0,real_traffic_weather
2025-11-01 04:00:00,R1,Low,Peak_Hour,road_type_speed_ratio,0.9988149448952405,real_traffic_weather
2025-11-01 05:00:00,R1,Low,Peak_Hour,road_type_speed_ratio,0.9992835176100169,real_traffic_weather
2025-11-01 06:00:00,R1,Low,Peak_Hour,road_type_speed_ratio,1.0,real_traffic_weather
2025-11-01 07:00:00,R1,Medium,Peak_Hour,road_type_speed_ratio,0.8816491223272683,real_traffic_weather
2025-11-01 08:00:00,R1,Medium,Peak_Hour,road_type_speed_ratio,0.8694672913886836,real_traffic_weather
2025-11-01 09:00:00,R1,Medium,Peak_Hour,road_type_speed_ratio,0.8835041392679698,real_traffic_weather
2025-11-01 10:00:00,R1,Medium,Incident,road_type_speed_ratio,0.9131621633697413,proxy_incident
2025-11-01 11:00:00,R1,Low,Peak_Hour,road_type_speed_ratio,0.995,real_traffic_weather
2025-11-01 12:00:00,R1,Low,Peak_Hour,road_type_speed_ratio,1.0,real_traffic_weather
2025-11-01 13:00:00,R1,Low,Peak_Hour,road_type_speed_ratio,1.0,real_traffic_weather
2025-11-01 14:00:00,R1,Low,Peak_Hour,road_type_speed_ratio,1.0,real_traffic_weather
2025-11-01 15:00:00,R1,Low,Peak_Hour,road_type_speed_ratio,1.0,real_traffic_weather
2025-11-01 16:00:00,R1,Low,Peak_Hour,road_type_speed_ratio,1.0,real_traffic_weather
2025-11-01 17:00:00,R1,Medium,Peak_Hour,road_type_speed_ratio,0.8711982459471106,real_traffic_weather
2025-11-01 18:00:00,R1,Medium,Peak_Hour,road_type_speed_ratio,0.8729810852903057,real_traffic_weather
2025-11-01 19:00:00,R1,Medium,Peak_Hour,road_type_speed_ratio,0.882275828474954,real_traffic_weather
2025-11-01 20:00:00,R1,Medium,Peak_Hour,road_type_speed_ratio,0.8687738470650315,real_traffic_weather
2025-11-01 21:00:00,R1,Low,Peak_Hour,road_type_speed_ratio,1.0,real_traffic_weather
2025-11-01 22:00:00,R1,Low,Peak_Hour,road_type_speed_ratio,1.0,real_traffic_weather
2025-11-01 23:00:00,R1,Low,Peak_Hour,road_type_speed_ratio,1.0,real_traffic_weather
2025-11-02 00:00:00,R1,Low,Peak_Hour,road_type_speed_ratio,1.0,real_traffic_weather
2025-11-02 01:00:00,R1,Low,Peak_Hour,road_type_speed_ratio,1.0,real_traffic_weather
2025-11-02 02:00:00,R1,Low,Peak_Hour,road_type_speed_ratio,1.0,real_traffic_weather
2025-11-02 03:00:00,R1,Low,Peak_Hour,road_type_speed_ratio,1.0,real_traffic_weather
2025-11-02 04:00:00,R1,Low,Peak_Hour,road_type_speed_ratio,0.9988149448952405,real_traffic_weather
2025-11-02 05:00:00,R1,Low,Peak_Hour,road_type_speed_ratio,0.9992835176100169,real_traffic_weather
2025-11-02 06:00:00,R1,Low,Peak_Hour,road_type_speed_ratio,1.0,real_traffic_weather
2025-11-02 07:00:00,R1,Medium,Peak_Hour,road_type_speed_ratio,0.8518402004331427,real_traffic_weather
2025-11-02 08:00:00,R1,Medium,Peak_Hour,road_type_speed_ratio,0.8707746800214224,real_traffic_weather
2025-11-02 09:00:00,R1,Medium,Peak_Hour,road_type_speed_ratio,0.8987362550737665,real_traffic_weather
2025-11-02 10:00:00,R1,Medium,Peak_Hour,road_type_speed_ratio,0.8739513508638287,real_traffic_weather
2025-11-02 11:00:00,R1,Low,Peak_Hour,road_type_speed_ratio,1.0,real_traffic_weather
2025-11-02 12:00:00,R1,Low,Peak_Hour,road_type_speed_ratio,1.0,real_traffic_weather
2025-11-02 13:00:00,R1,Low,Peak_Hour,road_type_speed_ratio,1.0,real_traffic_weather
2025-11-02 14:00:00,R1,Low,Peak_Hour,road_type_speed_ratio,1.0,real_traffic_weather
2025-11-02 15:00:00,R1,Low,Peak_Hour,road_type_speed_ratio,1.0,real_traffic_weather
2025-11-02 16:00:00,R1,Low,Peak_Hour,road_type_speed_ratio,1.0,real_traffic_weather
2025-11-02 17:00:00,R1,Medium,Peak_Hour,road_type_speed_ratio,0.8897103354909465,real_traffic_weather
2025-11-02 18:00:00,R1,Medium,Peak_Hour,road_type_speed_ratio,0.8848928283099312,real_traffic_weather
2025-11-02 19:00:00,R1,Medium,Peak_Hour,road_type_speed_ratio,0.8783208336689153,real_traffic_weather
2025-11-02 20:00:00,R1,Medium,Peak_Hour,road_type_speed_ratio,0.8853817786673298,real_traffic_weather
2025-11-02 21:00:00,R1,Low,Peak_Hour,road_type_speed_ratio,1.0,real_traffic_weather
2025-11-02 22:00:00,R1,Low,Peak_Hour,road_type_speed_ratio,1.0,real_traffic_weather
2025-11-02 23:00:00,R1,Low,Peak_Hour,road_type_speed_ratio,1.0,real_traffic_weather
2025-11-03 00:00:00,R1,Low,Peak_Hour,road_type_speed_ratio,1.0,real_traffic_weather
2025-11-03 01:00:00,R1,Low,Peak_Hour,road_type_speed_ratio,1.0,real_traffic_weather
2025-11-03 02:00:00,R1,Low,Peak_Hour,road_type_speed_ratio,1.0,real_traffic_weather
2025-11-03 03:00:00,R1,Low,Peak_Hour,road_type_speed_ratio,1.0,real_traffic_weather
2025-11-03 04:00:00,R1,Low,Peak_Hour,road_type_speed_ratio,1.0,real_traffic_weather
2025-11-03 05:00:00,R1,Low,Peak_Hour,road_type_speed_ratio,1.0,real_traffic_weather
2025-11-03 06:00:00,R1,Low,Peak_Hour,road_type_speed_ratio,1.0,real_traffic_weather
2025-11-03 07:00:00,R1,Medium,Peak_Hour,road_type_speed_ratio,0.8621037211884466,real_traffic_weather
2025-11-03 08:00:00,R1,Medium,Peak_Hour,road_type_speed_ratio,0.8503428761593987,real_traffic_weather
2025-11-03 09:00:00,R1,Medium,Peak_Hour,road_type_speed_ratio,0.8691315156064023,real_traffic_weather
2025-11-03 10:00:00,R1,Medium,Peak_Hour,road_type_speed_ratio,0.8912229058731517,real_traffic_weather
2025-11-03 11:00:00,R1,Low,Peak_Hour,road_type_speed_ratio,1.0,real_traffic_weather
2025-11-03 12:00:00,R1,Low,Peak_Hour,road_type_speed_ratio,1.0,real_traffic_weather
2025-11-03 13:00:00,R1,Low,Peak_Hour,road_type_speed_ratio,1.0,real_traffic_weather
2025-11-03 14:00:00,R1,Low,Peak_Hour,road_type_speed_ratio,1.0,real_traffic_weather
2025-11-03 15:00:00,R1,Low,Peak_Hour,road_type_speed_ratio,0.9995999100462035,real_traffic_weather
2025-11-03 16:00:00,R1,Low,Peak_Hour,road_type_speed_ratio,0.9922263236768484,real_traffic_weather
2025-11-03 17:00:00,R1,Medium,Peak_Hour,road_type_speed_ratio,0.8732140124923674,real_traffic_weather
2025-11-03 18:00:00,R1,Medium,Peak_Hour,road_type_speed_ratio,0.871008130075219,real_traffic_weather
2025-11-03 19:00:00,R1,Medium,Peak_Hour,road_type_speed_ratio,0.8808930524072273,real_traffic_weather
2025-11-03 20:00:00,R1,Medium,Peak_Hour,road_type_speed_ratio,0.8610148523057795,real_traffic_weather
2025-11-03 21:00:00,R1,Low,Peak_Hour,road_type_speed_ratio,1.0,real_traffic_weather
2025-11-03 22:00:00,R1,Low,Peak_Hour,road_type_speed_ratio,1.0,real_traffic_weather
2025-11-03 23:00:00,R1,Low,Incident,road_type_speed_ratio,1.0,proxy_incident
2025-11-04 00:00:00,R1,Low,Peak_Hour,road_type_speed_ratio,1.0,real_traffic_weather
2025-11-04 01:00:00,R1,Low,Peak_Hour,road_type_speed_ratio,1.0,real_traffic_weather
2025-11-04 02:00:00,R1,Low,Peak_Hour,road_type_speed_ratio,1.0,real_traffic_weather
2025-11-04 03:00:00,R1,Low,Peak_Hour,road_type_speed_ratio,1.0,real_traffic_weather
2025-11-04 04:00:00,R1,Low,Peak_Hour,road_type_speed_ratio,1.0,real_traffic_weather
2025-11-04 05:00:00,R1,Low,Peak_Hour,road_type_speed_ratio,1.0,real_traffic_weather
2025-11-04 06:00:00,R1,Low,Peak_Hour,road_type_speed_ratio,1.0,real_traffic_weather
2025-11-04 07:00:00,R1,Medium,Peak_Hour,road_type_speed_ratio,0.8660250668684129,real_traffic_weather
2025-11-04 08:00:00,R1,Medium,Peak_Hour,road_type_speed_ratio,0.8638844599082902,real_traffic_weather
2025-11-04 09:00:00,R1,Medium,Peak_Hour,road_type_speed_ratio,0.8691964458867697,real_traffic_weather
2025-11-04 10:00:00,R1,Medium,Peak_Hour,road_type_speed_ratio,0.9011391723634987,real_traffic_weather
2025-11-04 11:00:00,R1,Low,Peak_Hour,road_type_speed_ratio,1.0,real_traffic_weather
2025-11-04 12:00:00,R1,Low,Peak_Hour,road_type_speed_ratio,1.0,real_traffic_weather
2025-11-04 13:00:00,R1,Low,Peak_Hour,road_type_speed_ratio,1.0,real_traffic_weather
2025-11-04 14:00:00,R1,Low,Peak_Hour,road_type_speed_ratio,1.0,real_traffic_weather
2025-11-04 15:00:00,R1,Low,Peak_Hour,road_type_speed_ratio,1.0,real_traffic_weather
2025-11-04 16:00:00,R1,Low,Peak_Hour,road_type_speed_ratio,0.9995999100462035,real_traffic_weather
2025-11-04 17:00:00,R1,Medium,Peak_Hour,road_type_speed_ratio,0.8625364535095664,real_traffic_weather
2025-11-04 18:00:00,R1,Medium,Peak_Hour,road_type_speed_ratio,0.849265306379739,real_traffic_weather
2025-11-04 19:00:00,R1,Medium,Peak_Hour,road_type_speed_ratio,0.866598477950474,real_traffic_weather
2025-11-04 20:00:00,R1,Medium,Peak_Hour,road_type_speed_ratio,0.8569809118211862,real_traffic_weather
2025-11-04 21:00:00,R1,Low,Peak_Hour,road_type_speed_ratio,1.0,real_traffic_weather
2025-11-04 22:00:00,R1,Low,Peak_Hour,road_type_speed_ratio,1.0,real_traffic_weather
2025-11-04 23:00:00,R1,Low,Peak_Hour,road_type_speed_ratio,1.0,real_traffic_weather
2025-11-05 00:00:00,R1,Low,Incident,road_type_speed_ratio,1.0,proxy_incident
2025-11-05 01:00:00,R1,Low,Peak_Hour,road_type_speed_ratio,1.0,real_traffic_weather
2025-11-05 02:00:00,R1,Low,Peak_Hour,road_type_speed_ratio,1.0,real_traffic_weather
2025-11-05 03:00:00,R1,Low,Peak_Hour,road_type_speed_ratio,1.0,real_traffic_weather
2025-11-05 04:00:00,R1,Low,Peak_Hour,road_type_speed_ratio,1.0,real_traffic_weather
2025-11-05 05:00:00,R1,Low,Peak_Hour,road_type_speed_ratio,1.0,real_traffic_weather
2025-11-05 06:00:00,R1,Low,Peak_Hour,road_type_speed_ratio,1.0,real_traffic_weather
2025-11-05 07:00:00,R1,Medium,Peak_Hour,road_type_speed_ratio,0.8885592351110482,real_traffic_weather
2025-11-05 08:00:00,R1,Medium,Peak_Hour,road_type_speed_ratio,0.8636871488635731,real_traffic_weather
2025-11-05 09:00:00,R1,Medium,Peak_Hour,road_type_speed_ratio,0.8607131327616417,real_traffic_weather
2025-11-05 10:00:00,R1,Medium,Peak_Hour,road_type_speed_ratio,0.8710530325224901,real_traffic_weather
2025-11-05 11:00:00,R1,Low,Peak_Hour,road_type_speed_ratio,1.0,real_traffic_weather
2025-11-05 12:00:00,R1,Low,Peak_Hour,road_type_speed_ratio,1.0,real_traffic_weather
2025-11-05 13:00:00,R1,Low,Peak_Hour,road_type_speed_ratio,1.0,real_traffic_weather
2025-11-05 14:00:00,R1,Low,Peak_Hour,road_type_speed_ratio,1.0,real_traffic_weather
2025-11-05 15:00:00,R1,Low,Peak_Hour,road_type_speed_ratio,1.0,real_traffic_weather
2025-11-05 16:00:00,R1,Low,Peak_Hour,road_type_speed_ratio,0.9956512449229106,real_traffic_weather
2025-11-05 17:00:00,R1,Medium,Peak_Hour,road_type_speed_ratio,0.8483756414081105,real_traffic_weather
2025-11-05 18:00:00,R1,Medium,Peak_Hour,road_type_speed_ratio,0.8519984115725947,real_traffic_weather
2025-11-05 19:00:00,R1,Medium,Peak_Hour,road_type_speed_ratio,0.8666838365326892,real_traffic_weather
2025-11-05 20:00:00,R1,Medium,Peak_Hour,road_type_speed_ratio,0.8601307006628831,real_traffic_weather
2025-11-05 21:00:00,R1,Low,Peak_Hour,road_type_speed_ratio,0.9995999100462035,real_traffic_weather
2025-11-05 22:00:00,R1,Low,Peak_Hour,road_type_speed_ratio,1.0,real_traffic_weather
2025-11-05 23:00:00,R1,Low,Peak_Hour,road_type_speed_ratio,1.0,real_traffic_weather
2025-11-06 00:00:00,R1,Low,Peak_Hour,road_type_speed_ratio,1.0,real_traffic_weather
2025-11-06 01:00:00,R1,Low,Peak_Hour,road_type_speed_ratio,1.0,real_traffic_weather
2025-11-06 02:00:00,R1,Low,Peak_Hour,road_type_speed_ratio,1.0,real_traffic_weather
2025-11-06 03:00:00,R1,Low,Peak_Hour,road_type_speed_ratio,1.0,real_traffic_weather
2025-11-06 04:00:00,R1,Low,Peak_Hour,road_type_speed_ratio,1.0,real_traffic_weather
2025-11-06 05:00:00,R1,Low,Incident,road_type_speed_ratio,1.0,proxy_incident
2025-11-06 06:00:00,R1,Low,Peak_Hour,road_type_speed_ratio,1.0,real_traffic_weather
2025-11-06 07:00:00,R1,Medium,Peak_Hour,road_type_speed_ratio,0.8775837959237723,real_traffic_weather
2025-11-06 08:00:00,R1,Medium,Peak_Hour,road_type_speed_ratio,0.8696680595788717,real_traffic_weather
2025-11-06 09:00:00,R1,Medium,Peak_Hour,road_type_speed_ratio,0.8559836892888893,real_traffic_weather
2025-11-06 10:00:00,R1,Medium,Peak_Hour,road_type_speed_ratio,0.8738934236520255,real_traffic_weather
2025-11-06 11:00:00,R1,Low,Peak_Hour,road_type_speed_ratio,1.0,real_traffic_weather
2025-11-06 12:00:00,R1,Low,Peak_Hour,road_type_speed_ratio,1.0,real_traffic_weather
2025-11-06 13:00:00,R1,Low,Peak_Hour,road_type_speed_ratio,1.0,real_traffic_weather
2025-11-06 14:00:00,R1,Low,Peak_Hour,road_type_speed_ratio,1.0,real_traffic_weather
2025-11-06 15:00:00,R1,Low,Peak_Hour,road_type_speed_ratio,0.9995999100462035,real_traffic_weather
2025-11-06 16:00:00,R1,Low,Peak_Hour,road_type_speed_ratio,1.0,real_traffic_weather
2025-11-06 17:00:00,R1,Medium,Peak_Hour,road_type_speed_ratio,0.8685364688933235,real_traffic_weather
2025-11-06 18:00:00,R1,Medium,Peak_Hour,road_type_speed_ratio,0.8572138808832461,real_traffic_weather
2025-11-06 19:00:00,R1,Medium,Peak_Hour,road_type_speed_ratio,0.8669538905486195,real_traffic_weather
2025-11-06 20:00:00,R1,Medium,Peak_Hour,road_type_speed_ratio,0.8611553721432134,real_traffic_weather
2025-11-06 21:00:00,R1,Low,Peak_Hour,road_type_speed_ratio,1.0,real_traffic_weather
2025-11-06 22:00:00,R1,Low,Peak_Hour,road_type_speed_ratio,1.0,real_traffic_weather
2025-11-06 23:00:00,R1,Low,Peak_Hour,road_type_speed_ratio,1.0,real_traffic_weather
2025-11-07 00:00:00,R1,Low,Peak_Hour,road_type_speed_ratio,1.0,real_traffic_weather
2025-11-07 01:00:00,R1,Low,Peak_Hour,road_type_speed_ratio,1.0,real_traffic_weather
2025-11-07 02:00:00,R1,Low,Peak_Hour,road_type_speed_ratio,1.0,real_traffic_weather
2025-11-07 03:00:00,R1,Low,Peak_Hour,road_type_speed_ratio,0.995,real_traffic_weather
2025-11-07 04:00:00,R1,Low,Peak_Hour,road_type_speed_ratio,1.0,real_traffic_weather
2025-11-07 05:00:00,R1,Low,Peak_Hour,road_type_speed_ratio,1.0,real_traffic_weather
2025-11-07 06:00:00,R1,Low,Peak_Hour,road_type_speed_ratio,1.0,real_traffic_weather
2025-11-07 07:00:00,R1,Medium,Peak_Hour,road_type_speed_ratio,0.8617674958823299,real_traffic_weather
2025-11-07 08:00:00,R1,Medium,Peak_Hour,road_type_speed_ratio,0.8563595719897548,real_traffic_weather
2025-11-07 09:00:00,R1,Medium,Peak_Hour,road_type_speed_ratio,0.8677503322760254,real_traffic_weather
2025-11-07 10:00:00,R1,Medium,Peak_Hour,road_type_speed_ratio,0.8785681897774984,real_traffic_weather
2025-11-07 11:00:00,R1,Low,Peak_Hour,road_type_speed_ratio,1.0,real_traffic_weather
2025-11-07 12:00:00,R1,Low,Peak_Hour,road_type_speed_ratio,1.0,real_traffic_weather
2025-11-07 13:00:00,R1,Low,Peak_Hour,road_type_speed_ratio,1.0,real_traffic_weather
2025-11-07 14:00:00,R1,Low,Peak_Hour,road_type_speed_ratio,1.0,real_traffic_weather
2025-11-07 15:00:00,R1,Low,Peak_Hour,road_type_speed_ratio,0.9985313286330769,real_traffic_weather
2025-11-07 16:00:00,R1,Low,Peak_Hour,road_type_speed_ratio,1.0,real_traffic_weather
2025-11-07 17:00:00,R1,Medium,Peak_Hour,road_type_speed_ratio,0.8728896771381632,real_traffic_weather
2025-11-07 18:00:00,R1,Medium,Peak_Hour,road_type_speed_ratio,0.855677011222511,real_traffic_weather
2025-11-07 19:00:00,R1,Medium,Peak_Hour,road_type_speed_ratio,0.8725095235641268,real_traffic_weather
2025-11-07 20:00:00,R1,Medium,Peak_Hour,road_type_speed_ratio,0.8703048537878649,real_traffic_weather
2025-11-07 21:00:00,R1,Low,Peak_Hour,road_type_speed_ratio,0.9995999100462035,real_traffic_weather
2025-11-07 22:00:00,R1,Low,Peak_Hour,road_type_speed_ratio,1.0,real_traffic_weather
2025-11-07 23:00:00,R1,Low,Incident,road_type_speed_ratio,1.0,proxy_incident
2025-11-08 00:00:00,R1,Low,Peak_Hour,road_type_speed_ratio,1.0,real_traffic_weather
2025-11-08 01:00:00,R1,Low,Peak_Hour,road_type_speed_ratio,1.0,real_traffic_weather
2025-11-08 02:00:00,R1,Low,Peak_Hour,road_type_speed_ratio,1.0,real_traffic_weather
2025-11-08 03:00:00,R1,Low,Peak_Hour,road_type_speed_ratio,0.98,real_traffic_weather
2025-11-08 04:00:00,R1,Low,Peak_Hour,road_type_speed_ratio,0.9938149448952405,real_traffic_weather
2025-11-08 05:00:00,R1,Low,Peak_Hour,road_type_speed_ratio,0.9992835176100169,real_traffic_weather
2025-11-08 06:00:00,R1,Low,Peak_Hour,road_type_speed_ratio,1.0,real_traffic_weather
2025-11-08 07:00:00,R1,Medium,Peak_Hour,road_type_speed_ratio,0.8664543339862104,real_traffic_weather
2025-11-08 08:00:00,R1,Medium,Peak_Hour,road_type_speed_ratio,0.8628286475734097,real_traffic_weather
2025-11-08 09:00:00,R1,Medium,Peak_Hour,road_type_speed_ratio,0.8835041392679698,real_traffic_weather
2025-11-08 10:00:00,R1,Medium,Peak_Hour,road_type_speed_ratio,0.8800401921354596,real_traffic_weather
2025-11-08 11:00:00,R1,Low,Peak_Hour,road_type_speed_ratio,1.0,real_traffic_weather
2025-11-08 12:00:00,R1,Low,Peak_Hour,road_type_speed_ratio,1.0,real_traffic_weather
2025-11-08 13:00:00,R1,Low,Peak_Hour,road_type_speed_ratio,1.0,real_traffic_weather
2025-11-08 14:00:00,R1,Low,Peak_Hour,road_type_speed_ratio,1.0,real_traffic_weather
2025-11-08 15:00:00,R1,Low,Peak_Hour,road_type_speed_ratio,1.0,real_traffic_weather
2025-11-08 16:00:00,R1,Low,Peak_Hour,road_type_speed_ratio,1.0,real_traffic_weather
2025-11-08 17:00:00,R1,Medium,Peak_Hour,road_type_speed_ratio,0.8655050273938194,real_traffic_weather
2025-11-08 18:00:00,R1,Medium,Peak_Hour,road_type_speed_ratio,0.8765203755894304,real_traffic_weather
2025-11-08 19:00:00,R1,Medium,Peak_Hour,road_type_speed_ratio,0.8765604599755872,real_traffic_weather
2025-11-08 20:00:00,R1,Medium,Peak_Hour,road_type_speed_ratio,0.8567814982282157,real_traffic_weather
2025-11-08 21:00:00,R1,Low,Peak_Hour,road_type_speed_ratio,1.0,real_traffic_weather
2025-11-08 22:00:00,R1,Low,Peak_Hour,road_type_speed_ratio,1.0,real_traffic_weather
2025-11-08 23:00:00,R1,Low,Peak_Hour,road_type_speed_ratio,1.0,real_traffic_weather
2025-11-09 00:00:00,R1,Low,Peak_Hour,road_type_speed_ratio,1.0,real_traffic_weather
2025-11-09 01:00:00,R1,Low,Peak_Hour,road_type_speed_ratio,1.0,real_traffic_weather
2025-11-09 02:00:00,R1,Low,Peak_Hour,road_type_speed_ratio,1.0,real_traffic_weather
2025-11-09 03:00:00,R1,Low,Peak_Hour,road_type_speed_ratio,1.0,real_traffic_weather
2025-11-09 04:00:00,R1,Low,Peak_Hour,road_type_speed_ratio,0.99,real_traffic_weather
2025-11-09 05:00:00,R1,Low,Peak_Hour,road_type_speed_ratio,0.9963246424966209,real_traffic_weather
2025-11-09 06:00:00,R1,Low,Peak_Hour,road_type_speed_ratio,0.9970411248866041,real_traffic_weather
2025-11-09 07:00:00,R1,Medium,Peak_Hour,road_type_speed_ratio,0.8770266205400994,real_traffic_weather
2025-11-09 08:00:00,R1,Medium,Incident,road_type_speed_ratio,0.9121384342487485,proxy_incident
2025-11-09 09:00:00,R1,Medium,Peak_Hour,road_type_speed_ratio,0.9041510929521643,real_traffic_weather
2025-11-09 10:00:00,R1,Medium,Incident,road_type_speed_ratio,0.924852560129741,proxy_incident
2025-11-09 11:00:00,R1,Low,Peak_Hour,road_type_speed_ratio,1.0,real_traffic_weather
2025-11-09 12:00:00,R1,Low,Peak_Hour,road_type_speed_ratio,1.0,real_traffic_weather
2025-11-09 13:00:00,R1,Low,Peak_Hour,road_type_speed_ratio,1.0,real_traffic_weather
2025-11-09 14:00:00,R1,Low,Peak_Hour,road_type_speed_ratio,1.0,real_traffic_weather
2025-11-09 15:00:00,R1,Low,Peak_Hour,road_type_speed_ratio,1.0,real_traffic_weather
2025-11-09 16:00:00,R1,Low,Peak_Hour,road_type_speed_ratio,1.0,real_traffic_weather
2025-11-09 17:00:00,R1,Medium,Peak_Hour,road_type_speed_ratio,0.8788290471918608,real_traffic_weather
2025-11-09 18:00:00,R1,Medium,Peak_Hour,road_type_speed_ratio,0.8879600822112775,real_traffic_weather
2025-11-09 19:00:00,R1,Medium,Peak_Hour,road_type_speed_ratio,0.8687398972914987,real_traffic_weather
2025-11-09 20:00:00,R1,Medium,Peak_Hour,road_type_speed_ratio,0.8824946397786352,real_traffic_weather
2025-11-09 21:00:00,R1,Low,Peak_Hour,road_type_speed_ratio,1.0,real_traffic_weather
2025-11-09 22:00:00,R1,Low,Peak_Hour,road_type_speed_ratio,1.0,real_traffic_weather
2025-11-09 23:00:00,R1,Low,Peak_Hour,road_type_speed_ratio,1.0,real_traffic_weather
2025-11-10 00:00:00,R1,Low,Peak_Hour,road_type_speed_ratio,1.0,real_traffic_weather
2025-11-10 01:00:00,R1,Low,Peak_Hour,road_type_speed_ratio,1.0,real_traffic_weather
2025-11-10 02:00:00,R1,Low,Peak_Hour,road_type_speed_ratio,1.0,real_traffic_weather
2025-11-10 03:00:00,R1,Low,Peak_Hour,road_type_speed_ratio,1.0,real_traffic_weather
2025-11-10 04:00:00,R1,Low,Peak_Hour,road_type_speed_ratio,1.0,real_traffic_weather
2025-11-10 05:00:00,R1,Low,Peak_Hour,road_type_speed_ratio,1.0,real_traffic_weather
2025-11-10 06:00:00,R1,Low,Peak_Hour,road_type_speed_ratio,1.0,real_traffic_weather
2025-11-10 07:00:00,R1,Medium,Peak_Hour,road_type_speed_ratio,0.8397556665986697,real_traffic_weather
2025-11-10 08:00:00,R1,Medium,Peak_Hour,road_type_speed_ratio,0.8665966752630699,real_traffic_weather
2025-11-10 09:00:00,R1,Medium,Peak_Hour,road_type_speed_ratio,0.8778672891378182,real_traffic_weather
2025-11-10 10:00:00,R1,Medium,Peak_Hour,road_type_speed_ratio,0.8922373917765134,real_traffic_weather
2025-11-10 11:00:00,R1,Low,Peak_Hour,road_type_speed_ratio,1.0,real_traffic_weather
2025-11-10 12:00:00,R1,Low,Peak_Hour,road_type_speed_ratio,1.0,real_traffic_weather
2025-11-10 13:00:00,R1,Low,Peak_Hour,road_type_speed_ratio,1.0,real_traffic_weather
2025-11-10 14:00:00,R1,Low,Incident,road_type_speed_ratio,0.995,proxy_incident
2025-11-10 15:00:00,R1,Low,Peak_Hour,road_type_speed_ratio,1.0,real_traffic_weather
2025-11-10 16:00:00,R1,Low,Peak_Hour,road_type_speed_ratio,0.9995999100462035,real_traffic_weather
2025-11-10 17:00:00,R1,Medium,Peak_Hour,road_type_speed_ratio,0.8720945228081805,real_traffic_weather
2025-11-10 18:00:00,R1,Medium,Peak_Hour,road_type_speed_ratio,0.8669186293203718,real_traffic_weather
2025-11-10 19:00:00,R1,Medium,Peak_Hour,road_type_speed_ratio,0.876612330247355,real_traffic_weather
2025-11-10 20:00:00,R1,Medium,Incident,road_type_speed_ratio,0.9164060530847429,proxy_incident
2025-11-10 21:00:00,R1,Low,Peak_Hour,road_type_speed_ratio,1.0,real_traffic_weather
2025-11-10 22:00:00,R1,Low,Peak_Hour,road_type_speed_ratio,1.0,real_traffic_weather
2025-11-10 23:00:00,R1,Low,Peak_Hour,road_type_speed_ratio,1.0,real_traffic_weather
2025-11-11 00:00:00,R1,Low,Peak_Hour,road_type_speed_ratio,1.0,real_traffic_weather
2025-11-11 01:00:00,R1,Low,Peak_Hour,road_type_speed_ratio,1.0,real_traffic_weather
2025-11-11 02:00:00,R1,Low,Peak_Hour,road_type_speed_ratio,1.0,real_traffic_weather
2025-11-11 03:00:00,R1,Low,Peak_Hour,road_type_speed_ratio,1.0,real_traffic_weather
2025-11-11 04:00:00,R1,Low,Peak_Hour,road_type_speed_ratio,1.0,real_traffic_weather
2025-11-11 05:00:00,R1,Low,Peak_Hour,road_type_speed_ratio,1.0,real_traffic_weather
2025-11-11 06:00:00,R1,Low,Peak_Hour,road_type_speed_ratio,1.0,real_traffic_weather
2025-11-11 07:00:00,R1,Medium,Peak_Hour,road_type_speed_ratio,0.8672359261157528,real_traffic_weather
2025-11-11 08:00:00,R1,Medium,Peak_Hour,road_type_speed_ratio,0.8638844599082902,real_traffic_weather
2025-11-11 09:00:00,R1,Medium,Peak_Hour,road_type_speed_ratio,0.8768054514875772,real_traffic_weather
2025-11-11 10:00:00,R1,Medium,Peak_Hour,road_type_speed_ratio,0.8897792983738104,real_traffic_weather
2025-11-11 11:00:00,R1,Low,Peak_Hour,road_type_speed_ratio,1.0,real_traffic_weather
2025-11-11 12:00:00,R1,Low,Peak_Hour,road_type_speed_ratio,1.0,real_traffic_weather
2025-11-11 13:00:00,R1,Low,Peak_Hour,road_type_speed_ratio,1.0,real_traffic_weather
2025-11-11 14:00:00,R1,Low,Peak_Hour,road_type_speed_ratio,1.0,real_traffic_weather
2025-11-11 15:00:00,R1,Low,Peak_Hour,road_type_speed_ratio,0.995,real_traffic_weather
2025-11-11 16:00:00,R1,Low,Peak_Hour,road_type_speed_ratio,1.0,real_traffic_weather
2025-11-11 17:00:00,R1,Medium,Peak_Hour,road_type_speed_ratio,0.8625364535095664,real_traffic_weather
2025-11-11 18:00:00,R1,Medium,Peak_Hour,road_type_speed_ratio,0.8602739120572062,real_traffic_weather
2025-11-11 19:00:00,R1,Medium,Peak_Hour,road_type_speed_ratio,0.8673593078610127,real_traffic_weather
2025-11-11 20:00:00,R1,Medium,Peak_Hour,road_type_speed_ratio,0.8483233954224899,real_traffic_weather
2025-11-11 21:00:00,R1,Low,Peak_Hour,road_type_speed_ratio,1.0,real_traffic_weather
2025-11-11 22:00:00,R1,Low,Peak_Hour,road_type_speed_ratio,1.0,real_traffic_weather
2025-11-11 23:00:00,R1,Low,Peak_Hour,road_type_speed_ratio,1.0,real_traffic_weather
2025-11-12 00:00:00,R1,Low,Peak_Hour,road_type_speed_ratio,1.0,real_traffic_weather
2025-11-12 01:00:00,R1,Low,Peak_Hour,road_type_speed_ratio,1.0,real_traffic_weather
2025-11-12 02:00:00,R1,Low,Peak_Hour,road_type_speed_ratio,1.0,real_traffic_weather
2025-11-12 03:00:00,R1,Low,Peak_Hour,road_type_speed_ratio,1.0,real_traffic_weather
2025-11-12 04:00:00,R1,Low,Peak_Hour,road_type_speed_ratio,1.0,real_traffic_weather
2025-11-12 05:00:00,R1,Low,Peak_Hour,road_type_speed_ratio,1.0,real_traffic_weather
2025-11-12 06:00:00,R1,Low,Peak_Hour,road_type_speed_ratio,1.0,real_traffic_weather
2025-11-12 07:00:00,R1,Medium,Peak_Hour,road_type_speed_ratio,0.8542925264515024,real_traffic_weather
2025-11-12 08:00:00,R1,Medium,Peak_Hour,road_type_speed_ratio,0.8636871488635731,real_traffic_weather
2025-11-12 09:00:00,R1,Medium,Peak_Hour,road_type_speed_ratio,0.8608827858564853,real_traffic_weather
2025-11-12 10:00:00,R1,Medium,Peak_Hour,road_type_speed_ratio,0.8873938134222108,real_traffic_weather
2025-11-12 11:00:00,R1,Low,Peak_Hour,road_type_speed_ratio,1.0,real_traffic_weather
2025-11-12 12:00:00,R1,Low,Peak_Hour,road_type_speed_ratio,1.0,real_traffic_weather
2025-11-12 13:00:00,R1,Low,Peak_Hour,road_type_speed_ratio,1.0,real_traffic_weather
2025-11-12 14:00:00,R1,Low,Peak_Hour,road_type_speed_ratio,1.0,real_traffic_weather
2025-11-12 15:00:00,R1,Low,Peak_Hour,road_type_speed_ratio,0.9995999100462035,real_traffic_weather
2025-11-12 16:00:00,R1,Low,Peak_Hour,road_type_speed_ratio,0.9956512449229106,real_traffic_weather
2025-11-12 17:00:00,R1,Medium,Peak_Hour,road_type_speed_ratio,0.8484550421968251,real_traffic_weather
2025-11-12 18:00:00,R1,Medium,Peak_Hour,road_type_speed_ratio,0.8519984115725947,real_traffic_weather
2025-11-12 19:00:00,R1,Medium,Peak_Hour,road_type_speed_ratio,0.8614280216243212,real_traffic_weather
2025-11-12 20:00:00,R1,Medium,Peak_Hour,road_type_speed_ratio,0.8587641978571147,real_traffic_weather
2025-11-12 21:00:00,R1,Low,Peak_Hour,road_type_speed_ratio,0.995934773577067,real_traffic_weather
2025-11-12 22:00:00,R1,Low,Peak_Hour,road_type_speed_ratio,1.0,real_traffic_weather
2025-11-12 23:00:00,R1,Low,Peak_Hour,road_type_speed_ratio,1.0,real_traffic_weather
2025-11-13 00:00:00,R1,Low,Peak_Hour,road_type_speed_ratio,1.0,real_traffic_weather
2025-11-13 01:00:00,R1,Low,Peak_Hour,road_type_speed_ratio,1.0,real_traffic_weather
2025-11-13 02:00:00,R1,Low,Peak_Hour,road_type_speed_ratio,1.0,real_traffic_weather
2025-11-13 03:00:00,R1,Low,Peak_Hour,road_type_speed_ratio,1.0,real_traffic_weather
2025-11-13 04:00:00,R1,Low,Peak_Hour,road_type_speed_ratio,1.0,real_traffic_weather
2025-11-13 05:00:00,R1,Low,Peak_Hour,road_type_speed_ratio,1.0,real_traffic_weather
2025-11-13 06:00:00,R1,Low,Peak_Hour,road_type_speed_ratio,1.0,real_traffic_weather
2025-11-13 07:00:00,R1,Medium,Peak_Hour,road_type_speed_ratio,0.8609462176136714,real_traffic_weather
2025-11-13 08:00:00,R1,Medium,Peak_Hour,road_type_speed_ratio,0.8560519087174576,real_traffic_weather
2025-11-13 09:00:00,R1,Medium,Peak_Hour,road_type_speed_ratio,0.851169923381798,real_traffic_weather
2025-11-13 10:00:00,R1,Medium,Peak_Hour,road_type_speed_ratio,0.8775283867522166,real_traffic_weather
2025-11-13 11:00:00,R1,Low,Peak_Hour,road_type_speed_ratio,1.0,real_traffic_weather
2025-11-13 12:00:00,R1,Low,Peak_Hour,road_type_speed_ratio,1.0,real_traffic_weather
2025-11-13 13:00:00,R1,Low,Peak_Hour,road_type_speed_ratio,1.0,real_traffic_weather
2025-11-13 14:00:00,R1,Low,Peak_Hour,road_type_speed_ratio,1.0,real_traffic_weather
2025-11-13 15:00:00,R1,Low,Peak_Hour,road_type_speed_ratio,0.9995999100462035,real_traffic_weather
2025-11-13 16:00:00,R1,Low,Peak_Hour,road_type_speed_ratio,0.9995999100462035,real_traffic_weather
2025-11-13 17:00:00,R1,Medium,Peak_Hour,road_type_speed_ratio,0.8683967694024504,real_traffic_weather
2025-11-13 18:00:00,R1,Medium,Peak_Hour,road_type_speed_ratio,0.8625083292601273,real_traffic_weather
2025-11-13 19:00:00,R1,Medium,Peak_Hour,road_type_speed_ratio,0.8697930611418994,real_traffic_weather
2025-11-13 20:00:00,R1,Medium,Peak_Hour,road_type_speed_ratio,0.8547012725954088,real_traffic_weather
2025-11-13 21:00:00,R1,Low,Peak_Hour,road_type_speed_ratio,0.9945999100462035,real_traffic_weather
2025-11-13 22:00:00,R1,Low,Peak_Hour,road_type_speed_ratio,1.0,real_traffic_weather
2025-11-13 23:00:00,R1,Low,Peak_Hour,road_type_speed_ratio,1.0,real_traffic_weather
2025-11-14 00:00:00,R1,Low,Peak_Hour,road_type_speed_ratio,1.0,real_traffic_weather
2025-11-14 01:00:00,R1,Low,Peak_Hour,road_type_speed_ratio,1.0,real_traffic_weather
2025-11-14 02:00:00,R1,Low,Peak_Hour,road_type_speed_ratio,1.0,real_traffic_weather
2025-11-14 03:00:00,R1,Low,Peak_Hour,road_type_speed_ratio,1.0,real_traffic_weather
2025-11-14 04:00:00,R1,Low,Peak_Hour,road_type_speed_ratio,1.0,real_traffic_weather
2025-11-14 05:00:00,R1,Low,Peak_Hour,road_type_speed_ratio,1.0,real_traffic_weather
2025-11-14 06:00:00,R1,Low,Peak_Hour,road_type_speed_ratio,1.0,real_traffic_weather
2025-11-14 07:00:00,R1,Medium,Peak_Hour,road_type_speed_ratio,0.8444932615224267,real_traffic_weather
2025-11-14 08:00:00,R1,Medium,Peak_Hour,road_type_speed_ratio,0.8654280691538924,real_traffic_weather
2025-11-14 09:00:00,R1,Medium,Peak_Hour,road_type_speed_ratio,0.8611690290748831,real_traffic_weather
2025-11-14 10:00:00,R1,Medium,Peak_Hour,road_type_speed_ratio,0.8875876970403376,real_traffic_weather
2025-11-14 11:00:00,R1,Low,Incident,road_type_speed_ratio,0.995,proxy_incident
2025-11-14 12:00:00,R1,Low,Peak_Hour,road_type_speed_ratio,1.0,real_traffic_weather
2025-11-14 13:00:00,R1,Low,Peak_Hour,road_type_speed_ratio,1.0,real_traffic_weather
2025-11-14 14:00:00,R1,Low,Peak_Hour,road_type_speed_ratio,1.0,real_traffic_weather
2025-11-14 15:00:00,R1,Low,Peak_Hour,road_type_speed_ratio,0.9985313286330769,real_traffic_weather
2025-11-14 16:00:00,R1,Low,Peak_Hour,road_type_speed_ratio,1.0,real_traffic_weather
2025-11-14 17:00:00,R1,Medium,Peak_Hour,road_type_speed_ratio,0.8626325433646501,real_traffic_weather
2025-11-14 18:00:00,R1,Medium,Peak_Hour,road_type_speed_ratio,0.8665725527456501,real_traffic_weather
2025-11-14 19:00:00,R1,Medium,Peak_Hour,road_type_speed_ratio,0.8725095235641268,real_traffic_weather
2025-11-14 20:00:00,R1,Medium,Peak_Hour,road_type_speed_ratio,0.8652317626838644,real_traffic_weather
2025-11-14 21:00:00,R1,Low,Peak_Hour,road_type_speed_ratio,0.9995999100462035,real_traffic_weather
2025-11-14 22:00:00,R1,Low,Peak_Hour,road_type_speed_ratio,1.0,real_traffic_weather
2025-11-14 23:00:00,R1,Low,Peak_Hour,road_type_speed_ratio,1.0,real_traffic_weather
2025-11-15 00:00:00,R1,Low,Peak_Hour,road_type_speed_ratio,1.0,real_traffic_weather
2025-11-15 01:00:00,R1,Low,Peak_Hour,road_type_speed_ratio,1.0,real_traffic_weather
2025-11-15 02:00:00,R1,Low,Peak_Hour,road_type_speed_ratio,1.0,real_traffic_weather
2025-11-15 03:00:00,R1,Low,Peak_Hour,road_type_speed_ratio,1.0,real_traffic_weather
2025-11-15 04:00:00,R1,Low,Peak_Hour,road_type_speed_ratio,0.9988149448952405,real_traffic_weather
2025-11-15 05:00:00,R1,Low,Peak_Hour,road_type_speed_ratio,0.9992835176100169,real_traffic_weather
2025-11-15 06:00:00,R1,Low,Peak_Hour,road_type_speed_ratio,1.0,real_traffic_weather
2025-11-15 07:00:00,R1,Medium,Peak_Hour,road_type_speed_ratio,0.8716491223272683,real_traffic_weather
2025-11-15 08:00:00,R1,Medium,Peak_Hour,road_type_speed_ratio,0.8632098973464752,real_traffic_weather
2025-11-15 09:00:00,R1,Medium,Peak_Hour,road_type_speed_ratio,0.877937290219182,real_traffic_weather
2025-11-15 10:00:00,R1,Medium,Incident,road_type_speed_ratio,0.9131621633697413,proxy_incident
2025-11-15 11:00:00,R1,Low,Peak_Hour,road_type_speed_ratio,1.0,real_traffic_weather
2025-11-15 12:00:00,R1,Low,Peak_Hour,road_type_speed_ratio,1.0,real_traffic_weather
2025-11-15 13:00:00,R1,Low,Peak_Hour,road_type_speed_ratio,1.0,real_traffic_weather
2025-11-15 14:00:00,R1,Low,Peak_Hour,road_type_speed_ratio,1.0,real_traffic_weather
2025-11-15 15:00:00,R1,Low,Peak_Hour,road_type_speed_ratio,1.0,real_traffic_weather
2025-11-15 16:00:00,R1,Low,Peak_Hour,road_type_speed_ratio,1.0,real_traffic_weather
2025-11-15 17:00:00,R1,Medium,Peak_Hour,road_type_speed_ratio,0.8655050273938194,real_traffic_weather
2025-11-15 18:00:00,R1,Medium,Peak_Hour,road_type_speed_ratio,0.8613434613726461,real_traffic_weather
2025-11-15 19:00:00,R1,Medium,Peak_Hour,road_type_speed_ratio,0.8716184475553999,real_traffic_weather
2025-11-15 20:00:00,R1,Medium,Peak_Hour,road_type_speed_ratio,0.8605851924610031,real_traffic_weather
2025-11-15 21:00:00,R1,Low,Peak_Hour,road_type_speed_ratio,1.0,real_traffic_weather
2025-11-15 22:00:00,R1,Low,Peak_Hour,road_type_speed_ratio,1.0,real_traffic_weather
2025-11-15 23:00:00,R1,Low,Peak_Hour,road_type_speed_ratio,1.0,real_traffic_weather
2025-11-16 00:00:00,R1,Low,Incident,road_type_speed_ratio,1.0,proxy_incident
2025-11-16 01:00:00,R1,Low,Peak_Hour,road_type_speed_ratio,1.0,real_traffic_weather
2025-11-16 02:00:00,R1,Low,Peak_Hour,road_type_speed_ratio,1.0,real_traffic_weather
2025-11-16 03:00:00,R1,Low,Peak_Hour,road_type_speed_ratio,1.0,real_traffic_weather
2025-11-16 04:00:00,R1,Low,Peak_Hour,road_type_speed_ratio,0.9988149448952405,real_traffic_weather
2025-11-16 05:00:00,R1,Low,Incident,road_type_speed_ratio,0.975,proxy_incident
2025-11-16 06:00:00,R1,Low,Peak_Hour,road_type_speed_ratio,1.0,real_traffic_weather
2025-11-16 07:00:00,R1,Medium,Peak_Hour,road_type_speed_ratio,0.8518402004331427,real_traffic_weather
2025-11-16 08:00:00,R1,Medium,Peak_Hour,road_type_speed_ratio,0.8782081113925878,real_traffic_weather
2025-11-16 09:00:00,R1,Medium,Peak_Hour,road_type_speed_ratio,0.9041510929521643,real_traffic_weather
2025-11-16 10:00:00,R1,Medium,Peak_Hour,road_type_speed_ratio,0.8755175185161683,real_traffic_weather
2025-11-16 11:00:00,R1,Low,Peak_Hour,road_type_speed_ratio,1.0,real_traffic_weather
2025-11-16 12:00:00,R1,Low,Peak_Hour,road_type_speed_ratio,1.0,real_traffic_weather
2025-11-16 13:00:00,R1,Low,Peak_Hour,road_type_speed_ratio,1.0,real_traffic_weather
2025-11-16 14:00:00,R1,Low,Peak_Hour,road_type_speed_ratio,1.0,real_traffic_weather
2025-11-16 15:00:00,R1,Low,Peak_Hour,road_type_speed_ratio,1.0,real_traffic_weather
2025-11-16 16:00:00,R1,Low,Peak_Hour,road_type_speed_ratio,0.9965750787539378,real_traffic_weather
2025-11-16 17:00:00,R1,Medium,Peak_Hour,road_type_speed_ratio,0.8889056476943218,real_traffic_weather
2025-11-16 18:00:00,R1,Medium,Peak_Hour,road_type_speed_ratio,0.8775225351949965,real_traffic_weather
2025-11-16 19:00:00,R1,Medium,Peak_Hour,road_type_speed_ratio,0.8783208336689153,real_traffic_weather
2025-11-16 20:00:00,R1,Medium,Peak_Hour,road_type_speed_ratio,0.8852227568283305,real_traffic_weather
2025-11-16 21:00:00,R1,Low,Peak_Hour,road_type_speed_ratio,1.0,real_traffic_weather
2025-11-16 22:00:00,R1,Low,Peak_Hour,road_type_speed_ratio,1.0,real_traffic_weather
2025-11-16 23:00:00,R1,Low,Peak_Hour,road_type_speed_ratio,1.0,real_traffic_weather
2025-11-17 00:00:00,R1,Low,Peak_Hour,road_type_speed_ratio,1.0,real_traffic_weather
2025-11-17 01:00:00,R1,Low,Peak_Hour,road_type_speed_ratio,1.0,real_traffic_weather
2025-11-17 02:00:00,R1,Low,Peak_Hour,road_type_speed_ratio,1.0,real_traffic_weather
2025-11-17 03:00:00,R1,Low,Peak_Hour,road_type_speed_ratio,1.0,real_traffic_weather
2025-11-17 04:00:00,R1,Low,Peak_Hour,road_type_speed_ratio,1.0,real_traffic_weather
2025-11-17 05:00:00,R1,Low,Peak_Hour,road_type_speed_ratio,1.0,real_traffic_weather
2025-11-17 06:00:00,R1,Low,Peak_Hour,road_type_speed_ratio,1.0,real_traffic_weather
2025-11-17 07:00:00,R1,Medium,Peak_Hour,road_type_speed_ratio,0.8621037211884466,real_traffic_weather
2025-11-17 08:00:00,R1,Medium,Peak_Hour,road_type_speed_ratio,0.8665966752630699,real_traffic_weather
2025-11-17 09:00:00,R1,Medium,Peak_Hour,road_type_speed_ratio,0.8548014358813973,real_traffic_weather
2025-11-17 10:00:00,R1,Medium,Incident,road_type_speed_ratio,0.9343140350685368,proxy_incident
2025-11-17 11:00:00,R1,Low,Peak_Hour,road_type_speed_ratio,1.0,real_traffic_weather
2025-11-17 12:00:00,R1,Low,Peak_Hour,road_type_speed_ratio,1.0,real_traffic_weather
2025-11-17 13:00:00,R1,Low,Peak_Hour,road_type_speed_ratio,1.0,real_traffic_weather
2025-11-17 14:00:00,R1,Low,Peak_Hour,road_type_speed_ratio,1.0,real_traffic_weather
2025-11-17 15:00:00,R1,Low,Peak_Hour,road_type_speed_ratio,1.0,real_traffic_weather
2025-11-17 16:00:00,R1,Low,Peak_Hour,road_type_speed_ratio,0.9995999100462035,real_traffic_weather
2025-11-17 17:00:00,R1,Medium,Peak_Hour,road_type_speed_ratio,0.8821784555274442,real_traffic_weather
2025-11-17 18:00:00,R1,Medium,Peak_Hour,road_type_speed_ratio,0.8669186293203718,real_traffic_weather
2025-11-17 19:00:00,R1,Medium,Peak_Hour,road_type_speed_ratio,0.876612330247355,real_traffic_weather
2025-11-17 20:00:00,R1,Medium,Peak_Hour,road_type_speed_ratio,0.8610148523057795,real_traffic_weather
2025-11-17 21:00:00,R1,Low,Peak_Hour,road_type_speed_ratio,0.9945999100462035,real_traffic_weather
2025-11-17 22:00:00,R1,Low,Peak_Hour,road_type_speed_ratio,1.0,real_traffic_weather
2025-11-17 23:00:00,R1,Low,Peak_Hour,road_type_speed_ratio,1.0,real_traffic_weather
2025-11-18 00:00:00,R1,Low,Peak_Hour,road_type_speed_ratio,1.0,real_traffic_weather
2025-11-18 01:00:00,R1,Low,Peak_Hour,road_type_speed_ratio,1.0,real_traffic_weather
2025-11-18 02:00:00,R1,Low,Peak_Hour,road_type_speed_ratio,1.0,real_traffic_weather
2025-11-18 03:00:00,R1,Low,Peak_Hour,road_type_speed_ratio,1.0,real_traffic_weather
2025-11-18 04:00:00,R1,Low,Peak_Hour,road_type_speed_ratio,1.0,real_traffic_weather
2025-11-18 05:00:00,R1,Low,Peak_Hour,road_type_speed_ratio,1.0,real_traffic_weather
2025-11-18 06:00:00,R1,Low,Peak_Hour,road_type_speed_ratio,1.0,real_traffic_weather
2025-11-18 07:00:00,R1,Medium,Peak_Hour,road_type_speed_ratio,0.8407045022300683,real_traffic_weather
2025-11-18 08:00:00,R1,Medium,Peak_Hour,road_type_speed_ratio,0.8531058203653292,real_traffic_weather
2025-11-18 09:00:00,R1,Medium,Peak_Hour,road_type_speed_ratio,0.8674843048034586,real_traffic_weather
2025-11-18 10:00:00,R1,Medium,Peak_Hour,road_type_speed_ratio,0.8922795192801787,real_traffic_weather
2025-11-18 11:00:00,R1,Low,Peak_Hour,road_type_speed_ratio,1.0,real_traffic_weather
2025-11-18 12:00:00,R1,Low,Peak_Hour,road_type_speed_ratio,1.0,real_traffic_weather
2025-11-18 13:00:00,R1,Low,Peak_Hour,road_type_speed_ratio,1.0,real_traffic_weather
2025-11-18 14:00:00,R1,Low,Peak_Hour,road_type_speed_ratio,1.0,real_traffic_weather
2025-11-18 15:00:00,R1,Low,Peak_Hour,road_type_speed_ratio,0.9995999100462035,real_traffic_weather
2025-11-18 16:00:00,R1,Low,Peak_Hour,road_type_speed_ratio,0.9956512449229106,real_traffic_weather
2025-11-18 17:00:00,R1,Medium,Peak_Hour,road_type_speed_ratio,0.8673829923516653,real_traffic_weather
2025-11-18 18:00:00,R1,Medium,Peak_Hour,road_type_speed_ratio,0.8552739120572062,real_traffic_weather
2025-11-18 19:00:00,R1,Medium,Peak_Hour,road_type_speed_ratio,0.871827261591677,real_traffic_weather
2025-11-18 20:00:00,R1,Medium,Peak_Hour,road_type_speed_ratio,0.8548835707961139,real_traffic_weather
2025-11-18 21:00:00,R1,Low,Peak_Hour,road_type_speed_ratio,1.0,real_traffic_weather
2025-11-18 22:00:00,R1,Low,Peak_Hour,road_type_speed_ratio,1.0,real_traffic_weather
2025-11-18 23:00:00,R1,Low,Peak_Hour,road_type_speed_ratio,1.0,real_traffic_weather
2025-11-19 00:00:00,R1,Low,Peak_Hour,road_type_speed_ratio,1.0,real_traffic_weather
2025-11-19 01:00:00,R1,Low,Peak_Hour,road_type_speed_ratio,1.0,real_traffic_weather
2025-11-19 02:00:00,R1,Low,Peak_Hour,road_type_speed_ratio,1.0,real_traffic_weather
2025-11-19 03:00:00,R1,Low,Peak_Hour,road_type_speed_ratio,1.0,real_traffic_weather
2025-11-19 04:00:00,R1,Low,Peak_Hour,road_type_speed_ratio,1.0,real_traffic_weather
2025-11-19 05:00:00,R1,Low,Peak_Hour,road_type_speed_ratio,1.0,real_traffic_weather
2025-11-19 06:00:00,R1,Low,Peak_Hour,road_type_speed_ratio,1.0,real_traffic_weather
2025-11-19 07:00:00,R1,Medium,Peak_Hour,road_type_speed_ratio,0.8642925264515025,real_traffic_weather
2025-11-19 08:00:00,R1,Medium,Peak_Hour,road_type_speed_ratio,0.846362920503027,real_traffic_weather
2025-11-19 09:00:00,R1,Medium,Peak_Hour,road_type_speed_ratio,0.865255389290717,real_traffic_weather
2025-11-19 10:00:00,R1,Medium,Incident,road_type_speed_ratio,0.9115034093101848,proxy_incident
2025-11-19 11:00:00,R1,Low,Peak_Hour,road_type_speed_ratio,1.0,real_traffic_weather
2025-11-19 12:00:00,R1,Low,Peak_Hour,road_type_speed_ratio,1.0,real_traffic_weather
2025-11-19 13:00:00,R1,Low,Peak_Hour,road_type_speed_ratio,1.0,real_traffic_weather
2025-11-19 14:00:00,R1,Low,Peak_Hour,road_type_speed_ratio,1.0,real_traffic_weather
2025-11-19 15:00:00,R1,Low,Peak_Hour,road_type_speed_ratio,1.0,real_traffic_weather
2025-11-19 16:00:00,R1,Low,Peak_Hour,road_type_speed_ratio,0.9956512449229106,real_traffic_weather
2025-11-19 17:00:00,R1,Medium,Peak_Hour,road_type_speed_ratio,0.8469751760384209,real_traffic_weather
2025-11-19 18:00:00,R1,Medium,Peak_Hour,road_type_speed_ratio,0.8421854608358285,real_traffic_weather
2025-11-19 19:00:00,R1,Medium,Peak_Hour,road_type_speed_ratio,0.8570121633429941,real_traffic_weather
2025-11-19 20:00:00,R1,Medium,Peak_Hour,road_type_speed_ratio,0.866213644937588,real_traffic_weather
2025-11-19 21:00:00,R1,Low,Peak_Hour,road_type_speed_ratio,0.9995999100462035,real_traffic_weather
2025-11-19 22:00:00,R1,Low,Peak_Hour,road_type_speed_ratio,1.0,real_traffic_weather
2025-11-19 23:00:00,R1,Low,Peak_Hour,road_type_speed_ratio,1.0,real_traffic_weather
2025-11-20 00:00:00,R1,Low,Peak_Hour,road_type_speed_ratio,1.0,real_traffic_weather
2025-11-20 01:00:00,R1,Low,Peak_Hour,road_type_speed_ratio,1.0,real_traffic_weather
2025-11-20 02:00:00,R1,Low,Peak_Hour,road_type_speed_ratio,1.0,real_traffic_weather
2025-11-20 03:00:00,R1,Low,Peak_Hour,road_type_speed_ratio,1.0,real_traffic_weather
2025-11-20 04:00:00,R1,Low,Peak_Hour,road_type_speed_ratio,1.0,real_traffic_weather
2025-11-20 05:00:00,R1,Low,Peak_Hour,road_type_speed_ratio,1.0,real_traffic_weather
2025-11-20 06:00:00,R1,Low,Peak_Hour,road_type_speed_ratio,1.0,real_traffic_weather
2025-11-20 07:00:00,R1,Medium,Peak_Hour,road_type_speed_ratio,0.860070317655881,real_traffic_weather
2025-11-20 08:00:00,R1,Medium,Peak_Hour,road_type_speed_ratio,0.854848180803551,real_traffic_weather
2025-11-20 09:00:00,R1,Medium,Peak_Hour,road_type_speed_ratio,0.8625256865926353,real_traffic_weather
2025-11-20 10:00:00,R1,Medium,Peak_Hour,road_type_speed_ratio,0.8875876970403376,real_traffic_weather
2025-11-20 11:00:00,R1,Low,Peak_Hour,road_type_speed_ratio,1.0,real_traffic_weather
2025-11-20 12:00:00,R1,Low,Peak_Hour,road_type_speed_ratio,1.0,real_traffic_weather
2025-11-20 13:00:00,R1,Low,Peak_Hour,road_type_speed_ratio,1.0,real_traffic_weather
2025-11-20 14:00:00,R1,Low,Peak_Hour,road_type_speed_ratio,1.0,real_traffic_weather
2025-11-20 15:00:00,R1,Low,Peak_Hour,road_type_speed_ratio,1.0,real_traffic_weather
2025-11-20 16:00:00,R1,Low,Peak_Hour,road_type_speed_ratio,0.9995999100462035,real_traffic_weather
2025-11-20 17:00:00,R1,Medium,Peak_Hour,road_type_speed_ratio,0.8619169032440461,real_traffic_weather
2025-11-20 18:00:00,R1,Medium,Peak_Hour,road_type_speed_ratio,0.8409995174017999,real_traffic_weather
2025-11-20 19:00:00,R1,Low,Peak_Hour,road_type_speed_ratio,0.8191425596439579,real_traffic_weather
2025-11-20 20:00:00,R1,Medium,Peak_Hour,road_type_speed_ratio,0.8603220161676916,real_traffic_weather
2025-11-20 21:00:00,R1,Low,Peak_Hour,road_type_speed_ratio,0.9945999100462035,real_traffic_weather
2025-11-20 22:00:00,R1,Low,Peak_Hour,road_type_speed_ratio,1.0,real_traffic_weather
2025-11-20 23:00:00,R1,Low,Peak_Hour,road_type_speed_ratio,1.0,real_traffic_weather
2025-11-21 00:00:00,R1,Low,Peak_Hour,road_type_speed_ratio,0.995,real_traffic_weather
2025-11-21 01:00:00,R1,Low,Peak_Hour,road_type_speed_ratio,1.0,real_traffic_weather
2025-11-21 02:00:00,R1,Low,Peak_Hour,road_type_speed_ratio,1.0,real_traffic_weather
2025-11-21 03:00:00,R1,Low,Peak_Hour,road_type_speed_ratio,1.0,real_traffic_weather
2025-11-21 04:00:00,R1,Low,Peak_Hour,road_type_speed_ratio,1.0,real_traffic_weather
2025-11-21 05:00:00,R1,Low,Peak_Hour,road_type_speed_ratio,1.0,real_traffic_weather
2025-11-21 06:00:00,R1,Low,Peak_Hour,road_type_speed_ratio,1.0,real_traffic_weather
2025-11-21 07:00:00,R1,Medium,Peak_Hour,road_type_speed_ratio,0.860113934649912,real_traffic_weather
2025-11-21 08:00:00,R1,Medium,Peak_Hour,road_type_speed_ratio,0.8653035508072854,real_traffic_weather
2025-11-21 09:00:00,R1,Medium,Peak_Hour,road_type_speed_ratio,0.8632506120074872,real_traffic_weather
2025-11-21 10:00:00,R1,Medium,Peak_Hour,road_type_speed_ratio,0.867338105571915,real_traffic_weather
2025-11-21 11:00:00,R1,Low,Peak_Hour,road_type_speed_ratio,1.0,real_traffic_weather
2025-11-21 12:00:00,R1,Low,Peak_Hour,road_type_speed_ratio,1.0,real_traffic_weather
2025-11-21 13:00:00,R1,Low,Peak_Hour,road_type_speed_ratio,1.0,real_traffic_weather
2025-11-21 14:00:00,R1,Low,Peak_Hour,road_type_speed_ratio,1.0,real_traffic_weather
2025-11-21 15:00:00,R1,Low,Peak_Hour,road_type_speed_ratio,0.9985313286330769,real_traffic_weather
2025-11-21 16:00:00,R1,Low,Peak_Hour,road_type_speed_ratio,0.9995999100462035,real_traffic_weather
2025-11-21 17:00:00,R1,Medium,Peak_Hour,road_type_speed_ratio,0.8728896771381632,real_traffic_weather
2025-11-21 18:00:00,R1,Medium,Peak_Hour,road_type_speed_ratio,0.850677011222511,real_traffic_weather
2025-11-21 19:00:00,R1,Medium,Peak_Hour,road_type_speed_ratio,0.8727640988785725,real_traffic_weather
2025-11-21 20:00:00,R1,Medium,Incident,road_type_speed_ratio,0.9162647724950075,proxy_incident
2025-11-21 21:00:00,R1,Low,Peak_Hour,road_type_speed_ratio,1.0,real_traffic_weather
2025-11-21 22:00:00,R1,Low,Peak_Hour,road_type_speed_ratio,1.0,real_traffic_weather
2025-11-21 23:00:00,R1,Low,Peak_Hour,road_type_speed_ratio,1.0,real_traffic_weather
2025-11-22 00:00:00,R1,Low,Peak_Hour,road_type_speed_ratio,1.0,real_traffic_weather
2025-11-22 01:00:00,R1,Low,Peak_Hour,road_type_speed_ratio,1.0,real_traffic_weather
2025-11-22 02:00:00,R1,Low,Peak_Hour,road_type_speed_ratio,1.0,real_traffic_weather
2025-11-22 03:00:00,R1,Low,Peak_Hour,road_type_speed_ratio,1.0,real_traffic_weather
2025-11-22 04:00:00,R1,Low,Peak_Hour,road_type_speed_ratio,0.9988149448952405,real_traffic_weather
2025-11-22 05:00:00,R1,Low,Peak_Hour,road_type_speed_ratio,0.9992835176100169,real_traffic_weather
2025-11-22 06:00:00,R1,Low,Peak_Hour,road_type_speed_ratio,1.0,real_traffic_weather
2025-11-22 07:00:00,R1,Medium,Peak_Hour,road_type_speed_ratio,0.8573291955357395,real_traffic_weather
2025-11-22 08:00:00,R1,Medium,Peak_Hour,road_type_speed_ratio,0.8632098973464752,real_traffic_weather
2025-11-22 09:00:00,R1,Medium,Peak_Hour,road_type_speed_ratio,0.8835041392679698,real_traffic_weather
2025-11-22 10:00:00,R1,Medium,Peak_Hour,road_type_speed_ratio,0.8800401921354596,real_traffic_weather
2025-11-22 11:00:00,R1,Low,Peak_Hour,road_type_speed_ratio,1.0,real_traffic_weather
2025-11-22 12:00:00,R1,Low,Peak_Hour,road_type_speed_ratio,1.0,real_traffic_weather
2025-11-22 13:00:00,R1,Low,Peak_Hour,road_type_speed_ratio,1.0,real_traffic_weather
2025-11-22 14:00:00,R1,Low,Peak_Hour,road_type_speed_ratio,1.0,real_traffic_weather
2025-11-22 15:00:00,R1,Low,Peak_Hour,road_type_speed_ratio,1.0,real_traffic_weather
2025-11-22 16:00:00,R1,Low,Peak_Hour,road_type_speed_ratio,1.0,real_traffic_weather
2025-11-22 17:00:00,R1,Medium,Peak_Hour,road_type_speed_ratio,0.8655050273938194,real_traffic_weather
2025-11-22 18:00:00,R1,Medium,Peak_Hour,road_type_speed_ratio,0.8784185997684649,real_traffic_weather
2025-11-22 19:00:00,R1,Medium,Peak_Hour,road_type_speed_ratio,0.8766584656969573,real_traffic_weather
2025-11-22 20:00:00,R1,Medium,Peak_Hour,road_type_speed_ratio,0.8567814982282157,real_traffic_weather
2025-11-22 21:00:00,R1,Low,Peak_Hour,road_type_speed_ratio,1.0,real_traffic_weather
2025-11-22 22:00:00,R1,Low,Peak_Hour,road_type_speed_ratio,1.0,real_traffic_weather
2025-11-22 23:00:00,R1,Low,Peak_Hour,road_type_speed_ratio,1.0,real_traffic_weather
2025-11-23 00:00:00,R1,Low,Peak_Hour,road_type_speed_ratio,1.0,real_traffic_weather
2025-11-23 01:00:00,R1,Low,Peak_Hour,road_type_speed_ratio,1.0,real_traffic_weather
2025-11-23 02:00:00,R1,Low,Peak_Hour,road_type_speed_ratio,1.0,real_traffic_weather
2025-11-23 03:00:00,R1,Low,Peak_Hour,road_type_speed_ratio,1.0,real_traffic_weather
2025-11-23 04:00:00,R1,Low,Peak_Hour,road_type_speed_ratio,0.9938149448952405,real_traffic_weather
2025-11-23 05:00:00,R1,Low,Peak_Hour,road_type_speed_ratio,0.9963246424966209,real_traffic_weather
2025-11-23 06:00:00,R1,Low,Peak_Hour,road_type_speed_ratio,1.0,real_traffic_weather
2025-11-23 07:00:00,R1,Medium,Peak_Hour,road_type_speed_ratio,0.8569539402972562,real_traffic_weather
2025-11-23 08:00:00,R1,Medium,Peak_Hour,road_type_speed_ratio,0.8707746800214224,real_traffic_weather
2025-11-23 09:00:00,R1,Medium,Peak_Hour,road_type_speed_ratio,0.8987362550737665,real_traffic_weather
2025-11-23 10:00:00,R1,Medium,Peak_Hour,road_type_speed_ratio,0.8755175185161683,real_traffic_weather
2025-11-23 11:00:00,R1,Low,Peak_Hour,road_type_speed_ratio,1.0,real_traffic_weather
2025-11-23 12:00:00,R1,Low,Peak_Hour,road_type_speed_ratio,1.0,real_traffic_weather
2025-11-23 13:00:00,R1,Low,Incident,road_type_speed_ratio,0.985,proxy_incident
2025-11-23 14:00:00,R1,Low,Peak_Hour,road_type_speed_ratio,1.0,real_traffic_weather
2025-11-23 15:00:00,R1,Low,Peak_Hour,road_type_speed_ratio,1.0,real_traffic_weather
2025-11-23 16:00:00,R1,Low,Peak_Hour,road_type_speed_ratio,1.0,real_traffic_weather
2025-11-23 17:00:00,R1,Medium,Peak_Hour,road_type_speed_ratio,0.8794734394756909,real_traffic_weather
2025-11-23 18:00:00,R1,Medium,Incident,road_type_speed_ratio,0.91,proxy_incident
2025-11-23 19:00:00,R1,Medium,Peak_Hour,road_type_speed_ratio,0.8833208336689153,real_traffic_weather
2025-11-23 20:00:00,R1,Medium,Peak_Hour,road_type_speed_ratio,0.8853817786673298,real_traffic_weather
2025-11-23 21:00:00,R1,Low,Peak_Hour,road_type_speed_ratio,1.0,real_traffic_weather
2025-11-23 22:00:00,R1,Low,Peak_Hour,road_type_speed_ratio,1.0,real_traffic_weather
2025-11-23 23:00:00,R1,Low,Peak_Hour,road_type_speed_ratio,1.0,real_traffic_weather
2025-11-24 00:00:00,R1,Low,Peak_Hour,road_type_speed_ratio,1.0,real_traffic_weather
2025-11-24 01:00:00,R1,Low,Peak_Hour,road_type_speed_ratio,1.0,real_traffic_weather
2025-11-24 02:00:00,R1,Low,Peak_Hour,road_type_speed_ratio,1.0,real_traffic_weather
2025-11-24 03:00:00,R1,Low,Peak_Hour,road_type_speed_ratio,1.0,real_traffic_weather
2025-11-24 04:00:00,R1,Low,Peak_Hour,road_type_speed_ratio,1.0,real_traffic_weather
2025-11-24 05:00:00,R1,Low,Peak_Hour,road_type_speed_ratio,1.0,real_traffic_weather
2025-11-24 06:00:00,R1,Low,Peak_Hour,road_type_speed_ratio,1.0,real_traffic_weather
2025-11-24 07:00:00,R1,Medium,Peak_Hour,road_type_speed_ratio,0.8485824166964406,real_traffic_weather
2025-11-24 08:00:00,R1,Medium,Peak_Hour,road_type_speed_ratio,0.8673020486407113,real_traffic_weather
2025-11-24 09:00:00,R1,Medium,Peak_Hour,road_type_speed_ratio,0.8548014358813973,real_traffic_weather
2025-11-24 10:00:00,R1,Medium,Peak_Hour,road_type_speed_ratio,0.8922373917765134,real_traffic_weather
2025-11-24 11:00:00,R1,Low,Peak_Hour,road_type_speed_ratio,1.0,real_traffic_weather
2025-11-24 12:00:00,R1,Low,Peak_Hour,road_type_speed_ratio,1.0,real_traffic_weather
2025-11-24 13:00:00,R1,Low,Peak_Hour,road_type_speed_ratio,1.0,real_traffic_weather
2025-11-24 14:00:00,R1,Low,Peak_Hour,road_type_speed_ratio,1.0,real_traffic_weather
2025-11-24 15:00:00,R1,Low,Peak_Hour,road_type_speed_ratio,0.9995999100462035,real_traffic_weather
2025-11-24 16:00:00,R1,Low,Peak_Hour,road_type_speed_ratio,1.0,real_traffic_weather
2025-11-24 17:00:00,R1,Medium,Peak_Hour,road_type_speed_ratio,0.8683674736502689,real_traffic_weather
2025-11-24 18:00:00,R1,Medium,Peak_Hour,road_type_speed_ratio,0.8340829077050091,real_traffic_weather
2025-11-24 19:00:00,R1,Medium,Peak_Hour,road_type_speed_ratio,0.8806802193701087,real_traffic_weather
2025-11-24 20:00:00,R1,Medium,Peak_Hour,road_type_speed_ratio,0.8567721672238267,real_traffic_weather
2025-11-24 21:00:00,R1,Low,Peak_Hour,road_type_speed_ratio,0.9995999100462035,real_traffic_weather
2025-11-24 22:00:00,R1,Low,Peak_Hour,road_type_speed_ratio,1.0,real_traffic_weather
2025-11-24 23:00:00,R1,Low,Peak_Hour,road_type_speed_ratio,1.0,real_traffic_weather
2025-11-25 00:00:00,R1,Low,Peak_Hour,road_type_speed_ratio,1.0,real_traffic_weather
2025-11-25 01:00:00,R1,Low,Peak_Hour,road_type_speed_ratio,1.0,real_traffic_weather
2025-11-25 02:00:00,R1,Low,Peak_Hour,road_type_speed_ratio,1.0,real_traffic_weather
2025-11-25 03:00:00,R1,Low,Peak_Hour,road_type_speed_ratio,1.0,real_traffic_weather
2025-11-25 04:00:00,R1,Low,Peak_Hour,road_type_speed_ratio,0.995,real_traffic_weather
2025-11-25 05:00:00,R1,Low,Peak_Hour,road_type_speed_ratio,1.0,real_traffic_weather
2025-11-25 06:00:00,R1,Low,Peak_Hour,road_type_speed_ratio,1.0,real_traffic_weather
2025-11-25 07:00:00,R1,Medium,Peak_Hour,road_type_speed_ratio,0.8833465064873538,real_traffic_weather
2025-11-25 08:00:00,R1,Medium,Peak_Hour,road_type_speed_ratio,0.8701520776256964,real_traffic_weather
2025-11-25 09:00:00,R1,Medium,Peak_Hour,road_type_speed_ratio,0.8756276223251461,real_traffic_weather
2025-11-25 10:00:00,R1,Medium,Peak_Hour,road_type_speed_ratio,0.8946998975850959,real_traffic_weather
2025-11-25 11:00:00,R1,Low,Peak_Hour,road_type_speed_ratio,1.0,real_traffic_weather
2025-11-25 12:00:00,R1,Low,Peak_Hour,road_type_speed_ratio,1.0,real_traffic_weather
2025-11-25 13:00:00,R1,Low,Peak_Hour,road_type_speed_ratio,1.0,real_traffic_weather
2025-11-25 14:00:00,R1,Low,Peak_Hour,road_type_speed_ratio,1.0,real_traffic_weather
2025-11-25 15:00:00,R1,Low,Peak_Hour,road_type_speed_ratio,0.9995999100462035,real_traffic_weather
2025-11-25 16:00:00,R1,Low,Peak_Hour,road_type_speed_ratio,1.0,real_traffic_weather
2025-11-25 17:00:00,R1,Medium,Peak_Hour,road_type_speed_ratio,0.866548357167054,real_traffic_weather
2025-11-25 18:00:00,R1,Medium,Peak_Hour,road_type_speed_ratio,0.849265306379739,real_traffic_weather
2025-11-25 19:00:00,R1,Medium,Peak_Hour,road_type_speed_ratio,0.8670279125927025,real_traffic_weather
2025-11-25 20:00:00,R1,Medium,Peak_Hour,road_type_speed_ratio,0.8547537693600511,real_traffic_weather
2025-11-25 21:00:00,R1,Low,Peak_Hour,road_type_speed_ratio,0.9995999100462035,real_traffic_weather
2025-11-25 22:00:00,R1,Low,Peak_Hour,road_type_speed_ratio,1.0,real_traffic_weather
2025-11-25 23:00:00,R1,Low,Peak_Hour,road_type_speed_ratio,1.0,real_traffic_weather
2025-11-26 00:00:00,R1,Low,Peak_Hour,road_type_speed_ratio,1.0,real_traffic_weather
2025-11-26 01:00:00,R1,Low,Peak_Hour,road_type_speed_ratio,1.0,real_traffic_weather
2025-11-26 02:00:00,R1,Low,Peak_Hour,road_type_speed_ratio,1.0,real_traffic_weather
2025-11-26 03:00:00,R1,Low,Peak_Hour,road_type_speed_ratio,1.0,real_traffic_weather
2025-11-26 04:00:00,R1,Low,Peak_Hour,road_type_speed_ratio,1.0,real_traffic_weather
2025-11-26 05:00:00,R1,Low,Peak_Hour,road_type_speed_ratio,1.0,real_traffic_weather
2025-11-26 06:00:00,R1,Low,Peak_Hour,road_type_speed_ratio,1.0,real_traffic_weather
2025-11-26 07:00:00,R1,Medium,Peak_Hour,road_type_speed_ratio,0.8642925264515025,real_traffic_weather
2025-11-26 08:00:00,R1,Medium,Peak_Hour,road_type_speed_ratio,0.8515275399931084,real_traffic_weather
2025-11-26 09:00:00,R1,Medium,Peak_Hour,road_type_speed_ratio,0.8663769927449302,real_traffic_weather
2025-11-26 10:00:00,R1,Medium,Peak_Hour,road_type_speed_ratio,0.8773938134222108,real_traffic_weather
2025-11-26 11:00:00,R1,Low,Peak_Hour,road_type_speed_ratio,1.0,real_traffic_weather
2025-11-26 12:00:00,R1,Low,Peak_Hour,road_type_speed_ratio,1.0,real_traffic_weather
2025-11-26 13:00:00,R1,Low,Peak_Hour,road_type_speed_ratio,1.0,real_traffic_weather
2025-11-26 14:00:00,R1,Low,Peak_Hour,road_type_speed_ratio,1.0,real_traffic_weather
2025-11-26 15:00:00,R1,Low,Peak_Hour,road_type_speed_ratio,0.9995999100462035,real_traffic_weather
2025-11-26 16:00:00,R1,Low,Peak_Hour,road_type_speed_ratio,1.0,real_traffic_weather
2025-11-26 17:00:00,R1,Medium,Peak_Hour,road_type_speed_ratio,0.8484550421968251,real_traffic_weather
2025-11-26 18:00:00,R1,Medium,Peak_Hour,road_type_speed_ratio,0.8529656115401403,real_traffic_weather
2025-11-26 19:00:00,R1,Medium,Peak_Hour,road_type_speed_ratio,0.8725014375978053,real_traffic_weather
2025-11-26 20:00:00,R1,Medium,Peak_Hour,road_type_speed_ratio,0.866213644937588,real_traffic_weather
2025-11-26 21:00:00,R1,Low,Peak_Hour,road_type_speed_ratio,0.995934773577067,real_traffic_weather
2025-11-26 22:00:00,R1,Low,Incident,road_type_speed_ratio,1.0,proxy_incident
2025-11-26 23:00:00,R1,Low,Peak_Hour,road_type_speed_ratio,1.0,real_traffic_weather
2025-11-27 00:00:00,R1,Low,Peak_Hour,road_type_speed_ratio,1.0,real_traffic_weather
2025-11-27 01:00:00,R1,Low,Peak_Hour,road_type_speed_ratio,1.0,real_traffic_weather
2025-11-27 02:00:00,R1,Low,Peak_Hour,road_type_speed_ratio,1.0,real_traffic_weather
2025-11-27 03:00:00,R1,Low,Peak_Hour,road_type_speed_ratio,1.0,real_traffic_weather
2025-11-27 04:00:00,R1,Low,Peak_Hour,road_type_speed_ratio,1.0,real_traffic_weather
2025-11-27 05:00:00,R1,Low,Peak_Hour,road_type_speed_ratio,1.0,real_traffic_weather
2025-11-27 06:00:00,R1,Low,Peak_Hour,road_type_speed_ratio,1.0,real_traffic_weather
2025-11-27 07:00:00,R1,Medium,Peak_Hour,road_type_speed_ratio,0.8609462176136714,real_traffic_weather
2025-11-27 08:00:00,R1,Medium,Peak_Hour,road_type_speed_ratio,0.850881004071275,real_traffic_weather
2025-11-27 09:00:00,R1,Medium,Peak_Hour,road_type_speed_ratio,0.862520696414838,real_traffic_weather
2025-11-27 10:00:00,R1,Medium,Peak_Hour,road_type_speed_ratio,0.8673886872613435,real_traffic_weather
2025-11-27 11:00:00,R1,Low,Peak_Hour,road_type_speed_ratio,1.0,real_traffic_weather
2025-11-27 12:00:00,R1,Low,Peak_Hour,road_type_speed_ratio,1.0,real_traffic_weather
2025-11-27 13:00:00,R1,Low,Peak_Hour,road_type_speed_ratio,1.0,real_traffic_weather
2025-11-27 14:00:00,R1,Low,Peak_Hour,road_type_speed_ratio,1.0,real_traffic_weather
2025-11-27 15:00:00,R1,Low,Peak_Hour,road_type_speed_ratio,0.9995999100462035,real_traffic_weather
2025-11-27 16:00:00,R1,Low,Peak_Hour,road_type_speed_ratio,1.0,real_traffic_weather
2025-11-27 17:00:00,R1,Medium,Peak_Hour,road_type_speed_ratio,0.8573205525661171,real_traffic_weather
2025-11-27 18:00:00,R1,Medium,Peak_Hour,road_type_speed_ratio,0.8625083292601273,real_traffic_weather
2025-11-27 19:00:00,R1,Medium,Peak_Hour,road_type_speed_ratio,0.8705432922832409,real_traffic_weather
2025-11-27 20:00:00,R1,Medium,Peak_Hour,road_type_speed_ratio,0.8548268566288454,real_traffic_weather
2025-11-27 21:00:00,R1,Low,Peak_Hour,road_type_speed_ratio,1.0,real_traffic_weather
2025-11-27 22:00:00,R1,Low,Peak_Hour,road_type_speed_ratio,1.0,real_traffic_weather
2025-11-27 23:00:00,R1,Low,Peak_Hour,road_type_speed_ratio,1.0,real_traffic_weather
2025-11-28 00:00:00,R1,Low,Peak_Hour,road_type_speed_ratio,1.0,real_traffic_weather
2025-11-28 01:00:00,R1,Low,Peak_Hour,road_type_speed_ratio,1.0,real_traffic_weather
2025-11-28 02:00:00,R1,Low,Peak_Hour,road_type_speed_ratio,1.0,real_traffic_weather
2025-11-28 03:00:00,R1,Low,Peak_Hour,road_type_speed_ratio,1.0,real_traffic_weather
2025-11-28 04:00:00,R1,Low,Peak_Hour,road_type_speed_ratio,1.0,real_traffic_weather
2025-11-28 05:00:00,R1,Low,Peak_Hour,road_type_speed_ratio,1.0,real_traffic_weather
2025-11-28 06:00:00,R1,Low,Peak_Hour,road_type_speed_ratio,1.0,real_traffic_weather
2025-11-28 07:00:00,R1,Medium,Peak_Hour,road_type_speed_ratio,0.8659533991010356,real_traffic_weather
2025-11-28 08:00:00,R1,Medium,Peak_Hour,road_type_speed_ratio,0.8611852760373133,real_traffic_weather
2025-11-28 09:00:00,R1,Medium,Peak_Hour,road_type_speed_ratio,0.8670923041299079,real_traffic_weather
2025-11-28 10:00:00,R1,Medium,Peak_Hour,road_type_speed_ratio,0.8673420322291705,real_traffic_weather
2025-11-28 11:00:00,R1,Low,Peak_Hour,road_type_speed_ratio,1.0,real_traffic_weather
2025-11-28 12:00:00,R1,Low,Peak_Hour,road_type_speed_ratio,1.0,real_traffic_weather
2025-11-28 13:00:00,R1,Low,Peak_Hour,road_type_speed_ratio,1.0,real_traffic_weather
2025-11-28 14:00:00,R1,Low,Peak_Hour,road_type_speed_ratio,1.0,real_traffic_weather
2025-11-28 15:00:00,R1,Low,Peak_Hour,road_type_speed_ratio,0.9989314185868734,real_traffic_weather
2025-11-28 16:00:00,R1,Low,Peak_Hour,road_type_speed_ratio,0.9995999100462035,real_traffic_weather
2025-11-28 17:00:00,R1,Medium,Peak_Hour,road_type_speed_ratio,0.88819202289871,real_traffic_weather
2025-11-28 18:00:00,R1,Medium,Peak_Hour,road_type_speed_ratio,0.8574210890205759,real_traffic_weather
2025-11-28 19:00:00,R1,Medium,Peak_Hour,road_type_speed_ratio,0.8760771520599612,real_traffic_weather
2025-11-28 20:00:00,R1,Medium,Peak_Hour,road_type_speed_ratio,0.8649028438314466,real_traffic_weather
2025-11-28 21:00:00,R1,Low,Peak_Hour,road_type_speed_ratio,1.0,real_traffic_weather
2025-11-28 22:00:00,R1,Low,Peak_Hour,road_type_speed_ratio,1.0,real_traffic_weather
2025-11-28 23:00:00,R1,Low,Peak_Hour,road_type_speed_ratio,1.0,real_traffic_weather
2025-11-29 00:00:00,R1,Low,Peak_Hour,road_type_speed_ratio,1.0,real_traffic_weather
2025-11-29 01:00:00,R1,Low,Peak_Hour,road_type_speed_ratio,1.0,real_traffic_weather
2025-11-29 02:00:00,R1,Low,Peak_Hour,road_type_speed_ratio,1.0,real_traffic_weather
2025-11-29 03:00:00,R1,Low,Peak_Hour,road_type_speed_ratio,1.0,real_traffic_weather
2025-11-29 04:00:00,R1,Low,Peak_Hour,road_type_speed_ratio,0.9988149448952405,real_traffic_weather
2025-11-29 05:00:00,R1,Low,Peak_Hour,road_type_speed_ratio,0.9992835176100169,real_traffic_weather
2025-11-29 06:00:00,R1,Low,Peak_Hour,road_type_speed_ratio,1.0,real_traffic_weather
2025-11-29 07:00:00,R1,Medium,Peak_Hour,road_type_speed_ratio,0.8610331828397433,real_traffic_weather
2025-11-29 08:00:00,R1,Medium,Peak_Hour,road_type_speed_ratio,0.8652771794943652,real_traffic_weather
2025-11-29 09:00:00,R1,Medium,Peak_Hour,road_type_speed_ratio,0.8884844243856577,real_traffic_weather
2025-11-29 10:00:00,R1,Medium,Peak_Hour,road_type_speed_ratio,0.8692762890349855,real_traffic_weather
2025-11-29 11:00:00,R1,Low,Peak_Hour,road_type_speed_ratio,1.0,real_traffic_weather
2025-11-29 12:00:00,R1,Low,Peak_Hour,road_type_speed_ratio,1.0,real_traffic_weather
2025-11-29 13:00:00,R1,Low,Peak_Hour,road_type_speed_ratio,1.0,real_traffic_weather
2025-11-29 14:00:00,R1,Low,Peak_Hour,road_type_speed_ratio,1.0,real_traffic_weather
2025-11-29 15:00:00,R1,Low,Peak_Hour,road_type_speed_ratio,1.0,real_traffic_weather
2025-11-29 16:00:00,R1,Low,Peak_Hour,road_type_speed_ratio,1.0,real_traffic_weather
2025-11-29 17:00:00,R1,Medium,Peak_Hour,road_type_speed_ratio,0.8572082804988805,real_traffic_weather
2025-11-29 18:00:00,R1,Medium,Peak_Hour,road_type_speed_ratio,0.8829622772304292,real_traffic_weather
2025-11-29 19:00:00,R1,Medium,Peak_Hour,road_type_speed_ratio,0.8872454627609759,real_traffic_weather
2025-11-29 20:00:00,R1,Medium,Peak_Hour,road_type_speed_ratio,0.8586614594526439,real_traffic_weather
2025-11-29 21:00:00,R1,Low,Peak_Hour,road_type_speed_ratio,1.0,real_traffic_weather
2025-11-29 22:00:00,R1,Low,Peak_Hour,road_type_speed_ratio,1.0,real_traffic_weather
2025-11-29 23:00:00,R1,Low,Peak_Hour,road_type_speed_ratio,1.0,real_traffic_weather
2025-11-30 00:00:00,R1,Low,Peak_Hour,road_type_speed_ratio,1.0,real_traffic_weather
2025-11-30 01:00:00,R1,Low,Peak_Hour,road_type_speed_ratio,1.0,real_traffic_weather
2025-11-30 02:00:00,R1,Low,Peak_Hour,road_type_speed_ratio,1.0,real_traffic_weather
2025-11-30 03:00:00,R1,Low,Peak_Hour,road_type_speed_ratio,1.0,real_traffic_weather
2025-11-30 04:00:00,R1,Low,Peak_Hour,road_type_speed_ratio,0.9938149448952405,real_traffic_weather
2025-11-30 05:00:00,R1,Low,Peak_Hour,road_type_speed_ratio,0.9963246424966209,real_traffic_weather
2025-11-30 06:00:00,R1,Low,Peak_Hour,road_type_speed_ratio,1.0,real_traffic_weather
2025-11-30 07:00:00,R1,Medium,Peak_Hour,road_type_speed_ratio,0.8622613515796097,real_traffic_weather
2025-11-30 08:00:00,R1,Medium,Peak_Hour,road_type_speed_ratio,0.8586638201449713,real_traffic_weather
2025-11-30 09:00:00,R1,Medium,Peak_Hour,road_type_speed_ratio,0.898756558333012,real_traffic_weather
2025-11-30 10:00:00,R1,Medium,Peak_Hour,road_type_speed_ratio,0.8779660411782092,real_traffic_weather
2025-11-30 11:00:00,R1,Low,Peak_Hour,road_type_speed_ratio,1.0,real_traffic_weather
2025-11-30 12:00:00,R1,Low,Peak_Hour,road_type_speed_ratio,1.0,real_traffic_weather
2025-11-30 13:00:00,R1,Low,Peak_Hour,road_type_speed_ratio,1.0,real_traffic_weather
2025-11-30 14:00:00,R1,Low,Peak_Hour,road_type_speed_ratio,1.0,real_traffic_weather
2025-11-30 15:00:00,R1,Low,Peak_Hour,road_type_speed_ratio,1.0,real_traffic_weather
2025-11-30 16:00:00,R1,Low,Peak_Hour,road_type_speed_ratio,1.0,real_traffic_weather
2025-11-30 17:00:00,R1,Medium,Peak_Hour,road_type_speed_ratio,0.8846359520413196,real_traffic_weather
2025-11-30 18:00:00,R1,Medium,Peak_Hour,road_type_speed_ratio,0.8778856987616507,real_traffic_weather
2025-11-30 19:00:00,R1,Medium,Peak_Hour,road_type_speed_ratio,0.883062195088077,real_traffic_weather
2025-11-30 20:00:00,R1,Medium,Peak_Hour,road_type_speed_ratio,0.8853817786673298,real_traffic_weather
2025-11-30 21:00:00,R1,Low,Peak_Hour,road_type_speed_ratio,1.0,real_traffic_weather
2025-11-30 22:00:00,R1,Low,Peak_Hour,road_type_speed_ratio,1.0,real_traffic_weather
2025-11-30 23:00:00,R1,Low,Peak_Hour,road_type_speed_ratio,1.0,real_traffic_weather
2025-11-01 00:00:00,R2,Low,Peak_Hour,road_type_speed_ratio,1.0,real_traffic_weather
2025-11-01 01:00:00,R2,Low,Peak_Hour,road_type_speed_ratio,1.0,real_traffic_weather
2025-11-01 02:00:00,R2,Low,Peak_Hour,road_type_speed_ratio,1.0,real_traffic_weather
2025-11-01 03:00:00,R2,Low,Peak_Hour,road_type_speed_ratio,1.0,real_traffic_weather
2025-11-01 04:00:00,R2,Low,Peak_Hour,road_type_speed_ratio,0.9988149448952405,real_traffic_weather
2025-11-01 05:00:00,R2,Low,Peak_Hour,road_type_speed_ratio,0.9992835176100169,real_traffic_weather
2025-11-01 06:00:00,R2,Low,Peak_Hour,road_type_speed_ratio,1.0,real_traffic_weather
2025-11-01 07:00:00,R2,Medium,Peak_Hour,road_type_speed_ratio,0.8623330691595791,real_traffic_weather
2025-11-01 08:00:00,R2,Medium,Peak_Hour,road_type_speed_ratio,0.9076085214781373,real_traffic_weather
2025-11-01 09:00:00,R2,Medium,Peak_Hour,road_type_speed_ratio,0.9021711730790233,real_traffic_weather
2025-11-01 10:00:00,R2,Medium,Peak_Hour,road_type_speed_ratio,0.8906616800819434,real_traffic_weather
2025-11-01 11:00:00,R2,Low,Peak_Hour,road_type_speed_ratio,1.0,real_traffic_weather
2025-11-01 12:00:00,R2,Low,Peak_Hour,road_type_speed_ratio,1.0,real_traffic_weather
2025-11-01 13:00:00,R2,Low,Peak_Hour,road_type_speed_ratio,1.0,real_traffic_weather
2025-11-01 14:00:00,R2,Low,Peak_Hour,road_type_speed_ratio,1.0,real_traffic_weather
2025-11-01 15:00:00,R2,Low,Peak_Hour,road_type_speed_ratio,1.0,real_traffic_weather
2025-11-01 16:00:00,R2,Low,Peak_Hour,road_type_speed_ratio,1.0,real_traffic_weather
2025-11-01 17:00:00,R2,Medium,Peak_Hour,road_type_speed_ratio,0.9189805189747156,real_traffic_weather
2025-11-01 18:00:00,R2,Medium,Peak_Hour,road_type_speed_ratio,0.9168675316060613,real_traffic_weather
2025-11-01 19:00:00,R2,Medium,Peak_Hour,road_type_speed_ratio,0.9152612803155813,real_traffic_weather
2025-11-01 20:00:00,R2,Low,Peak_Hour,road_type_speed_ratio,0.8202925981627877,real_traffic_weather
2025-11-01 21:00:00,R2,Low,Peak_Hour,road_type_speed_ratio,1.0,real_traffic_weather
2025-11-01 22:00:00,R2,Low,Peak_Hour,road_type_speed_ratio,1.0,real_traffic_weather
2025-11-01 23:00:00,R2,Low,Peak_Hour,road_type_speed_ratio,1.0,real_traffic_weather
2025-11-02 00:00:00,R2,Low,Peak_Hour,road_type_speed_ratio,1.0,real_traffic_weather
2025-11-02 01:00:00,R2,Low,Peak_Hour,road_type_speed_ratio,1.0,real_traffic_weather
2025-11-02 02:00:00,R2,Low,Peak_Hour,road_type_speed_ratio,0.975,real_traffic_weather
2025-11-02 03:00:00,R2,Low,Peak_Hour,road_type_speed_ratio,1.0,real_traffic_weather
2025-11-02 04:00:00,R2,Low,Peak_Hour,road_type_speed_ratio,0.9988149448952405,real_traffic_weather
2025-11-02 05:00:00,R2,Low,Peak_Hour,road_type_speed_ratio,0.9992835176100169,real_traffic_weather
2025-11-02 06:00:00,R2,Low,Peak_Hour,road_type_speed_ratio,0.9970411248866041,real_traffic_weather
2025-11-02 07:00:00,R2,Medium,Peak_Hour,road_type_speed_ratio,0.8466511244469277,real_traffic_weather
2025-11-02 08:00:00,R2,Medium,Peak_Hour,road_type_speed_ratio,0.974364166672585,real_traffic_weather
2025-11-02 09:00:00,R2,Medium,Peak_Hour,road_type_speed_ratio,0.9134570176433353,real_traffic_weather
2025-11-02 10:00:00,R2,Medium,Peak_Hour,road_type_speed_ratio,0.903069014085214,real_traffic_weather
2025-11-02 11:00:00,R2,Low,Peak_Hour,road_type_speed_ratio,1.0,real_traffic_weather
2025-11-02 12:00:00,R2,Low,Peak_Hour,road_type_speed_ratio,1.0,real_traffic_weather
2025-11-02 13:00:00,R2,Low,Peak_Hour,road_type_speed_ratio,1.0,real_traffic_weather
2025-11-02 14:00:00,R2,Low,Peak_Hour,road_type_speed_ratio,1.0,real_traffic_weather
2025-11-02 15:00:00,R2,Low,Peak_Hour,road_type_speed_ratio,1.0,real_traffic_weather
2025-11-02 16:00:00,R2,Low,Peak_Hour,road_type_speed_ratio,1.0,real_traffic_weather
2025-11-02 17:00:00,R2,Medium,Peak_Hour,road_type_speed_ratio,0.9238183986570452,real_traffic_weather
2025-11-02 18:00:00,R2,Medium,Peak_Hour,road_type_speed_ratio,0.8984466553900775,real_traffic_weather
2025-11-02 19:00:00,R2,Medium,Peak_Hour,road_type_speed_ratio,0.9124409001663092,real_traffic_weather
2025-11-02 20:00:00,R2,Medium,Peak_Hour,road_type_speed_ratio,0.9088915877582869,real_traffic_weather
2025-11-02 21:00:00,R2,Low,Peak_Hour,road_type_speed_ratio,1.0,real_traffic_weather
2025-11-02 22:00:00,R2,Low,Peak_Hour,road_type_speed_ratio,1.0,real_traffic_weather
2025-11-02 23:00:00,R2,Low,Peak_Hour,road_type_speed_ratio,1.0,real_traffic_weather
2025-11-03 00:00:00,R2,Low,Peak_Hour,road_type_speed_ratio,1.0,real_traffic_weather
2025-11-03 01:00:00,R2,Low,Peak_Hour,road_type_speed_ratio,1.0,real_traffic_weather
2025-11-03 02:00:00,R2,Low,Peak_Hour,road_type_speed_ratio,1.0,real_traffic_weather
2025-11-03 03:00:00,R2,Low,Peak_Hour,road_type_speed_ratio,1.0,real_traffic_weather
2025-11-03 04:00:00,R2,Low,Peak_Hour,road_type_speed_ratio,1.0,real_traffic_weather
2025-11-03 05:00:00,R2,Low,Peak_Hour,road_type_speed_ratio,1.0,real_traffic_weather
2025-11-03 06:00:00,R2,Low,Peak_Hour,road_type_speed_ratio,1.0,real_traffic_weather
2025-11-03 07:00:00,R2,Medium,Incident,road_type_speed_ratio,0.9181680625543572,proxy_incident
2025-11-03 08:00:00,R2,Medium,Peak_Hour,road_type_speed_ratio,0.8935223987141083,real_traffic_weather
2025-11-03 09:00:00,R2,Medium,Peak_Hour,road_type_speed_ratio,0.8992970947696252,real_traffic_weather
2025-11-03 10:00:00,R2,Medium,Peak_Hour,road_type_speed_ratio,0.9095281160357414,real_traffic_weather
2025-11-03 11:00:00,R2,Low,Peak_Hour,road_type_speed_ratio,1.0,real_traffic_weather
2025-11-03 12:00:00,R2,Low,Peak_Hour,road_type_speed_ratio,1.0,real_traffic_weather
2025-11-03 13:00:00,R2,Low,Peak_Hour,road_type_speed_ratio,1.0,real_traffic_weather
2025-11-03 14:00:00,R2,Low,Peak_Hour,road_type_speed_ratio,1.0,real_traffic_weather
2025-11-03 15:00:00,R2,Low,Peak_Hour,road_type_speed_ratio,0.9995999100462035,real_traffic_weather
2025-11-03 16:00:00,R2,Low,Peak_Hour,road_type_speed_ratio,0.9956512449229106,real_traffic_weather
2025-11-03 17:00:00,R2,Medium,Peak_Hour,road_type_speed_ratio,0.9924313661955455,real_traffic_weather
2025-11-03 18:00:00,R2,Medium,Peak_Hour,road_type_speed_ratio,0.8534256416383884,real_traffic_weather
2025-11-03 19:00:00,R2,Medium,Peak_Hour,road_type_speed_ratio,0.9000207032953468,real_traffic_weather
2025-11-03 20:00:00,R2,Medium,Peak_Hour,road_type_speed_ratio,0.8895685746330543,real_traffic_weather
2025-11-03 21:00:00,R2,Low,Peak_Hour,road_type_speed_ratio,1.0,real_traffic_weather
2025-11-03 22:00:00,R2,Low,Peak_Hour,road_type_speed_ratio,1.0,real_traffic_weather
2025-11-03 23:00:00,R2,Low,Peak_Hour,road_type_speed_ratio,1.0,real_traffic_weather
2025-11-04 00:00:00,R2,Low,Peak_Hour,road_type_speed_ratio,1.0,real_traffic_weather
2025-11-04 01:00:00,R2,Low,Peak_Hour,road_type_speed_ratio,1.0,real_traffic_weather
2025-11-04 02:00:00,R2,Low,Peak_Hour,road_type_speed_ratio,1.0,real_traffic_weather
2025-11-04 03:00:00,R2,Low,Peak_Hour,road_type_speed_ratio,1.0,real_traffic_weather
2025-11-04 04:00:00,R2,Low,Peak_Hour,road_type_speed_ratio,1.0,real_traffic_weather
2025-11-04 05:00:00,R2,Low,Peak_Hour,road_type_speed_ratio,1.0,real_traffic_weather
2025-11-04 06:00:00,R2,Low,Peak_Hour,road_type_speed_ratio,1.0,real_traffic_weather
2025-11-04 07:00:00,R2,Medium,Peak_Hour,road_type_speed_ratio,0.8721178446820861,real_traffic_weather
2025-11-04 08:00:00,R2,Medium,Peak_Hour,road_type_speed_ratio,0.8845924835586849,real_traffic_weather
2025-11-04 09:00:00,R2,Medium,Incident,road_type_speed_ratio,0.9042294208131305,proxy_incident
2025-11-04 10:00:00,R2,Medium,Peak_Hour,road_type_speed_ratio,0.9195520313398232,real_traffic_weather
2025-11-04 11:00:00,R2,Low,Peak_Hour,road_type_speed_ratio,1.0,real_traffic_weather
2025-11-04 12:00:00,R2,Low,Peak_Hour,road_type_speed_ratio,1.0,real_traffic_weather
2025-11-04 13:00:00,R2,Low,Peak_Hour,road_type_speed_ratio,1.0,real_traffic_weather
2025-11-04 14:00:00,R2,Low,Peak_Hour,road_type_speed_ratio,1.0,real_traffic_weather
2025-11-04 15:00:00,R2,Low,Peak_Hour,road_type_speed_ratio,0.9995999100462035,real_traffic_weather
2025-11-04 16:00:00,R2,Low,Peak_Hour,road_type_speed_ratio,0.9995999100462035,real_traffic_weather
2025-11-04 17:00:00,R2,Medium,Peak_Hour,road_type_speed_ratio,0.896081924922382,real_traffic_weather
2025-11-04 18:00:00,R2,Low,Peak_Hour,road_type_speed_ratio,0.7961391625312452,real_traffic_weather
2025-11-04 19:00:00,R2,Medium,Peak_Hour,road_type_speed_ratio,0.8852858867884201,real_traffic_weather
2025-11-04 20:00:00,R2,Medium,Peak_Hour,road_type_speed_ratio,0.8856906029745077,real_traffic_weather
2025-11-04 21:00:00,R2,Low,Peak_Hour,road_type_speed_ratio,0.9995999100462035,real_traffic_weather
2025-11-04 22:00:00,R2,Low,Peak_Hour,road_type_speed_ratio,1.0,real_traffic_weather
2025-11-04 23:00:00,R2,Low,Peak_Hour,road_type_speed_ratio,1.0,real_traffic_weather
2025-11-05 00:00:00,R2,Low,Peak_Hour,road_type_speed_ratio,1.0,real_traffic_weather
2025-11-05 01:00:00,R2,Low,Peak_Hour,road_type_speed_ratio,1.0,real_traffic_weather
2025-11-05 02:00:00,R2,Low,Peak_Hour,road_type_speed_ratio,1.0,real_traffic_weather
2025-11-05 03:00:00,R2,Low,Incident,road_type_speed_ratio,0.98,proxy_incident
2025-11-05 04:00:00,R2,Low,Peak_Hour,road_type_speed_ratio,1.0,real_traffic_weather
2025-11-05 05:00:00,R2,Low,Peak_Hour,road_type_speed_ratio,1.0,real_traffic_weather
2025-11-05 06:00:00,R2,Low,Peak_Hour,road_type_speed_ratio,1.0,real_traffic_weather
2025-11-05 07:00:00,R2,Medium,Peak_Hour,road_type_speed_ratio,0.863555257125141,real_traffic_weather
2025-11-05 08:00:00,R2,Medium,Peak_Hour,road_type_speed_ratio,0.8809102459230942,real_traffic_weather
2025-11-05 09:00:00,R2,Medium,Peak_Hour,road_type_speed_ratio,0.9591825448446093,real_traffic_weather
2025-11-05 10:00:00,R2,Medium,Peak_Hour,road_type_speed_ratio,0.9226333124836475,real_traffic_weather
2025-11-05 11:00:00,R2,Low,Peak_Hour,road_type_speed_ratio,1.0,real_traffic_weather
2025-11-05 12:00:00,R2,Low,Peak_Hour,road_type_speed_ratio,1.0,real_traffic_weather
2025-11-05 13:00:00,R2,Low,Peak_Hour,road_type_speed_ratio,1.0,real_traffic_weather
2025-11-05 14:00:00,R2,Low,Peak_Hour,road_type_speed_ratio,1.0,real_traffic_weather
2025-11-05 15:00:00,R2,Low,Peak_Hour,road_type_speed_ratio,1.0,real_traffic_weather
2025-11-05 16:00:00,R2,Low,Peak_Hour,road_type_speed_ratio,0.9956512449229106,real_traffic_weather
2025-11-05 17:00:00,R2,Medium,Peak_Hour,road_type_speed_ratio,0.9068728746293989,real_traffic_weather
2025-11-05 18:00:00,R2,Medium,Peak_Hour,road_type_speed_ratio,0.8804137927180083,real_traffic_weather
2025-11-05 19:00:00,R2,Medium,Peak_Hour,road_type_speed_ratio,0.9879633982963263,real_traffic_weather
2025-11-05 20:00:00,R2,Medium,Peak_Hour,road_type_speed_ratio,0.9977074110701163,real_traffic_weather
2025-11-05 21:00:00,R2,Low,Peak_Hour,road_type_speed_ratio,0.9995999100462035,real_traffic_weather
2025-11-05 22:00:00,R2,Low,Peak_Hour,road_type_speed_ratio,1.0,real_traffic_weather
2025-11-05 23:00:00,R2,Low,Peak_Hour,road_type_speed_ratio,1.0,real_traffic_weather
2025-11-06 00:00:00,R2,Low,Peak_Hour,road_type_speed_ratio,1.0,real_traffic_weather
2025-11-06 01:00:00,R2,Low,Peak_Hour,road_type_speed_ratio,1.0,real_traffic_weather
2025-11-06 02:00:00,R2,Low,Peak_Hour,road_type_speed_ratio,1.0,real_traffic_weather
2025-11-06 03:00:00,R2,Low,Peak_Hour,road_type_speed_ratio,1.0,real_traffic_weather
2025-11-06 04:00:00,R2,Low,Peak_Hour,road_type_speed_ratio,1.0,real_traffic_weather
2025-11-06 05:00:00,R2,Low,Peak_Hour,road_type_speed_ratio,1.0,real_traffic_weather
2025-11-06 06:00:00,R2,Low,Peak_Hour,road_type_speed_ratio,1.0,real_traffic_weather
2025-11-06 07:00:00,R2,Medium,Peak_Hour,road_type_speed_ratio,0.8656690685722606,real_traffic_weather
2025-11-06 08:00:00,R2,Medium,Peak_Hour,road_type_speed_ratio,0.9965074826355209,real_traffic_weather
2025-11-06 09:00:00,R2,Medium,Peak_Hour,road_type_speed_ratio,0.9937603337721168,real_traffic_weather
2025-11-06 10:00:00,R2,Medium,Peak_Hour,road_type_speed_ratio,0.9087455574067527,real_traffic_weather
2025-11-06 11:00:00,R2,Low,Peak_Hour,road_type_speed_ratio,1.0,real_traffic_weather
2025-11-06 12:00:00,R2,Low,Incident,road_type_speed_ratio,0.995,proxy_incident
2025-11-06 13:00:00,R2,Low,Peak_Hour,road_type_speed_ratio,1.0,real_traffic_weather
2025-11-06 14:00:00,R2,Low,Peak_Hour,road_type_speed_ratio,1.0,real_traffic_weather
2025-11-06 15:00:00,R2,Low,Peak_Hour,road_type_speed_ratio,0.9995999100462035,real_traffic_weather
2025-11-06 16:00:00,R2,Low,Peak_Hour,road_type_speed_ratio,0.9995999100462035,real_traffic_weather
2025-11-06 17:00:00,R2,Medium,Peak_Hour,road_type_speed_ratio,0.9217321293961834,real_traffic_weather
2025-11-06 18:00:00,R2,Medium,Peak_Hour,road_type_speed_ratio,0.8862714954892739,real_traffic_weather
2025-11-06 19:00:00,R2,Medium,Incident,road_type_speed_ratio,0.997169968685927,proxy_incident
2025-11-06 20:00:00,R2,Medium,Peak_Hour,road_type_speed_ratio,0.8950606266968024,real_traffic_weather
2025-11-06 21:00:00,R2,Low,Peak_Hour,road_type_speed_ratio,1.0,real_traffic_weather
2025-11-06 22:00:00,R2,Low,Peak_Hour,road_type_speed_ratio,1.0,real_traffic_weather
2025-11-06 23:00:00,R2,Low,Peak_Hour,road_type_speed_ratio,1.0,real_traffic_weather
2025-11-07 00:00:00,R2,Low,Peak_Hour,road_type_speed_ratio,1.0,real_traffic_weather
2025-11-07 01:00:00,R2,Low,Peak_Hour,road_type_speed_ratio,1.0,real_traffic_weather
2025-11-07 02:00:00,R2,Low,Peak_Hour,road_type_speed_ratio,1.0,real_traffic_weather
2025-11-07 03:00:00,R2,Low,Peak_Hour,road_type_speed_ratio,1.0,real_traffic_weather
2025-11-07 04:00:00,R2,Low,Peak_Hour,road_type_speed_ratio,1.0,real_traffic_weather
2025-11-07 05:00:00,R2,Low,Peak_Hour,road_type_speed_ratio,1.0,real_traffic_weather
2025-11-07 06:00:00,R2,Low,Peak_Hour,road_type_speed_ratio,1.0,real_traffic_weather
2025-11-07 07:00:00,R2,Medium,Peak_Hour,road_type_speed_ratio,0.8641443397297681,real_traffic_weather
2025-11-07 08:00:00,R2,Medium,Peak_Hour,road_type_speed_ratio,0.9973324719921368,real_traffic_weather
2025-11-07 09:00:00,R2,Medium,Peak_Hour,road_type_speed_ratio,0.9014128753917813,real_traffic_weather
2025-11-07 10:00:00,R2,Medium,Incident,road_type_speed_ratio,0.9331324055445621,proxy_incident
2025-11-07 11:00:00,R2,Low,Peak_Hour,road_type_speed_ratio,1.0,real_traffic_weather
2025-11-07 12:00:00,R2,Low,Peak_Hour,road_type_speed_ratio,1.0,real_traffic_weather
2025-11-07 13:00:00,R2,Low,Peak_Hour,road_type_speed_ratio,1.0,real_traffic_weather
2025-11-07 14:00:00,R2,Low,Peak_Hour,road_type_speed_ratio,1.0,real_traffic_weather
2025-11-07 15:00:00,R2,Low,Peak_Hour,road_type_speed_ratio,0.9989314185868734,real_traffic_weather
2025-11-07 16:00:00,R2,Low,Peak_Hour,road_type_speed_ratio,0.9956512449229106,real_traffic_weather
2025-11-07 17:00:00,R2,Medium,Peak_Hour,road_type_speed_ratio,0.9003411427445732,real_traffic_weather
2025-11-07 18:00:00,R2,Medium,Peak_Hour,road_type_speed_ratio,0.9041133865062362,real_traffic_weather
2025-11-07 19:00:00,R2,Medium,Peak_Hour,road_type_speed_ratio,0.9956626224855484,real_traffic_weather
2025-11-07 20:00:00,R2,Medium,Peak_Hour,road_type_speed_ratio,0.9029628335517204,real_traffic_weather
2025-11-07 21:00:00,R2,Low,Peak_Hour,road_type_speed_ratio,0.9995999100462035,real_traffic_weather
2025-11-07 22:00:00,R2,Low,Peak_Hour,road_type_speed_ratio,1.0,real_traffic_weather
2025-11-07 23:00:00,R2,Low,Peak_Hour,road_type_speed_ratio,1.0,real_traffic_weather
2025-11-08 00:00:00,R2,Low,Peak_Hour,road_type_speed_ratio,1.0,real_traffic_weather
2025-11-08 01:00:00,R2,Low,Peak_Hour,road_type_speed_ratio,1.0,real_traffic_weather
2025-11-08 02:00:00,R2,Low,Peak_Hour,road_type_speed_ratio,1.0,real_traffic_weather
2025-11-08 03:00:00,R2,Low,Peak_Hour,road_type_speed_ratio,1.0,real_traffic_weather
2025-11-08 04:00:00,R2,Low,Peak_Hour,road_type_speed_ratio,0.985,real_traffic_weather
2025-11-08 05:00:00,R2,Low,Peak_Hour,road_type_speed_ratio,0.9992835176100169,real_traffic_weather
2025-11-08 06:00:00,R2,Low,Peak_Hour,road_type_speed_ratio,1.0,real_traffic_weather
2025-11-08 07:00:00,R2,Medium,Peak_Hour,road_type_speed_ratio,0.860901811654585,real_traffic_weather
2025-11-08 08:00:00,R2,Medium,Peak_Hour,road_type_speed_ratio,0.8723866091580764,real_traffic_weather
2025-11-08 09:00:00,R2,Medium,Peak_Hour,road_type_speed_ratio,0.9035168401044357,real_traffic_weather
2025-11-08 10:00:00,R2,Medium,Peak_Hour,road_type_speed_ratio,0.8863214647287269,real_traffic_weather
2025-11-08 11:00:00,R2,Low,Peak_Hour,road_type_speed_ratio,1.0,real_traffic_weather
2025-11-08 12:00:00,R2,Low,Peak_Hour,road_type_speed_ratio,1.0,real_traffic_weather
2025-11-08 13:00:00,R2,Low,Peak_Hour,road_type_speed_ratio,1.0,real_traffic_weather
2025-11-08 14:00:00,R2,Low,Peak_Hour,road_type_speed_ratio,1.0,real_traffic_weather
2025-11-08 15:00:00,R2,Low,Peak_Hour,road_type_speed_ratio,0.9965750787539378,real_traffic_weather
2025-11-08 16:00:00,R2,Low,Peak_Hour,road_type_speed_ratio,1.0,real_traffic_weather
2025-11-08 17:00:00,R2,Medium,Peak_Hour,road_type_speed_ratio,0.9240560096641971,real_traffic_weather
2025-11-08 18:00:00,R2,Medium,Peak_Hour,road_type_speed_ratio,0.9325226057772398,real_traffic_weather
2025-11-08 19:00:00,R2,Medium,Peak_Hour,road_type_speed_ratio,0.9205580211951492,real_traffic_weather
2025-11-08 20:00:00,R2,Medium,Peak_Hour,road_type_speed_ratio,0.9099259694703459,real_traffic_weather
2025-11-08 21:00:00,R2,Low,Peak_Hour,road_type_speed_ratio,1.0,real_traffic_weather
2025-11-08 22:00:00,R2,Low,Peak_Hour,road_type_speed_ratio,1.0,real_traffic_weather
2025-11-08 23:00:00,R2,Low,Incident,road_type_speed_ratio,1.0,proxy_incident
2025-11-09 00:00:00,R2,Low,Peak_Hour,road_type_speed_ratio,1.0,real_traffic_weather
2025-11-09 01:00:00,R2,Low,Peak_Hour,road_type_speed_ratio,1.0,real_traffic_weather
2025-11-09 02:00:00,R2,Low,Peak_Hour,road_type_speed_ratio,1.0,real_traffic_weather
2025-11-09 03:00:00,R2,Low,Peak_Hour,road_type_speed_ratio,1.0,real_traffic_weather
2025-11-09 04:00:00,R2,Low,Peak_Hour,road_type_speed_ratio,0.9988149448952405,real_traffic_weather
2025-11-09 05:00:00,R2,Low,Peak_Hour,road_type_speed_ratio,0.9992835176100169,real_traffic_weather
2025-11-09 06:00:00,R2,Low,Peak_Hour,road_type_speed_ratio,0.9970411248866041,real_traffic_weather
2025-11-09 07:00:00,R2,Medium,Incident,road_type_speed_ratio,0.8731902942972033,proxy_incident
2025-11-09 08:00:00,R2,Medium,Peak_Hour,road_type_speed_ratio,0.9855443985124525,real_traffic_weather
2025-11-09 09:00:00,R2,Medium,Peak_Hour,road_type_speed_ratio,0.9130060753976251,real_traffic_weather
2025-11-09 10:00:00,R2,Medium,Peak_Hour,road_type_speed_ratio,0.909469886021501,real_traffic_weather
2025-11-09 11:00:00,R2,Low,Peak_Hour,road_type_speed_ratio,1.0,real_traffic_weather
2025-11-09 12:00:00,R2,Low,Peak_Hour,road_type_speed_ratio,1.0,real_traffic_weather
2025-11-09 13:00:00,R2,Low,Peak_Hour,road_type_speed_ratio,1.0,real_traffic_weather
2025-11-09 14:00:00,R2,Low,Peak_Hour,road_type_speed_ratio,1.0,real_traffic_weather
2025-11-09 15:00:00,R2,Low,Peak_Hour,road_type_speed_ratio,1.0,real_traffic_weather
2025-11-09 16:00:00,R2,Low,Peak_Hour,road_type_speed_ratio,1.0,real_traffic_weather
2025-11-09 17:00:00,R2,Medium,Peak_Hour,road_type_speed_ratio,0.9989302809997838,real_traffic_weather
2025-11-09 18:00:00,R2,Low,Peak_Hour,road_type_speed_ratio,0.8244336765638508,real_traffic_weather
2025-11-09 19:00:00,R2,Medium,Peak_Hour,road_type_speed_ratio,0.9120830070440674,real_traffic_weather
2025-11-09 20:00:00,R2,Medium,Peak_Hour,road_type_speed_ratio,0.9096263557966933,real_traffic_weather
2025-11-09 21:00:00,R2,Low,Peak_Hour,road_type_speed_ratio,1.0,real_traffic_weather
2025-11-09 22:00:00,R2,Low,Peak_Hour,road_type_speed_ratio,1.0,real_traffic_weather
2025-11-09 23:00:00,R2,Low,Peak_Hour,road_type_speed_ratio,1.0,real_traffic_weather
2025-11-10 00:00:00,R2,Low,Peak_Hour,road_type_speed_ratio,1.0,real_traffic_weather
2025-11-10 01:00:00,R2,Low,Peak_Hour,road_type_speed_ratio,1.0,real_traffic_weather
2025-11-10 02:00:00,R2,Low,Peak_Hour,road_type_speed_ratio,1.0,real_traffic_weather
2025-11-10 03:00:00,R2,Low,Peak_Hour,road_type_speed_ratio,1.0,real_traffic_weather
2025-11-10 04:00:00,R2,Low,Peak_Hour,road_type_speed_ratio,1.0,real_traffic_weather
2025-11-10 05:00:00,R2,Low,Peak_Hour,road_type_speed_ratio,1.0,real_traffic_weather
2025-11-10 06:00:00,R2,Low,Peak_Hour,road_type_speed_ratio,1.0,real_traffic_weather
2025-11-10 07:00:00,R2,High,Peak_Hour,road_type_speed_ratio,0.7171390302401204,real_traffic_weather
2025-11-10 08:00:00,R2,Medium,Peak_Hour,road_type_speed_ratio,0.889543266856035,real_traffic_weather
2025-11-10 09:00:00,R2,Medium,Peak_Hour,road_type_speed_ratio,0.8905001031424988,real_traffic_weather
2025-11-10 10:00:00,R2,Medium,Peak_Hour,road_type_speed_ratio,0.9210750396278791,real_traffic_weather
2025-11-10 11:00:00,R2,Low,Peak_Hour,road_type_speed_ratio,1.0,real_traffic_weather
2025-11-10 12:00:00,R2,Low,Peak_Hour,road_type_speed_ratio,1.0,real_traffic_weather
2025-11-10 13:00:00,R2,Low,Peak_Hour,road_type_speed_ratio,1.0,real_traffic_weather
2025-11-10 14:00:00,R2,Low,Peak_Hour,road_type_speed_ratio,1.0,real_traffic_weather
2025-11-10 15:00:00,R2,Low,Peak_Hour,road_type_speed_ratio,1.0,real_traffic_weather
2025-11-10 16:00:00,R2,Low,Peak_Hour,road_type_speed_ratio,1.0,real_traffic_weather
2025-11-10 17:00:00,R2,Medium,Peak_Hour,road_type_speed_ratio,0.9175521612927183,real_traffic_weather
2025-11-10 18:00:00,R2,Medium,Peak_Hour,road_type_speed_ratio,0.8949110959337828,real_traffic_weather
2025-11-10 19:00:00,R2,Medium,Peak_Hour,road_type_speed_ratio,0.9094467747345021,real_traffic_weather
2025-11-10 20:00:00,R2,Medium,Peak_Hour,road_type_speed_ratio,0.8895685746330543,real_traffic_weather
2025-11-10 21:00:00,R2,Low,Peak_Hour,road_type_speed_ratio,0.9995999100462035,real_traffic_weather
2025-11-10 22:00:00,R2,Low,Peak_Hour,road_type_speed_ratio,1.0,real_traffic_weather
2025-11-10 23:00:00,R2,Low,Peak_Hour,road_type_speed_ratio,1.0,real_traffic_weather
2025-11-11 00:00:00,R2,Low,Peak_Hour,road_type_speed_ratio,1.0,real_traffic_weather
2025-11-11 01:00:00,R2,Low,Peak_Hour,road_type_speed_ratio,1.0,real_traffic_weather
2025-11-11 02:00:00,R2,Low,Peak_Hour,road_type_speed_ratio,1.0,real_traffic_weather
2025-11-11 03:00:00,R2,Low,Peak_Hour,road_type_speed_ratio,0.995,real_traffic_weather
2025-11-11 04:00:00,R2,Low,Peak_Hour,road_type_speed_ratio,1.0,real_traffic_weather
2025-11-11 05:00:00,R2,Low,Peak_Hour,road_type_speed_ratio,1.0,real_traffic_weather
2025-11-11 06:00:00,R2,Low,Peak_Hour,road_type_speed_ratio,1.0,real_traffic_weather
2025-11-11 07:00:00,R2,Medium,Peak_Hour,road_type_speed_ratio,0.8573703065214751,real_traffic_weather
2025-11-11 08:00:00,R2,Low,Peak_Hour,road_type_speed_ratio,0.8255336343010923,real_traffic_weather
2025-11-11 09:00:00,R2,Medium,Peak_Hour,road_type_speed_ratio,0.8856460923760209,real_traffic_weather
2025-11-11 10:00:00,R2,Medium,Peak_Hour,road_type_speed_ratio,0.9205651866330435,real_traffic_weather
2025-11-11 11:00:00,R2,Low,Peak_Hour,road_type_speed_ratio,1.0,real_traffic_weather
2025-11-11 12:00:00,R2,Low,Peak_Hour,road_type_speed_ratio,1.0,real_traffic_weather
2025-11-11 13:00:00,R2,Low,Peak_Hour,road_type_speed_ratio,1.0,real_traffic_weather
2025-11-11 14:00:00,R2,Low,Peak_Hour,road_type_speed_ratio,1.0,real_traffic_weather
2025-11-11 15:00:00,R2,Low,Peak_Hour,road_type_speed_ratio,1.0,real_traffic_weather
2025-11-11 16:00:00,R2,Low,Peak_Hour,road_type_speed_ratio,1.0,real_traffic_weather
2025-11-11 17:00:00,R2,Medium,Peak_Hour,road_type_speed_ratio,0.910951214292014,real_traffic_weather
2025-11-11 18:00:00,R2,Medium,Peak_Hour,road_type_speed_ratio,0.891901903918544,real_traffic_weather
2025-11-11 19:00:00,R2,Medium,Peak_Hour,road_type_speed_ratio,0.8958889114723908,real_traffic_weather
2025-11-11 20:00:00,R2,Medium,Peak_Hour,road_type_speed_ratio,0.8918771177497647,real_traffic_weather
2025-11-11 21:00:00,R2,Low,Peak_Hour,road_type_speed_ratio,0.9995999100462035,real_traffic_weather
2025-11-11 22:00:00,R2,Low,Peak_Hour,road_type_speed_ratio,1.0,real_traffic_weather
2025-11-11 23:00:00,R2,Low,Peak_Hour,road_type_speed_ratio,1.0,real_traffic_weather
2025-11-12 00:00:00,R2,Low,Peak_Hour,road_type_speed_ratio,1.0,real_traffic_weather
2025-11-12 01:00:00,R2,Low,Peak_Hour,road_type_speed_ratio,1.0,real_traffic_weather
2025-11-12 02:00:00,R2,Low,Peak_Hour,road_type_speed_ratio,0.995,real_traffic_weather
2025-11-12 03:00:00,R2,Low,Peak_Hour,road_type_speed_ratio,1.0,real_traffic_weather
2025-11-12 04:00:00,R2,Low,Peak_Hour,road_type_speed_ratio,1.0,real_traffic_weather
2025-11-12 05:00:00,R2,Low,Peak_Hour,road_type_speed_ratio,1.0,real_traffic_weather
2025-11-12 06:00:00,R2,Low,Peak_Hour,road_type_speed_ratio,1.0,real_traffic_weather
2025-11-12 07:00:00,R2,Medium,Peak_Hour,road_type_speed_ratio,0.873555257125141,real_traffic_weather
2025-11-12 08:00:00,R2,Medium,Peak_Hour,road_type_speed_ratio,0.9938394130576556,real_traffic_weather
2025-11-12 09:00:00,R2,Medium,Peak_Hour,road_type_speed_ratio,0.971229763840659,real_traffic_weather
2025-11-12 10:00:00,R2,Medium,Peak_Hour,road_type_speed_ratio,0.913241355922931,real_traffic_weather
2025-11-12 11:00:00,R2,Low,Peak_Hour,road_type_speed_ratio,1.0,real_traffic_weather
2025-11-12 12:00:00,R2,Low,Peak_Hour,road_type_speed_ratio,1.0,real_traffic_weather
2025-11-12 13:00:00,R2,Low,Peak_Hour,road_type_speed_ratio,1.0,real_traffic_weather
2025-11-12 14:00:00,R2,Low,Peak_Hour,road_type_speed_ratio,1.0,real_traffic_weather
2025-11-12 15:00:00,R2,Low,Peak_Hour,road_type_speed_ratio,0.9995999100462035,real_traffic_weather
2025-11-12 16:00:00,R2,Low,Peak_Hour,road_type_speed_ratio,0.9956512449229106,real_traffic_weather
2025-11-12 17:00:00,R2,Medium,Peak_Hour,road_type_speed_ratio,0.9987178565586396,real_traffic_weather
2025-11-12 18:00:00,R2,Medium,Peak_Hour,road_type_speed_ratio,0.8799926415715413,real_traffic_weather
2025-11-12 19:00:00,R2,Medium,Peak_Hour,road_type_speed_ratio,0.9052375588599639,real_traffic_weather
2025-11-12 20:00:00,R2,Medium,Peak_Hour,road_type_speed_ratio,0.8948684165691343,real_traffic_weather
2025-11-12 21:00:00,R2,Low,Peak_Hour,road_type_speed_ratio,0.995934773577067,real_traffic_weather
2025-11-12 22:00:00,R2,Low,Peak_Hour,road_type_speed_ratio,1.0,real_traffic_weather
2025-11-12 23:00:00,R2,Low,Peak_Hour,road_type_speed_ratio,1.0,real_traffic_weather
2025-11-13 00:00:00,R2,Low,Peak_Hour,road_type_speed_ratio,1.0,real_traffic_weather
2025-11-13 01:00:00,R2,Low,Peak_Hour,road_type_speed_ratio,1.0,real_traffic_weather
2025-11-13 02:00:00,R2,Low,Peak_Hour,road_type_speed_ratio,1.0,real_traffic_weather
2025-11-13 03:00:00,R2,Low,Peak_Hour,road_type_speed_ratio,1.0,real_traffic_weather
2025-11-13 04:00:00,R2,Low,Peak_Hour,road_type_speed_ratio,1.0,real_traffic_weather
2025-11-13 05:00:00,R2,Low,Peak_Hour,road_type_speed_ratio,1.0,real_traffic_weather
2025-11-13 06:00:00,R2,Low,Peak_Hour,road_type_speed_ratio,1.0,real_traffic_weather
2025-11-13 07:00:00,R2,Medium,Peak_Hour,road_type_speed_ratio,0.865584917020002,real_traffic_weather
2025-11-13 08:00:00,R2,Medium,Peak_Hour,road_type_speed_ratio,0.8898684387109992,real_traffic_weather
2025-11-13 09:00:00,R2,Medium,Peak_Hour,road_type_speed_ratio,0.884030056201548,real_traffic_weather
2025-11-13 10:00:00,R2,Medium,Peak_Hour,road_type_speed_ratio,0.8975876970403377,real_traffic_weather
2025-11-13 11:00:00,R2,Low,Peak_Hour,road_type_speed_ratio,1.0,real_traffic_weather
2025-11-13 12:00:00,R2,Low,Incident,road_type_speed_ratio,0.985,proxy_incident
2025-11-13 13:00:00,R2,Low,Incident,road_type_speed_ratio,0.995,proxy_incident
2025-11-13 14:00:00,R2,Low,Peak_Hour,road_type_speed_ratio,1.0,real_traffic_weather
2025-11-13 15:00:00,R2,Low,Peak_Hour,road_type_speed_ratio,0.9995999100462035,real_traffic_weather
2025-11-13 16:00:00,R2,Low,Peak_Hour,road_type_speed_ratio,0.9995999100462035,real_traffic_weather
2025-11-13 17:00:00,R2,Medium,Peak_Hour,road_type_speed_ratio,0.921845731574879,real_traffic_weather
2025-11-13 18:00:00,R2,Medium,Peak_Hour,road_type_speed_ratio,0.9004328285950356,real_traffic_weather
2025-11-13 19:00:00,R2,Medium,Peak_Hour,road_type_speed_ratio,0.9101231636120575,real_traffic_weather
2025-11-13 20:00:00,R2,Medium,Peak_Hour,road_type_speed_ratio,0.9051616760010739,real_traffic_weather
2025-11-13 21:00:00,R2,Low,Peak_Hour,road_type_speed_ratio,1.0,real_traffic_weather
2025-11-13 22:00:00,R2,Low,Peak_Hour,road_type_speed_ratio,1.0,real_traffic_weather
2025-11-13 23:00:00,R2,Low,Peak_Hour,road_type_speed_ratio,1.0,real_traffic_weather
2025-11-14 00:00:00,R2,Low,Peak_Hour,road_type_speed_ratio,1.0,real_traffic_weather
2025-11-14 01:00:00,R2,Low,Peak_Hour,road_type_speed_ratio,1.0,real_traffic_weather
2025-11-14 02:00:00,R2,Low,Peak_Hour,road_type_speed_ratio,1.0,real_traffic_weather
2025-11-14 03:00:00,R2,Low,Peak_Hour,road_type_speed_ratio,1.0,real_traffic_weather
2025-11-14 04:00:00,R2,Low,Peak_Hour,road_type_speed_ratio,1.0,real_traffic_weather
2025-11-14 05:00:00,R2,Low,Peak_Hour,road_type_speed_ratio,1.0,real_traffic_weather
2025-11-14 06:00:00,R2,Low,Peak_Hour,road_type_speed_ratio,1.0,real_traffic_weather
2025-11-14 07:00:00,R2,Medium,Peak_Hour,road_type_speed_ratio,0.8660621563697545,real_traffic_weather
2025-11-14 08:00:00,R2,Medium,Peak_Hour,road_type_speed_ratio,0.8851172013486033,real_traffic_weather
2025-11-14 09:00:00,R2,Medium,Peak_Hour,road_type_speed_ratio,0.8074974322751183,real_traffic_weather
2025-11-14 10:00:00,R2,Medium,Peak_Hour,road_type_speed_ratio,0.9125629816108808,real_traffic_weather
2025-11-14 11:00:00,R2,Low,Peak_Hour,road_type_speed_ratio,1.0,real_traffic_weather
2025-11-14 12:00:00,R2,Low,Incident,road_type_speed_ratio,0.98,proxy_incident
2025-11-14 13:00:00,R2,Low,Peak_Hour,road_type_speed_ratio,1.0,real_traffic_weather
2025-11-14 14:00:00,R2,Low,Peak_Hour,road_type_speed_ratio,1.0,real_traffic_weather
2025-11-14 15:00:00,R2,Low,Peak_Hour,road_type_speed_ratio,0.9995999100462035,real_traffic_weather
2025-11-14 16:00:00,R2,Low,Peak_Hour,road_type_speed_ratio,0.9872263236768484,real_traffic_weather
2025-11-14 17:00:00,R2,Medium,Peak_Hour,road_type_speed_ratio,0.9185437977778631,real_traffic_weather
2025-11-14 18:00:00,R2,Medium,Peak_Hour,road_type_speed_ratio,0.9005709979103951,real_traffic_weather
2025-11-14 19:00:00,R2,Medium,Peak_Hour,road_type_speed_ratio,0.9145142431659907,real_traffic_weather
2025-11-14 20:00:00,R2,Medium,Peak_Hour,road_type_speed_ratio,0.8988205723063807,real_traffic_weather
2025-11-14 21:00:00,R2,Low,Peak_Hour,road_type_speed_ratio,1.0,real_traffic_weather
2025-11-14 22:00:00,R2,Low,Peak_Hour,road_type_speed_ratio,1.0,real_traffic_weather
2025-11-14 23:00:00,R2,Low,Peak_Hour,road_type_speed_ratio,1.0,real_traffic_weather
2025-11-15 00:00:00,R2,Low,Peak_Hour,road_type_speed_ratio,1.0,real_traffic_weather
2025-11-15 01:00:00,R2,Low,Peak_Hour,road_type_speed_ratio,1.0,real_traffic_weather
2025-11-15 02:00:00,R2,Low,Peak_Hour,road_type_speed_ratio,1.0,real_traffic_weather
2025-11-15 03:00:00,R2,Low,Peak_Hour,road_type_speed_ratio,1.0,real_traffic_weather
2025-11-15 04:00:00,R2,Low,Peak_Hour,road_type_speed_ratio,0.99,real_traffic_weather
2025-11-15 05:00:00,R2,Low,Peak_Hour,road_type_speed_ratio,0.9992835176100169,real_traffic_weather
2025-11-15 06:00:00,R2,Low,Peak_Hour,road_type_speed_ratio,0.995,real_traffic_weather
2025-11-15 07:00:00,R2,Medium,Peak_Hour,road_type_speed_ratio,0.8520441909698825,real_traffic_weather
2025-11-15 08:00:00,R2,Medium,Peak_Hour,road_type_speed_ratio,0.9938156582093075,real_traffic_weather
2025-11-15 09:00:00,R2,Medium,Peak_Hour,road_type_speed_ratio,0.9069976798624932,real_traffic_weather
2025-11-15 10:00:00,R2,Medium,Peak_Hour,road_type_speed_ratio,0.8942760620331724,real_traffic_weather
2025-11-15 11:00:00,R2,Low,Peak_Hour,road_type_speed_ratio,1.0,real_traffic_weather
2025-11-15 12:00:00,R2,Low,Peak_Hour,road_type_speed_ratio,1.0,real_traffic_weather
2025-11-15 13:00:00,R2,Low,Peak_Hour,road_type_speed_ratio,1.0,real_traffic_weather
2025-11-15 14:00:00,R2,Low,Peak_Hour,road_type_speed_ratio,1.0,real_traffic_weather
2025-11-15 15:00:00,R2,Low,Peak_Hour,road_type_speed_ratio,1.0,real_traffic_weather
2025-11-15 16:00:00,R2,Low,Peak_Hour,road_type_speed_ratio,1.0,real_traffic_weather
2025-11-15 17:00:00,R2,Medium,Peak_Hour,road_type_speed_ratio,0.9188163253258977,real_traffic_weather
2025-11-15 18:00:00,R2,Medium,Peak_Hour,road_type_speed_ratio,0.9055643984946896,real_traffic_weather
2025-11-15 19:00:00,R2,Medium,Peak_Hour,road_type_speed_ratio,0.9815462963421576,real_traffic_weather
2025-11-15 20:00:00,R2,Medium,Peak_Hour,road_type_speed_ratio,0.9029738048044252,real_traffic_weather
2025-11-15 21:00:00,R2,Low,Peak_Hour,road_type_speed_ratio,1.0,real_traffic_weather
2025-11-15 22:00:00,R2,Low,Peak_Hour,road_type_speed_ratio,1.0,real_traffic_weather
2025-11-15 23:00:00,R2,Low,Peak_Hour,road_type_speed_ratio,1.0,real_traffic_weather
2025-11-16 00:00:00,R2,Low,Peak_Hour,road_type_speed_ratio,1.0,real_traffic_weather
2025-11-16 01:00:00,R2,Low,Peak_Hour,road_type_speed_ratio,1.0,real_traffic_weather
2025-11-16 02:00:00,R2,Low,Peak_Hour,road_type_speed_ratio,1.0,real_traffic_weather
2025-11-16 03:00:00,R2,Low,Peak_Hour,road_type_speed_ratio,1.0,real_traffic_weather
2025-11-16 04:00:00,R2,Low,Peak_Hour,road_type_speed_ratio,0.9988149448952405,real_traffic_weather
2025-11-16 05:00:00,R2,Low,Peak_Hour,road_type_speed_ratio,0.9992835176100169,real_traffic_weather
2025-11-16 06:00:00,R2,Low,Peak_Hour,road_type_speed_ratio,0.9970411248866041,real_traffic_weather
2025-11-16 07:00:00,R2,Medium,Peak_Hour,road_type_speed_ratio,0.8625236061721167,real_traffic_weather
2025-11-16 08:00:00,R2,Medium,Peak_Hour,road_type_speed_ratio,0.9078656039177062,real_traffic_weather
2025-11-16 09:00:00,R2,Medium,Peak_Hour,road_type_speed_ratio,0.9130060753976251,real_traffic_weather
2025-11-16 10:00:00,R2,Medium,Peak_Hour,road_type_speed_ratio,0.8988034846185557,real_traffic_weather
2025-11-16 11:00:00,R2,Low,Peak_Hour,road_type_speed_ratio,0.995,real_traffic_weather
2025-11-16 12:00:00,R2,Low,Peak_Hour,road_type_speed_ratio,1.0,real_traffic_weather
2025-11-16 13:00:00,R2,Low,Peak_Hour,road_type_speed_ratio,1.0,real_traffic_weather
2025-11-16 14:00:00,R2,Low,Peak_Hour,road_type_speed_ratio,1.0,real_traffic_weather
2025-11-16 15:00:00,R2,Low,Peak_Hour,road_type_speed_ratio,1.0,real_traffic_weather
2025-11-16 16:00:00,R2,Low,Peak_Hour,road_type_speed_ratio,1.0,real_traffic_weather
2025-11-16 17:00:00,R2,Medium,Peak_Hour,road_type_speed_ratio,0.9070436017864975,real_traffic_weather
2025-11-16 18:00:00,R2,Medium,Peak_Hour,road_type_speed_ratio,0.90869969913819,real_traffic_weather
2025-11-16 19:00:00,R2,Medium,Peak_Hour,road_type_speed_ratio,0.9131841468566476,real_traffic_weather
2025-11-16 20:00:00,R2,Medium,Peak_Hour,road_type_speed_ratio,0.9069202920971745,real_traffic_weather
2025-11-16 21:00:00,R2,Low,Peak_Hour,road_type_speed_ratio,1.0,real_traffic_weather
2025-11-16 22:00:00,R2,Low,Peak_Hour,road_type_speed_ratio,1.0,real_traffic_weather
2025-11-16 23:00:00,R2,Low,Peak_Hour,road_type_speed_ratio,1.0,real_traffic_weather
2025-11-17 00:00:00,R2,Low,Peak_Hour,road_type_speed_ratio,1.0,real_traffic_weather
2025-11-17 01:00:00,R2,Low,Peak_Hour,road_type_speed_ratio,1.0,real_traffic_weather
2025-11-17 02:00:00,R2,Low,Peak_Hour,road_type_speed_ratio,1.0,real_traffic_weather
2025-11-17 03:00:00,R2,Low,Peak_Hour,road_type_speed_ratio,0.995,real_traffic_weather
2025-11-17 04:00:00,R2,Low,Peak_Hour,road_type_speed_ratio,1.0,real_traffic_weather
2025-11-17 05:00:00,R2,Low,Peak_Hour,road_type_speed_ratio,1.0,real_traffic_weather
2025-11-17 06:00:00,R2,Low,Peak_Hour,road_type_speed_ratio,1.0,real_traffic_weather
2025-11-17 07:00:00,R2,Medium,Peak_Hour,road_type_speed_ratio,0.8506145598961128,real_traffic_weather
2025-11-17 08:00:00,R2,Medium,Peak_Hour,road_type_speed_ratio,0.8920762876430224,real_traffic_weather
2025-11-17 09:00:00,R2,Medium,Peak_Hour,road_type_speed_ratio,0.8860840402951732,real_traffic_weather
2025-11-17 10:00:00,R2,Medium,Peak_Hour,road_type_speed_ratio,0.9141790111648193,real_traffic_weather
2025-11-17 11:00:00,R2,Low,Peak_Hour,road_type_speed_ratio,1.0,real_traffic_weather
2025-11-17 12:00:00,R2,Low,Peak_Hour,road_type_speed_ratio,1.0,real_traffic_weather
2025-11-17 13:00:00,R2,Low,Peak_Hour,road_type_speed_ratio,1.0,real_traffic_weather
2025-11-17 14:00:00,R2,Low,Peak_Hour,road_type_speed_ratio,1.0,real_traffic_weather
2025-11-17 15:00:00,R2,Low,Peak_Hour,road_type_speed_ratio,0.9995999100462035,real_traffic_weather
2025-11-17 16:00:00,R2,Low,Peak_Hour,road_type_speed_ratio,0.9995999100462035,real_traffic_weather
2025-11-17 17:00:00,R2,Medium,Peak_Hour,road_type_speed_ratio,0.9225521612927183,real_traffic_weather
2025-11-17 18:00:00,R2,Medium,Peak_Hour,road_type_speed_ratio,0.8783727413950894,real_traffic_weather
2025-11-17 19:00:00,R2,Medium,Peak_Hour,road_type_speed_ratio,0.9043487590084234,real_traffic_weather
2025-11-17 20:00:00,R2,Medium,Peak_Hour,road_type_speed_ratio,0.9838764341264549,real_traffic_weather
2025-11-17 21:00:00,R2,Low,Peak_Hour,road_type_speed_ratio,0.9995999100462035,real_traffic_weather
2025-11-17 22:00:00,R2,Low,Peak_Hour,road_type_speed_ratio,1.0,real_traffic_weather
2025-11-17 23:00:00,R2,Low,Peak_Hour,road_type_speed_ratio,1.0,real_traffic_weather
2025-11-18 00:00:00,R2,Low,Peak_Hour,road_type_speed_ratio,1.0,real_traffic_weather
2025-11-18 01:00:00,R2,Low,Incident,road_type_speed_ratio,0.995,proxy_incident
2025-11-18 02:00:00,R2,Low,Peak_Hour,road_type_speed_ratio,1.0,real_traffic_weather
2025-11-18 03:00:00,R2,Low,Peak_Hour,road_type_speed_ratio,1.0,real_traffic_weather
2025-11-18 04:00:00,R2,Low,Peak_Hour,road_type_speed_ratio,1.0,real_traffic_weather
2025-11-18 05:00:00,R2,Low,Peak_Hour,road_type_speed_ratio,1.0,real_traffic_weather
2025-11-18 06:00:00,R2,Low,Peak_Hour,road_type_speed_ratio,1.0,real_traffic_weather
2025-11-18 07:00:00,R2,Medium,Peak_Hour,road_type_speed_ratio,0.8673703065214751,real_traffic_weather
2025-11-18 08:00:00,R2,Medium,Peak_Hour,road_type_speed_ratio,0.8795924835586849,real_traffic_weather
2025-11-18 09:00:00,R2,Medium,Incident,road_type_speed_ratio,0.9970764588174752,proxy_incident
2025-11-18 10:00:00,R2,Medium,Peak_Hour,road_type_speed_ratio,0.9147526823408488,real_traffic_weather
2025-11-18 11:00:00,R2,Low,Peak_Hour,road_type_speed_ratio,1.0,real_traffic_weather
2025-11-18 12:00:00,R2,Low,Peak_Hour,road_type_speed_ratio,1.0,real_traffic_weather
2025-11-18 13:00:00,R2,Low,Peak_Hour,road_type_speed_ratio,1.0,real_traffic_weather
2025-11-18 14:00:00,R2,Low,Peak_Hour,road_type_speed_ratio,1.0,real_traffic_weather
2025-11-18 15:00:00,R2,Low,Peak_Hour,road_type_speed_ratio,0.9995999100462035,real_traffic_weather
2025-11-18 16:00:00,R2,Low,Peak_Hour,road_type_speed_ratio,0.9995999100462035,real_traffic_weather
2025-11-18 17:00:00,R2,Medium,Peak_Hour,road_type_speed_ratio,0.9975525237726913,real_traffic_weather
2025-11-18 18:00:00,R2,Medium,Peak_Hour,road_type_speed_ratio,0.8677838804257018,real_traffic_weather
2025-11-18 19:00:00,R2,Medium,Peak_Hour,road_type_speed_ratio,0.8973622345419071,real_traffic_weather
2025-11-18 20:00:00,R2,Medium,Peak_Hour,road_type_speed_ratio,0.8807062996578366,real_traffic_weather
2025-11-18 21:00:00,R2,Low,Peak_Hour,road_type_speed_ratio,1.0,real_traffic_weather
2025-11-18 22:00:00,R2,Low,Peak_Hour,road_type_speed_ratio,1.0,real_traffic_weather
2025-11-18 23:00:00,R2,Low,Peak_Hour,road_type_speed_ratio,1.0,real_traffic_weather
2025-11-19 00:00:00,R2,Low,Peak_Hour,road_type_speed_ratio,1.0,real_traffic_weather
2025-11-19 01:00:00,R2,Low,Peak_Hour,road_type_speed_ratio,1.0,real_traffic_weather
2025-11-19 02:00:00,R2,Low,Peak_Hour,road_type_speed_ratio,1.0,real_traffic_weather
2025-11-19 03:00:00,R2,Low,Peak_Hour,road_type_speed_ratio,1.0,real_traffic_weather
2025-11-19 04:00:00,R2,Low,Peak_Hour,road_type_speed_ratio,1.0,real_traffic_weather
2025-11-19 05:00:00,R2,Low,Peak_Hour,road_type_speed_ratio,1.0,real_traffic_weather
2025-11-19 06:00:00,R2,Low,Peak_Hour,road_type_speed_ratio,1.0,real_traffic_weather
2025-11-19 07:00:00,R2,Medium,Peak_Hour,road_type_speed_ratio,0.8764067057493424,real_traffic_weather
2025-11-19 08:00:00,R2,Medium,Peak_Hour,road_type_speed_ratio,0.8874535531739816,real_traffic_weather
2025-11-19 09:00:00,R2,Medium,Peak_Hour,road_type_speed_ratio,0.8949094786944255,real_traffic_weather
2025-11-19 10:00:00,R2,Medium,Peak_Hour,road_type_speed_ratio,0.9059051662772174,real_traffic_weather
2025-11-19 11:00:00,R2,Low,Peak_Hour,road_type_speed_ratio,1.0,real_traffic_weather
2025-11-19 12:00:00,R2,Low,Peak_Hour,road_type_speed_ratio,1.0,real_traffic_weather
2025-11-19 13:00:00,R2,Low,Peak_Hour,road_type_speed_ratio,1.0,real_traffic_weather
2025-11-19 14:00:00,R2,Low,Peak_Hour,road_type_speed_ratio,1.0,real_traffic_weather
2025-11-19 15:00:00,R2,Low,Peak_Hour,road_type_speed_ratio,0.9995999100462035,real_traffic_weather
2025-11-19 16:00:00,R2,Low,Peak_Hour,road_type_speed_ratio,0.9995999100462035,real_traffic_weather
2025-11-19 17:00:00,R2,Medium,Incident,road_type_speed_ratio,0.9129209062480311,proxy_incident
2025-11-19 18:00:00,R2,Medium,Peak_Hour,road_type_speed_ratio,0.9065698535251779,real_traffic_weather
2025-11-19 19:00:00,R2,Medium,Peak_Hour,road_type_speed_ratio,0.8943500474875904,real_traffic_weather
2025-11-19 20:00:00,R2,Medium,Peak_Hour,road_type_speed_ratio,0.9052739309321445,real_traffic_weather
2025-11-19 21:00:00,R2,Low,Peak_Hour,road_type_speed_ratio,0.9995999100462035,real_traffic_weather
2025-11-19 22:00:00,R2,Low,Peak_Hour,road_type_speed_ratio,1.0,real_traffic_weather
2025-11-19 23:00:00,R2,Low,Peak_Hour,road_type_speed_ratio,1.0,real_traffic_weather
2025-11-20 00:00:00,R2,Low,Peak_Hour,road_type_speed_ratio,1.0,real_traffic_weather
2025-11-20 01:00:00,R2,Low,Peak_Hour,road_type_speed_ratio,1.0,real_traffic_weather
2025-11-20 02:00:00,R2,Low,Peak_Hour,road_type_speed_ratio,1.0,real_traffic_weather
2025-11-20 03:00:00,R2,Low,Peak_Hour,road_type_speed_ratio,1.0,real_traffic_weather
2025-11-20 04:00:00,R2,Low,Peak_Hour,road_type_speed_ratio,1.0,real_traffic_weather
2025-11-20 05:00:00,R2,Low,Peak_Hour,road_type_speed_ratio,1.0,real_traffic_weather
2025-11-20 06:00:00,R2,Low,Peak_Hour,road_type_speed_ratio,1.0,real_traffic_weather
2025-11-20 07:00:00,R2,Medium,Peak_Hour,road_type_speed_ratio,0.8606690685722606,real_traffic_weather
2025-11-20 08:00:00,R2,Medium,Peak_Hour,road_type_speed_ratio,0.8827538556252078,real_traffic_weather
2025-11-20 09:00:00,R2,Low,Peak_Hour,road_type_speed_ratio,0.8438119072941688,real_traffic_weather
2025-11-20 10:00:00,R2,Medium,Peak_Hour,road_type_speed_ratio,0.9187891953818372,real_traffic_weather
2025-11-20 11:00:00,R2,Low,Peak_Hour,road_type_speed_ratio,1.0,real_traffic_weather
2025-11-20 12:00:00,R2,Low,Peak_Hour,road_type_speed_ratio,1.0,real_traffic_weather
2025-11-20 13:00:00,R2,Low,Peak_Hour,road_type_speed_ratio,1.0,real_traffic_weather
2025-11-20 14:00:00,R2,Low,Peak_Hour,road_type_speed_ratio,1.0,real_traffic_weather
2025-11-20 15:00:00,R2,Low,Peak_Hour,road_type_speed_ratio,0.9995999100462035,real_traffic_weather
2025-11-20 16:00:00,R2,Low,Peak_Hour,road_type_speed_ratio,0.9995999100462035,real_traffic_weather
2025-11-20 17:00:00,R2,Medium,Peak_Hour,road_type_speed_ratio,0.9069191786594172,real_traffic_weather
2025-11-20 18:00:00,R2,Medium,Peak_Hour,road_type_speed_ratio,0.8956315422747992,real_traffic_weather
2025-11-20 19:00:00,R2,Medium,Peak_Hour,road_type_speed_ratio,0.898180207637153,real_traffic_weather
2025-11-20 20:00:00,R2,Medium,Peak_Hour,road_type_speed_ratio,0.9077193616093844,real_traffic_weather
2025-11-20 21:00:00,R2,Low,Peak_Hour,road_type_speed_ratio,0.9995999100462035,real_traffic_weather
2025-11-20 22:00:00,R2,Low,Peak_Hour,road_type_speed_ratio,1.0,real_traffic_weather
2025-11-20 23:00:00,R2,Low,Peak_Hour,road_type_speed_ratio,1.0,real_traffic_weather
2025-11-21 00:00:00,R2,Low,Peak_Hour,road_type_speed_ratio,1.0,real_traffic_weather
2025-11-21 01:00:00,R2,Low,Peak_Hour,road_type_speed_ratio,1.0,real_traffic_weather
2025-11-21 02:00:00,R2,Low,Peak_Hour,road_type_speed_ratio,1.0,real_traffic_weather
2025-11-21 03:00:00,R2,Low,Peak_Hour,road_type_speed_ratio,1.0,real_traffic_weather
2025-11-21 04:00:00,R2,Low,Peak_Hour,road_type_speed_ratio,1.0,real_traffic_weather
2025-11-21 05:00:00,R2,Low,Peak_Hour,road_type_speed_ratio,1.0,real_traffic_weather
2025-11-21 06:00:00,R2,Low,Peak_Hour,road_type_speed_ratio,1.0,real_traffic_weather
2025-11-21 07:00:00,R2,Medium,Peak_Hour,road_type_speed_ratio,0.8815806629472915,real_traffic_weather
2025-11-21 08:00:00,R2,Medium,Peak_Hour,road_type_speed_ratio,0.8851172013486033,real_traffic_weather
2025-11-21 09:00:00,R2,Medium,Peak_Hour,road_type_speed_ratio,0.8995934577582616,real_traffic_weather
2025-11-21 10:00:00,R2,Medium,Peak_Hour,road_type_speed_ratio,0.9021941659838977,real_traffic_weather
2025-11-21 11:00:00,R2,Low,Peak_Hour,road_type_speed_ratio,1.0,real_traffic_weather
2025-11-21 12:00:00,R2,Low,Peak_Hour,road_type_speed_ratio,1.0,real_traffic_weather
2025-11-21 13:00:00,R2,Low,Peak_Hour,road_type_speed_ratio,1.0,real_traffic_weather
2025-11-21 14:00:00,R2,Low,Peak_Hour,road_type_speed_ratio,1.0,real_traffic_weather
2025-11-21 15:00:00,R2,Low,Peak_Hour,road_type_speed_ratio,0.9985313286330769,real_traffic_weather
2025-11-21 16:00:00,R2,Low,Peak_Hour,road_type_speed_ratio,0.9995999100462035,real_traffic_weather
2025-11-21 17:00:00,R2,Medium,Peak_Hour,road_type_speed_ratio,0.9056639914120752,real_traffic_weather
2025-11-21 18:00:00,R2,Medium,Peak_Hour,road_type_speed_ratio,0.9875086162920874,real_traffic_weather
2025-11-21 19:00:00,R2,Medium,Peak_Hour,road_type_speed_ratio,0.9159861497906157,real_traffic_weather
2025-11-21 20:00:00,R2,Medium,Peak_Hour,road_type_speed_ratio,0.9100536157170955,real_traffic_weather
2025-11-21 21:00:00,R2,Low,Peak_Hour,road_type_speed_ratio,0.9995999100462035,real_traffic_weather
2025-11-21 22:00:00,R2,Low,Peak_Hour,road_type_speed_ratio,1.0,real_traffic_weather
2025-11-21 23:00:00,R2,Low,Peak_Hour,road_type_speed_ratio,1.0,real_traffic_weather
2025-11-22 00:00:00,R2,Low,Peak_Hour,road_type_speed_ratio,1.0,real_traffic_weather
2025-11-22 01:00:00,R2,Low,Peak_Hour,road_type_speed_ratio,1.0,real_traffic_weather
2025-11-22 02:00:00,R2,Low,Peak_Hour,road_type_speed_ratio,1.0,real_traffic_weather
2025-11-22 03:00:00,R2,Low,Peak_Hour,road_type_speed_ratio,1.0,real_traffic_weather
2025-11-22 04:00:00,R2,Low,Peak_Hour,road_type_speed_ratio,0.99,real_traffic_weather
2025-11-22 05:00:00,R2,Low,Peak_Hour,road_type_speed_ratio,0.9871823795382969,real_traffic_weather
2025-11-22 06:00:00,R2,Low,Peak_Hour,road_type_speed_ratio,1.0,real_traffic_weather
2025-11-22 07:00:00,R2,Medium,Incident,road_type_speed_ratio,0.8988915626653852,proxy_incident
2025-11-22 08:00:00,R2,Medium,Peak_Hour,road_type_speed_ratio,0.8913613857092352,real_traffic_weather
2025-11-22 09:00:00,R2,Medium,Peak_Hour,road_type_speed_ratio,0.9219934630237497,real_traffic_weather
2025-11-22 10:00:00,R2,Medium,Peak_Hour,road_type_speed_ratio,0.8857325194497413,real_traffic_weather
2025-11-22 11:00:00,R2,Low,Peak_Hour,road_type_speed_ratio,1.0,real_traffic_weather
2025-11-22 12:00:00,R2,Low,Peak_Hour,road_type_speed_ratio,1.0,real_traffic_weather
2025-11-22 13:00:00,R2,Low,Peak_Hour,road_type_speed_ratio,1.0,real_traffic_weather
2025-11-22 14:00:00,R2,Low,Peak_Hour,road_type_speed_ratio,1.0,real_traffic_weather
2025-11-22 15:00:00,R2,Low,Peak_Hour,road_type_speed_ratio,1.0,real_traffic_weather
2025-11-22 16:00:00,R2,Low,Peak_Hour,road_type_speed_ratio,1.0,real_traffic_weather
2025-11-22 17:00:00,R2,Medium,Peak_Hour,road_type_speed_ratio,0.9971577040137605,real_traffic_weather
2025-11-22 18:00:00,R2,Medium,Peak_Hour,road_type_speed_ratio,0.9217289247987326,real_traffic_weather
2025-11-22 19:00:00,R2,Medium,Peak_Hour,road_type_speed_ratio,0.9984300492019791,real_traffic_weather
2025-11-22 20:00:00,R2,Medium,Peak_Hour,road_type_speed_ratio,0.997263194130849,real_traffic_weather
2025-11-22 21:00:00,R2,Low,Peak_Hour,road_type_speed_ratio,1.0,real_traffic_weather
2025-11-22 22:00:00,R2,Low,Peak_Hour,road_type_speed_ratio,1.0,real_traffic_weather
2025-11-22 23:00:00,R2,Low,Peak_Hour,road_type_speed_ratio,1.0,real_traffic_weather
2025-11-23 00:00:00,R2,Low,Peak_Hour,road_type_speed_ratio,1.0,real_traffic_weather
2025-11-23 01:00:00,R2,Low,Incident,road_type_speed_ratio,0.99,proxy_incident
2025-11-23 02:00:00,R2,Low,Peak_Hour,road_type_speed_ratio,1.0,real_traffic_weather
2025-11-23 03:00:00,R2,Low,Peak_Hour,road_type_speed_ratio,1.0,real_traffic_weather
2025-11-23 04:00:00,R2,Low,Peak_Hour,road_type_speed_ratio,0.9938149448952405,real_traffic_weather
2025-11-23 05:00:00,R2,Low,Peak_Hour,road_type_speed_ratio,0.9913246424966209,real_traffic_weather
2025-11-23 06:00:00,R2,Low,Peak_Hour,road_type_speed_ratio,0.9970411248866041,real_traffic_weather
2025-11-23 07:00:00,R2,Medium,Peak_Hour,road_type_speed_ratio,0.98819214145974,real_traffic_weather
2025-11-23 08:00:00,R2,Medium,Peak_Hour,road_type_speed_ratio,0.8911239811720685,real_traffic_weather
2025-11-23 09:00:00,R2,Medium,Peak_Hour,road_type_speed_ratio,0.9173526952797907,real_traffic_weather
2025-11-23 10:00:00,R2,Medium,Peak_Hour,road_type_speed_ratio,0.903069014085214,real_traffic_weather
2025-11-23 11:00:00,R2,Low,Peak_Hour,road_type_speed_ratio,1.0,real_traffic_weather
2025-11-23 12:00:00,R2,Low,Peak_Hour,road_type_speed_ratio,1.0,real_traffic_weather
2025-11-23 13:00:00,R2,Low,Peak_Hour,road_type_speed_ratio,1.0,real_traffic_weather
2025-11-23 14:00:00,R2,Low,Peak_Hour,road_type_speed_ratio,1.0,real_traffic_weather
2025-11-23 15:00:00,R2,Low,Peak_Hour,road_type_speed_ratio,1.0,real_traffic_weather
2025-11-23 16:00:00,R2,Low,Peak_Hour,road_type_speed_ratio,1.0,real_traffic_weather
2025-11-23 17:00:00,R2,Medium,Peak_Hour,road_type_speed_ratio,0.9179398181421246,real_traffic_weather
2025-11-23 18:00:00,R2,High,Peak_Hour,road_type_speed_ratio,0.6644334975369458,real_traffic_weather
2025-11-23 19:00:00,R2,Medium,Peak_Hour,road_type_speed_ratio,0.9172488859214997,real_traffic_weather
2025-11-23 20:00:00,R2,Medium,Peak_Hour,road_type_speed_ratio,0.9040865673937472,real_traffic_weather
2025-11-23 21:00:00,R2,Low,Peak_Hour,road_type_speed_ratio,1.0,real_traffic_weather
2025-11-23 22:00:00,R2,Low,Peak_Hour,road_type_speed_ratio,1.0,real_traffic_weather
2025-11-23 23:00:00,R2,Low,Peak_Hour,road_type_speed_ratio,1.0,real_traffic_weather
2025-11-24 00:00:00,R2,Low,Peak_Hour,road_type_speed_ratio,1.0,real_traffic_weather
2025-11-24 01:00:00,R2,Low,Peak_Hour,road_type_speed_ratio,1.0,real_traffic_weather
2025-11-24 02:00:00,R2,Low,Peak_Hour,road_type_speed_ratio,1.0,real_traffic_weather
2025-11-24 03:00:00,R2,Low,Peak_Hour,road_type_speed_ratio,1.0,real_traffic_weather
2025-11-24 04:00:00,R2,Low,Peak_Hour,road_type_speed_ratio,1.0,real_traffic_weather
2025-11-24 05:00:00,R2,Low,Peak_Hour,road_type_speed_ratio,1.0,real_traffic_weather
2025-11-24 06:00:00,R2,Low,Peak_Hour,road_type_speed_ratio,1.0,real_traffic_weather
2025-11-24 07:00:00,R2,Medium,Peak_Hour,road_type_speed_ratio,0.8619723500032882,real_traffic_weather
2025-11-24 08:00:00,R2,Medium,Peak_Hour,road_type_speed_ratio,0.889543266856035,real_traffic_weather
2025-11-24 09:00:00,R2,Medium,Peak_Hour,road_type_speed_ratio,0.896673353044728,real_traffic_weather
2025-11-24 10:00:00,R2,Medium,Peak_Hour,road_type_speed_ratio,0.9133957817562544,real_traffic_weather
2025-11-24 11:00:00,R2,Low,Peak_Hour,road_type_speed_ratio,1.0,real_traffic_weather
2025-11-24 12:00:00,R2,Low,Peak_Hour,road_type_speed_ratio,1.0,real_traffic_weather
2025-11-24 13:00:00,R2,Low,Peak_Hour,road_type_speed_ratio,1.0,real_traffic_weather
2025-11-24 14:00:00,R2,Low,Peak_Hour,road_type_speed_ratio,1.0,real_traffic_weather
2025-11-24 15:00:00,R2,Low,Peak_Hour,road_type_speed_ratio,0.9995999100462035,real_traffic_weather
2025-11-24 16:00:00,R2,Low,Peak_Hour,road_type_speed_ratio,0.9956512449229106,real_traffic_weather
2025-11-24 17:00:00,R2,Medium,Peak_Hour,road_type_speed_ratio,0.9059811873534376,real_traffic_weather
2025-11-24 18:00:00,R2,Medium,Peak_Hour,road_type_speed_ratio,0.8908215951789356,real_traffic_weather
2025-11-24 19:00:00,R2,Medium,Peak_Hour,road_type_speed_ratio,0.9056000435575087,real_traffic_weather
2025-11-24 20:00:00,R2,Medium,Peak_Hour,road_type_speed_ratio,0.8845685746330543,real_traffic_weather
2025-11-24 21:00:00,R2,Low,Peak_Hour,road_type_speed_ratio,0.9995999100462035,real_traffic_weather
2025-11-24 22:00:00,R2,Low,Peak_Hour,road_type_speed_ratio,1.0,real_traffic_weather
2025-11-24 23:00:00,R2,Low,Peak_Hour,road_type_speed_ratio,1.0,real_traffic_weather
2025-11-25 00:00:00,R2,Low,Peak_Hour,road_type_speed_ratio,0.995,real_traffic_weather
2025-11-25 01:00:00,R2,Low,Peak_Hour,road_type_speed_ratio,1.0,real_traffic_weather
2025-11-25 02:00:00,R2,Low,Peak_Hour,road_type_speed_ratio,1.0,real_traffic_weather
2025-11-25 03:00:00,R2,Low,Peak_Hour,road_type_speed_ratio,1.0,real_traffic_weather
2025-11-25 04:00:00,R2,Low,Peak_Hour,road_type_speed_ratio,1.0,real_traffic_weather
2025-11-25 05:00:00,R2,Low,Peak_Hour,road_type_speed_ratio,1.0,real_traffic_weather
2025-11-25 06:00:00,R2,Low,Peak_Hour,road_type_speed_ratio,1.0,real_traffic_weather
2025-11-25 07:00:00,R2,Medium,Peak_Hour,road_type_speed_ratio,0.8620143501854522,real_traffic_weather
2025-11-25 08:00:00,R2,Medium,Peak_Hour,road_type_speed_ratio,0.8805382941574854,real_traffic_weather
2025-11-25 09:00:00,R2,Medium,Peak_Hour,road_type_speed_ratio,0.87850319051445,real_traffic_weather
2025-11-25 10:00:00,R2,Medium,Peak_Hour,road_type_speed_ratio,0.9903696816042629,real_traffic_weather
2025-11-25 11:00:00,R2,Low,Peak_Hour,road_type_speed_ratio,1.0,real_traffic_weather
2025-11-25 12:00:00,R2,Low,Peak_Hour,road_type_speed_ratio,1.0,real_traffic_weather
2025-11-25 13:00:00,R2,Low,Peak_Hour,road_type_speed_ratio,1.0,real_traffic_weather
2025-11-25 14:00:00,R2,Low,Peak_Hour,road_type_speed_ratio,1.0,real_traffic_weather
2025-11-25 15:00:00,R2,Low,Peak_Hour,road_type_speed_ratio,1.0,real_traffic_weather
2025-11-25 16:00:00,R2,Low,Peak_Hour,road_type_speed_ratio,0.9995999100462035,real_traffic_weather
2025-11-25 17:00:00,R2,Medium,Peak_Hour,road_type_speed_ratio,0.9061518652930396,real_traffic_weather
2025-11-25 18:00:00,R2,Medium,Peak_Hour,road_type_speed_ratio,0.9602551595066546,real_traffic_weather
2025-11-25 19:00:00,R2,Medium,Peak_Hour,road_type_speed_ratio,0.9068474354680803,real_traffic_weather
2025-11-25 20:00:00,R2,Medium,Peak_Hour,road_type_speed_ratio,0.8314942748532116,real_traffic_weather
2025-11-25 21:00:00,R2,Low,Peak_Hour,road_type_speed_ratio,0.9995999100462035,real_traffic_weather
2025-11-25 22:00:00,R2,Low,Peak_Hour,road_type_speed_ratio,1.0,real_traffic_weather
2025-11-25 23:00:00,R2,Low,Peak_Hour,road_type_speed_ratio,1.0,real_traffic_weather
2025-11-26 00:00:00,R2,Low,Peak_Hour,road_type_speed_ratio,1.0,real_traffic_weather
2025-11-26 01:00:00,R2,Low,Peak_Hour,road_type_speed_ratio,1.0,real_traffic_weather
2025-11-26 02:00:00,R2,Low,Peak_Hour,road_type_speed_ratio,1.0,real_traffic_weather
2025-11-26 03:00:00,R2,Low,Peak_Hour,road_type_speed_ratio,1.0,real_traffic_weather
2025-11-26 04:00:00,R2,Low,Peak_Hour,road_type_speed_ratio,1.0,real_traffic_weather
2025-11-26 05:00:00,R2,Low,Peak_Hour,road_type_speed_ratio,1.0,real_traffic_weather
2025-11-26 06:00:00,R2,Low,Peak_Hour,road_type_speed_ratio,1.0,real_traffic_weather
2025-11-26 07:00:00,R2,Medium,Peak_Hour,road_type_speed_ratio,0.8526173307196899,real_traffic_weather
2025-11-26 08:00:00,R2,Medium,Peak_Hour,road_type_speed_ratio,0.8781181521992363,real_traffic_weather
2025-11-26 09:00:00,R2,Medium,Peak_Hour,road_type_speed_ratio,0.8849094786944255,real_traffic_weather
2025-11-26 10:00:00,R2,Medium,Peak_Hour,road_type_speed_ratio,0.908241355922931,real_traffic_weather
2025-11-26 11:00:00,R2,Low,Peak_Hour,road_type_speed_ratio,1.0,real_traffic_weather
2025-11-26 12:00:00,R2,Low,Peak_Hour,road_type_speed_ratio,1.0,real_traffic_weather
2025-11-26 13:00:00,R2,Low,Peak_Hour,road_type_speed_ratio,1.0,real_traffic_weather
2025-11-26 14:00:00,R2,Low,Peak_Hour,road_type_speed_ratio,1.0,real_traffic_weather
2025-11-26 15:00:00,R2,Low,Peak_Hour,road_type_speed_ratio,0.9995999100462035,real_traffic_weather
2025-11-26 16:00:00,R2,Low,Peak_Hour,road_type_speed_ratio,0.9995999100462035,real_traffic_weather
2025-11-26 17:00:00,R2,Medium,Peak_Hour,road_type_speed_ratio,0.901369251044091,real_traffic_weather
2025-11-26 18:00:00,R2,Medium,Peak_Hour,road_type_speed_ratio,0.9936376240891555,real_traffic_weather
2025-11-26 19:00:00,R2,Medium,Peak_Hour,road_type_speed_ratio,0.92279936910457,real_traffic_weather
2025-11-26 20:00:00,R2,Medium,Peak_Hour,road_type_speed_ratio,0.8997673672648628,real_traffic_weather
2025-11-26 21:00:00,R2,Low,Peak_Hour,road_type_speed_ratio,1.0,real_traffic_weather
2025-11-26 22:00:00,R2,Low,Peak_Hour,road_type_speed_ratio,1.0,real_traffic_weather
2025-11-26 23:00:00,R2,Low,Peak_Hour,road_type_speed_ratio,1.0,real_traffic_weather
2025-11-27 00:00:00,R2,Low,Peak_Hour,road_type_speed_ratio,1.0,real_traffic_weather
2025-11-27 01:00:00,R2,Low,Peak_Hour,road_type_speed_ratio,1.0,real_traffic_weather
2025-11-27 02:00:00,R2,Low,Peak_Hour,road_type_speed_ratio,1.0,real_traffic_weather
2025-11-27 03:00:00,R2,Low,Peak_Hour,road_type_speed_ratio,1.0,real_traffic_weather
2025-11-27 04:00:00,R2,Low,Peak_Hour,road_type_speed_ratio,1.0,real_traffic_weather
2025-11-27 05:00:00,R2,Low,Peak_Hour,road_type_speed_ratio,1.0,real_traffic_weather
2025-11-27 06:00:00,R2,Low,Peak_Hour,road_type_speed_ratio,1.0,real_traffic_weather
2025-11-27 07:00:00,R2,Medium,Peak_Hour,road_type_speed_ratio,0.8606690685722606,real_traffic_weather
2025-11-27 08:00:00,R2,Low,Peak_Hour,road_type_speed_ratio,0.8542759192386588,real_traffic_weather
2025-11-27 09:00:00,R2,Medium,Peak_Hour,road_type_speed_ratio,0.8965879596161718,real_traffic_weather
2025-11-27 10:00:00,R2,Medium,Peak_Hour,road_type_speed_ratio,0.9175392469062922,real_traffic_weather
2025-11-27 11:00:00,R2,Low,Peak_Hour,road_type_speed_ratio,1.0,real_traffic_weather
2025-11-27 12:00:00,R2,Low,Peak_Hour,road_type_speed_ratio,1.0,real_traffic_weather
2025-11-27 13:00:00,R2,Low,Peak_Hour,road_type_speed_ratio,1.0,real_traffic_weather
2025-11-27 14:00:00,R2,Low,Peak_Hour,road_type_speed_ratio,1.0,real_traffic_weather
2025-11-27 15:00:00,R2,Low,Peak_Hour,road_type_speed_ratio,0.9995999100462035,real_traffic_weather
2025-11-27 16:00:00,R2,Low,Peak_Hour,road_type_speed_ratio,0.9906512449229106,real_traffic_weather
2025-11-27 17:00:00,R2,Medium,Peak_Hour,road_type_speed_ratio,0.9176515330723306,real_traffic_weather
2025-11-27 18:00:00,R2,Medium,Peak_Hour,road_type_speed_ratio,0.8956334795960612,real_traffic_weather
2025-11-27 19:00:00,R2,Medium,Peak_Hour,road_type_speed_ratio,0.9079256323227072,real_traffic_weather
2025-11-27 20:00:00,R2,Medium,Peak_Hour,road_type_speed_ratio,0.9869591311642588,real_traffic_weather
2025-11-27 21:00:00,R2,Low,Peak_Hour,road_type_speed_ratio,0.9945999100462035,real_traffic_weather
2025-11-27 22:00:00,R2,Low,Peak_Hour,road_type_speed_ratio,1.0,real_traffic_weather
2025-11-27 23:00:00,R2,Low,Peak_Hour,road_type_speed_ratio,1.0,real_traffic_weather
2025-11-28 00:00:00,R2,Low,Peak_Hour,road_type_speed_ratio,1.0,real_traffic_weather
2025-11-28 01:00:00,R2,Low,Peak_Hour,road_type_speed_ratio,1.0,real_traffic_weather
2025-11-28 02:00:00,R2,Low,Peak_Hour,road_type_speed_ratio,1.0,real_traffic_weather
2025-11-28 03:00:00,R2,Low,Peak_Hour,road_type_speed_ratio,1.0,real_traffic_weather
2025-11-28 04:00:00,R2,Low,Peak_Hour,road_type_speed_ratio,1.0,real_traffic_weather
2025-11-28 05:00:00,R2,Low,Peak_Hour,road_type_speed_ratio,1.0,real_traffic_weather
2025-11-28 06:00:00,R2,Low,Peak_Hour,road_type_speed_ratio,1.0,real_traffic_weather
2025-11-28 07:00:00,R2,Medium,Peak_Hour,road_type_speed_ratio,0.8762247066112687,real_traffic_weather
2025-11-28 08:00:00,R2,Medium,Peak_Hour,road_type_speed_ratio,0.8906075044214167,real_traffic_weather
2025-11-28 09:00:00,R2,Medium,Peak_Hour,road_type_speed_ratio,0.9402833093959438,real_traffic_weather
2025-11-28 10:00:00,R2,Medium,Peak_Hour,road_type_speed_ratio,0.9301437185592067,real_traffic_weather
2025-11-28 11:00:00,R2,Low,Peak_Hour,road_type_speed_ratio,1.0,real_traffic_weather
2025-11-28 12:00:00,R2,Low,Peak_Hour,road_type_speed_ratio,1.0,real_traffic_weather
2025-11-28 13:00:00,R2,Low,Peak_Hour,road_type_speed_ratio,1.0,real_traffic_weather
2025-11-28 14:00:00,R2,Low,Peak_Hour,road_type_speed_ratio,1.0,real_traffic_weather
2025-11-28 15:00:00,R2,Low,Peak_Hour,road_type_speed_ratio,0.9985313286330769,real_traffic_weather
2025-11-28 16:00:00,R2,Low,Peak_Hour,road_type_speed_ratio,0.9995999100462035,real_traffic_weather
2025-11-28 17:00:00,R2,Medium,Peak_Hour,road_type_speed_ratio,0.9062860875877828,real_traffic_weather
2025-11-28 18:00:00,R2,Medium,Peak_Hour,road_type_speed_ratio,0.885523432360333,real_traffic_weather
2025-11-28 19:00:00,R2,Medium,Peak_Hour,road_type_speed_ratio,0.9902403403509825,real_traffic_weather
2025-11-28 20:00:00,R2,Medium,Peak_Hour,road_type_speed_ratio,0.90540514794341,real_traffic_weather
2025-11-28 21:00:00,R2,Low,Peak_Hour,road_type_speed_ratio,0.9995999100462035,real_traffic_weather
2025-11-28 22:00:00,R2,Low,Peak_Hour,road_type_speed_ratio,1.0,real_traffic_weather
2025-11-28 23:00:00,R2,Low,Incident,road_type_speed_ratio,0.98,proxy_incident
2025-11-29 00:00:00,R2,Low,Peak_Hour,road_type_speed_ratio,1.0,real_traffic_weather
2025-11-29 01:00:00,R2,Low,Peak_Hour,road_type_speed_ratio,1.0,real_traffic_weather
2025-11-29 02:00:00,R2,Low,Peak_Hour,road_type_speed_ratio,1.0,real_traffic_weather
2025-11-29 03:00:00,R2,Low,Peak_Hour,road_type_speed_ratio,1.0,real_traffic_weather
2025-11-29 04:00:00,R2,Low,Peak_Hour,road_type_speed_ratio,0.9988149448952405,real_traffic_weather
2025-11-29 05:00:00,R2,Low,Peak_Hour,road_type_speed_ratio,0.9992835176100169,real_traffic_weather
2025-11-29 06:00:00,R2,Low,Peak_Hour,road_type_speed_ratio,1.0,real_traffic_weather
2025-11-29 07:00:00,R2,Medium,Incident,road_type_speed_ratio,0.892383276703804,proxy_incident
2025-11-29 08:00:00,R2,Medium,Peak_Hour,road_type_speed_ratio,0.8845668021620026,real_traffic_weather
2025-11-29 09:00:00,R2,Medium,Peak_Hour,road_type_speed_ratio,0.9121711730790233,real_traffic_weather
2025-11-29 10:00:00,R2,Medium,Peak_Hour,road_type_speed_ratio,0.8911521904787782,real_traffic_weather
2025-11-29 11:00:00,R2,Low,Peak_Hour,road_type_speed_ratio,1.0,real_traffic_weather
2025-11-29 12:00:00,R2,Low,Peak_Hour,road_type_speed_ratio,1.0,real_traffic_weather
2025-11-29 13:00:00,R2,Low,Peak_Hour,road_type_speed_ratio,1.0,real_traffic_weather
2025-11-29 14:00:00,R2,Low,Peak_Hour,road_type_speed_ratio,1.0,real_traffic_weather
2025-11-29 15:00:00,R2,Low,Peak_Hour,road_type_speed_ratio,1.0,real_traffic_weather
2025-11-29 16:00:00,R2,Low,Peak_Hour,road_type_speed_ratio,1.0,real_traffic_weather
2025-11-29 17:00:00,R2,Low,Peak_Hour,road_type_speed_ratio,0.858240254287484,real_traffic_weather
2025-11-29 18:00:00,R2,Medium,Peak_Hour,road_type_speed_ratio,0.9168675316060613,real_traffic_weather
2025-11-29 19:00:00,R2,Medium,Peak_Hour,road_type_speed_ratio,0.9152612803155813,real_traffic_weather
2025-11-29 20:00:00,R2,Medium,Peak_Hour,road_type_speed_ratio,0.9085127256750575,real_traffic_weather
2025-11-29 21:00:00,R2,Low,Peak_Hour,road_type_speed_ratio,1.0,real_traffic_weather
2025-11-29 22:00:00,R2,Low,Peak_Hour,road_type_speed_ratio,1.0,real_traffic_weather
2025-11-29 23:00:00,R2,Low,Peak_Hour,road_type_speed_ratio,1.0,real_traffic_weather
2025-11-30 00:00:00,R2,Low,Peak_Hour,road_type_speed_ratio,1.0,real_traffic_weather
2025-11-30 01:00:00,R2,Low,Peak_Hour,road_type_speed_ratio,1.0,real_traffic_weather
2025-11-30 02:00:00,R2,Low,Peak_Hour,road_type_speed_ratio,1.0,real_traffic_weather
2025-11-30 03:00:00,R2,Low,Peak_Hour,road_type_speed_ratio,1.0,real_traffic_weather
2025-11-30 04:00:00,R2,Low,Peak_Hour,road_type_speed_ratio,0.9988149448952405,real_traffic_weather
2025-11-30 05:00:00,R2,Low,Peak_Hour,road_type_speed_ratio,0.9913246424966209,real_traffic_weather
2025-11-30 06:00:00,R2,Low,Peak_Hour,road_type_speed_ratio,1.0,real_traffic_weather
2025-11-30 07:00:00,R2,High,Peak_Hour,road_type_speed_ratio,0.6692106663994639,real_traffic_weather
2025-11-30 08:00:00,R2,Medium,Peak_Hour,road_type_speed_ratio,0.8726027033152475,real_traffic_weather
2025-11-30 09:00:00,R2,Medium,Peak_Hour,road_type_speed_ratio,0.9037489559102325,real_traffic_weather
2025-11-30 10:00:00,R2,Medium,Peak_Hour,road_type_speed_ratio,0.9036300488985027,real_traffic_weather
2025-11-30 11:00:00,R2,Low,Peak_Hour,road_type_speed_ratio,1.0,real_traffic_weather
2025-11-30 12:00:00,R2,Low,Peak_Hour,road_type_speed_ratio,1.0,real_traffic_weather
2025-11-30 13:00:00,R2,Low,Peak_Hour,road_type_speed_ratio,1.0,real_traffic_weather
2025-11-30 14:00:00,R2,Low,Peak_Hour,road_type_speed_ratio,1.0,real_traffic_weather
2025-11-30 15:00:00,R2,Low,Peak_Hour,road_type_speed_ratio,1.0,real_traffic_weather
2025-11-30 16:00:00,R2,Low,Peak_Hour,road_type_speed_ratio,1.0,real_traffic_weather
2025-11-30 17:00:00,R2,Medium,Peak_Hour,road_type_speed_ratio,0.9234817462134193,real_traffic_weather
2025-11-30 18:00:00,R2,Medium,Peak_Hour,road_type_speed_ratio,0.9021949932097264,real_traffic_weather
2025-11-30 19:00:00,R2,Medium,Peak_Hour,road_type_speed_ratio,0.9982242233304579,real_traffic_weather
2025-11-30 20:00:00,R2,Medium,Peak_Hour,road_type_speed_ratio,0.916358450344052,real_traffic_weather
2025-11-30 21:00:00,R2,Low,Peak_Hour,road_type_speed_ratio,1.0,real_traffic_weather
2025-11-30 22:00:00,R2,Low,Peak_Hour,road_type_speed_ratio,1.0,real_traffic_weather
2025-11-30 23:00:00,R2,Low,Peak_Hour,road_type_speed_ratio,1.0,real_traffic_weather
2025-11-01 00:00:00,R3,Low,Peak_Hour,road_type_speed_ratio,1.0,real_traffic_weather
2025-11-01 01:00:00,R3,Low,Peak_Hour,road_type_speed_ratio,1.0,real_traffic_weather
2025-11-01 02:00:00,R3,Low,Peak_Hour,road_type_speed_ratio,1.0,real_traffic_weather
2025-11-01 03:00:00,R3,Low,Peak_Hour,road_type_speed_ratio,1.0,real_traffic_weather
2025-11-01 04:00:00,R3,Low,Peak_Hour,road_type_speed_ratio,0.99,real_traffic_weather
2025-11-01 05:00:00,R3,Low,Peak_Hour,road_type_speed_ratio,0.9992835176100169,real_traffic_weather
2025-11-01 06:00:00,R3,Low,Incident,road_type_speed_ratio,1.0,proxy_incident
2025-11-01 07:00:00,R3,Low,Peak_Hour,road_type_speed_ratio,0.7537672207028494,real_traffic_weather
2025-11-01 08:00:00,R3,Medium,Peak_Hour,road_type_speed_ratio,0.9943057880839933,real_traffic_weather
2025-11-01 09:00:00,R3,Medium,Peak_Hour,road_type_speed_ratio,0.9932524226043161,real_traffic_weather
2025-11-01 10:00:00,R3,Medium,Peak_Hour,road_type_speed_ratio,0.9979240285177575,real_traffic_weather
2025-11-01 11:00:00,R3,Low,Peak_Hour,road_type_speed_ratio,1.0,real_traffic_weather
2025-11-01 12:00:00,R3,Low,Peak_Hour,road_type_speed_ratio,1.0,real_traffic_weather
2025-11-01 13:00:00,R3,Low,Peak_Hour,road_type_speed_ratio,1.0,real_traffic_weather
2025-11-01 14:00:00,R3,Low,Peak_Hour,road_type_speed_ratio,1.0,real_traffic_weather
2025-11-01 15:00:00,R3,Low,Peak_Hour,road_type_speed_ratio,1.0,real_traffic_weather
2025-11-01 16:00:00,R3,Low,Peak_Hour,road_type_speed_ratio,1.0,real_traffic_weather
2025-11-01 17:00:00,R3,Medium,Peak_Hour,road_type_speed_ratio,0.9822701183365636,real_traffic_weather
2025-11-01 18:00:00,R3,Medium,Peak_Hour,road_type_speed_ratio,0.999544187012575,real_traffic_weather
2025-11-01 19:00:00,R3,Medium,Peak_Hour,road_type_speed_ratio,0.996503283945029,real_traffic_weather
2025-11-01 20:00:00,R3,Low,Peak_Hour,road_type_speed_ratio,0.8701297000124728,real_traffic_weather
2025-11-01 21:00:00,R3,Low,Peak_Hour,road_type_speed_ratio,1.0,real_traffic_weather
2025-11-01 22:00:00,R3,Low,Peak_Hour,road_type_speed_ratio,1.0,real_traffic_weather
2025-11-01 23:00:00,R3,Low,Peak_Hour,road_type_speed_ratio,1.0,real_traffic_weather
2025-11-02 00:00:00,R3,Low,Incident,road_type_speed_ratio,1.0,proxy_incident
2025-11-02 01:00:00,R3,Low,Peak_Hour,road_type_speed_ratio,1.0,real_traffic_weather
2025-11-02 02:00:00,R3,Low,Peak_Hour,road_type_speed_ratio,1.0,real_traffic_weather
2025-11-02 03:00:00,R3,Medium,Peak_Hour,road_type_speed_ratio,0.87,real_traffic_weather
2025-11-02 04:00:00,R3,Low,Peak_Hour,road_type_speed_ratio,0.99,real_traffic_weather
2025-11-02 05:00:00,R3,Low,Peak_Hour,road_type_speed_ratio,0.9992835176100169,real_traffic_weather
2025-11-02 06:00:00,R3,Low,Peak_Hour,road_type_speed_ratio,0.9970411248866041,real_traffic_weather
2025-11-02 07:00:00,R3,Medium,Peak_Hour,road_type_speed_ratio,0.9832321596012974,real_traffic_weather
2025-11-02 08:00:00,R3,Low,Peak_Hour,road_type_speed_ratio,0.8124213085465931,real_traffic_weather
2025-11-02 09:00:00,R3,Medium,Peak_Hour,road_type_speed_ratio,0.99835212792641,real_traffic_weather
2025-11-02 10:00:00,R3,Medium,Incident,road_type_speed_ratio,0.999852560129741,proxy_incident
2025-11-02 11:00:00,R3,Medium,Incident,road_type_speed_ratio,0.86,proxy_incident
2025-11-02 12:00:00,R3,Low,Peak_Hour,road_type_speed_ratio,0.995,real_traffic_weather
2025-11-02 13:00:00,R3,Low,Peak_Hour,road_type_speed_ratio,1.0,real_traffic_weather
2025-11-02 14:00:00,R3,Low,Peak_Hour,road_type_speed_ratio,0.9951228996115006,real_traffic_weather
2025-11-02 15:00:00,R3,Low,Peak_Hour,road_type_speed_ratio,1.0,real_traffic_weather
2025-11-02 16:00:00,R3,Low,Peak_Hour,road_type_speed_ratio,1.0,real_traffic_weather
2025-11-02 17:00:00,R3,Medium,Peak_Hour,road_type_speed_ratio,0.9841910011645152,real_traffic_weather
2025-11-02 18:00:00,R3,Medium,Peak_Hour,road_type_speed_ratio,0.9993678280160648,real_traffic_weather
2025-11-02 19:00:00,R3,Medium,Peak_Hour,road_type_speed_ratio,0.9994223393846288,real_traffic_weather
2025-11-02 20:00:00,R3,Medium,Peak_Hour,road_type_speed_ratio,0.9949850408260239,real_traffic_weather
2025-11-02 21:00:00,R3,Low,Peak_Hour,road_type_speed_ratio,1.0,real_traffic_weather
2025-11-02 22:00:00,R3,Low,Peak_Hour,road_type_speed_ratio,1.0,real_traffic_weather
2025-11-02 23:00:00,R3,Low,Peak_Hour,road_type_speed_ratio,1.0,real_traffic_weather
2025-11-03 00:00:00,R3,Low,Peak_Hour,road_type_speed_ratio,1.0,real_traffic_weather
2025-11-03 01:00:00,R3,Low,Peak_Hour,road_type_speed_ratio,1.0,real_traffic_weather
2025-11-03 02:00:00,R3,Low,Peak_Hour,road_type_speed_ratio,1.0,real_traffic_weather
2025-11-03 03:00:00,R3,Low,Peak_Hour,road_type_speed_ratio,0.995,real_traffic_weather
2025-11-03 04:00:00,R3,Low,Peak_Hour,road_type_speed_ratio,1.0,real_traffic_weather
2025-11-03 05:00:00,R3,Low,Peak_Hour,road_type_speed_ratio,1.0,real_traffic_weather
2025-11-03 06:00:00,R3,Low,Peak_Hour,road_type_speed_ratio,1.0,real_traffic_weather
2025-11-03 07:00:00,R3,Medium,Peak_Hour,road_type_speed_ratio,0.9887950457226333,real_traffic_weather
2025-11-03 08:00:00,R3,Medium,Peak_Hour,road_type_speed_ratio,0.993184724894258,real_traffic_weather
2025-11-03 09:00:00,R3,Medium,Peak_Hour,road_type_speed_ratio,0.9856995788700499,real_traffic_weather
2025-11-03 10:00:00,R3,Medium,Peak_Hour,road_type_speed_ratio,0.9847107111333285,real_traffic_weather
2025-11-03 11:00:00,R3,Low,Peak_Hour,road_type_speed_ratio,1.0,real_traffic_weather
2025-11-03 12:00:00,R3,Low,Peak_Hour,road_type_speed_ratio,1.0,real_traffic_weather
2025-11-03 13:00:00,R3,Low,Peak_Hour,road_type_speed_ratio,1.0,real_traffic_weather
2025-11-03 14:00:00,R3,Low,Peak_Hour,road_type_speed_ratio,1.0,real_traffic_weather
2025-11-03 15:00:00,R3,Low,Peak_Hour,road_type_speed_ratio,0.9995999100462035,real_traffic_weather
2025-11-03 16:00:00,R3,Low,Peak_Hour,road_type_speed_ratio,0.9941358352899542,real_traffic_weather
2025-11-03 17:00:00,R3,Medium,Peak_Hour,road_type_speed_ratio,0.9883682870830163,real_traffic_weather
2025-11-03 18:00:00,R3,Medium,Peak_Hour,road_type_speed_ratio,0.9987662979267834,real_traffic_weather
2025-11-03 19:00:00,R3,Medium,Peak_Hour,road_type_speed_ratio,0.989944448577258,real_traffic_weather
2025-11-03 20:00:00,R3,Medium,Peak_Hour,road_type_speed_ratio,0.9966858427071172,real_traffic_weather
2025-11-03 21:00:00,R3,Low,Peak_Hour,road_type_speed_ratio,0.9995999100462035,real_traffic_weather
2025-11-03 22:00:00,R3,Low,Peak_Hour,road_type_speed_ratio,1.0,real_traffic_weather
2025-11-03 23:00:00,R3,Low,Peak_Hour,road_type_speed_ratio,1.0,real_traffic_weather
2025-11-04 00:00:00,R3,Low,Peak_Hour,road_type_speed_ratio,0.995,real_traffic_weather
2025-11-04 01:00:00,R3,Low,Peak_Hour,road_type_speed_ratio,1.0,real_traffic_weather
2025-11-04 02:00:00,R3,Low,Peak_Hour,road_type_speed_ratio,1.0,real_traffic_weather
2025-11-04 03:00:00,R3,Low,Peak_Hour,road_type_speed_ratio,1.0,real_traffic_weather
2025-11-04 04:00:00,R3,Low,Peak_Hour,road_type_speed_ratio,1.0,real_traffic_weather
2025-11-04 05:00:00,R3,Low,Peak_Hour,road_type_speed_ratio,1.0,real_traffic_weather
2025-11-04 06:00:00,R3,Low,Peak_Hour,road_type_speed_ratio,1.0,real_traffic_weather
2025-11-04 07:00:00,R3,Low,Peak_Hour,road_type_speed_ratio,0.907740789622349,real_traffic_weather
2025-11-04 08:00:00,R3,Medium,Peak_Hour,road_type_speed_ratio,0.9924484380502908,real_traffic_weather
2025-11-04 09:00:00,R3,Medium,Peak_Hour,road_type_speed_ratio,0.9867015929113991,real_traffic_weather
2025-11-04 10:00:00,R3,Medium,Peak_Hour,road_type_speed_ratio,0.9953696816042629,real_traffic_weather
2025-11-04 11:00:00,R3,Low,Peak_Hour,road_type_speed_ratio,1.0,real_traffic_weather
2025-11-04 12:00:00,R3,Low,Peak_Hour,road_type_speed_ratio,1.0,real_traffic_weather
2025-11-04 13:00:00,R3,Low,Peak_Hour,road_type_speed_ratio,1.0,real_traffic_weather
2025-11-04 14:00:00,R3,Low,Peak_Hour,road_type_speed_ratio,1.0,real_traffic_weather
2025-11-04 15:00:00,R3,Low,Peak_Hour,road_type_speed_ratio,1.0,real_traffic_weather
2025-11-04 16:00:00,R3,Low,Peak_Hour,road_type_speed_ratio,0.9995999100462035,real_traffic_weather
2025-11-04 17:00:00,R3,High,Peak_Hour,road_type_speed_ratio,0.9699577671685641,real_traffic_weather
2025-11-04 18:00:00,R3,Medium,Peak_Hour,road_type_speed_ratio,0.9667898931601396,real_traffic_weather
2025-11-04 19:00:00,R3,Medium,Peak_Hour,road_type_speed_ratio,0.9899165090939225,real_traffic_weather
2025-11-04 20:00:00,R3,Low,Peak_Hour,road_type_speed_ratio,0.8862389323489507,real_traffic_weather
2025-11-04 21:00:00,R3,Low,Peak_Hour,road_type_speed_ratio,0.9995999100462035,real_traffic_weather
2025-11-04 22:00:00,R3,Low,Peak_Hour,road_type_speed_ratio,1.0,real_traffic_weather
2025-11-04 23:00:00,R3,Low,Incident,road_type_speed_ratio,1.0,proxy_incident
2025-11-05 00:00:00,R3,Low,Peak_Hour,road_type_speed_ratio,1.0,real_traffic_weather
2025-11-05 01:00:00,R3,Low,Peak_Hour,road_type_speed_ratio,1.0,real_traffic_weather
2025-11-05 02:00:00,R3,Low,Peak_Hour,road_type_speed_ratio,1.0,real_traffic_weather
2025-11-05 03:00:00,R3,Low,Peak_Hour,road_type_speed_ratio,1.0,real_traffic_weather
2025-11-05 04:00:00,R3,Low,Peak_Hour,road_type_speed_ratio,1.0,real_traffic_weather
2025-11-05 05:00:00,R3,Low,Peak_Hour,road_type_speed_ratio,1.0,real_traffic_weather
2025-11-05 06:00:00,R3,Low,Peak_Hour,road_type_speed_ratio,1.0,real_traffic_weather
2025-11-05 07:00:00,R3,Medium,Peak_Hour,road_type_speed_ratio,0.9931773930603337,real_traffic_weather
2025-11-05 08:00:00,R3,Medium,Peak_Hour,road_type_speed_ratio,0.9938394130576556,real_traffic_weather
2025-11-05 09:00:00,R3,Medium,Peak_Hour,road_type_speed_ratio,0.9916101382569774,real_traffic_weather
2025-11-05 10:00:00,R3,Low,Peak_Hour,road_type_speed_ratio,0.7876546367118346,real_traffic_weather
2025-11-05 11:00:00,R3,Low,Peak_Hour,road_type_speed_ratio,1.0,real_traffic_weather
2025-11-05 12:00:00,R3,Low,Peak_Hour,road_type_speed_ratio,1.0,real_traffic_weather
2025-11-05 13:00:00,R3,Low,Peak_Hour,road_type_speed_ratio,1.0,real_traffic_weather
2025-11-05 14:00:00,R3,Low,Peak_Hour,road_type_speed_ratio,1.0,real_traffic_weather
2025-11-05 15:00:00,R3,Low,Peak_Hour,road_type_speed_ratio,1.0,real_traffic_weather
2025-11-05 16:00:00,R3,Low,Peak_Hour,road_type_speed_ratio,0.9995999100462035,real_traffic_weather
2025-11-05 17:00:00,R3,Low,Peak_Hour,road_type_speed_ratio,0.8208562335424283,real_traffic_weather
2025-11-05 18:00:00,R3,Medium,Peak_Hour,road_type_speed_ratio,0.9989385402242655,real_traffic_weather
2025-11-05 19:00:00,R3,Medium,Peak_Hour,road_type_speed_ratio,0.9814012719607512,real_traffic_weather
2025-11-05 20:00:00,R3,Medium,Peak_Hour,road_type_speed_ratio,0.9973133263648926,real_traffic_weather
2025-11-05 21:00:00,R3,Low,Peak_Hour,road_type_speed_ratio,0.9955346836232704,real_traffic_weather
2025-11-05 22:00:00,R3,Low,Peak_Hour,road_type_speed_ratio,0.995,real_traffic_weather
2025-11-05 23:00:00,R3,Low,Peak_Hour,road_type_speed_ratio,1.0,real_traffic_weather
2025-11-06 00:00:00,R3,Low,Peak_Hour,road_type_speed_ratio,1.0,real_traffic_weather
2025-11-06 01:00:00,R3,Low,Peak_Hour,road_type_speed_ratio,1.0,real_traffic_weather
2025-11-06 02:00:00,R3,Low,Peak_Hour,road_type_speed_ratio,1.0,real_traffic_weather
2025-11-06 03:00:00,R3,Low,Peak_Hour,road_type_speed_ratio,1.0,real_traffic_weather
2025-11-06 04:00:00,R3,Low,Peak_Hour,road_type_speed_ratio,1.0,real_traffic_weather
2025-11-06 05:00:00,R3,Low,Peak_Hour,road_type_speed_ratio,1.0,real_traffic_weather
2025-11-06 06:00:00,R3,Low,Peak_Hour,road_type_speed_ratio,1.0,real_traffic_weather
2025-11-06 07:00:00,R3,Medium,Peak_Hour,road_type_speed_ratio,0.9946540141391342,real_traffic_weather
2025-11-06 08:00:00,R3,Medium,Peak_Hour,road_type_speed_ratio,0.997200438565752,real_traffic_weather
2025-11-06 09:00:00,R3,Medium,Peak_Hour,road_type_speed_ratio,0.9939086525686064,real_traffic_weather
2025-11-06 10:00:00,R3,Low,Peak_Hour,road_type_speed_ratio,0.7876546367118346,real_traffic_weather
2025-11-06 11:00:00,R3,Low,Peak_Hour,road_type_speed_ratio,1.0,real_traffic_weather
2025-11-06 12:00:00,R3,Low,Peak_Hour,road_type_speed_ratio,1.0,real_traffic_weather
2025-11-06 13:00:00,R3,Low,Peak_Hour,road_type_speed_ratio,1.0,real_traffic_weather
2025-11-06 14:00:00,R3,Low,Peak_Hour,road_type_speed_ratio,1.0,real_traffic_weather
2025-11-06 15:00:00,R3,Low,Peak_Hour,road_type_speed_ratio,0.9995999100462035,real_traffic_weather
2025-11-06 16:00:00,R3,Low,Peak_Hour,road_type_speed_ratio,0.9995999100462035,real_traffic_weather
2025-11-06 17:00:00,R3,Medium,Peak_Hour,road_type_speed_ratio,0.9982891393915507,real_traffic_weather
2025-11-06 18:00:00,R3,Medium,Peak_Hour,road_type_speed_ratio,0.9945728532058736,real_traffic_weather
2025-11-06 19:00:00,R3,Medium,Peak_Hour,road_type_speed_ratio,0.9940057436136658,real_traffic_weather
2025-11-06 20:00:00,R3,Medium,Peak_Hour,road_type_speed_ratio,0.9958386110455387,real_traffic_weather
2025-11-06 21:00:00,R3,Low,Peak_Hour,road_type_speed_ratio,1.0,real_traffic_weather
2025-11-06 22:00:00,R3,Low,Peak_Hour,road_type_speed_ratio,1.0,real_traffic_weather
2025-11-06 23:00:00,R3,Low,Peak_Hour,road_type_speed_ratio,1.0,real_traffic_weather
2025-11-07 00:00:00,R3,Low,Peak_Hour,road_type_speed_ratio,1.0,real_traffic_weather
2025-11-07 01:00:00,R3,Low,Peak_Hour,road_type_speed_ratio,1.0,real_traffic_weather
2025-11-07 02:00:00,R3,Low,Peak_Hour,road_type_speed_ratio,1.0,real_traffic_weather
2025-11-07 03:00:00,R3,Low,Peak_Hour,road_type_speed_ratio,0.995,real_traffic_weather
2025-11-07 04:00:00,R3,Low,Peak_Hour,road_type_speed_ratio,1.0,real_traffic_weather
2025-11-07 05:00:00,R3,Low,Peak_Hour,road_type_speed_ratio,1.0,real_traffic_weather
2025-11-07 06:00:00,R3,Low,Peak_Hour,road_type_speed_ratio,1.0,real_traffic_weather
2025-11-07 07:00:00,R3,Medium,Peak_Hour,road_type_speed_ratio,0.9947951393598644,real_traffic_weather
2025-11-07 08:00:00,R3,Medium,Peak_Hour,road_type_speed_ratio,0.9974147786476985,real_traffic_weather
2025-11-07 09:00:00,R3,Low,Peak_Hour,road_type_speed_ratio,0.8147727116522975,real_traffic_weather
2025-11-07 10:00:00,R3,Medium,Peak_Hour,road_type_speed_ratio,0.9981799808742947,real_traffic_weather
2025-11-07 11:00:00,R3,Low,Peak_Hour,road_type_speed_ratio,1.0,real_traffic_weather
2025-11-07 12:00:00,R3,Low,Peak_Hour,road_type_speed_ratio,1.0,real_traffic_weather
2025-11-07 13:00:00,R3,Low,Peak_Hour,road_type_speed_ratio,0.985,real_traffic_weather
2025-11-07 14:00:00,R3,Low,Peak_Hour,road_type_speed_ratio,1.0,real_traffic_weather
2025-11-07 15:00:00,R3,Low,Peak_Hour,road_type_speed_ratio,0.9985313286330769,real_traffic_weather
2025-11-07 16:00:00,R3,Low,Peak_Hour,road_type_speed_ratio,0.9941358352899542,real_traffic_weather
2025-11-07 17:00:00,R3,Medium,Peak_Hour,road_type_speed_ratio,0.9976410004192955,real_traffic_weather
2025-11-07 18:00:00,R3,Medium,Peak_Hour,road_type_speed_ratio,0.9990930844023486,real_traffic_weather
2025-11-07 19:00:00,R3,Medium,Peak_Hour,road_type_speed_ratio,0.9971535428382122,real_traffic_weather
2025-11-07 20:00:00,R3,Medium,Peak_Hour,road_type_speed_ratio,0.9977274062799403,real_traffic_weather
2025-11-07 21:00:00,R3,Low,Peak_Hour,road_type_speed_ratio,0.9995999100462035,real_traffic_weather
2025-11-07 22:00:00,R3,Low,Peak_Hour,road_type_speed_ratio,1.0,real_traffic_weather
2025-11-07 23:00:00,R3,Low,Peak_Hour,road_type_speed_ratio,1.0,real_traffic_weather
2025-11-08 00:00:00,R3,Low,Peak_Hour,road_type_speed_ratio,1.0,real_traffic_weather
2025-11-08 01:00:00,R3,Low,Peak_Hour,road_type_speed_ratio,1.0,real_traffic_weather
2025-11-08 02:00:00,R3,Low,Peak_Hour,road_type_speed_ratio,1.0,real_traffic_weather
2025-11-08 03:00:00,R3,Low,Peak_Hour,road_type_speed_ratio,1.0,real_traffic_weather
2025-11-08 04:00:00,R3,Low,Peak_Hour,road_type_speed_ratio,0.9988149448952405,real_traffic_weather
2025-11-08 05:00:00,R3,Low,Peak_Hour,road_type_speed_ratio,0.9992835176100169,real_traffic_weather
2025-11-08 06:00:00,R3,Low,Peak_Hour,road_type_speed_ratio,1.0,real_traffic_weather
2025-11-08 07:00:00,R3,Medium,Peak_Hour,road_type_speed_ratio,0.9819248826293603,real_traffic_weather
2025-11-08 08:00:00,R3,High,Peak_Hour,road_type_speed_ratio,0.9689240009704734,real_traffic_weather
2025-11-08 09:00:00,R3,Medium,Peak_Hour,road_type_speed_ratio,0.9990883155455026,real_traffic_weather
2025-11-08 10:00:00,R3,Medium,Peak_Hour,road_type_speed_ratio,0.999032792142808,real_traffic_weather
2025-11-08 11:00:00,R3,Low,Peak_Hour,road_type_speed_ratio,1.0,real_traffic_weather
2025-11-08 12:00:00,R3,Low,Peak_Hour,road_type_speed_ratio,1.0,real_traffic_weather
2025-11-08 13:00:00,R3,Low,Peak_Hour,road_type_speed_ratio,1.0,real_traffic_weather
2025-11-08 14:00:00,R3,Low,Peak_Hour,road_type_speed_ratio,1.0,real_traffic_weather
2025-11-08 15:00:00,R3,Low,Peak_Hour,road_type_speed_ratio,1.0,real_traffic_weather
2025-11-08 16:00:00,R3,Low,Peak_Hour,road_type_speed_ratio,1.0,real_traffic_weather
2025-11-08 17:00:00,R3,Low,Peak_Hour,road_type_speed_ratio,0.846462558923947,real_traffic_weather
2025-11-08 18:00:00,R3,Medium,Peak_Hour,road_type_speed_ratio,0.9990748073932691,real_traffic_weather
2025-11-08 19:00:00,R3,Medium,Peak_Hour,road_type_speed_ratio,0.9873939358352132,real_traffic_weather
2025-11-08 20:00:00,R3,Medium,Peak_Hour,road_type_speed_ratio,0.9916393714393115,real_traffic_weather
2025-11-08 21:00:00,R3,Low,Peak_Hour,road_type_speed_ratio,1.0,real_traffic_weather
2025-11-08 22:00:00,R3,Low,Peak_Hour,road_type_speed_ratio,1.0,real_traffic_weather
2025-11-08 23:00:00,R3,Low,Peak_Hour,road_type_speed_ratio,1.0,real_traffic_weather
2025-11-09 00:00:00,R3,Low,Peak_Hour,road_type_speed_ratio,0.995,real_traffic_weather
2025-11-09 01:00:00,R3,Low,Peak_Hour,road_type_speed_ratio,1.0,real_traffic_weather
2025-11-09 02:00:00,R3,Low,Peak_Hour,road_type_speed_ratio,1.0,real_traffic_weather
2025-11-09 03:00:00,R3,Low,Peak_Hour,road_type_speed_ratio,1.0,real_traffic_weather
2025-11-09 04:00:00,R3,Medium,Peak_Hour,road_type_speed_ratio,0.9711850551047596,real_traffic_weather
2025-11-09 05:00:00,R3,Low,Peak_Hour,road_type_speed_ratio,0.9992835176100169,real_traffic_weather
2025-11-09 06:00:00,R3,Low,Peak_Hour,road_type_speed_ratio,0.9970411248866041,real_traffic_weather
2025-11-09 07:00:00,R3,Medium,Peak_Hour,road_type_speed_ratio,0.9944293556013862,real_traffic_weather
2025-11-09 08:00:00,R3,Medium,Peak_Hour,road_type_speed_ratio,0.9942733165329952,real_traffic_weather
2025-11-09 09:00:00,R3,High,Peak_Hour,road_type_speed_ratio,0.964335260115607,real_traffic_weather
2025-11-09 10:00:00,R3,Medium,Peak_Hour,road_type_speed_ratio,0.9888284512523279,real_traffic_weather
2025-11-09 11:00:00,R3,Low,Peak_Hour,road_type_speed_ratio,1.0,real_traffic_weather
2025-11-09 12:00:00,R3,Low,Peak_Hour,road_type_speed_ratio,1.0,real_traffic_weather
2025-11-09 13:00:00,R3,Low,Peak_Hour,road_type_speed_ratio,1.0,real_traffic_weather
2025-11-09 14:00:00,R3,Low,Peak_Hour,road_type_speed_ratio,1.0,real_traffic_weather
2025-11-09 15:00:00,R3,Low,Peak_Hour,road_type_speed_ratio,1.0,real_traffic_weather
2025-11-09 16:00:00,R3,Low,Peak_Hour,road_type_speed_ratio,1.0,real_traffic_weather
2025-11-09 17:00:00,R3,Medium,Peak_Hour,road_type_speed_ratio,0.9986461655892573,real_traffic_weather
2025-11-09 18:00:00,R3,Medium,Peak_Hour,road_type_speed_ratio,0.9981568903300709,real_traffic_weather
2025-11-09 19:00:00,R3,Medium,Peak_Hour,road_type_speed_ratio,0.9994565414972457,real_traffic_weather
2025-11-09 20:00:00,R3,Medium,Peak_Hour,road_type_speed_ratio,0.9963977575772396,real_traffic_weather
2025-11-09 21:00:00,R3,Low,Peak_Hour,road_type_speed_ratio,1.0,real_traffic_weather
2025-11-09 22:00:00,R3,Low,Incident,road_type_speed_ratio,1.0,proxy_incident
2025-11-09 23:00:00,R3,Low,Peak_Hour,road_type_speed_ratio,1.0,real_traffic_weather
2025-11-10 00:00:00,R3,Low,Peak_Hour,road_type_speed_ratio,1.0,real_traffic_weather
2025-11-10 01:00:00,R3,Low,Peak_Hour,road_type_speed_ratio,1.0,real_traffic_weather
2025-11-10 02:00:00,R3,Low,Peak_Hour,road_type_speed_ratio,1.0,real_traffic_weather
2025-11-10 03:00:00,R3,Low,Peak_Hour,road_type_speed_ratio,1.0,real_traffic_weather
2025-11-10 04:00:00,R3,Low,Peak_Hour,road_type_speed_ratio,1.0,real_traffic_weather
2025-11-10 05:00:00,R3,Low,Peak_Hour,road_type_speed_ratio,1.0,real_traffic_weather
2025-11-10 06:00:00,R3,Low,Peak_Hour,road_type_speed_ratio,1.0,real_traffic_weather
2025-11-10 07:00:00,R3,Low,Peak_Hour,road_type_speed_ratio,0.8271364479302719,real_traffic_weather
2025-11-10 08:00:00,R3,Medium,Peak_Hour,road_type_speed_ratio,0.993184724894258,real_traffic_weather
2025-11-10 09:00:00,R3,Low,Peak_Hour,road_type_speed_ratio,0.8843350965045278,real_traffic_weather
2025-11-10 10:00:00,R3,Medium,Peak_Hour,road_type_speed_ratio,0.9963626053640248,real_traffic_weather
2025-11-10 11:00:00,R3,Low,Peak_Hour,road_type_speed_ratio,1.0,real_traffic_weather
2025-11-10 12:00:00,R3,Low,Peak_Hour,road_type_speed_ratio,1.0,real_traffic_weather
2025-11-10 13:00:00,R3,Low,Peak_Hour,road_type_speed_ratio,1.0,real_traffic_weather
2025-11-10 14:00:00,R3,Low,Peak_Hour,road_type_speed_ratio,1.0,real_traffic_weather
2025-11-10 15:00:00,R3,Low,Peak_Hour,road_type_speed_ratio,0.9995999100462035,real_traffic_weather
2025-11-10 16:00:00,R3,Low,Peak_Hour,road_type_speed_ratio,0.9907109140438918,real_traffic_weather
2025-11-10 17:00:00,R3,High,Peak_Hour,road_type_speed_ratio,0.945,real_traffic_weather
2025-11-10 18:00:00,R3,Medium,Peak_Hour,road_type_speed_ratio,0.976172258642693,real_traffic_weather
2025-11-10 19:00:00,R3,Medium,Peak_Hour,road_type_speed_ratio,0.9983395620845505,real_traffic_weather
2025-11-10 20:00:00,R3,Medium,Peak_Hour,road_type_speed_ratio,0.9897102338244026,real_traffic_weather
2025-11-10 21:00:00,R3,Low,Peak_Hour,road_type_speed_ratio,1.0,real_traffic_weather
2025-11-10 22:00:00,R3,Low,Peak_Hour,road_type_speed_ratio,1.0,real_traffic_weather
2025-11-10 23:00:00,R3,Low,Peak_Hour,road_type_speed_ratio,1.0,real_traffic_weather
2025-11-11 00:00:00,R3,Low,Peak_Hour,road_type_speed_ratio,1.0,real_traffic_weather
2025-11-11 01:00:00,R3,Low,Peak_Hour,road_type_speed_ratio,1.0,real_traffic_weather
2025-11-11 02:00:00,R3,Low,Peak_Hour,road_type_speed_ratio,1.0,real_traffic_weather
2025-11-11 03:00:00,R3,Low,Peak_Hour,road_type_speed_ratio,1.0,real_traffic_weather
2025-11-11 04:00:00,R3,Low,Peak_Hour,road_type_speed_ratio,1.0,real_traffic_weather
2025-11-11 05:00:00,R3,Low,Peak_Hour,road_type_speed_ratio,1.0,real_traffic_weather
2025-11-11 06:00:00,R3,Low,Peak_Hour,road_type_speed_ratio,1.0,real_traffic_weather
2025-11-11 07:00:00,R3,Medium,Peak_Hour,road_type_speed_ratio,0.9820502115123132,real_traffic_weather
2025-11-11 08:00:00,R3,Medium,Peak_Hour,road_type_speed_ratio,0.9953890118083294,real_traffic_weather
2025-11-11 09:00:00,R3,Medium,Peak_Hour,road_type_speed_ratio,0.9816672374609686,real_traffic_weather
2025-11-11 10:00:00,R3,Medium,Peak_Hour,road_type_speed_ratio,0.9954032697095951,real_traffic_weather
2025-11-11 11:00:00,R3,Low,Peak_Hour,road_type_speed_ratio,1.0,real_traffic_weather
2025-11-11 12:00:00,R3,Low,Peak_Hour,road_type_speed_ratio,1.0,real_traffic_weather
2025-11-11 13:00:00,R3,Low,Peak_Hour,road_type_speed_ratio,1.0,real_traffic_weather
2025-11-11 14:00:00,R3,Low,Peak_Hour,road_type_speed_ratio,1.0,real_traffic_weather
2025-11-11 15:00:00,R3,Low,Peak_Hour,road_type_speed_ratio,0.9995999100462035,real_traffic_weather
2025-11-11 16:00:00,R3,Low,Peak_Hour,road_type_speed_ratio,1.0,real_traffic_weather
2025-11-11 17:00:00,R3,High,Peak_Hour,road_type_speed_ratio,0.9349162418062636,real_traffic_weather
2025-11-11 18:00:00,R3,Medium,Peak_Hour,road_type_speed_ratio,0.9717581515095739,real_traffic_weather
2025-11-11 19:00:00,R3,Medium,Peak_Hour,road_type_speed_ratio,0.9845835548538271,real_traffic_weather
2025-11-11 20:00:00,R3,Medium,Incident,road_type_speed_ratio,0.9976864735013273,proxy_incident
2025-11-11 21:00:00,R3,Low,Peak_Hour,road_type_speed_ratio,0.9995999100462035,real_traffic_weather
2025-11-11 22:00:00,R3,Low,Peak_Hour,road_type_speed_ratio,1.0,real_traffic_weather
2025-11-11 23:00:00,R3,Low,Peak_Hour,road_type_speed_ratio,1.0,real_traffic_weather
2025-11-12 00:00:00,R3,Low,Peak_Hour,road_type_speed_ratio,1.0,real_traffic_weather
2025-11-12 01:00:00,R3,Low,Peak_Hour,road_type_speed_ratio,1.0,real_traffic_weather
2025-11-12 02:00:00,R3,Low,Peak_Hour,road_type_speed_ratio,1.0,real_traffic_weather
2025-11-12 03:00:00,R3,Medium,Peak_Hour,road_type_speed_ratio,0.97,real_traffic_weather
2025-11-12 04:00:00,R3,Low,Incident,road_type_speed_ratio,0.995,proxy_incident
2025-11-12 05:00:00,R3,Low,Peak_Hour,road_type_speed_ratio,1.0,real_traffic_weather
2025-11-12 06:00:00,R3,Low,Peak_Hour,road_type_speed_ratio,1.0,real_traffic_weather
2025-11-12 07:00:00,R3,Medium,Peak_Hour,road_type_speed_ratio,0.9894634462464369,real_traffic_weather
2025-11-12 08:00:00,R3,Medium,Peak_Hour,road_type_speed_ratio,0.994785223656456,real_traffic_weather
2025-11-12 09:00:00,R3,Medium,Peak_Hour,road_type_speed_ratio,0.9828607399071262,real_traffic_weather
2025-11-12 10:00:00,R3,Medium,Peak_Hour,road_type_speed_ratio,0.993718655695472,real_traffic_weather
2025-11-12 11:00:00,R3,Low,Peak_Hour,road_type_speed_ratio,1.0,real_traffic_weather
2025-11-12 12:00:00,R3,Low,Peak_Hour,road_type_speed_ratio,1.0,real_traffic_weather
2025-11-12 13:00:00,R3,Low,Peak_Hour,road_type_speed_ratio,1.0,real_traffic_weather
2025-11-12 14:00:00,R3,Low,Peak_Hour,road_type_speed_ratio,1.0,real_traffic_weather
2025-11-12 15:00:00,R3,Low,Peak_Hour,road_type_speed_ratio,0.9995999100462035,real_traffic_weather
2025-11-12 16:00:00,R3,Low,Peak_Hour,road_type_speed_ratio,1.0,real_traffic_weather
2025-11-12 17:00:00,R3,Medium,Peak_Hour,road_type_speed_ratio,0.9930301612907129,real_traffic_weather
2025-11-12 18:00:00,R3,Medium,Peak_Hour,road_type_speed_ratio,0.9989385402242655,real_traffic_weather
2025-11-12 19:00:00,R3,Low,Peak_Hour,road_type_speed_ratio,0.8880534269067641,real_traffic_weather
2025-11-12 20:00:00,R3,Medium,Peak_Hour,road_type_speed_ratio,0.9975877067890673,real_traffic_weather
2025-11-12 21:00:00,R3,Low,Peak_Hour,road_type_speed_ratio,1.0,real_traffic_weather
2025-11-12 22:00:00,R3,Low,Peak_Hour,road_type_speed_ratio,1.0,real_traffic_weather
2025-11-12 23:00:00,R3,Low,Peak_Hour,road_type_speed_ratio,1.0,real_traffic_weather
2025-11-13 00:00:00,R3,Low,Peak_Hour,road_type_speed_ratio,1.0,real_traffic_weather
2025-11-13 01:00:00,R3,Low,Peak_Hour,road_type_speed_ratio,1.0,real_traffic_weather
2025-11-13 02:00:00,R3,Low,Peak_Hour,road_type_speed_ratio,1.0,real_traffic_weather
2025-11-13 03:00:00,R3,Low,Peak_Hour,road_type_speed_ratio,1.0,real_traffic_weather
2025-11-13 04:00:00,R3,Low,Peak_Hour,road_type_speed_ratio,1.0,real_traffic_weather
2025-11-13 05:00:00,R3,Low,Peak_Hour,road_type_speed_ratio,1.0,real_traffic_weather
2025-11-13 06:00:00,R3,Low,Peak_Hour,road_type_speed_ratio,1.0,real_traffic_weather
2025-11-13 07:00:00,R3,Medium,Peak_Hour,road_type_speed_ratio,0.9962088867263472,real_traffic_weather
2025-11-13 08:00:00,R3,Medium,Peak_Hour,road_type_speed_ratio,0.9972234114273227,real_traffic_weather
2025-11-13 09:00:00,R3,Low,Peak_Hour,road_type_speed_ratio,0.8327711141092119,real_traffic_weather
2025-11-13 10:00:00,R3,Medium,Peak_Hour,road_type_speed_ratio,0.9979423472290666,real_traffic_weather
2025-11-13 11:00:00,R3,Low,Peak_Hour,road_type_speed_ratio,1.0,real_traffic_weather
2025-11-13 12:00:00,R3,Low,Peak_Hour,road_type_speed_ratio,1.0,real_traffic_weather
2025-11-13 13:00:00,R3,Low,Peak_Hour,road_type_speed_ratio,1.0,real_traffic_weather
2025-11-13 14:00:00,R3,Low,Peak_Hour,road_type_speed_ratio,1.0,real_traffic_weather
2025-11-13 15:00:00,R3,Low,Peak_Hour,road_type_speed_ratio,1.0,real_traffic_weather
2025-11-13 16:00:00,R3,Low,Peak_Hour,road_type_speed_ratio,1.0,real_traffic_weather
2025-11-13 17:00:00,R3,Medium,Peak_Hour,road_type_speed_ratio,0.9972371661053863,real_traffic_weather
2025-11-13 18:00:00,R3,Medium,Peak_Hour,road_type_speed_ratio,0.9988802674298909,real_traffic_weather
2025-11-13 19:00:00,R3,Medium,Peak_Hour,road_type_speed_ratio,0.9944001521595552,real_traffic_weather
2025-11-13 20:00:00,R3,Low,Peak_Hour,road_type_speed_ratio,0.7492547868332718,real_traffic_weather
2025-11-13 21:00:00,R3,Low,Peak_Hour,road_type_speed_ratio,0.9995999100462035,real_traffic_weather
2025-11-13 22:00:00,R3,Low,Peak_Hour,road_type_speed_ratio,1.0,real_traffic_weather
2025-11-13 23:00:00,R3,Low,Peak_Hour,road_type_speed_ratio,1.0,real_traffic_weather
2025-11-14 00:00:00,R3,Medium,Peak_Hour,road_type_speed_ratio,0.91,real_traffic_weather
2025-11-14 01:00:00,R3,Medium,Peak_Hour,road_type_speed_ratio,0.86,real_traffic_weather
2025-11-14 02:00:00,R3,Low,Incident,road_type_speed_ratio,1.0,proxy_incident
2025-11-14 03:00:00,R3,Low,Peak_Hour,road_type_speed_ratio,1.0,real_traffic_weather
2025-11-14 04:00:00,R3,Low,Peak_Hour,road_type_speed_ratio,1.0,real_traffic_weather
2025-11-14 05:00:00,R3,Low,Peak_Hour,road_type_speed_ratio,1.0,real_traffic_weather
2025-11-14 06:00:00,R3,Low,Peak_Hour,road_type_speed_ratio,1.0,real_traffic_weather
2025-11-14 07:00:00,R3,Medium,Peak_Hour,road_type_speed_ratio,0.9960484202933224,real_traffic_weather
2025-11-14 08:00:00,R3,Medium,Peak_Hour,road_type_speed_ratio,0.9974227880985091,real_traffic_weather
2025-11-14 09:00:00,R3,Low,Peak_Hour,road_type_speed_ratio,0.833607401221503,real_traffic_weather
2025-11-14 10:00:00,R3,Medium,Peak_Hour,road_type_speed_ratio,0.9986427881764872,real_traffic_weather
2025-11-14 11:00:00,R3,Low,Peak_Hour,road_type_speed_ratio,1.0,real_traffic_weather
2025-11-14 12:00:00,R3,Low,Peak_Hour,road_type_speed_ratio,1.0,real_traffic_weather
2025-11-14 13:00:00,R3,Low,Peak_Hour,road_type_speed_ratio,1.0,real_traffic_weather
2025-11-14 14:00:00,R3,Low,Peak_Hour,road_type_speed_ratio,1.0,real_traffic_weather
2025-11-14 15:00:00,R3,Low,Peak_Hour,road_type_speed_ratio,0.9995999100462035,real_traffic_weather
2025-11-14 16:00:00,R3,Low,Peak_Hour,road_type_speed_ratio,0.9995999100462035,real_traffic_weather
2025-11-14 17:00:00,R3,Medium,Peak_Hour,road_type_speed_ratio,0.9976410004192955,real_traffic_weather
2025-11-14 18:00:00,R3,Medium,Peak_Hour,road_type_speed_ratio,0.997129174475838,real_traffic_weather
2025-11-14 19:00:00,R3,Medium,Peak_Hour,road_type_speed_ratio,0.9912676836256064,real_traffic_weather
2025-11-14 20:00:00,R3,Medium,Peak_Hour,road_type_speed_ratio,0.992026306851609,real_traffic_weather
2025-11-14 21:00:00,R3,Low,Peak_Hour,road_type_speed_ratio,0.9995999100462035,real_traffic_weather
2025-11-14 22:00:00,R3,Low,Peak_Hour,road_type_speed_ratio,1.0,real_traffic_weather
2025-11-14 23:00:00,R3,Low,Peak_Hour,road_type_speed_ratio,1.0,real_traffic_weather
2025-11-15 00:00:00,R3,Low,Peak_Hour,road_type_speed_ratio,1.0,real_traffic_weather
2025-11-15 01:00:00,R3,Low,Peak_Hour,road_type_speed_ratio,1.0,real_traffic_weather
2025-11-15 02:00:00,R3,Low,Peak_Hour,road_type_speed_ratio,1.0,real_traffic_weather
2025-11-15 03:00:00,R3,Low,Peak_Hour,road_type_speed_ratio,1.0,real_traffic_weather
2025-11-15 04:00:00,R3,Low,Peak_Hour,road_type_speed_ratio,0.9988149448952405,real_traffic_weather
2025-11-15 05:00:00,R3,Medium,Peak_Hour,road_type_speed_ratio,0.9321011380717201,real_traffic_weather
2025-11-15 06:00:00,R3,Low,Peak_Hour,road_type_speed_ratio,1.0,real_traffic_weather
2025-11-15 07:00:00,R3,Low,Peak_Hour,road_type_speed_ratio,0.9145868787896039,real_traffic_weather
2025-11-15 08:00:00,R3,Medium,Peak_Hour,road_type_speed_ratio,0.9980570973077036,real_traffic_weather
2025-11-15 09:00:00,R3,Medium,Peak_Hour,is_peak_hour,0.612869621302386,real_traffic_weather
2025-11-15 10:00:00,R3,Low,Peak_Hour,road_type_speed_ratio,0.844280535585278,real_traffic_weather
2025-11-15 11:00:00,R3,Low,Peak_Hour,road_type_speed_ratio,1.0,real_traffic_weather
2025-11-15 12:00:00,R3,Low,Peak_Hour,road_type_speed_ratio,1.0,real_traffic_weather
2025-11-15 13:00:00,R3,Low,Peak_Hour,road_type_speed_ratio,1.0,real_traffic_weather
2025-11-15 14:00:00,R3,Low,Peak_Hour,road_type_speed_ratio,1.0,real_traffic_weather
2025-11-15 15:00:00,R3,Low,Peak_Hour,road_type_speed_ratio,1.0,real_traffic_weather
2025-11-15 16:00:00,R3,Low,Peak_Hour,road_type_speed_ratio,1.0,real_traffic_weather
2025-11-15 17:00:00,R3,Medium,Peak_Hour,road_type_speed_ratio,0.9988312906865556,real_traffic_weather
2025-11-15 18:00:00,R3,Medium,Peak_Hour,road_type_speed_ratio,0.9987475436458301,real_traffic_weather
2025-11-15 19:00:00,R3,Medium,Peak_Hour,road_type_speed_ratio,0.9985316874944445,real_traffic_weather
2025-11-15 20:00:00,R3,Medium,Peak_Hour,road_type_speed_ratio,0.9971989450029564,real_traffic_weather
2025-11-15 21:00:00,R3,Low,Peak_Hour,road_type_speed_ratio,1.0,real_traffic_weather
2025-11-15 22:00:00,R3,Low,Peak_Hour,road_type_speed_ratio,1.0,real_traffic_weather
2025-11-15 23:00:00,R3,Low,Peak_Hour,road_type_speed_ratio,1.0,real_traffic_weather
2025-11-16 00:00:00,R3,Low,Peak_Hour,road_type_speed_ratio,1.0,real_traffic_weather
2025-11-16 01:00:00,R3,Low,Peak_Hour,road_type_speed_ratio,1.0,real_traffic_weather
2025-11-16 02:00:00,R3,Low,Peak_Hour,road_type_speed_ratio,1.0,real_traffic_weather
2025-11-16 03:00:00,R3,Low,Peak_Hour,road_type_speed_ratio,1.0,real_traffic_weather
2025-11-16 04:00:00,R3,Low,Peak_Hour,road_type_speed_ratio,0.9988149448952405,real_traffic_weather
2025-11-16 05:00:00,R3,Low,Peak_Hour,road_type_speed_ratio,0.9992835176100169,real_traffic_weather
2025-11-16 06:00:00,R3,Low,Peak_Hour,road_type_speed_ratio,0.9970411248866041,real_traffic_weather
2025-11-16 07:00:00,R3,Medium,Peak_Hour,road_type_speed_ratio,0.9960056860613998,real_traffic_weather
2025-11-16 08:00:00,R3,Medium,Peak_Hour,road_type_speed_ratio,0.9824644283912121,real_traffic_weather
2025-11-16 09:00:00,R3,Medium,Peak_Hour,road_type_speed_ratio,0.94835212792641,real_traffic_weather
2025-11-16 10:00:00,R3,Medium,Peak_Hour,road_type_speed_ratio,0.9989513508638287,real_traffic_weather
2025-11-16 11:00:00,R3,Low,Peak_Hour,road_type_speed_ratio,1.0,real_traffic_weather
2025-11-16 12:00:00,R3,Low,Peak_Hour,road_type_speed_ratio,1.0,real_traffic_weather
2025-11-16 13:00:00,R3,Low,Peak_Hour,road_type_speed_ratio,1.0,real_traffic_weather
2025-11-16 14:00:00,R3,Low,Peak_Hour,road_type_speed_ratio,1.0,real_traffic_weather
2025-11-16 15:00:00,R3,Low,Peak_Hour,road_type_speed_ratio,1.0,real_traffic_weather
2025-11-16 16:00:00,R3,Low,Peak_Hour,road_type_speed_ratio,1.0,real_traffic_weather
2025-11-16 17:00:00,R3,High,Peak_Hour,road_type_speed_ratio,0.9747568710359409,real_traffic_weather
2025-11-16 18:00:00,R3,Medium,Peak_Hour,road_type_speed_ratio,0.9992795187534098,real_traffic_weather
2025-11-16 19:00:00,R3,Medium,Peak_Hour,road_type_speed_ratio,0.9994565414972457,real_traffic_weather
2025-11-16 20:00:00,R3,Medium,Peak_Hour,road_type_speed_ratio,0.9963977575772396,real_traffic_weather
2025-11-16 21:00:00,R3,Low,Peak_Hour,road_type_speed_ratio,1.0,real_traffic_weather
2025-11-16 22:00:00,R3,Low,Peak_Hour,road_type_speed_ratio,1.0,real_traffic_weather
2025-11-16 23:00:00,R3,Low,Peak_Hour,road_type_speed_ratio,1.0,real_traffic_weather
2025-11-17 00:00:00,R3,Low,Peak_Hour,road_type_speed_ratio,1.0,real_traffic_weather
2025-11-17 01:00:00,R3,Low,Peak_Hour,road_type_speed_ratio,1.0,real_traffic_weather
2025-11-17 02:00:00,R3,Low,Peak_Hour,road_type_speed_ratio,1.0,real_traffic_weather
2025-11-17 03:00:00,R3,Low,Peak_Hour,road_type_speed_ratio,1.0,real_traffic_weather
2025-11-17 04:00:00,R3,Low,Peak_Hour,road_type_speed_ratio,1.0,real_traffic_weather
2025-11-17 05:00:00,R3,Low,Peak_Hour,road_type_speed_ratio,1.0,real_traffic_weather
2025-11-17 06:00:00,R3,Low,Peak_Hour,road_type_speed_ratio,1.0,real_traffic_weather
2025-11-17 07:00:00,R3,Medium,Peak_Hour,road_type_speed_ratio,0.9551119267278187,real_traffic_weather
2025-11-17 08:00:00,R3,Medium,Peak_Hour,road_type_speed_ratio,0.9761586349430558,real_traffic_weather
2025-11-17 09:00:00,R3,High,Peak_Hour,road_type_speed_ratio,0.95519688741992,real_traffic_weather
2025-11-17 10:00:00,R3,Medium,Peak_Hour,road_type_speed_ratio,0.996396193469357,real_traffic_weather
2025-11-17 11:00:00,R3,Low,Peak_Hour,road_type_speed_ratio,0.995,real_traffic_weather
2025-11-17 12:00:00,R3,Low,Peak_Hour,road_type_speed_ratio,1.0,real_traffic_weather
2025-11-17 13:00:00,R3,Low,Peak_Hour,road_type_speed_ratio,1.0,real_traffic_weather
2025-11-17 14:00:00,R3,Low,Peak_Hour,road_type_speed_ratio,1.0,real_traffic_weather
2025-11-17 15:00:00,R3,Low,Peak_Hour,road_type_speed_ratio,0.9995999100462035,real_traffic_weather
2025-11-17 16:00:00,R3,Low,Incident,road_type_speed_ratio,1.0,proxy_incident
2025-11-17 17:00:00,R3,Medium,Peak_Hour,road_type_speed_ratio,0.9984577933670908,real_traffic_weather
2025-11-17 18:00:00,R3,Medium,Peak_Hour,road_type_speed_ratio,0.9761687635541441,real_traffic_weather
2025-11-17 19:00:00,R3,Medium,Peak_Hour,road_type_speed_ratio,0.9939793813139256,real_traffic_weather
2025-11-17 20:00:00,R3,Medium,Peak_Hour,road_type_speed_ratio,0.9941040371472586,real_traffic_weather
2025-11-17 21:00:00,R3,Low,Peak_Hour,road_type_speed_ratio,1.0,real_traffic_weather
2025-11-17 22:00:00,R3,Low,Peak_Hour,road_type_speed_ratio,1.0,real_traffic_weather
2025-11-17 23:00:00,R3,Low,Peak_Hour,road_type_speed_ratio,1.0,real_traffic_weather
2025-11-18 00:00:00,R3,Low,Peak_Hour,road_type_speed_ratio,1.0,real_traffic_weather
2025-11-18 01:00:00,R3,Low,Peak_Hour,road_type_speed_ratio,1.0,real_traffic_weather
2025-11-18 02:00:00,R3,Low,Peak_Hour,road_type_speed_ratio,1.0,real_traffic_weather
2025-11-18 03:00:00,R3,Low,Peak_Hour,road_type_speed_ratio,1.0,real_traffic_weather
2025-11-18 04:00:00,R3,Low,Peak_Hour,road_type_speed_ratio,1.0,real_traffic_weather
2025-11-18 05:00:00,R3,Low,Peak_Hour,road_type_speed_ratio,1.0,real_traffic_weather
2025-11-18 06:00:00,R3,Low,Incident,road_type_speed_ratio,0.995,proxy_incident
2025-11-18 07:00:00,R3,Medium,Peak_Hour,road_type_speed_ratio,0.9813140468743289,real_traffic_weather
2025-11-18 08:00:00,R3,Medium,Peak_Hour,road_type_speed_ratio,0.9922613887870569,real_traffic_weather
2025-11-18 09:00:00,R3,Low,Peak_Hour,road_type_speed_ratio,0.8876336641391247,real_traffic_weather
2025-11-18 10:00:00,R3,Medium,Peak_Hour,road_type_speed_ratio,0.9911821858964575,real_traffic_weather
2025-11-18 11:00:00,R3,Low,Peak_Hour,road_type_speed_ratio,1.0,real_traffic_weather
2025-11-18 12:00:00,R3,Low,Peak_Hour,road_type_speed_ratio,1.0,real_traffic_weather
2025-11-18 13:00:00,R3,Low,Peak_Hour,road_type_speed_ratio,1.0,real_traffic_weather
2025-11-18 14:00:00,R3,Low,Peak_Hour,road_type_speed_ratio,1.0,real_traffic_weather
2025-11-18 15:00:00,R3,Low,Peak_Hour,road_type_speed_ratio,1.0,real_traffic_weather
2025-11-18 16:00:00,R3,Low,Peak_Hour,road_type_speed_ratio,1.0,real_traffic_weather
2025-11-18 17:00:00,R3,Medium,Peak_Hour,road_type_speed_ratio,0.9814380047403912,real_traffic_weather
2025-11-18 18:00:00,R3,Medium,Peak_Hour,road_type_speed_ratio,0.9863104433980587,real_traffic_weather
2025-11-18 19:00:00,R3,Medium,Peak_Hour,road_type_speed_ratio,0.984616165376905,real_traffic_weather
2025-11-18 20:00:00,R3,Low,Peak_Hour,road_type_speed_ratio,0.8883894990060813,real_traffic_weather
2025-11-18 21:00:00,R3,Low,Peak_Hour,road_type_speed_ratio,1.0,real_traffic_weather
2025-11-18 22:00:00,R3,Low,Peak_Hour,road_type_speed_ratio,1.0,real_traffic_weather
2025-11-18 23:00:00,R3,Low,Peak_Hour,road_type_speed_ratio,1.0,real_traffic_weather
2025-11-19 00:00:00,R3,Low,Peak_Hour,road_type_speed_ratio,1.0,real_traffic_weather
2025-11-19 01:00:00,R3,Low,Incident,road_type_speed_ratio,0.995,proxy_incident
2025-11-19 02:00:00,R3,Low,Peak_Hour,road_type_speed_ratio,1.0,real_traffic_weather
2025-11-19 03:00:00,R3,Low,Peak_Hour,road_type_speed_ratio,1.0,real_traffic_weather
2025-11-19 04:00:00,R3,Low,Peak_Hour,road_type_speed_ratio,1.0,real_traffic_weather
2025-11-19 05:00:00,R3,Low,Peak_Hour,road_type_speed_ratio,1.0,real_traffic_weather
2025-11-19 06:00:00,R3,Low,Peak_Hour,road_type_speed_ratio,1.0,real_traffic_weather
2025-11-19 07:00:00,R3,Medium,Peak_Hour,road_type_speed_ratio,0.9938189089085266,real_traffic_weather
2025-11-19 08:00:00,R3,Medium,Peak_Hour,road_type_speed_ratio,0.9938394130576556,real_traffic_weather
2025-11-19 09:00:00,R3,Medium,Peak_Hour,road_type_speed_ratio,0.9918430002035933,real_traffic_weather
2025-11-19 10:00:00,R3,High,Peak_Hour,road_type_speed_ratio,0.835,real_traffic_weather
2025-11-19 11:00:00,R3,Low,Peak_Hour,road_type_speed_ratio,1.0,real_traffic_weather
2025-11-19 12:00:00,R3,Low,Peak_Hour,road_type_speed_ratio,1.0,real_traffic_weather
2025-11-19 13:00:00,R3,Low,Peak_Hour,road_type_speed_ratio,1.0,real_traffic_weather
2025-11-19 14:00:00,R3,Low,Peak_Hour,road_type_speed_ratio,1.0,real_traffic_weather
2025-11-19 15:00:00,R3,Low,Peak_Hour,road_type_speed_ratio,0.9911749888001412,real_traffic_weather
2025-11-19 16:00:00,R3,Low,Peak_Hour,road_type_speed_ratio,0.9995999100462035,real_traffic_weather
2025-11-19 17:00:00,R3,Medium,Peak_Hour,road_type_speed_ratio,0.998936956838227,real_traffic_weather
2025-11-19 18:00:00,R3,Medium,Peak_Hour,road_type_speed_ratio,0.9940900819084989,real_traffic_weather
2025-11-19 19:00:00,R3,Medium,Peak_Hour,road_type_speed_ratio,0.9879633982963263,real_traffic_weather
2025-11-19 20:00:00,R3,Medium,Peak_Hour,road_type_speed_ratio,0.9975877067890673,real_traffic_weather
2025-11-19 21:00:00,R3,Low,Peak_Hour,road_type_speed_ratio,0.9995999100462035,real_traffic_weather
2025-11-19 22:00:00,R3,Low,Peak_Hour,road_type_speed_ratio,1.0,real_traffic_weather
2025-11-19 23:00:00,R3,Low,Peak_Hour,road_type_speed_ratio,1.0,real_traffic_weather
2025-11-20 00:00:00,R3,Low,Peak_Hour,road_type_speed_ratio,0.995,real_traffic_weather
2025-11-20 01:00:00,R3,Low,Peak_Hour,road_type_speed_ratio,1.0,real_traffic_weather
2025-11-20 02:00:00,R3,Low,Peak_Hour,road_type_speed_ratio,1.0,real_traffic_weather
2025-11-20 03:00:00,R3,Low,Peak_Hour,road_type_speed_ratio,1.0,real_traffic_weather
2025-11-20 04:00:00,R3,Low,Peak_Hour,road_type_speed_ratio,1.0,real_traffic_weather
2025-11-20 05:00:00,R3,Low,Peak_Hour,road_type_speed_ratio,1.0,real_traffic_weather
2025-11-20 06:00:00,R3,Low,Peak_Hour,road_type_speed_ratio,1.0,real_traffic_weather
2025-11-20 07:00:00,R3,Medium,Peak_Hour,road_type_speed_ratio,0.9956180828219177,real_traffic_weather
2025-11-20 08:00:00,R3,Medium,Peak_Hour,road_type_speed_ratio,0.9970206980300617,real_traffic_weather
2025-11-20 09:00:00,R3,Medium,Peak_Hour,road_type_speed_ratio,0.992287133616827,real_traffic_weather
2025-11-20 10:00:00,R3,Medium,Peak_Hour,road_type_speed_ratio,0.9979423472290666,real_traffic_weather
2025-11-20 11:00:00,R3,Low,Peak_Hour,road_type_speed_ratio,1.0,real_traffic_weather
2025-11-20 12:00:00,R3,Low,Peak_Hour,road_type_speed_ratio,1.0,real_traffic_weather
2025-11-20 13:00:00,R3,Low,Peak_Hour,road_type_speed_ratio,1.0,real_traffic_weather
2025-11-20 14:00:00,R3,Low,Peak_Hour,road_type_speed_ratio,1.0,real_traffic_weather
2025-11-20 15:00:00,R3,Low,Peak_Hour,road_type_speed_ratio,0.995,real_traffic_weather
2025-11-20 16:00:00,R3,Low,Peak_Hour,road_type_speed_ratio,0.9995999100462035,real_traffic_weather
2025-11-20 17:00:00,R3,Medium,Peak_Hour,road_type_speed_ratio,0.9982891393915507,real_traffic_weather
2025-11-20 18:00:00,R3,High,Peak_Hour,road_type_speed_ratio,0.964510059440076,real_traffic_weather
2025-11-20 19:00:00,R3,Medium,Peak_Hour,road_type_speed_ratio,0.989319891686467,real_traffic_weather
2025-11-20 20:00:00,R3,Medium,Peak_Hour,road_type_speed_ratio,0.9972550535705179,real_traffic_weather
2025-11-20 21:00:00,R3,Low,Peak_Hour,road_type_speed_ratio,0.9995999100462035,real_traffic_weather
2025-11-20 22:00:00,R3,Low,Peak_Hour,road_type_speed_ratio,1.0,real_traffic_weather
2025-11-20 23:00:00,R3,Low,Peak_Hour,road_type_speed_ratio,1.0,real_traffic_weather
2025-11-21 00:00:00,R3,Low,Incident,road_type_speed_ratio,1.0,proxy_incident
2025-11-21 01:00:00,R3,Low,Peak_Hour,road_type_speed_ratio,1.0,real_traffic_weather
2025-11-21 02:00:00,R3,Low,Peak_Hour,road_type_speed_ratio,1.0,real_traffic_weather
2025-11-21 03:00:00,R3,Low,Peak_Hour,road_type_speed_ratio,1.0,real_traffic_weather
2025-11-21 04:00:00,R3,Low,Peak_Hour,road_type_speed_ratio,1.0,real_traffic_weather
2025-11-21 05:00:00,R3,Low,Peak_Hour,road_type_speed_ratio,1.0,real_traffic_weather
2025-11-21 06:00:00,R3,Low,Peak_Hour,road_type_speed_ratio,1.0,real_traffic_weather
2025-11-21 07:00:00,R3,Medium,Peak_Hour,road_type_speed_ratio,0.9953380568961809,real_traffic_weather
2025-11-21 08:00:00,R3,Medium,Peak_Hour,road_type_speed_ratio,0.9949942038896594,real_traffic_weather
2025-11-21 09:00:00,R3,Medium,Peak_Hour,road_type_speed_ratio,0.9936290231194842,real_traffic_weather
2025-11-21 10:00:00,R3,Medium,Peak_Hour,road_type_speed_ratio,0.9983315884319138,real_traffic_weather
2025-11-21 11:00:00,R3,Low,Peak_Hour,road_type_speed_ratio,1.0,real_traffic_weather
2025-11-21 12:00:00,R3,Low,Peak_Hour,road_type_speed_ratio,1.0,real_traffic_weather
2025-11-21 13:00:00,R3,Low,Peak_Hour,road_type_speed_ratio,1.0,real_traffic_weather
2025-11-21 14:00:00,R3,Low,Peak_Hour,road_type_speed_ratio,1.0,real_traffic_weather
2025-11-21 15:00:00,R3,Low,Peak_Hour,road_type_speed_ratio,0.9955064973408112,real_traffic_weather
2025-11-21 16:00:00,R3,Low,Peak_Hour,road_type_speed_ratio,0.9956512449229106,real_traffic_weather
2025-11-21 17:00:00,R3,Medium,Peak_Hour,road_type_speed_ratio,0.9982318922886922,real_traffic_weather
2025-11-21 18:00:00,R3,Medium,Peak_Hour,road_type_speed_ratio,0.9989806700795454,real_traffic_weather
2025-11-21 19:00:00,R3,Medium,Peak_Hour,road_type_speed_ratio,0.9944627560560044,real_traffic_weather
2025-11-21 20:00:00,R3,Medium,Peak_Hour,road_type_speed_ratio,0.9972051138513071,real_traffic_weather
2025-11-21 21:00:00,R3,Low,Peak_Hour,road_type_speed_ratio,0.9995999100462035,real_traffic_weather
2025-11-21 22:00:00,R3,Low,Peak_Hour,road_type_speed_ratio,1.0,real_traffic_weather
2025-11-21 23:00:00,R3,Low,Peak_Hour,road_type_speed_ratio,1.0,real_traffic_weather
2025-11-22 00:00:00,R3,Low,Peak_Hour,road_type_speed_ratio,1.0,real_traffic_weather
2025-11-22 01:00:00,R3,Low,Peak_Hour,road_type_speed_ratio,1.0,real_traffic_weather
2025-11-22 02:00:00,R3,Low,Peak_Hour,road_type_speed_ratio,1.0,real_traffic_weather
2025-11-22 03:00:00,R3,Low,Peak_Hour,road_type_speed_ratio,1.0,real_traffic_weather
2025-11-22 04:00:00,R3,Low,Peak_Hour,road_type_speed_ratio,0.9988149448952405,real_traffic_weather
2025-11-22 05:00:00,R3,Low,Peak_Hour,road_type_speed_ratio,0.9992835176100169,real_traffic_weather
2025-11-22 06:00:00,R3,Low,Peak_Hour,road_type_speed_ratio,1.0,real_traffic_weather
2025-11-22 07:00:00,R3,Medium,Peak_Hour,road_type_speed_ratio,0.9919248826293603,real_traffic_weather
2025-11-22 08:00:00,R3,Medium,Peak_Hour,road_type_speed_ratio,0.9813210480923706,real_traffic_weather
2025-11-22 09:00:00,R3,Medium,Peak_Hour,road_type_speed_ratio,0.9917449429244597,real_traffic_weather
2025-11-22 10:00:00,R3,Medium,Peak_Hour,road_type_speed_ratio,0.9975909924696343,real_traffic_weather
2025-11-22 11:00:00,R3,Low,Peak_Hour,road_type_speed_ratio,1.0,real_traffic_weather
2025-11-22 12:00:00,R3,Low,Peak_Hour,road_type_speed_ratio,1.0,real_traffic_weather
2025-11-22 13:00:00,R3,Low,Peak_Hour,road_type_speed_ratio,1.0,real_traffic_weather
2025-11-22 14:00:00,R3,Low,Peak_Hour,road_type_speed_ratio,1.0,real_traffic_weather
2025-11-22 15:00:00,R3,Low,Peak_Hour,road_type_speed_ratio,1.0,real_traffic_weather
2025-11-22 16:00:00,R3,Low,Peak_Hour,road_type_speed_ratio,1.0,real_traffic_weather
2025-11-22 17:00:00,R3,Medium,Peak_Hour,road_type_speed_ratio,0.9924669962102616,real_traffic_weather
2025-11-22 18:00:00,R3,Medium,Peak_Hour,road_type_speed_ratio,0.9883401182218269,real_traffic_weather
2025-11-22 19:00:00,R3,Medium,Peak_Hour,road_type_speed_ratio,0.998645374476925,real_traffic_weather
2025-11-22 20:00:00,R3,Low,Peak_Hour,road_type_speed_ratio,0.8848405616997961,real_traffic_weather
2025-11-22 21:00:00,R3,Low,Peak_Hour,road_type_speed_ratio,1.0,real_traffic_weather
2025-11-22 22:00:00,R3,Low,Peak_Hour,road_type_speed_ratio,1.0,real_traffic_weather
2025-11-22 23:00:00,R3,Low,Peak_Hour,road_type_speed_ratio,0.995,real_traffic_weather
2025-11-23 00:00:00,R3,Low,Incident,road_type_speed_ratio,0.995,proxy_incident
2025-11-23 01:00:00,R3,Low,Peak_Hour,road_type_speed_ratio,1.0,real_traffic_weather
2025-11-23 02:00:00,R3,Low,Peak_Hour,road_type_speed_ratio,1.0,real_traffic_weather
2025-11-23 03:00:00,R3,Low,Peak_Hour,road_type_speed_ratio,1.0,real_traffic_weather
2025-11-23 04:00:00,R3,Low,Peak_Hour,road_type_speed_ratio,0.9988149448952405,real_traffic_weather
2025-11-23 05:00:00,R3,Low,Peak_Hour,road_type_speed_ratio,0.9992835176100169,real_traffic_weather
2025-11-23 06:00:00,R3,Low,Peak_Hour,road_type_speed_ratio,1.0,real_traffic_weather
2025-11-23 07:00:00,R3,Medium,Peak_Hour,road_type_speed_ratio,0.9937193262652224,real_traffic_weather
2025-11-23 08:00:00,R3,Medium,Peak_Hour,road_type_speed_ratio,0.9824644283912121,real_traffic_weather
2025-11-23 09:00:00,R3,Medium,Peak_Hour,road_type_speed_ratio,0.9924372676413346,real_traffic_weather
2025-11-23 10:00:00,R3,Medium,Peak_Hour,road_type_speed_ratio,0.9938805114960306,real_traffic_weather
2025-11-23 11:00:00,R3,Low,Peak_Hour,road_type_speed_ratio,1.0,real_traffic_weather
2025-11-23 12:00:00,R3,Low,Peak_Hour,road_type_speed_ratio,1.0,real_traffic_weather
2025-11-23 13:00:00,R3,Low,Peak_Hour,road_type_speed_ratio,1.0,real_traffic_weather
2025-11-23 14:00:00,R3,Low,Peak_Hour,road_type_speed_ratio,1.0,real_traffic_weather
2025-11-23 15:00:00,R3,Low,Peak_Hour,road_type_speed_ratio,0.9951228996115006,real_traffic_weather
2025-11-23 16:00:00,R3,Low,Peak_Hour,road_type_speed_ratio,1.0,real_traffic_weather
2025-11-23 17:00:00,R3,Medium,Peak_Hour,road_type_speed_ratio,0.9941309320008094,real_traffic_weather
2025-11-23 18:00:00,R3,Medium,Peak_Hour,road_type_speed_ratio,0.9992795187534098,real_traffic_weather
2025-11-23 19:00:00,R3,Medium,Peak_Hour,road_type_speed_ratio,0.9950630621018575,real_traffic_weather
2025-11-23 20:00:00,R3,Medium,Peak_Hour,road_type_speed_ratio,0.9949850408260239,real_traffic_weather
2025-11-23 21:00:00,R3,Low,Peak_Hour,road_type_speed_ratio,1.0,real_traffic_weather
2025-11-23 22:00:00,R3,Low,Peak_Hour,road_type_speed_ratio,1.0,real_traffic_weather
2025-11-23 23:00:00,R3,Low,Peak_Hour,road_type_speed_ratio,1.0,real_traffic_weather
2025-11-24 00:00:00,R3,Low,Peak_Hour,road_type_speed_ratio,1.0,real_traffic_weather
2025-11-24 01:00:00,R3,Low,Peak_Hour,road_type_speed_ratio,1.0,real_traffic_weather
2025-11-24 02:00:00,R3,Low,Peak_Hour,road_type_speed_ratio,1.0,real_traffic_weather
2025-11-24 03:00:00,R3,Low,Peak_Hour,road_type_speed_ratio,1.0,real_traffic_weather
2025-11-24 04:00:00,R3,Low,Peak_Hour,road_type_speed_ratio,1.0,real_traffic_weather
2025-11-24 05:00:00,R3,Low,Peak_Hour,road_type_speed_ratio,1.0,real_traffic_weather
2025-11-24 06:00:00,R3,Low,Peak_Hour,road_type_speed_ratio,0.995,real_traffic_weather
2025-11-24 07:00:00,R3,Medium,Peak_Hour,road_type_speed_ratio,0.9843892761511467,real_traffic_weather
2025-11-24 08:00:00,R3,Medium,Peak_Hour,road_type_speed_ratio,0.9847052203678578,real_traffic_weather
2025-11-24 09:00:00,R3,Medium,Peak_Hour,road_type_speed_ratio,0.9430420756526139,real_traffic_weather
2025-11-24 10:00:00,R3,Medium,Peak_Hour,road_type_speed_ratio,0.9897881319380708,real_traffic_weather
2025-11-24 11:00:00,R3,Low,Peak_Hour,road_type_speed_ratio,1.0,real_traffic_weather
2025-11-24 12:00:00,R3,Low,Peak_Hour,road_type_speed_ratio,1.0,real_traffic_weather
2025-11-24 13:00:00,R3,Low,Peak_Hour,road_type_speed_ratio,1.0,real_traffic_weather
2025-11-24 14:00:00,R3,Low,Peak_Hour,road_type_speed_ratio,1.0,real_traffic_weather
2025-11-24 15:00:00,R3,Low,Peak_Hour,road_type_speed_ratio,1.0,real_traffic_weather
2025-11-24 16:00:00,R3,Low,Peak_Hour,road_type_speed_ratio,0.9995999100462035,real_traffic_weather
2025-11-24 17:00:00,R3,Medium,Peak_Hour,road_type_speed_ratio,0.9975853570937562,real_traffic_weather
2025-11-24 18:00:00,R3,Medium,Peak_Hour,road_type_speed_ratio,0.981524719890167,real_traffic_weather
2025-11-24 19:00:00,R3,Medium,Peak_Hour,road_type_speed_ratio,0.980058553329992,real_traffic_weather
2025-11-24 20:00:00,R3,High,Peak_Hour,road_type_speed_ratio,0.9042412818096136,real_traffic_weather
2025-11-24 21:00:00,R3,Low,Peak_Hour,road_type_speed_ratio,0.9995999100462035,real_traffic_weather
2025-11-24 22:00:00,R3,Low,Peak_Hour,road_type_speed_ratio,1.0,real_traffic_weather
2025-11-24 23:00:00,R3,Low,Peak_Hour,road_type_speed_ratio,1.0,real_traffic_weather
2025-11-25 00:00:00,R3,Low,Peak_Hour,road_type_speed_ratio,1.0,real_traffic_weather
2025-11-25 01:00:00,R3,Low,Peak_Hour,road_type_speed_ratio,1.0,real_traffic_weather
2025-11-25 02:00:00,R3,Low,Peak_Hour,road_type_speed_ratio,1.0,real_traffic_weather
2025-11-25 03:00:00,R3,Low,Peak_Hour,road_type_speed_ratio,1.0,real_traffic_weather
2025-11-25 04:00:00,R3,Low,Peak_Hour,road_type_speed_ratio,1.0,real_traffic_weather
2025-11-25 05:00:00,R3,Low,Peak_Hour,road_type_speed_ratio,1.0,real_traffic_weather
2025-11-25 06:00:00,R3,Low,Peak_Hour,road_type_speed_ratio,1.0,real_traffic_weather
2025-11-25 07:00:00,R3,Medium,Peak_Hour,road_type_speed_ratio,0.9928455404816625,real_traffic_weather
2025-11-25 08:00:00,R3,Low,Peak_Hour,road_type_speed_ratio,0.8596274258402,real_traffic_weather
2025-11-25 09:00:00,R3,Medium,Peak_Hour,road_type_speed_ratio,0.989297825698335,real_traffic_weather
2025-11-25 10:00:00,R3,Medium,Peak_Hour,road_type_speed_ratio,0.9911821858964575,real_traffic_weather
2025-11-25 11:00:00,R3,Low,Peak_Hour,road_type_speed_ratio,1.0,real_traffic_weather
2025-11-25 12:00:00,R3,Low,Peak_Hour,road_type_speed_ratio,1.0,real_traffic_weather
2025-11-25 13:00:00,R3,Low,Incident,road_type_speed_ratio,0.995,proxy_incident
2025-11-25 14:00:00,R3,Low,Peak_Hour,road_type_speed_ratio,1.0,real_traffic_weather
2025-11-25 15:00:00,R3,Low,Peak_Hour,road_type_speed_ratio,1.0,real_traffic_weather
2025-11-25 16:00:00,R3,Low,Peak_Hour,road_type_speed_ratio,0.9941358352899542,real_traffic_weather
2025-11-25 17:00:00,R3,Medium,Peak_Hour,road_type_speed_ratio,0.9978922703978873,real_traffic_weather
2025-11-25 18:00:00,R3,Low,Peak_Hour,road_type_speed_ratio,0.8631706805888695,real_traffic_weather
2025-11-25 19:00:00,R3,Medium,Peak_Hour,road_type_speed_ratio,0.9893638843467852,real_traffic_weather
2025-11-25 20:00:00,R3,Medium,Peak_Hour,road_type_speed_ratio,0.992295117719042,real_traffic_weather
2025-11-25 21:00:00,R3,Low,Peak_Hour,road_type_speed_ratio,0.9995999100462035,real_traffic_weather
2025-11-25 22:00:00,R3,Low,Peak_Hour,road_type_speed_ratio,1.0,real_traffic_weather
2025-11-25 23:00:00,R3,Low,Peak_Hour,road_type_speed_ratio,1.0,real_traffic_weather
2025-11-26 00:00:00,R3,Low,Peak_Hour,road_type_speed_ratio,1.0,real_traffic_weather
2025-11-26 01:00:00,R3,Low,Peak_Hour,road_type_speed_ratio,1.0,real_traffic_weather
2025-11-26 02:00:00,R3,Low,Peak_Hour,road_type_speed_ratio,1.0,real_traffic_weather
2025-11-26 03:00:00,R3,Low,Peak_Hour,road_type_speed_ratio,1.0,real_traffic_weather
2025-11-26 04:00:00,R3,Low,Peak_Hour,road_type_speed_ratio,1.0,real_traffic_weather
2025-11-26 05:00:00,R3,Low,Peak_Hour,road_type_speed_ratio,1.0,real_traffic_weather
2025-11-26 06:00:00,R3,Low,Peak_Hour,road_type_speed_ratio,1.0,real_traffic_weather
2025-11-26 07:00:00,R3,Medium,Peak_Hour,road_type_speed_ratio,0.9847508106799683,real_traffic_weather
2025-11-26 08:00:00,R3,High,Peak_Hour,road_type_speed_ratio,0.9396075085324234,real_traffic_weather
2025-11-26 09:00:00,R3,Medium,Peak_Hour,road_type_speed_ratio,0.991576550151645,real_traffic_weather
2025-11-26 10:00:00,R3,Medium,Peak_Hour,road_type_speed_ratio,0.9965221655406314,real_traffic_weather
2025-11-26 11:00:00,R3,Low,Peak_Hour,road_type_speed_ratio,1.0,real_traffic_weather
2025-11-26 12:00:00,R3,Low,Peak_Hour,road_type_speed_ratio,1.0,real_traffic_weather
2025-11-26 13:00:00,R3,Low,Peak_Hour,road_type_speed_ratio,1.0,real_traffic_weather
2025-11-26 14:00:00,R3,Low,Peak_Hour,road_type_speed_ratio,1.0,real_traffic_weather
2025-11-26 15:00:00,R3,Low,Peak_Hour,road_type_speed_ratio,1.0,real_traffic_weather
2025-11-26 16:00:00,R3,Low,Peak_Hour,road_type_speed_ratio,0.9995999100462035,real_traffic_weather
2025-11-26 17:00:00,R3,Medium,Peak_Hour,road_type_speed_ratio,0.9984126069963695,real_traffic_weather
2025-11-26 18:00:00,R3,Medium,Peak_Hour,road_type_speed_ratio,0.9934505748259217,real_traffic_weather
2025-11-26 19:00:00,R3,Medium,Peak_Hour,road_type_speed_ratio,0.9949776790702153,real_traffic_weather
2025-11-26 20:00:00,R3,Medium,Peak_Hour,road_type_speed_ratio,0.997629489904479,real_traffic_weather
2025-11-26 21:00:00,R3,Low,Peak_Hour,road_type_speed_ratio,0.9995999100462035,real_traffic_weather
2025-11-26 22:00:00,R3,Low,Peak_Hour,road_type_speed_ratio,1.0,real_traffic_weather
2025-11-26 23:00:00,R3,Low,Peak_Hour,road_type_speed_ratio,1.0,real_traffic_weather
2025-11-27 00:00:00,R3,Low,Peak_Hour,road_type_speed_ratio,0.99,real_traffic_weather
2025-11-27 01:00:00,R3,Low,Peak_Hour,road_type_speed_ratio,1.0,real_traffic_weather
2025-11-27 02:00:00,R3,Low,Peak_Hour,road_type_speed_ratio,1.0,real_traffic_weather
2025-11-27 03:00:00,R3,Low,Peak_Hour,road_type_speed_ratio,1.0,real_traffic_weather
2025-11-27 04:00:00,R3,Low,Peak_Hour,road_type_speed_ratio,1.0,real_traffic_weather
2025-11-27 05:00:00,R3,Low,Peak_Hour,road_type_speed_ratio,1.0,real_traffic_weather
2025-11-27 06:00:00,R3,Low,Peak_Hour,road_type_speed_ratio,1.0,real_traffic_weather
2025-11-27 07:00:00,R3,Medium,Peak_Hour,road_type_speed_ratio,0.9962088867263472,real_traffic_weather
2025-11-27 08:00:00,R3,Medium,Peak_Hour,road_type_speed_ratio,0.9886731000452035,real_traffic_weather
2025-11-27 09:00:00,R3,Medium,Peak_Hour,road_type_speed_ratio,0.9328285279214521,real_traffic_weather
2025-11-27 10:00:00,R3,Medium,Peak_Hour,road_type_speed_ratio,0.9981362308471934,real_traffic_weather
2025-11-27 11:00:00,R3,Low,Peak_Hour,road_type_speed_ratio,1.0,real_traffic_weather
2025-11-27 12:00:00,R3,Low,Peak_Hour,road_type_speed_ratio,1.0,real_traffic_weather
2025-11-27 13:00:00,R3,Low,Peak_Hour,road_type_speed_ratio,1.0,real_traffic_weather
2025-11-27 14:00:00,R3,Low,Peak_Hour,road_type_speed_ratio,1.0,real_traffic_weather
2025-11-27 15:00:00,R3,Low,Peak_Hour,road_type_speed_ratio,0.9995999100462035,real_traffic_weather
2025-11-27 16:00:00,R3,Low,Peak_Hour,road_type_speed_ratio,0.9995999100462035,real_traffic_weather
2025-11-27 17:00:00,R3,Low,Peak_Hour,road_type_speed_ratio,0.8643633228486557,real_traffic_weather
2025-11-27 18:00:00,R3,Low,Peak_Hour,road_type_speed_ratio,0.8532244712363877,real_traffic_weather
2025-11-27 19:00:00,R3,Medium,Peak_Hour,road_type_speed_ratio,0.9944001521595552,real_traffic_weather
2025-11-27 20:00:00,R3,Medium,Peak_Hour,road_type_speed_ratio,0.9976691334855655,real_traffic_weather
2025-11-27 21:00:00,R3,Medium,Peak_Hour,road_type_speed_ratio,0.9654000899537966,real_traffic_weather
2025-11-27 22:00:00,R3,Low,Peak_Hour,road_type_speed_ratio,1.0,real_traffic_weather
2025-11-27 23:00:00,R3,Low,Peak_Hour,road_type_speed_ratio,1.0,real_traffic_weather
2025-11-28 00:00:00,R3,Low,Peak_Hour,road_type_speed_ratio,1.0,real_traffic_weather
2025-11-28 01:00:00,R3,Low,Peak_Hour,road_type_speed_ratio,1.0,real_traffic_weather
2025-11-28 02:00:00,R3,Low,Peak_Hour,road_type_speed_ratio,1.0,real_traffic_weather
2025-11-28 03:00:00,R3,Low,Peak_Hour,road_type_speed_ratio,1.0,real_traffic_weather
2025-11-28 04:00:00,R3,Low,Peak_Hour,road_type_speed_ratio,1.0,real_traffic_weather
2025-11-28 05:00:00,R3,Low,Peak_Hour,road_type_speed_ratio,1.0,real_traffic_weather
2025-11-28 06:00:00,R3,Low,Peak_Hour,road_type_speed_ratio,1.0,real_traffic_weather
2025-11-28 07:00:00,R3,Low,Peak_Hour,road_type_speed_ratio,0.8235895755151839,real_traffic_weather
2025-11-28 08:00:00,R3,Medium,Peak_Hour,road_type_speed_ratio,0.9886956376649587,real_traffic_weather
2025-11-28 09:00:00,R3,Medium,Peak_Hour,road_type_speed_ratio,0.9940235577386366,real_traffic_weather
2025-11-28 10:00:00,R3,Medium,Peak_Hour,road_type_speed_ratio,0.9981799808742947,real_traffic_weather
2025-11-28 11:00:00,R3,Low,Peak_Hour,road_type_speed_ratio,1.0,real_traffic_weather
2025-11-28 12:00:00,R3,Low,Peak_Hour,road_type_speed_ratio,1.0,real_traffic_weather
2025-11-28 13:00:00,R3,Low,Peak_Hour,road_type_speed_ratio,1.0,real_traffic_weather
2025-11-28 14:00:00,R3,Low,Peak_Hour,road_type_speed_ratio,1.0,real_traffic_weather
2025-11-28 15:00:00,R3,Low,Peak_Hour,road_type_speed_ratio,0.9955064973408112,real_traffic_weather
2025-11-28 16:00:00,R3,Low,Peak_Hour,road_type_speed_ratio,0.9891358352899542,real_traffic_weather
2025-11-28 17:00:00,R3,Medium,Peak_Hour,road_type_speed_ratio,0.9985065444737908,real_traffic_weather
2025-11-28 18:00:00,R3,Medium,Peak_Hour,road_type_speed_ratio,0.997129174475838,real_traffic_weather
2025-11-28 19:00:00,R3,Medium,Peak_Hour,road_type_speed_ratio,0.9862676836256064,real_traffic_weather
2025-11-28 20:00:00,R3,Medium,Peak_Hour,road_type_speed_ratio,0.9977074110701163,real_traffic_weather
2025-11-28 21:00:00,R3,Low,Peak_Hour,road_type_speed_ratio,1.0,real_traffic_weather
2025-11-28 22:00:00,R3,Low,Peak_Hour,road_type_speed_ratio,1.0,real_traffic_weather
2025-11-28 23:00:00,R3,Low,Peak_Hour,road_type_speed_ratio,1.0,real_traffic_weather
2025-11-29 00:00:00,R3,Low,Peak_Hour,road_type_speed_ratio,1.0,real_traffic_weather
2025-11-29 01:00:00,R3,Low,Peak_Hour,road_type_speed_ratio,1.0,real_traffic_weather
2025-11-29 02:00:00,R3,Low,Peak_Hour,road_type_speed_ratio,1.0,real_traffic_weather
2025-11-29 03:00:00,R3,Low,Peak_Hour,road_type_speed_ratio,1.0,real_traffic_weather
2025-11-29 04:00:00,R3,Low,Peak_Hour,road_type_speed_ratio,0.9988149448952405,real_traffic_weather
2025-11-29 05:00:00,R3,Low,Peak_Hour,road_type_speed_ratio,0.9992835176100169,real_traffic_weather
2025-11-29 06:00:00,R3,Low,Peak_Hour,road_type_speed_ratio,1.0,real_traffic_weather
2025-11-29 07:00:00,R3,Medium,Peak_Hour,road_type_speed_ratio,0.9926536803820638,real_traffic_weather
2025-11-29 08:00:00,R3,Medium,Peak_Hour,road_type_speed_ratio,0.999052554224563,real_traffic_weather
2025-11-29 09:00:00,R3,Medium,Peak_Hour,road_type_speed_ratio,0.9942625550796741,real_traffic_weather
2025-11-29 10:00:00,R3,Medium,Peak_Hour,road_type_speed_ratio,0.9964816240060465,real_traffic_weather
2025-11-29 11:00:00,R3,Low,Peak_Hour,road_type_speed_ratio,1.0,real_traffic_weather
2025-11-29 12:00:00,R3,Low,Peak_Hour,road_type_speed_ratio,1.0,real_traffic_weather
2025-11-29 13:00:00,R3,Low,Peak_Hour,road_type_speed_ratio,1.0,real_traffic_weather
2025-11-29 14:00:00,R3,Low,Peak_Hour,road_type_speed_ratio,1.0,real_traffic_weather
2025-11-29 15:00:00,R3,Low,Peak_Hour,road_type_speed_ratio,1.0,real_traffic_weather
2025-11-29 16:00:00,R3,Low,Peak_Hour,road_type_speed_ratio,1.0,real_traffic_weather
2025-11-29 17:00:00,R3,Medium,Peak_Hour,road_type_speed_ratio,0.9940622652672582,real_traffic_weather
2025-11-29 18:00:00,R3,Medium,Peak_Hour,road_type_speed_ratio,0.9962472242850775,real_traffic_weather
2025-11-29 19:00:00,R3,Medium,Peak_Hour,road_type_speed_ratio,0.9985316874944445,real_traffic_weather
2025-11-29 20:00:00,R3,Medium,Peak_Hour,road_type_speed_ratio,0.9922215538494784,real_traffic_weather
2025-11-29 21:00:00,R3,Low,Peak_Hour,road_type_speed_ratio,1.0,real_traffic_weather
2025-11-29 22:00:00,R3,Low,Peak_Hour,road_type_speed_ratio,1.0,real_traffic_weather
2025-11-29 23:00:00,R3,Low,Peak_Hour,road_type_speed_ratio,1.0,real_traffic_weather
2025-11-30 00:00:00,R3,Low,Peak_Hour,road_type_speed_ratio,1.0,real_traffic_weather
2025-11-30 01:00:00,R3,Low,Peak_Hour,road_type_speed_ratio,1.0,real_traffic_weather
2025-11-30 02:00:00,R3,Low,Peak_Hour,road_type_speed_ratio,1.0,real_traffic_weather
2025-11-30 03:00:00,R3,Low,Peak_Hour,road_type_speed_ratio,1.0,real_traffic_weather
2025-11-30 04:00:00,R3,Low,Peak_Hour,road_type_speed_ratio,0.9988149448952405,real_traffic_weather
2025-11-30 05:00:00,R3,Low,Peak_Hour,road_type_speed_ratio,0.9992835176100169,real_traffic_weather
2025-11-30 06:00:00,R3,Low,Peak_Hour,road_type_speed_ratio,0.9970411248866041,real_traffic_weather
2025-11-30 07:00:00,R3,Medium,Peak_Hour,road_type_speed_ratio,0.9872365039469518,real_traffic_weather
2025-11-30 08:00:00,R3,Medium,Peak_Hour,road_type_speed_ratio,0.9980646438982629,real_traffic_weather
2025-11-30 09:00:00,R3,Medium,Peak_Hour,road_type_speed_ratio,0.9885098979789206,real_traffic_weather
2025-11-30 10:00:00,R3,Medium,Peak_Hour,road_type_speed_ratio,0.9955175185161683,real_traffic_weather
2025-11-30 11:00:00,R3,Low,Peak_Hour,road_type_speed_ratio,1.0,real_traffic_weather
2025-11-30 12:00:00,R3,Low,Peak_Hour,road_type_speed_ratio,1.0,real_traffic_weather
2025-11-30 13:00:00,R3,Low,Peak_Hour,road_type_speed_ratio,1.0,real_traffic_weather
2025-11-30 14:00:00,R3,Low,Peak_Hour,road_type_speed_ratio,1.0,real_traffic_weather
2025-11-30 15:00:00,R3,Low,Peak_Hour,road_type_speed_ratio,1.0,real_traffic_weather
2025-11-30 16:00:00,R3,Low,Peak_Hour,road_type_speed_ratio,1.0,real_traffic_weather
2025-11-30 17:00:00,R3,Medium,Peak_Hour,road_type_speed_ratio,0.9994530704387161,real_traffic_weather
2025-11-30 18:00:00,R3,Medium,Peak_Hour,road_type_speed_ratio,0.9981568903300709,real_traffic_weather
2025-11-30 19:00:00,R3,High,Peak_Hour,road_type_speed_ratio,0.875,real_traffic_weather
2025-11-30 20:00:00,R3,Medium,Peak_Hour,road_type_speed_ratio,0.9893395818316004,real_traffic_weather
2025-11-30 21:00:00,R3,Low,Peak_Hour,road_type_speed_ratio,1.0,real_traffic_weather
2025-11-30 22:00:00,R3,Low,Peak_Hour,road_type_speed_ratio,1.0,real_traffic_weather
2025-11-30 23:00:00,R3,Low,Peak_Hour,road_type_speed_ratio,1.0,real_traffic_weather
2025-11-01 00:00:00,R4,Low,Incident,road_type_speed_ratio,1.0,proxy_incident
2025-11-01 01:00:00,R4,Low,Peak_Hour,road_type_speed_ratio,1.0,real_traffic_weather
2025-11-01 02:00:00,R4,Low,Peak_Hour,road_type_speed_ratio,1.0,real_traffic_weather
2025-11-01 03:00:00,R4,Low,Peak_Hour,road_type_speed_ratio,1.0,real_traffic_weather
2025-11-01 04:00:00,R4,Low,Peak_Hour,road_type_speed_ratio,0.9988149448952405,real_traffic_weather
2025-11-01 05:00:00,R4,Low,Peak_Hour,road_type_speed_ratio,0.9871823795382969,real_traffic_weather
2025-11-01 06:00:00,R4,Low,Peak_Hour,road_type_speed_ratio,1.0,real_traffic_weather
2025-11-01 07:00:00,R4,Medium,Peak_Hour,road_type_speed_ratio,0.8632489346660779,real_traffic_weather
2025-11-01 08:00:00,R4,Medium,Peak_Hour,road_type_speed_ratio,0.882930659916044,real_traffic_weather
2025-11-01 09:00:00,R4,Medium,Peak_Hour,road_type_speed_ratio,0.9038420635886242,real_traffic_weather
2025-11-01 10:00:00,R4,Medium,Peak_Hour,road_type_speed_ratio,0.909398961644673,real_traffic_weather
2025-11-01 11:00:00,R4,Low,Incident,road_type_speed_ratio,0.99,proxy_incident
2025-11-01 12:00:00,R4,Low,Peak_Hour,road_type_speed_ratio,1.0,real_traffic_weather
2025-11-01 13:00:00,R4,Low,Peak_Hour,road_type_speed_ratio,1.0,real_traffic_weather
2025-11-01 14:00:00,R4,Low,Peak_Hour,road_type_speed_ratio,1.0,real_traffic_weather
2025-11-01 15:00:00,R4,Low,Peak_Hour,road_type_speed_ratio,1.0,real_traffic_weather
2025-11-01 16:00:00,R4,Low,Peak_Hour,road_type_speed_ratio,1.0,real_traffic_weather
2025-11-01 17:00:00,R4,Medium,Peak_Hour,road_type_speed_ratio,0.9148617036253855,real_traffic_weather
2025-11-01 18:00:00,R4,Medium,Peak_Hour,road_type_speed_ratio,0.9055643984946896,real_traffic_weather
2025-11-01 19:00:00,R4,Medium,Peak_Hour,road_type_speed_ratio,0.9154532945603908,real_traffic_weather
2025-11-01 20:00:00,R4,Medium,Peak_Hour,road_type_speed_ratio,0.8914977356831337,real_traffic_weather
2025-11-01 21:00:00,R4,Low,Peak_Hour,road_type_speed_ratio,1.0,real_traffic_weather
2025-11-01 22:00:00,R4,Low,Peak_Hour,road_type_speed_ratio,1.0,real_traffic_weather
2025-11-01 23:00:00,R4,Low,Peak_Hour,road_type_speed_ratio,1.0,real_traffic_weather
2025-11-02 00:00:00,R4,Low,Peak_Hour,road_type_speed_ratio,1.0,real_traffic_weather
2025-11-02 01:00:00,R4,Low,Peak_Hour,road_type_speed_ratio,1.0,real_traffic_weather
2025-11-02 02:00:00,R4,Low,Peak_Hour,road_type_speed_ratio,1.0,real_traffic_weather
2025-11-02 03:00:00,R4,Low,Peak_Hour,road_type_speed_ratio,0.985,real_traffic_weather
2025-11-02 04:00:00,R4,Low,Peak_Hour,road_type_speed_ratio,0.9988149448952405,real_traffic_weather
2025-11-02 05:00:00,R4,Low,Peak_Hour,road_type_speed_ratio,0.9992835176100169,real_traffic_weather
2025-11-02 06:00:00,R4,Low,Peak_Hour,road_type_speed_ratio,1.0,real_traffic_weather
2025-11-02 07:00:00,R4,Medium,Peak_Hour,road_type_speed_ratio,0.8756647333464407,real_traffic_weather
2025-11-02 08:00:00,R4,Medium,Peak_Hour,road_type_speed_ratio,0.8893006816806859,real_traffic_weather
2025-11-02 09:00:00,R4,Medium,Peak_Hour,road_type_speed_ratio,0.8983341180318345,real_traffic_weather
2025-11-02 10:00:00,R4,Medium,Peak_Hour,road_type_speed_ratio,0.9102467526593948,real_traffic_weather
2025-11-02 11:00:00,R4,Low,Peak_Hour,road_type_speed_ratio,1.0,real_traffic_weather
2025-11-02 12:00:00,R4,Low,Peak_Hour,road_type_speed_ratio,1.0,real_traffic_weather
2025-11-02 13:00:00,R4,Low,Peak_Hour,road_type_speed_ratio,1.0,real_traffic_weather
2025-11-02 14:00:00,R4,Low,Peak_Hour,road_type_speed_ratio,1.0,real_traffic_weather
2025-11-02 15:00:00,R4,Low,Peak_Hour,road_type_speed_ratio,1.0,real_traffic_weather
2025-11-02 16:00:00,R4,Low,Peak_Hour,road_type_speed_ratio,1.0,real_traffic_weather
2025-11-02 17:00:00,R4,Medium,Peak_Hour,road_type_speed_ratio,0.9231475543163671,real_traffic_weather
2025-11-02 18:00:00,R4,Medium,Peak_Hour,road_type_speed_ratio,0.9026161443561935,real_traffic_weather
2025-11-02 19:00:00,R4,Medium,Peak_Hour,road_type_speed_ratio,0.9128024097255009,real_traffic_weather
2025-11-02 20:00:00,R4,Medium,Peak_Hour,road_type_speed_ratio,0.9063584503440519,real_traffic_weather
2025-11-02 21:00:00,R4,Low,Peak_Hour,road_type_speed_ratio,1.0,real_traffic_weather
2025-11-02 22:00:00,R4,Low,Peak_Hour,road_type_speed_ratio,1.0,real_traffic_weather
2025-11-02 23:00:00,R4,Low,Peak_Hour,road_type_speed_ratio,1.0,real_traffic_weather
2025-11-03 00:00:00,R4,Low,Peak_Hour,road_type_speed_ratio,1.0,real_traffic_weather
2025-11-03 01:00:00,R4,Low,Peak_Hour,road_type_speed_ratio,1.0,real_traffic_weather
2025-11-03 02:00:00,R4,Low,Peak_Hour,road_type_speed_ratio,1.0,real_traffic_weather
2025-11-03 03:00:00,R4,Low,Peak_Hour,road_type_speed_ratio,1.0,real_traffic_weather
2025-11-03 04:00:00,R4,Low,Peak_Hour,road_type_speed_ratio,1.0,real_traffic_weather
2025-11-03 05:00:00,R4,Low,Peak_Hour,road_type_speed_ratio,1.0,real_traffic_weather
2025-11-03 06:00:00,R4,Low,Peak_Hour,road_type_speed_ratio,1.0,real_traffic_weather
2025-11-03 07:00:00,R4,Medium,Peak_Hour,road_type_speed_ratio,0.8645692372094212,real_traffic_weather
2025-11-03 08:00:00,R4,Medium,Peak_Hour,road_type_speed_ratio,0.8816486056462596,real_traffic_weather
2025-11-03 09:00:00,R4,Medium,Peak_Hour,road_type_speed_ratio,0.8627562972310788,real_traffic_weather
2025-11-03 10:00:00,R4,Medium,Peak_Hour,road_type_speed_ratio,0.9195281160357414,real_traffic_weather
2025-11-03 11:00:00,R4,Low,Peak_Hour,road_type_speed_ratio,1.0,real_traffic_weather
2025-11-03 12:00:00,R4,Low,Peak_Hour,road_type_speed_ratio,1.0,real_traffic_weather
2025-11-03 13:00:00,R4,Low,Peak_Hour,road_type_speed_ratio,1.0,real_traffic_weather
2025-11-03 14:00:00,R4,Low,Peak_Hour,road_type_speed_ratio,1.0,real_traffic_weather
2025-11-03 15:00:00,R4,Low,Peak_Hour,road_type_speed_ratio,0.9995999100462035,real_traffic_weather
2025-11-03 16:00:00,R4,Low,Peak_Hour,road_type_speed_ratio,0.9995999100462035,real_traffic_weather
2025-11-03 17:00:00,R4,Medium,Peak_Hour,road_type_speed_ratio,0.9175521612927183,real_traffic_weather
2025-11-03 18:00:00,R4,Medium,Peak_Hour,road_type_speed_ratio,0.8585917223857895,real_traffic_weather
2025-11-03 19:00:00,R4,Medium,Peak_Hour,road_type_speed_ratio,0.9093487590084234,real_traffic_weather
2025-11-03 20:00:00,R4,Medium,Peak_Hour,road_type_speed_ratio,0.8845685746330543,real_traffic_weather
2025-11-03 21:00:00,R4,Low,Peak_Hour,road_type_speed_ratio,0.9995999100462035,real_traffic_weather
2025-11-03 22:00:00,R4,Low,Peak_Hour,road_type_speed_ratio,1.0,real_traffic_weather
2025-11-03 23:00:00,R4,Low,Peak_Hour,road_type_speed_ratio,1.0,real_traffic_weather
2025-11-04 00:00:00,R4,Low,Peak_Hour,road_type_speed_ratio,1.0,real_traffic_weather
2025-11-04 01:00:00,R4,Low,Peak_Hour,road_type_speed_ratio,1.0,real_traffic_weather
2025-11-04 02:00:00,R4,Low,Peak_Hour,road_type_speed_ratio,1.0,real_traffic_weather
2025-11-04 03:00:00,R4,Low,Peak_Hour,road_type_speed_ratio,1.0,real_traffic_weather
2025-11-04 04:00:00,R4,Low,Peak_Hour,road_type_speed_ratio,1.0,real_traffic_weather
2025-11-04 05:00:00,R4,Low,Peak_Hour,road_type_speed_ratio,1.0,real_traffic_weather
2025-11-04 06:00:00,R4,Low,Peak_Hour,road_type_speed_ratio,1.0,real_traffic_weather
2025-11-04 07:00:00,R4,Low,Peak_Hour,road_type_speed_ratio,0.7592954977699317,real_traffic_weather
2025-11-04 08:00:00,R4,Medium,Incident,road_type_speed_ratio,0.9019966712917123,proxy_incident
2025-11-04 09:00:00,R4,Medium,Peak_Hour,road_type_speed_ratio,0.8785367786197823,real_traffic_weather
2025-11-04 10:00:00,R4,Medium,Peak_Hour,road_type_speed_ratio,0.9166006308628855,real_traffic_weather
2025-11-04 11:00:00,R4,Low,Peak_Hour,road_type_speed_ratio,1.0,real_traffic_weather
2025-11-04 12:00:00,R4,Low,Peak_Hour,road_type_speed_ratio,1.0,real_traffic_weather
2025-11-04 13:00:00,R4,Low,Peak_Hour,road_type_speed_ratio,1.0,real_traffic_weather
2025-11-04 14:00:00,R4,Low,Peak_Hour,road_type_speed_ratio,1.0,real_traffic_weather
2025-11-04 15:00:00,R4,Low,Peak_Hour,road_type_speed_ratio,0.9995999100462035,real_traffic_weather
2025-11-04 16:00:00,R4,Low,Peak_Hour,road_type_speed_ratio,1.0,real_traffic_weather
2025-11-04 17:00:00,R4,Medium,Peak_Hour,road_type_speed_ratio,0.9980793196611211,real_traffic_weather
2025-11-04 18:00:00,R4,Medium,Peak_Hour,road_type_speed_ratio,0.874368924296649,real_traffic_weather
2025-11-04 19:00:00,R4,Medium,Peak_Hour,road_type_speed_ratio,0.9001681508818333,real_traffic_weather
2025-11-04 20:00:00,R4,Medium,Peak_Hour,road_type_speed_ratio,0.8789766497790288,real_traffic_weather
2025-11-04 21:00:00,R4,Low,Peak_Hour,road_type_speed_ratio,0.9995999100462035,real_traffic_weather
2025-11-04 22:00:00,R4,Low,Peak_Hour,road_type_speed_ratio,1.0,real_traffic_weather
2025-11-04 23:00:00,R4,Low,Peak_Hour,road_type_speed_ratio,1.0,real_traffic_weather
2025-11-05 00:00:00,R4,Low,Peak_Hour,road_type_speed_ratio,1.0,real_traffic_weather
2025-11-05 01:00:00,R4,Low,Peak_Hour,road_type_speed_ratio,1.0,real_traffic_weather
2025-11-05 02:00:00,R4,Low,Peak_Hour,road_type_speed_ratio,1.0,real_traffic_weather
2025-11-05 03:00:00,R4,Low,Peak_Hour,road_type_speed_ratio,1.0,real_traffic_weather
2025-11-05 04:00:00,R4,Low,Peak_Hour,road_type_speed_ratio,1.0,real_traffic_weather
2025-11-05 05:00:00,R4,Low,Peak_Hour,road_type_speed_ratio,1.0,real_traffic_weather
2025-11-05 06:00:00,R4,Low,Peak_Hour,road_type_speed_ratio,1.0,real_traffic_weather
2025-11-05 07:00:00,R4,Medium,Peak_Hour,road_type_speed_ratio,0.8708858803135002,real_traffic_weather
2025-11-05 08:00:00,R4,Medium,Peak_Hour,road_type_speed_ratio,0.8857524615272873,real_traffic_weather
2025-11-05 09:00:00,R4,Medium,Peak_Hour,road_type_speed_ratio,0.8907695517460461,real_traffic_weather
2025-11-05 10:00:00,R4,Medium,Peak_Hour,road_type_speed_ratio,0.9175392469062922,real_traffic_weather
2025-11-05 11:00:00,R4,Low,Peak_Hour,road_type_speed_ratio,1.0,real_traffic_weather
2025-11-05 12:00:00,R4,Low,Peak_Hour,road_type_speed_ratio,1.0,real_traffic_weather
2025-11-05 13:00:00,R4,Low,Peak_Hour,road_type_speed_ratio,1.0,real_traffic_weather
2025-11-05 14:00:00,R4,Low,Peak_Hour,road_type_speed_ratio,1.0,real_traffic_weather
2025-11-05 15:00:00,R4,Low,Peak_Hour,road_type_speed_ratio,0.9995999100462035,real_traffic_weather
2025-11-05 16:00:00,R4,Low,Incident,road_type_speed_ratio,0.98,proxy_incident
2025-11-05 17:00:00,R4,Medium,Peak_Hour,road_type_speed_ratio,0.9874310497235131,real_traffic_weather
2025-11-05 18:00:00,R4,Medium,Peak_Hour,road_type_speed_ratio,0.8815317498948155,real_traffic_weather
2025-11-05 19:00:00,R4,Medium,Peak_Hour,road_type_speed_ratio,0.9110551599250801,real_traffic_weather
2025-11-05 20:00:00,R4,Medium,Peak_Hour,road_type_speed_ratio,0.9091441372095274,real_traffic_weather
2025-11-05 21:00:00,R4,Low,Peak_Hour,road_type_speed_ratio,0.9995999100462035,real_traffic_weather
2025-11-05 22:00:00,R4,Low,Peak_Hour,road_type_speed_ratio,1.0,real_traffic_weather
2025-11-05 23:00:00,R4,Low,Peak_Hour,road_type_speed_ratio,1.0,real_traffic_weather
2025-11-06 00:00:00,R4,Low,Peak_Hour,road_type_speed_ratio,1.0,real_traffic_weather
2025-11-06 01:00:00,R4,Low,Peak_Hour,road_type_speed_ratio,1.0,real_traffic_weather
2025-11-06 02:00:00,R4,Low,Peak_Hour,road_type_speed_ratio,1.0,real_traffic_weather
2025-11-06 03:00:00,R4,Low,Peak_Hour,road_type_speed_ratio,1.0,real_traffic_weather
2025-11-06 04:00:00,R4,Low,Peak_Hour,road_type_speed_ratio,1.0,real_traffic_weather
2025-11-06 05:00:00,R4,Low,Peak_Hour,road_type_speed_ratio,1.0,real_traffic_weather
2025-11-06 06:00:00,R4,Low,Peak_Hour,road_type_speed_ratio,1.0,real_traffic_weather
2025-11-06 07:00:00,R4,Medium,Peak_Hour,road_type_speed_ratio,0.8556571782218441,real_traffic_weather
2025-11-06 08:00:00,R4,Medium,Peak_Hour,road_type_speed_ratio,0.8951298646442888,real_traffic_weather
2025-11-06 09:00:00,R4,Medium,Peak_Hour,road_type_speed_ratio,0.8951453784236532,real_traffic_weather
2025-11-06 10:00:00,R4,Medium,Peak_Hour,road_type_speed_ratio,0.9979423472290666,real_traffic_weather
2025-11-06 11:00:00,R4,Low,Peak_Hour,road_type_speed_ratio,1.0,real_traffic_weather
2025-11-06 12:00:00,R4,Low,Peak_Hour,road_type_speed_ratio,1.0,real_traffic_weather
2025-11-06 13:00:00,R4,Low,Incident,road_type_speed_ratio,0.995,proxy_incident
2025-11-06 14:00:00,R4,Low,Peak_Hour,road_type_speed_ratio,1.0,real_traffic_weather
2025-11-06 15:00:00,R4,Low,Peak_Hour,road_type_speed_ratio,1.0,real_traffic_weather
2025-11-06 16:00:00,R4,Low,Peak_Hour,road_type_speed_ratio,0.9995999100462035,real_traffic_weather
2025-11-06 17:00:00,R4,Medium,Peak_Hour,road_type_speed_ratio,0.9114425720764189,real_traffic_weather
2025-11-06 18:00:00,R4,Medium,Peak_Hour,road_type_speed_ratio,0.8953103341709645,real_traffic_weather
2025-11-06 19:00:00,R4,Medium,Peak_Hour,road_type_speed_ratio,0.9249244168166428,real_traffic_weather
2025-11-06 20:00:00,R4,Medium,Peak_Hour,road_type_speed_ratio,0.9965157925985164,real_traffic_weather
2025-11-06 21:00:00,R4,Low,Peak_Hour,road_type_speed_ratio,0.9945999100462035,real_traffic_weather
2025-11-06 22:00:00,R4,Low,Peak_Hour,road_type_speed_ratio,1.0,real_traffic_weather
2025-11-06 23:00:00,R4,Low,Peak_Hour,road_type_speed_ratio,1.0,real_traffic_weather
2025-11-07 00:00:00,R4,Low,Peak_Hour,road_type_speed_ratio,1.0,real_traffic_weather
2025-11-07 01:00:00,R4,Low,Peak_Hour,road_type_speed_ratio,1.0,real_traffic_weather
2025-11-07 02:00:00,R4,Low,Peak_Hour,road_type_speed_ratio,1.0,real_traffic_weather
2025-11-07 03:00:00,R4,Low,Peak_Hour,road_type_speed_ratio,1.0,real_traffic_weather
2025-11-07 04:00:00,R4,Low,Peak_Hour,road_type_speed_ratio,1.0,real_traffic_weather
2025-11-07 05:00:00,R4,Low,Peak_Hour,road_type_speed_ratio,1.0,real_traffic_weather
2025-11-07 06:00:00,R4,Low,Peak_Hour,road_type_speed_ratio,1.0,real_traffic_weather
2025-11-07 07:00:00,R4,Medium,Peak_Hour,road_type_speed_ratio,0.8665285874446669,real_traffic_weather
2025-11-07 08:00:00,R4,Medium,Peak_Hour,road_type_speed_ratio,0.9973324719921368,real_traffic_weather
2025-11-07 09:00:00,R4,Medium,Peak_Hour,road_type_speed_ratio,0.8827637807706331,real_traffic_weather
2025-11-07 10:00:00,R4,Medium,Peak_Hour,road_type_speed_ratio,0.9146415946506491,real_traffic_weather
2025-11-07 11:00:00,R4,Low,Peak_Hour,road_type_speed_ratio,1.0,real_traffic_weather
2025-11-07 12:00:00,R4,Low,Peak_Hour,road_type_speed_ratio,1.0,real_traffic_weather
2025-11-07 13:00:00,R4,Low,Peak_Hour,road_type_speed_ratio,0.995,real_traffic_weather
2025-11-07 14:00:00,R4,Low,Peak_Hour,road_type_speed_ratio,1.0,real_traffic_weather
2025-11-07 15:00:00,R4,Low,Peak_Hour,road_type_speed_ratio,0.9985313286330769,real_traffic_weather
2025-11-07 16:00:00,R4,Low,Peak_Hour,road_type_speed_ratio,1.0,real_traffic_weather
2025-11-07 17:00:00,R4,Medium,Peak_Hour,road_type_speed_ratio,0.9131515419447789,real_traffic_weather
2025-11-07 18:00:00,R4,Medium,Peak_Hour,road_type_speed_ratio,0.9093851912900004,real_traffic_weather
2025-11-07 19:00:00,R4,Medium,Peak_Hour,road_type_speed_ratio,0.9049347280702894,real_traffic_weather
2025-11-07 20:00:00,R4,Medium,Peak_Hour,road_type_speed_ratio,0.8993693250620716,real_traffic_weather
2025-11-07 21:00:00,R4,Low,Peak_Hour,road_type_speed_ratio,0.9995999100462035,real_traffic_weather
2025-11-07 22:00:00,R4,Low,Peak_Hour,road_type_speed_ratio,1.0,real_traffic_weather
2025-11-07 23:00:00,R4,Low,Peak_Hour,road_type_speed_ratio,1.0,real_traffic_weather
2025-11-08 00:00:00,R4,Low,Peak_Hour,road_type_speed_ratio,1.0,real_traffic_weather
2025-11-08 01:00:00,R4,Low,Peak_Hour,road_type_speed_ratio,1.0,real_traffic_weather
2025-11-08 02:00:00,R4,Low,Peak_Hour,road_type_speed_ratio,1.0,real_traffic_weather
2025-11-08 03:00:00,R4,Low,Peak_Hour,road_type_speed_ratio,1.0,real_traffic_weather
2025-11-08 04:00:00,R4,Low,Peak_Hour,road_type_speed_ratio,0.9988149448952405,real_traffic_weather
2025-11-08 05:00:00,R4,Low,Peak_Hour,road_type_speed_ratio,0.9992835176100169,real_traffic_weather
2025-11-08 06:00:00,R4,Low,Peak_Hour,road_type_speed_ratio,1.0,real_traffic_weather
2025-11-08 07:00:00,R4,Medium,Peak_Hour,road_type_speed_ratio,0.8570441909698825,real_traffic_weather
2025-11-08 08:00:00,R4,Medium,Peak_Hour,road_type_speed_ratio,0.8872290816418413,real_traffic_weather
2025-11-08 09:00:00,R4,Medium,Peak_Hour,road_type_speed_ratio,0.8969976798624931,real_traffic_weather
2025-11-08 10:00:00,R4,Medium,Peak_Hour,road_type_speed_ratio,0.9107743147115009,real_traffic_weather
2025-11-08 11:00:00,R4,Low,Peak_Hour,road_type_speed_ratio,1.0,real_traffic_weather
2025-11-08 12:00:00,R4,Low,Incident,road_type_speed_ratio,0.97,proxy_incident
2025-11-08 13:00:00,R4,Low,Peak_Hour,road_type_speed_ratio,1.0,real_traffic_weather
2025-11-08 14:00:00,R4,Low,Peak_Hour,road_type_speed_ratio,1.0,real_traffic_weather
2025-11-08 15:00:00,R4,Low,Peak_Hour,road_type_speed_ratio,1.0,real_traffic_weather
2025-11-08 16:00:00,R4,Low,Peak_Hour,road_type_speed_ratio,1.0,real_traffic_weather
2025-11-08 17:00:00,R4,Medium,Peak_Hour,road_type_speed_ratio,0.9967329909436587,real_traffic_weather
2025-11-08 18:00:00,R4,Medium,Peak_Hour,road_type_speed_ratio,0.9117902803184436,real_traffic_weather
2025-11-08 19:00:00,R4,Low,Peak_Hour,road_type_speed_ratio,0.7979972381777578,real_traffic_weather
2025-11-08 20:00:00,R4,Medium,Peak_Hour,road_type_speed_ratio,0.997263194130849,real_traffic_weather
2025-11-08 21:00:00,R4,Low,Peak_Hour,road_type_speed_ratio,1.0,real_traffic_weather
2025-11-08 22:00:00,R4,Low,Peak_Hour,road_type_speed_ratio,1.0,real_traffic_weather
2025-11-08 23:00:00,R4,Low,Peak_Hour,road_type_speed_ratio,1.0,real_traffic_weather
2025-11-09 00:00:00,R4,Low,Peak_Hour,road_type_speed_ratio,1.0,real_traffic_weather
2025-11-09 01:00:00,R4,Low,Peak_Hour,road_type_speed_ratio,1.0,real_traffic_weather
2025-11-09 02:00:00,R4,Low,Peak_Hour,road_type_speed_ratio,1.0,real_traffic_weather
2025-11-09 03:00:00,R4,Low,Incident,road_type_speed_ratio,1.0,proxy_incident
2025-11-09 04:00:00,R4,Low,Peak_Hour,road_type_speed_ratio,0.9988149448952405,real_traffic_weather
2025-11-09 05:00:00,R4,Low,Peak_Hour,road_type_speed_ratio,0.9963246424966209,real_traffic_weather
2025-11-09 06:00:00,R4,Low,Peak_Hour,road_type_speed_ratio,1.0,real_traffic_weather
2025-11-09 07:00:00,R4,Medium,Peak_Hour,road_type_speed_ratio,0.8614514806065627,real_traffic_weather
2025-11-09 08:00:00,R4,Medium,Peak_Hour,road_type_speed_ratio,0.9932335690625345,real_traffic_weather
2025-11-09 09:00:00,R4,Medium,Peak_Hour,road_type_speed_ratio,0.8847300927752468,real_traffic_weather
2025-11-09 10:00:00,R4,Medium,Incident,road_type_speed_ratio,0.9437156075146809,proxy_incident
2025-11-09 11:00:00,R4,Low,Peak_Hour,road_type_speed_ratio,1.0,real_traffic_weather
2025-11-09 12:00:00,R4,Low,Peak_Hour,road_type_speed_ratio,1.0,real_traffic_weather
2025-11-09 13:00:00,R4,Low,Peak_Hour,road_type_speed_ratio,1.0,real_traffic_weather
2025-11-09 14:00:00,R4,Low,Peak_Hour,road_type_speed_ratio,1.0,real_traffic_weather
2025-11-09 15:00:00,R4,Low,Peak_Hour,road_type_speed_ratio,1.0,real_traffic_weather
2025-11-09 16:00:00,R4,Low,Peak_Hour,road_type_speed_ratio,1.0,real_traffic_weather
2025-11-09 17:00:00,R4,Medium,Peak_Hour,road_type_speed_ratio,0.914082481866764,real_traffic_weather
2025-11-09 18:00:00,R4,Medium,Peak_Hour,road_type_speed_ratio,0.9989302809997838,real_traffic_weather
2025-11-09 19:00:00,R4,Medium,Peak_Hour,road_type_speed_ratio,0.9988018839458291,real_traffic_weather
2025-11-09 20:00:00,R4,Medium,Peak_Hour,road_type_speed_ratio,0.9095351021801118,real_traffic_weather
2025-11-09 21:00:00,R4,Low,Peak_Hour,road_type_speed_ratio,1.0,real_traffic_weather
2025-11-09 22:00:00,R4,Low,Peak_Hour,road_type_speed_ratio,1.0,real_traffic_weather
2025-11-09 23:00:00,R4,Low,Peak_Hour,road_type_speed_ratio,1.0,real_traffic_weather
2025-11-10 00:00:00,R4,Low,Peak_Hour,road_type_speed_ratio,1.0,real_traffic_weather
2025-11-10 01:00:00,R4,Low,Peak_Hour,road_type_speed_ratio,1.0,real_traffic_weather
2025-11-10 02:00:00,R4,Low,Peak_Hour,road_type_speed_ratio,1.0,real_traffic_weather
2025-11-10 03:00:00,R4,Low,Peak_Hour,road_type_speed_ratio,1.0,real_traffic_weather
2025-11-10 04:00:00,R4,Low,Peak_Hour,road_type_speed_ratio,1.0,real_traffic_weather
2025-11-10 05:00:00,R4,Low,Peak_Hour,road_type_speed_ratio,1.0,real_traffic_weather
2025-11-10 06:00:00,R4,Low,Peak_Hour,road_type_speed_ratio,1.0,real_traffic_weather
2025-11-10 07:00:00,R4,Medium,Peak_Hour,road_type_speed_ratio,0.8863202403758105,real_traffic_weather
2025-11-10 08:00:00,R4,Medium,Peak_Hour,road_type_speed_ratio,0.8930471216816147,real_traffic_weather
2025-11-10 09:00:00,R4,Medium,Peak_Hour,road_type_speed_ratio,0.9529180666030586,real_traffic_weather
2025-11-10 10:00:00,R4,Medium,Peak_Hour,road_type_speed_ratio,0.9174897573775874,real_traffic_weather
2025-11-10 11:00:00,R4,Low,Peak_Hour,road_type_speed_ratio,1.0,real_traffic_weather
2025-11-10 12:00:00,R4,Low,Peak_Hour,road_type_speed_ratio,1.0,real_traffic_weather
2025-11-10 13:00:00,R4,Low,Peak_Hour,road_type_speed_ratio,1.0,real_traffic_weather
2025-11-10 14:00:00,R4,Low,Peak_Hour,road_type_speed_ratio,1.0,real_traffic_weather
2025-11-10 15:00:00,R4,Low,Peak_Hour,road_type_speed_ratio,1.0,real_traffic_weather
2025-11-10 16:00:00,R4,Low,Peak_Hour,road_type_speed_ratio,1.0,real_traffic_weather
2025-11-10 17:00:00,R4,Medium,Peak_Hour,road_type_speed_ratio,0.9067822344327163,real_traffic_weather
2025-11-10 18:00:00,R4,Medium,Peak_Hour,road_type_speed_ratio,0.8836976818334696,real_traffic_weather
2025-11-10 19:00:00,R4,Medium,Peak_Hour,road_type_speed_ratio,0.8894467747345022,real_traffic_weather
2025-11-10 20:00:00,R4,Medium,Peak_Hour,road_type_speed_ratio,0.9006580565460165,real_traffic_weather
2025-11-10 21:00:00,R4,Low,Peak_Hour,road_type_speed_ratio,0.9995999100462035,real_traffic_weather
2025-11-10 22:00:00,R4,Low,Peak_Hour,road_type_speed_ratio,1.0,real_traffic_weather
2025-11-10 23:00:00,R4,Low,Peak_Hour,road_type_speed_ratio,1.0,real_traffic_weather
2025-11-11 00:00:00,R4,Low,Peak_Hour,road_type_speed_ratio,1.0,real_traffic_weather
2025-11-11 01:00:00,R4,Low,Peak_Hour,road_type_speed_ratio,1.0,real_traffic_weather
2025-11-11 02:00:00,R4,Low,Peak_Hour,road_type_speed_ratio,1.0,real_traffic_weather
2025-11-11 03:00:00,R4,Low,Peak_Hour,road_type_speed_ratio,1.0,real_traffic_weather
2025-11-11 04:00:00,R4,Low,Peak_Hour,road_type_speed_ratio,1.0,real_traffic_weather
2025-11-11 05:00:00,R4,Low,Peak_Hour,road_type_speed_ratio,1.0,real_traffic_weather
2025-11-11 06:00:00,R4,Low,Peak_Hour,road_type_speed_ratio,1.0,real_traffic_weather
2025-11-11 07:00:00,R4,Medium,Peak_Hour,road_type_speed_ratio,0.8572521435616243,real_traffic_weather
2025-11-11 08:00:00,R4,Low,Peak_Hour,road_type_speed_ratio,0.8268941796346708,real_traffic_weather
2025-11-11 09:00:00,R4,Medium,Peak_Hour,road_type_speed_ratio,0.8785367786197823,real_traffic_weather
2025-11-11 10:00:00,R4,Medium,Peak_Hour,road_type_speed_ratio,0.9861821858964575,real_traffic_weather
2025-11-11 11:00:00,R4,Low,Peak_Hour,road_type_speed_ratio,1.0,real_traffic_weather
2025-11-11 12:00:00,R4,Low,Peak_Hour,road_type_speed_ratio,1.0,real_traffic_weather
2025-11-11 13:00:00,R4,Low,Peak_Hour,road_type_speed_ratio,1.0,real_traffic_weather
2025-11-11 14:00:00,R4,Low,Peak_Hour,road_type_speed_ratio,1.0,real_traffic_weather
2025-11-11 15:00:00,R4,Low,Peak_Hour,road_type_speed_ratio,1.0,real_traffic_weather
2025-11-11 16:00:00,R4,Low,Peak_Hour,road_type_speed_ratio,0.9922263236768484,real_traffic_weather
2025-11-11 17:00:00,R4,Medium,Peak_Hour,road_type_speed_ratio,0.9067465239476369,real_traffic_weather
2025-11-11 18:00:00,R4,Medium,Peak_Hour,road_type_speed_ratio,0.8780086251311862,real_traffic_weather
2025-11-11 19:00:00,R4,Medium,Peak_Hour,road_type_speed_ratio,0.902048086469106,real_traffic_weather
2025-11-11 20:00:00,R4,Medium,Peak_Hour,road_type_speed_ratio,0.8830489870950053,real_traffic_weather
2025-11-11 21:00:00,R4,Low,Peak_Hour,road_type_speed_ratio,1.0,real_traffic_weather
2025-11-11 22:00:00,R4,Low,Peak_Hour,road_type_speed_ratio,1.0,real_traffic_weather
2025-11-11 23:00:00,R4,Low,Peak_Hour,road_type_speed_ratio,1.0,real_traffic_weather
2025-11-12 00:00:00,R4,Low,Peak_Hour,road_type_speed_ratio,1.0,real_traffic_weather
2025-11-12 01:00:00,R4,Low,Peak_Hour,road_type_speed_ratio,1.0,real_traffic_weather
2025-11-12 02:00:00,R4,Low,Peak_Hour,road_type_speed_ratio,1.0,real_traffic_weather
2025-11-12 03:00:00,R4,Low,Peak_Hour,road_type_speed_ratio,0.995,real_traffic_weather
2025-11-12 04:00:00,R4,Low,Peak_Hour,road_type_speed_ratio,1.0,real_traffic_weather
2025-11-12 05:00:00,R4,Low,Peak_Hour,road_type_speed_ratio,1.0,real_traffic_weather
2025-11-12 06:00:00,R4,Low,Peak_Hour,road_type_speed_ratio,1.0,real_traffic_weather
2025-11-12 07:00:00,R4,Medium,Peak_Hour,road_type_speed_ratio,0.8585552571251411,real_traffic_weather
2025-11-12 08:00:00,R4,Medium,Peak_Hour,road_type_speed_ratio,0.8905464027545911,real_traffic_weather
2025-11-12 09:00:00,R4,Medium,Peak_Hour,road_type_speed_ratio,0.8779680224702316,real_traffic_weather
2025-11-12 10:00:00,R4,Medium,Peak_Hour,road_type_speed_ratio,0.9173453632881654,real_traffic_weather
2025-11-12 11:00:00,R4,Low,Peak_Hour,road_type_speed_ratio,1.0,real_traffic_weather
2025-11-12 12:00:00,R4,Low,Peak_Hour,road_type_speed_ratio,1.0,real_traffic_weather
2025-11-12 13:00:00,R4,Low,Peak_Hour,road_type_speed_ratio,1.0,real_traffic_weather
2025-11-12 14:00:00,R4,Low,Peak_Hour,road_type_speed_ratio,1.0,real_traffic_weather
2025-11-12 15:00:00,R4,Low,Peak_Hour,road_type_speed_ratio,0.9995999100462035,real_traffic_weather
2025-11-12 16:00:00,R4,Low,Peak_Hour,road_type_speed_ratio,0.9995999100462035,real_traffic_weather
2025-11-12 17:00:00,R4,Medium,Peak_Hour,road_type_speed_ratio,0.9127525010457993,real_traffic_weather
2025-11-12 18:00:00,R4,Medium,Peak_Hour,road_type_speed_ratio,0.8961289065620426,real_traffic_weather
2025-11-12 19:00:00,R4,Medium,Peak_Hour,road_type_speed_ratio,0.9050856449368406,real_traffic_weather
2025-11-12 20:00:00,R4,Medium,Peak_Hour,road_type_speed_ratio,0.8998684165691343,real_traffic_weather
2025-11-12 21:00:00,R4,Low,Peak_Hour,road_type_speed_ratio,1.0,real_traffic_weather
2025-11-12 22:00:00,R4,Low,Peak_Hour,road_type_speed_ratio,1.0,real_traffic_weather
2025-11-12 23:00:00,R4,Low,Peak_Hour,road_type_speed_ratio,1.0,real_traffic_weather
2025-11-13 00:00:00,R4,Low,Peak_Hour,road_type_speed_ratio,1.0,real_traffic_weather
2025-11-13 01:00:00,R4,Low,Peak_Hour,road_type_speed_ratio,1.0,real_traffic_weather
2025-11-13 02:00:00,R4,Low,Peak_Hour,road_type_speed_ratio,1.0,real_traffic_weather
2025-11-13 03:00:00,R4,Low,Peak_Hour,road_type_speed_ratio,1.0,real_traffic_weather
2025-11-13 04:00:00,R4,Low,Peak_Hour,road_type_speed_ratio,1.0,real_traffic_weather
2025-11-13 05:00:00,R4,Low,Peak_Hour,road_type_speed_ratio,1.0,real_traffic_weather
2025-11-13 06:00:00,R4,Low,Peak_Hour,road_type_speed_ratio,1.0,real_traffic_weather
2025-11-13 07:00:00,R4,Medium,Peak_Hour,road_type_speed_ratio,0.8674195577383981,real_traffic_weather
2025-11-13 08:00:00,R4,Medium,Incident,road_type_speed_ratio,0.8974335450888391,proxy_incident
2025-11-13 09:00:00,R4,Medium,Peak_Hour,road_type_speed_ratio,0.8865879596161718,real_traffic_weather
2025-11-13 10:00:00,R4,Medium,Peak_Hour,road_type_speed_ratio,0.9128488644553542,real_traffic_weather
2025-11-13 11:00:00,R4,Low,Peak_Hour,road_type_speed_ratio,1.0,real_traffic_weather
2025-11-13 12:00:00,R4,Low,Peak_Hour,road_type_speed_ratio,1.0,real_traffic_weather
2025-11-13 13:00:00,R4,Low,Peak_Hour,road_type_speed_ratio,1.0,real_traffic_weather
2025-11-13 14:00:00,R4,Low,Peak_Hour,road_type_speed_ratio,1.0,real_traffic_weather
2025-11-13 15:00:00,R4,Low,Peak_Hour,road_type_speed_ratio,1.0,real_traffic_weather
2025-11-13 16:00:00,R4,Low,Peak_Hour,road_type_speed_ratio,0.9995999100462035,real_traffic_weather
2025-11-13 17:00:00,R4,Medium,Peak_Hour,road_type_speed_ratio,0.9013339804228769,real_traffic_weather
2025-11-13 18:00:00,R4,Medium,Peak_Hour,road_type_speed_ratio,0.8953103341709645,real_traffic_weather
2025-11-13 19:00:00,R4,Medium,Incident,road_type_speed_ratio,0.9301045380316915,proxy_incident
2025-11-13 20:00:00,R4,Medium,Peak_Hour,road_type_speed_ratio,0.8997090944704881,real_traffic_weather
2025-11-13 21:00:00,R4,Low,Peak_Hour,road_type_speed_ratio,1.0,real_traffic_weather
2025-11-13 22:00:00,R4,Low,Peak_Hour,road_type_speed_ratio,1.0,real_traffic_weather
2025-11-13 23:00:00,R4,Low,Incident,road_type_speed_ratio,1.0,proxy_incident
2025-11-14 00:00:00,R4,Low,Peak_Hour,road_type_speed_ratio,1.0,real_traffic_weather
2025-11-14 01:00:00,R4,Low,Peak_Hour,road_type_speed_ratio,1.0,real_traffic_weather
2025-11-14 02:00:00,R4,Low,Peak_Hour,road_type_speed_ratio,1.0,real_traffic_weather
2025-11-14 03:00:00,R4,Low,Peak_Hour,road_type_speed_ratio,1.0,real_traffic_weather
2025-11-14 04:00:00,R4,Low,Peak_Hour,road_type_speed_ratio,1.0,real_traffic_weather
2025-11-14 05:00:00,R4,Low,Peak_Hour,road_type_speed_ratio,1.0,real_traffic_weather
2025-11-14 06:00:00,R4,Low,Peak_Hour,road_type_speed_ratio,1.0,real_traffic_weather
2025-11-14 07:00:00,R4,Medium,Peak_Hour,road_type_speed_ratio,0.9660648465857719,real_traffic_weather
2025-11-14 08:00:00,R4,Medium,Peak_Hour,road_type_speed_ratio,0.8757818003738581,real_traffic_weather
2025-11-14 09:00:00,R4,Medium,Peak_Hour,road_type_speed_ratio,0.8973103830118845,real_traffic_weather
2025-11-14 10:00:00,R4,Medium,Peak_Hour,road_type_speed_ratio,0.9177982827659257,real_traffic_weather
2025-11-14 11:00:00,R4,Low,Peak_Hour,road_type_speed_ratio,1.0,real_traffic_weather
2025-11-14 12:00:00,R4,Low,Peak_Hour,road_type_speed_ratio,1.0,real_traffic_weather
2025-11-14 13:00:00,R4,Low,Peak_Hour,road_type_speed_ratio,1.0,real_traffic_weather
2025-11-14 14:00:00,R4,Low,Peak_Hour,road_type_speed_ratio,1.0,real_traffic_weather
2025-11-14 15:00:00,R4,Low,Peak_Hour,road_type_speed_ratio,0.9895999100462035,real_traffic_weather
2025-11-14 16:00:00,R4,Low,Peak_Hour,road_type_speed_ratio,0.9995999100462035,real_traffic_weather
2025-11-14 17:00:00,R4,Medium,Peak_Hour,road_type_speed_ratio,0.9131515419447789,real_traffic_weather
2025-11-14 18:00:00,R4,Medium,Peak_Hour,road_type_speed_ratio,0.9109369982992631,real_traffic_weather
2025-11-14 19:00:00,R4,Medium,Peak_Hour,road_type_speed_ratio,0.9145142431659907,real_traffic_weather
2025-11-14 20:00:00,R4,Medium,Peak_Hour,road_type_speed_ratio,0.9094656546983849,real_traffic_weather
2025-11-14 21:00:00,R4,Low,Peak_Hour,road_type_speed_ratio,1.0,real_traffic_weather
2025-11-14 22:00:00,R4,Low,Peak_Hour,road_type_speed_ratio,1.0,real_traffic_weather
2025-11-14 23:00:00,R4,Low,Peak_Hour,road_type_speed_ratio,1.0,real_traffic_weather
2025-11-15 00:00:00,R4,Low,Peak_Hour,road_type_speed_ratio,0.995,real_traffic_weather
2025-11-15 01:00:00,R4,Low,Peak_Hour,road_type_speed_ratio,1.0,real_traffic_weather
2025-11-15 02:00:00,R4,Low,Peak_Hour,road_type_speed_ratio,1.0,real_traffic_weather
2025-11-15 03:00:00,R4,Low,Peak_Hour,road_type_speed_ratio,1.0,real_traffic_weather
2025-11-15 04:00:00,R4,Low,Peak_Hour,road_type_speed_ratio,0.9988149448952405,real_traffic_weather
2025-11-15 05:00:00,R4,Low,Peak_Hour,road_type_speed_ratio,0.9992835176100169,real_traffic_weather
2025-11-15 06:00:00,R4,Low,Peak_Hour,road_type_speed_ratio,1.0,real_traffic_weather
2025-11-15 07:00:00,R4,Medium,Peak_Hour,road_type_speed_ratio,0.8566986550274538,real_traffic_weather
2025-11-15 08:00:00,R4,Medium,Peak_Hour,road_type_speed_ratio,0.865616965544225,real_traffic_weather
2025-11-15 09:00:00,R4,Medium,Peak_Hour,road_type_speed_ratio,0.8881020022260379,real_traffic_weather
2025-11-15 10:00:00,R4,Medium,Peak_Hour,road_type_speed_ratio,0.9140055231782123,real_traffic_weather
2025-11-15 11:00:00,R4,Low,Peak_Hour,road_type_speed_ratio,1.0,real_traffic_weather
2025-11-15 12:00:00,R4,Low,Peak_Hour,road_type_speed_ratio,1.0,real_traffic_weather
2025-11-15 13:00:00,R4,Low,Peak_Hour,road_type_speed_ratio,1.0,real_traffic_weather
2025-11-15 14:00:00,R4,Low,Peak_Hour,road_type_speed_ratio,1.0,real_traffic_weather
2025-11-15 15:00:00,R4,Low,Peak_Hour,road_type_speed_ratio,0.9965750787539378,real_traffic_weather
2025-11-15 16:00:00,R4,Low,Peak_Hour,road_type_speed_ratio,1.0,real_traffic_weather
2025-11-15 17:00:00,R4,Medium,Peak_Hour,road_type_speed_ratio,0.9018065117542224,real_traffic_weather
2025-11-15 18:00:00,R4,Medium,Peak_Hour,road_type_speed_ratio,0.9217289247987326,real_traffic_weather
2025-11-15 19:00:00,R4,Medium,Peak_Hour,road_type_speed_ratio,0.9265303715577571,real_traffic_weather
2025-11-15 20:00:00,R4,Medium,Peak_Hour,road_type_speed_ratio,0.8851594383002039,real_traffic_weather
2025-11-15 21:00:00,R4,Low,Peak_Hour,road_type_speed_ratio,1.0,real_traffic_weather
2025-11-15 22:00:00,R4,Low,Peak_Hour,road_type_speed_ratio,1.0,real_traffic_weather
2025-11-15 23:00:00,R4,Low,Peak_Hour,road_type_speed_ratio,1.0,real_traffic_weather
2025-11-16 00:00:00,R4,Low,Peak_Hour,road_type_speed_ratio,1.0,real_traffic_weather
2025-11-16 01:00:00,R4,Low,Peak_Hour,road_type_speed_ratio,1.0,real_traffic_weather
2025-11-16 02:00:00,R4,Low,Peak_Hour,road_type_speed_ratio,1.0,real_traffic_weather
2025-11-16 03:00:00,R4,Low,Peak_Hour,road_type_speed_ratio,1.0,real_traffic_weather
2025-11-16 04:00:00,R4,Low,Peak_Hour,road_type_speed_ratio,0.985,real_traffic_weather
2025-11-16 05:00:00,R4,Low,Peak_Hour,road_type_speed_ratio,0.9992835176100169,real_traffic_weather
2025-11-16 06:00:00,R4,Low,Peak_Hour,road_type_speed_ratio,0.9970411248866041,real_traffic_weather
2025-11-16 07:00:00,R4,Medium,Peak_Hour,road_type_speed_ratio,0.8866942990067217,real_traffic_weather
2025-11-16 08:00:00,R4,Medium,Peak_Hour,road_type_speed_ratio,0.9104451089368487,real_traffic_weather
2025-11-16 09:00:00,R4,Medium,Peak_Hour,road_type_speed_ratio,0.897689283506115,real_traffic_weather
2025-11-16 10:00:00,R4,Medium,Peak_Hour,road_type_speed_ratio,0.9887282930921115,real_traffic_weather
2025-11-16 11:00:00,R4,Low,Peak_Hour,road_type_speed_ratio,1.0,real_traffic_weather
2025-11-16 12:00:00,R4,Low,Peak_Hour,road_type_speed_ratio,1.0,real_traffic_weather
2025-11-16 13:00:00,R4,Low,Peak_Hour,road_type_speed_ratio,1.0,real_traffic_weather
2025-11-16 14:00:00,R4,Low,Peak_Hour,road_type_speed_ratio,1.0,real_traffic_weather
2025-11-16 15:00:00,R4,Low,Peak_Hour,road_type_speed_ratio,1.0,real_traffic_weather
2025-11-16 16:00:00,R4,Low,Peak_Hour,road_type_speed_ratio,1.0,real_traffic_weather
2025-11-16 17:00:00,R4,Medium,Peak_Hour,road_type_speed_ratio,0.9335748998464455,real_traffic_weather
2025-11-16 18:00:00,R4,Medium,Peak_Hour,road_type_speed_ratio,0.9063803238126884,real_traffic_weather
2025-11-16 19:00:00,R4,Medium,Peak_Hour,road_type_speed_ratio,0.9073717855330002,real_traffic_weather
2025-11-16 20:00:00,R4,Medium,Peak_Hour,road_type_speed_ratio,0.9112829596545703,real_traffic_weather
2025-11-16 21:00:00,R4,Low,Incident,road_type_speed_ratio,0.995,proxy_incident
2025-11-16 22:00:00,R4,Low,Peak_Hour,road_type_speed_ratio,1.0,real_traffic_weather
2025-11-16 23:00:00,R4,Low,Peak_Hour,road_type_speed_ratio,1.0,real_traffic_weather
2025-11-17 00:00:00,R4,Low,Peak_Hour,road_type_speed_ratio,1.0,real_traffic_weather
2025-11-17 01:00:00,R4,Low,Peak_Hour,road_type_speed_ratio,1.0,real_traffic_weather
2025-11-17 02:00:00,R4,Low,Peak_Hour,road_type_speed_ratio,1.0,real_traffic_weather
2025-11-17 03:00:00,R4,Low,Incident,road_type_speed_ratio,1.0,proxy_incident
2025-11-17 04:00:00,R4,Low,Peak_Hour,road_type_speed_ratio,1.0,real_traffic_weather
2025-11-17 05:00:00,R4,Low,Peak_Hour,road_type_speed_ratio,1.0,real_traffic_weather
2025-11-17 06:00:00,R4,Low,Peak_Hour,road_type_speed_ratio,1.0,real_traffic_weather
2025-11-17 07:00:00,R4,Medium,Peak_Hour,road_type_speed_ratio,0.8580950891752593,real_traffic_weather
2025-11-17 08:00:00,R4,Medium,Peak_Hour,road_type_speed_ratio,0.9721987127151082,real_traffic_weather
2025-11-17 09:00:00,R4,Medium,Peak_Hour,road_type_speed_ratio,0.8891281876968362,real_traffic_weather
2025-11-17 10:00:00,R4,Medium,Peak_Hour,road_type_speed_ratio,0.9170895255312408,real_traffic_weather
2025-11-17 11:00:00,R4,Low,Peak_Hour,road_type_speed_ratio,1.0,real_traffic_weather
2025-11-17 12:00:00,R4,Low,Peak_Hour,road_type_speed_ratio,1.0,real_traffic_weather
2025-11-17 13:00:00,R4,Low,Peak_Hour,road_type_speed_ratio,1.0,real_traffic_weather
2025-11-17 14:00:00,R4,Low,Peak_Hour,road_type_speed_ratio,1.0,real_traffic_weather
2025-11-17 15:00:00,R4,Low,Peak_Hour,road_type_speed_ratio,0.9995999100462035,real_traffic_weather
2025-11-17 16:00:00,R4,Low,Peak_Hour,road_type_speed_ratio,0.9995999100462035,real_traffic_weather
2025-11-17 17:00:00,R4,Medium,Peak_Hour,road_type_speed_ratio,0.9167822344327163,real_traffic_weather
2025-11-17 18:00:00,R4,Medium,Peak_Hour,road_type_speed_ratio,0.9668051160173821,real_traffic_weather
2025-11-17 19:00:00,R4,Medium,Peak_Hour,road_type_speed_ratio,0.9201001197967581,real_traffic_weather
2025-11-17 20:00:00,R4,Medium,Peak_Hour,road_type_speed_ratio,0.8860135165939899,real_traffic_weather
2025-11-17 21:00:00,R4,Low,Peak_Hour,road_type_speed_ratio,1.0,real_traffic_weather
2025-11-17 22:00:00,R4,Low,Peak_Hour,road_type_speed_ratio,1.0,real_traffic_weather
2025-11-17 23:00:00,R4,Low,Incident,road_type_speed_ratio,1.0,proxy_incident
2025-11-18 00:00:00,R4,Low,Peak_Hour,road_type_speed_ratio,1.0,real_traffic_weather
2025-11-18 01:00:00,R4,Low,Peak_Hour,road_type_speed_ratio,1.0,real_traffic_weather
2025-11-18 02:00:00,R4,Low,Peak_Hour,road_type_speed_ratio,1.0,real_traffic_weather
2025-11-18 03:00:00,R4,Low,Peak_Hour,road_type_speed_ratio,1.0,real_traffic_weather
2025-11-18 04:00:00,R4,Low,Peak_Hour,road_type_speed_ratio,1.0,real_traffic_weather
2025-11-18 05:00:00,R4,Low,Peak_Hour,road_type_speed_ratio,1.0,real_traffic_weather
2025-11-18 06:00:00,R4,Low,Peak_Hour,road_type_speed_ratio,1.0,real_traffic_weather
2025-11-18 07:00:00,R4,Medium,Peak_Hour,road_type_speed_ratio,0.9898995101514794,real_traffic_weather
2025-11-18 08:00:00,R4,Medium,Peak_Hour,road_type_speed_ratio,0.8713138819352655,real_traffic_weather
2025-11-18 09:00:00,R4,Medium,Peak_Hour,road_type_speed_ratio,0.8776307542411155,real_traffic_weather
2025-11-18 10:00:00,R4,Medium,Peak_Hour,road_type_speed_ratio,0.9147862704461811,real_traffic_weather
2025-11-18 11:00:00,R4,Low,Peak_Hour,road_type_speed_ratio,1.0,real_traffic_weather
2025-11-18 12:00:00,R4,Low,Peak_Hour,road_type_speed_ratio,1.0,real_traffic_weather
2025-11-18 13:00:00,R4,Low,Peak_Hour,road_type_speed_ratio,1.0,real_traffic_weather
2025-11-18 14:00:00,R4,Low,Peak_Hour,road_type_speed_ratio,1.0,real_traffic_weather
2025-11-18 15:00:00,R4,Low,Peak_Hour,road_type_speed_ratio,0.9961749888001412,real_traffic_weather
2025-11-18 16:00:00,R4,Low,Peak_Hour,road_type_speed_ratio,0.9995999100462035,real_traffic_weather
2025-11-18 17:00:00,R4,Medium,Peak_Hour,road_type_speed_ratio,0.9165469191273293,real_traffic_weather
2025-11-18 18:00:00,R4,Medium,Peak_Hour,road_type_speed_ratio,0.877890222982431,real_traffic_weather
2025-11-18 19:00:00,R4,Medium,Peak_Hour,road_type_speed_ratio,0.9802412227212258,real_traffic_weather
2025-11-18 20:00:00,R4,Medium,Peak_Hour,road_type_speed_ratio,0.8618303348971917,real_traffic_weather
2025-11-18 21:00:00,R4,Low,Peak_Hour,road_type_speed_ratio,0.9995999100462035,real_traffic_weather
2025-11-18 22:00:00,R4,Low,Peak_Hour,road_type_speed_ratio,1.0,real_traffic_weather
2025-11-18 23:00:00,R4,Low,Peak_Hour,road_type_speed_ratio,1.0,real_traffic_weather
2025-11-19 00:00:00,R4,Low,Peak_Hour,road_type_speed_ratio,1.0,real_traffic_weather
2025-11-19 01:00:00,R4,Low,Peak_Hour,road_type_speed_ratio,1.0,real_traffic_weather
2025-11-19 02:00:00,R4,Low,Peak_Hour,road_type_speed_ratio,1.0,real_traffic_weather
2025-11-19 03:00:00,R4,Low,Peak_Hour,road_type_speed_ratio,1.0,real_traffic_weather
2025-11-19 04:00:00,R4,Low,Peak_Hour,road_type_speed_ratio,1.0,real_traffic_weather
2025-11-19 05:00:00,R4,Low,Peak_Hour,road_type_speed_ratio,1.0,real_traffic_weather
2025-11-19 06:00:00,R4,Low,Peak_Hour,road_type_speed_ratio,1.0,real_traffic_weather
2025-11-19 07:00:00,R4,Medium,Peak_Hour,road_type_speed_ratio,0.9938232704954635,real_traffic_weather
2025-11-19 08:00:00,R4,Medium,Peak_Hour,road_type_speed_ratio,0.8934233290156803,real_traffic_weather
2025-11-19 09:00:00,R4,Medium,Peak_Hour,road_type_speed_ratio,0.8849430667997578,real_traffic_weather
2025-11-19 10:00:00,R4,Medium,Peak_Hour,road_type_speed_ratio,0.9205442197633973,real_traffic_weather
2025-11-19 11:00:00,R4,Low,Peak_Hour,road_type_speed_ratio,1.0,real_traffic_weather
2025-11-19 12:00:00,R4,Low,Peak_Hour,road_type_speed_ratio,1.0,real_traffic_weather
2025-11-19 13:00:00,R4,Low,Peak_Hour,road_type_speed_ratio,1.0,real_traffic_weather
2025-11-19 14:00:00,R4,Low,Peak_Hour,road_type_speed_ratio,1.0,real_traffic_weather
2025-11-19 15:00:00,R4,Low,Peak_Hour,road_type_speed_ratio,1.0,real_traffic_weather
2025-11-19 16:00:00,R4,Low,Peak_Hour,road_type_speed_ratio,0.9995999100462035,real_traffic_weather
2025-11-19 17:00:00,R4,Medium,Peak_Hour,road_type_speed_ratio,0.9987178565586396,real_traffic_weather
2025-11-19 18:00:00,R4,Medium,Peak_Hour,road_type_speed_ratio,0.8799926415715413,real_traffic_weather
2025-11-19 19:00:00,R4,Medium,Peak_Hour,road_type_speed_ratio,0.9109757591363656,real_traffic_weather
2025-11-19 20:00:00,R4,Medium,Peak_Hour,road_type_speed_ratio,0.9045782106193342,real_traffic_weather
2025-11-19 21:00:00,R4,Low,Peak_Hour,road_type_speed_ratio,0.9995999100462035,real_traffic_weather
2025-11-19 22:00:00,R4,Low,Peak_Hour,road_type_speed_ratio,1.0,real_traffic_weather
2025-11-19 23:00:00,R4,Low,Peak_Hour,road_type_speed_ratio,1.0,real_traffic_weather
2025-11-20 00:00:00,R4,Low,Incident,road_type_speed_ratio,1.0,proxy_incident
2025-11-20 01:00:00,R4,Low,Peak_Hour,road_type_speed_ratio,1.0,real_traffic_weather
2025-11-20 02:00:00,R4,Low,Incident,road_type_speed_ratio,1.0,proxy_incident
2025-11-20 03:00:00,R4,Low,Peak_Hour,road_type_speed_ratio,1.0,real_traffic_weather
2025-11-20 04:00:00,R4,Low,Peak_Hour,road_type_speed_ratio,1.0,real_traffic_weather
2025-11-20 05:00:00,R4,Low,Peak_Hour,road_type_speed_ratio,1.0,real_traffic_weather
2025-11-20 06:00:00,R4,Low,Peak_Hour,road_type_speed_ratio,1.0,real_traffic_weather
2025-11-20 07:00:00,R4,Medium,Peak_Hour,road_type_speed_ratio,0.860163765873535,real_traffic_weather
2025-11-20 08:00:00,R4,Medium,Incident,road_type_speed_ratio,0.9023104672242555,proxy_incident
2025-11-20 09:00:00,R4,Medium,Peak_Hour,road_type_speed_ratio,0.8865879596161718,real_traffic_weather
2025-11-20 10:00:00,R4,Medium,Peak_Hour,road_type_speed_ratio,0.9037455574067527,real_traffic_weather
2025-11-20 11:00:00,R4,Low,Peak_Hour,road_type_speed_ratio,1.0,real_traffic_weather
2025-11-20 12:00:00,R4,Low,Peak_Hour,road_type_speed_ratio,1.0,real_traffic_weather
2025-11-20 13:00:00,R4,Low,Peak_Hour,road_type_speed_ratio,1.0,real_traffic_weather
2025-11-20 14:00:00,R4,Low,Peak_Hour,road_type_speed_ratio,1.0,real_traffic_weather
2025-11-20 15:00:00,R4,Low,Peak_Hour,road_type_speed_ratio,0.9995999100462035,real_traffic_weather
2025-11-20 16:00:00,R4,Low,Peak_Hour,road_type_speed_ratio,0.9995999100462035,real_traffic_weather
2025-11-20 17:00:00,R4,Medium,Peak_Hour,road_type_speed_ratio,0.922622839057369,real_traffic_weather
2025-11-20 18:00:00,R4,Medium,Incident,road_type_speed_ratio,0.9034890950438452,proxy_incident
2025-11-20 19:00:00,R4,Medium,Peak_Hour,road_type_speed_ratio,0.9192917746932158,real_traffic_weather
2025-11-20 20:00:00,R4,Medium,Peak_Hour,road_type_speed_ratio,0.9752056958264762,real_traffic_weather
2025-11-20 21:00:00,R4,Low,Peak_Hour,road_type_speed_ratio,1.0,real_traffic_weather
2025-11-20 22:00:00,R4,Low,Incident,road_type_speed_ratio,1.0,proxy_incident
2025-11-20 23:00:00,R4,Low,Peak_Hour,road_type_speed_ratio,1.0,real_traffic_weather
2025-11-21 00:00:00,R4,Low,Peak_Hour,road_type_speed_ratio,1.0,real_traffic_weather
2025-11-21 01:00:00,R4,Low,Peak_Hour,road_type_speed_ratio,1.0,real_traffic_weather
2025-11-21 02:00:00,R4,Low,Peak_Hour,road_type_speed_ratio,1.0,real_traffic_weather
2025-11-21 03:00:00,R4,Low,Incident,road_type_speed_ratio,1.0,proxy_incident
2025-11-21 04:00:00,R4,Low,Peak_Hour,road_type_speed_ratio,1.0,real_traffic_weather
2025-11-21 05:00:00,R4,Low,Peak_Hour,road_type_speed_ratio,1.0,real_traffic_weather
2025-11-21 06:00:00,R4,Low,Peak_Hour,road_type_speed_ratio,1.0,real_traffic_weather
2025-11-21 07:00:00,R4,Medium,Incident,road_type_speed_ratio,0.903762758454162,proxy_incident
2025-11-21 08:00:00,R4,Medium,Peak_Hour,road_type_speed_ratio,0.9051367890142886,real_traffic_weather
2025-11-21 09:00:00,R4,Medium,Peak_Hour,road_type_speed_ratio,0.8903689267876906,real_traffic_weather
2025-11-21 10:00:00,R4,Medium,Peak_Hour,road_type_speed_ratio,0.9982593816630093,real_traffic_weather
2025-11-21 11:00:00,R4,Low,Peak_Hour,road_type_speed_ratio,1.0,real_traffic_weather
2025-11-21 12:00:00,R4,Low,Peak_Hour,road_type_speed_ratio,1.0,real_traffic_weather
2025-11-21 13:00:00,R4,Low,Peak_Hour,road_type_speed_ratio,1.0,real_traffic_weather
2025-11-21 14:00:00,R4,Low,Peak_Hour,road_type_speed_ratio,1.0,real_traffic_weather
2025-11-21 15:00:00,R4,Low,Peak_Hour,road_type_speed_ratio,0.9985313286330769,real_traffic_weather
2025-11-21 16:00:00,R4,Low,Peak_Hour,road_type_speed_ratio,0.9995999100462035,real_traffic_weather
2025-11-21 17:00:00,R4,Medium,Peak_Hour,road_type_speed_ratio,0.9060851425585423,real_traffic_weather
2025-11-21 18:00:00,R4,Medium,Peak_Hour,road_type_speed_ratio,0.885523432360333,real_traffic_weather
2025-11-21 19:00:00,R4,Medium,Peak_Hour,road_type_speed_ratio,0.9132448549441448,real_traffic_weather
2025-11-21 20:00:00,R4,Medium,Peak_Hour,road_type_speed_ratio,0.8996981556691221,real_traffic_weather
2025-11-21 21:00:00,R4,Low,Peak_Hour,road_type_speed_ratio,0.9995999100462035,real_traffic_weather
2025-11-21 22:00:00,R4,Low,Peak_Hour,road_type_speed_ratio,1.0,real_traffic_weather
2025-11-21 23:00:00,R4,Low,Peak_Hour,road_type_speed_ratio,1.0,real_traffic_weather
2025-11-22 00:00:00,R4,Low,Peak_Hour,road_type_speed_ratio,1.0,real_traffic_weather
2025-11-22 01:00:00,R4,Low,Peak_Hour,road_type_speed_ratio,1.0,real_traffic_weather
2025-11-22 02:00:00,R4,Low,Peak_Hour,road_type_speed_ratio,1.0,real_traffic_weather
2025-11-22 03:00:00,R4,Low,Peak_Hour,road_type_speed_ratio,1.0,real_traffic_weather
2025-11-22 04:00:00,R4,Low,Peak_Hour,road_type_speed_ratio,0.9988149448952405,real_traffic_weather
2025-11-22 05:00:00,R4,Low,Peak_Hour,road_type_speed_ratio,0.9992835176100169,real_traffic_weather
2025-11-22 06:00:00,R4,Low,Peak_Hour,road_type_speed_ratio,1.0,real_traffic_weather
2025-11-22 07:00:00,R4,Medium,Peak_Hour,road_type_speed_ratio,0.8565757554159532,real_traffic_weather
2025-11-22 08:00:00,R4,Medium,Peak_Hour,road_type_speed_ratio,0.8643209528482286,real_traffic_weather
2025-11-22 09:00:00,R4,Medium,Peak_Hour,road_type_speed_ratio,0.9881887723631014,real_traffic_weather
2025-11-22 10:00:00,R4,Low,Peak_Hour,road_type_speed_ratio,0.8094207544018813,real_traffic_weather
2025-11-22 11:00:00,R4,Low,Peak_Hour,road_type_speed_ratio,1.0,real_traffic_weather
2025-11-22 12:00:00,R4,Low,Peak_Hour,road_type_speed_ratio,1.0,real_traffic_weather
2025-11-22 13:00:00,R4,Low,Peak_Hour,road_type_speed_ratio,1.0,real_traffic_weather
2025-11-22 14:00:00,R4,Low,Peak_Hour,road_type_speed_ratio,1.0,real_traffic_weather
2025-11-22 15:00:00,R4,Low,Peak_Hour,road_type_speed_ratio,0.9965750787539378,real_traffic_weather
2025-11-22 16:00:00,R4,Low,Peak_Hour,road_type_speed_ratio,1.0,real_traffic_weather
2025-11-22 17:00:00,R4,Medium,Peak_Hour,road_type_speed_ratio,0.9018065117542224,real_traffic_weather
2025-11-22 18:00:00,R4,Medium,Peak_Hour,road_type_speed_ratio,0.9167902803184436,real_traffic_weather
2025-11-22 19:00:00,R4,Medium,Peak_Hour,road_type_speed_ratio,0.8914311088454159,real_traffic_weather
2025-11-22 20:00:00,R4,Medium,Peak_Hour,road_type_speed_ratio,0.9697234524184222,real_traffic_weather
2025-11-22 21:00:00,R4,Low,Peak_Hour,road_type_speed_ratio,1.0,real_traffic_weather
2025-11-22 22:00:00,R4,Low,Peak_Hour,road_type_speed_ratio,1.0,real_traffic_weather
2025-11-22 23:00:00,R4,Low,Peak_Hour,road_type_speed_ratio,1.0,real_traffic_weather
2025-11-23 00:00:00,R4,Low,Incident,road_type_speed_ratio,0.995,proxy_incident
2025-11-23 01:00:00,R4,Low,Peak_Hour,road_type_speed_ratio,1.0,real_traffic_weather
2025-11-23 02:00:00,R4,Low,Peak_Hour,road_type_speed_ratio,1.0,real_traffic_weather
2025-11-23 03:00:00,R4,Low,Peak_Hour,road_type_speed_ratio,1.0,real_traffic_weather
2025-11-23 04:00:00,R4,Low,Peak_Hour,road_type_speed_ratio,0.9988149448952405,real_traffic_weather
2025-11-23 05:00:00,R4,Low,Peak_Hour,road_type_speed_ratio,0.9913246424966209,real_traffic_weather
2025-11-23 06:00:00,R4,Low,Peak_Hour,road_type_speed_ratio,1.0,real_traffic_weather
2025-11-23 07:00:00,R4,Medium,Peak_Hour,road_type_speed_ratio,0.9966505205871193,real_traffic_weather
2025-11-23 08:00:00,R4,Medium,Peak_Hour,road_type_speed_ratio,0.8732488194161693,real_traffic_weather
2025-11-23 09:00:00,R4,Medium,Peak_Hour,road_type_speed_ratio,0.923838267416401,real_traffic_weather
2025-11-23 10:00:00,R4,Medium,Peak_Hour,road_type_speed_ratio,0.9177944370694907,real_traffic_weather
2025-11-23 11:00:00,R4,Low,Peak_Hour,road_type_speed_ratio,1.0,real_traffic_weather
2025-11-23 12:00:00,R4,Low,Peak_Hour,road_type_speed_ratio,1.0,real_traffic_weather
2025-11-23 13:00:00,R4,Low,Peak_Hour,road_type_speed_ratio,1.0,real_traffic_weather
2025-11-23 14:00:00,R4,Low,Peak_Hour,road_type_speed_ratio,1.0,real_traffic_weather
2025-11-23 15:00:00,R4,Low,Peak_Hour,road_type_speed_ratio,0.995,real_traffic_weather
2025-11-23 16:00:00,R4,Low,Peak_Hour,road_type_speed_ratio,1.0,real_traffic_weather
2025-11-23 17:00:00,R4,Medium,Peak_Hour,road_type_speed_ratio,0.9184621347879264,real_traffic_weather
2025-11-23 18:00:00,R4,Medium,Peak_Hour,road_type_speed_ratio,0.9024110574486167,real_traffic_weather
2025-11-23 19:00:00,R4,Medium,Peak_Hour,road_type_speed_ratio,0.993645374476925,real_traffic_weather
2025-11-23 20:00:00,R4,Medium,Peak_Hour,road_type_speed_ratio,0.926751759051699,real_traffic_weather
2025-11-23 21:00:00,R4,Low,Peak_Hour,road_type_speed_ratio,1.0,real_traffic_weather
2025-11-23 22:00:00,R4,Low,Peak_Hour,road_type_speed_ratio,1.0,real_traffic_weather
2025-11-23 23:00:00,R4,Low,Peak_Hour,road_type_speed_ratio,1.0,real_traffic_weather
2025-11-24 00:00:00,R4,Low,Peak_Hour,road_type_speed_ratio,1.0,real_traffic_weather
2025-11-24 01:00:00,R4,Low,Peak_Hour,road_type_speed_ratio,1.0,real_traffic_weather
2025-11-24 02:00:00,R4,Low,Peak_Hour,road_type_speed_ratio,1.0,real_traffic_weather
2025-11-24 03:00:00,R4,Low,Peak_Hour,road_type_speed_ratio,1.0,real_traffic_weather
2025-11-24 04:00:00,R4,Low,Peak_Hour,road_type_speed_ratio,1.0,real_traffic_weather
2025-11-24 05:00:00,R4,Low,Peak_Hour,road_type_speed_ratio,1.0,real_traffic_weather
2025-11-24 06:00:00,R4,Low,Peak_Hour,road_type_speed_ratio,1.0,real_traffic_weather
2025-11-24 07:00:00,R4,Medium,Peak_Hour,road_type_speed_ratio,0.973539467752958,real_traffic_weather
2025-11-24 08:00:00,R4,Medium,Peak_Hour,road_type_speed_ratio,0.8752631852122477,real_traffic_weather
2025-11-24 09:00:00,R4,Medium,Peak_Hour,road_type_speed_ratio,0.8810840402951732,real_traffic_weather
2025-11-24 10:00:00,R4,Medium,Peak_Hour,road_type_speed_ratio,0.9233957817562544,real_traffic_weather
2025-11-24 11:00:00,R4,Low,Peak_Hour,road_type_speed_ratio,1.0,real_traffic_weather
2025-11-24 12:00:00,R4,Low,Peak_Hour,road_type_speed_ratio,1.0,real_traffic_weather
2025-11-24 13:00:00,R4,Low,Peak_Hour,road_type_speed_ratio,1.0,real_traffic_weather
2025-11-24 14:00:00,R4,Low,Peak_Hour,road_type_speed_ratio,1.0,real_traffic_weather
2025-11-24 15:00:00,R4,Low,Peak_Hour,road_type_speed_ratio,0.9995999100462035,real_traffic_weather
2025-11-24 16:00:00,R4,Low,Peak_Hour,road_type_speed_ratio,0.9995999100462035,real_traffic_weather
2025-11-24 17:00:00,R4,Medium,Peak_Hour,road_type_speed_ratio,0.9175521612927183,real_traffic_weather
2025-11-24 18:00:00,R4,Medium,Peak_Hour,road_type_speed_ratio,0.8526255754554306,real_traffic_weather
2025-11-24 19:00:00,R4,Medium,Peak_Hour,road_type_speed_ratio,0.9000207032953468,real_traffic_weather
2025-11-24 20:00:00,R4,Medium,Peak_Hour,road_type_speed_ratio,0.889666590359133,real_traffic_weather
2025-11-24 21:00:00,R4,Low,Peak_Hour,road_type_speed_ratio,1.0,real_traffic_weather
2025-11-24 22:00:00,R4,Low,Peak_Hour,road_type_speed_ratio,1.0,real_traffic_weather
2025-11-24 23:00:00,R4,Low,Peak_Hour,road_type_speed_ratio,1.0,real_traffic_weather
2025-11-25 00:00:00,R4,Low,Peak_Hour,road_type_speed_ratio,1.0,real_traffic_weather
2025-11-25 01:00:00,R4,Low,Peak_Hour,road_type_speed_ratio,1.0,real_traffic_weather
2025-11-25 02:00:00,R4,Low,Peak_Hour,road_type_speed_ratio,1.0,real_traffic_weather
2025-11-25 03:00:00,R4,Low,Peak_Hour,road_type_speed_ratio,1.0,real_traffic_weather
2025-11-25 04:00:00,R4,Low,Peak_Hour,road_type_speed_ratio,1.0,real_traffic_weather
2025-11-25 05:00:00,R4,Low,Peak_Hour,road_type_speed_ratio,1.0,real_traffic_weather
2025-11-25 06:00:00,R4,Low,Peak_Hour,road_type_speed_ratio,1.0,real_traffic_weather
2025-11-25 07:00:00,R4,Medium,Incident,road_type_speed_ratio,0.910340923585299,proxy_incident
2025-11-25 08:00:00,R4,Medium,Peak_Hour,road_type_speed_ratio,0.8884687009556218,real_traffic_weather
2025-11-25 09:00:00,R4,Medium,Peak_Hour,road_type_speed_ratio,0.9853573112349032,real_traffic_weather
2025-11-25 10:00:00,R4,Medium,Peak_Hour,road_type_speed_ratio,0.9166006308628855,real_traffic_weather
2025-11-25 11:00:00,R4,Low,Peak_Hour,road_type_speed_ratio,1.0,real_traffic_weather
2025-11-25 12:00:00,R4,Low,Peak_Hour,road_type_speed_ratio,1.0,real_traffic_weather
2025-11-25 13:00:00,R4,Low,Peak_Hour,road_type_speed_ratio,1.0,real_traffic_weather
2025-11-25 14:00:00,R4,Low,Peak_Hour,road_type_speed_ratio,1.0,real_traffic_weather
2025-11-25 15:00:00,R4,Low,Peak_Hour,road_type_speed_ratio,0.9995999100462035,real_traffic_weather
2025-11-25 16:00:00,R4,Low,Peak_Hour,road_type_speed_ratio,0.9956512449229106,real_traffic_weather
2025-11-25 17:00:00,R4,Medium,Peak_Hour,road_type_speed_ratio,0.9430190209589625,real_traffic_weather
2025-11-25 18:00:00,R4,Medium,Incident,road_type_speed_ratio,0.9156002747492785,proxy_incident
2025-11-25 19:00:00,R4,Medium,Peak_Hour,road_type_speed_ratio,0.905532955136368,real_traffic_weather
2025-11-25 20:00:00,R4,Medium,Peak_Hour,road_type_speed_ratio,0.8830489870950053,real_traffic_weather
2025-11-25 21:00:00,R4,Low,Peak_Hour,road_type_speed_ratio,1.0,real_traffic_weather
2025-11-25 22:00:00,R4,Low,Peak_Hour,road_type_speed_ratio,1.0,real_traffic_weather
2025-11-25 23:00:00,R4,Low,Peak_Hour,road_type_speed_ratio,1.0,real_traffic_weather
2025-11-26 00:00:00,R4,Low,Peak_Hour,road_type_speed_ratio,1.0,real_traffic_weather
2025-11-26 01:00:00,R4,Low,Peak_Hour,road_type_speed_ratio,1.0,real_traffic_weather
2025-11-26 02:00:00,R4,Low,Peak_Hour,road_type_speed_ratio,1.0,real_traffic_weather
2025-11-26 03:00:00,R4,Low,Peak_Hour,road_type_speed_ratio,1.0,real_traffic_weather
2025-11-26 04:00:00,R4,Low,Peak_Hour,road_type_speed_ratio,1.0,real_traffic_weather
2025-11-26 05:00:00,R4,Low,Peak_Hour,road_type_speed_ratio,1.0,real_traffic_weather
2025-11-26 06:00:00,R4,Low,Peak_Hour,road_type_speed_ratio,1.0,real_traffic_weather
2025-11-26 07:00:00,R4,Medium,Peak_Hour,road_type_speed_ratio,0.862679357167351,real_traffic_weather
2025-11-26 08:00:00,R4,Medium,Peak_Hour,road_type_speed_ratio,0.9005464027545911,real_traffic_weather
2025-11-26 09:00:00,R4,Medium,Peak_Hour,road_type_speed_ratio,0.8849430667997578,real_traffic_weather
2025-11-26 10:00:00,R4,Medium,Peak_Hour,road_type_speed_ratio,0.9966015663293458,real_traffic_weather
2025-11-26 11:00:00,R4,Low,Peak_Hour,road_type_speed_ratio,1.0,real_traffic_weather
2025-11-26 12:00:00,R4,Low,Peak_Hour,road_type_speed_ratio,1.0,real_traffic_weather
2025-11-26 13:00:00,R4,Low,Peak_Hour,road_type_speed_ratio,1.0,real_traffic_weather
2025-11-26 14:00:00,R4,Low,Peak_Hour,road_type_speed_ratio,1.0,real_traffic_weather
2025-11-26 15:00:00,R4,Low,Peak_Hour,road_type_speed_ratio,0.9995999100462035,real_traffic_weather
2025-11-26 16:00:00,R4,Low,Peak_Hour,road_type_speed_ratio,0.9956512449229106,real_traffic_weather
2025-11-26 17:00:00,R4,Medium,Peak_Hour,road_type_speed_ratio,0.9017904021905581,real_traffic_weather
2025-11-26 18:00:00,R4,Medium,Peak_Hour,road_type_speed_ratio,0.8754137927180083,real_traffic_weather
2025-11-26 19:00:00,R4,Medium,Peak_Hour,road_type_speed_ratio,0.9209757591363656,real_traffic_weather
2025-11-26 20:00:00,R4,Medium,Peak_Hour,road_type_speed_ratio,0.9047673672648628,real_traffic_weather
2025-11-26 21:00:00,R4,Low,Peak_Hour,road_type_speed_ratio,0.9955346836232704,real_traffic_weather
2025-11-26 22:00:00,R4,Low,Peak_Hour,road_type_speed_ratio,1.0,real_traffic_weather
2025-11-26 23:00:00,R4,Low,Peak_Hour,road_type_speed_ratio,1.0,real_traffic_weather
2025-11-27 00:00:00,R4,Low,Peak_Hour,road_type_speed_ratio,1.0,real_traffic_weather
2025-11-27 01:00:00,R4,Low,Peak_Hour,road_type_speed_ratio,1.0,real_traffic_weather
2025-11-27 02:00:00,R4,Low,Peak_Hour,road_type_speed_ratio,1.0,real_traffic_weather
2025-11-27 03:00:00,R4,Low,Peak_Hour,road_type_speed_ratio,1.0,real_traffic_weather
2025-11-27 04:00:00,R4,Low,Peak_Hour,road_type_speed_ratio,1.0,real_traffic_weather
2025-11-27 05:00:00,R4,Low,Peak_Hour,road_type_speed_ratio,1.0,real_traffic_weather
2025-11-27 06:00:00,R4,Low,Peak_Hour,road_type_speed_ratio,1.0,real_traffic_weather
2025-11-27 07:00:00,R4,Medium,Peak_Hour,road_type_speed_ratio,0.8693026221871754,real_traffic_weather
2025-11-27 08:00:00,R4,Medium,Peak_Hour,road_type_speed_ratio,0.8902895898574663,real_traffic_weather
2025-11-27 09:00:00,R4,Low,Peak_Hour,road_type_speed_ratio,0.8505572149463612,real_traffic_weather
2025-11-27 10:00:00,R4,Medium,Peak_Hour,road_type_speed_ratio,0.9222408210160709,real_traffic_weather
2025-11-27 11:00:00,R4,Low,Peak_Hour,road_type_speed_ratio,1.0,real_traffic_weather
2025-11-27 12:00:00,R4,Low,Peak_Hour,road_type_speed_ratio,1.0,real_traffic_weather
2025-11-27 13:00:00,R4,Low,Peak_Hour,road_type_speed_ratio,1.0,real_traffic_weather
2025-11-27 14:00:00,R4,Low,Peak_Hour,road_type_speed_ratio,1.0,real_traffic_weather
2025-11-27 15:00:00,R4,Low,Peak_Hour,road_type_speed_ratio,0.9995999100462035,real_traffic_weather
2025-11-27 16:00:00,R4,Low,Peak_Hour,road_type_speed_ratio,1.0,real_traffic_weather
2025-11-27 17:00:00,R4,Medium,Peak_Hour,road_type_speed_ratio,0.9222016879109018,real_traffic_weather
2025-11-27 18:00:00,R4,Medium,Peak_Hour,road_type_speed_ratio,0.8764734771004409,real_traffic_weather
2025-11-27 19:00:00,R4,Medium,Peak_Hour,road_type_speed_ratio,0.9159395856622926,real_traffic_weather
2025-11-27 20:00:00,R4,Medium,Peak_Hour,road_type_speed_ratio,0.9069564593194337,real_traffic_weather
2025-11-27 21:00:00,R4,Low,Peak_Hour,road_type_speed_ratio,1.0,real_traffic_weather
2025-11-27 22:00:00,R4,Low,Peak_Hour,road_type_speed_ratio,1.0,real_traffic_weather
2025-11-27 23:00:00,R4,Low,Peak_Hour,road_type_speed_ratio,1.0,real_traffic_weather
2025-11-28 00:00:00,R4,Low,Peak_Hour,road_type_speed_ratio,1.0,real_traffic_weather
2025-11-28 01:00:00,R4,Low,Peak_Hour,road_type_speed_ratio,1.0,real_traffic_weather
2025-11-28 02:00:00,R4,Low,Peak_Hour,road_type_speed_ratio,1.0,real_traffic_weather
2025-11-28 03:00:00,R4,Low,Peak_Hour,road_type_speed_ratio,1.0,real_traffic_weather
2025-11-28 04:00:00,R4,Low,Peak_Hour,road_type_speed_ratio,1.0,real_traffic_weather
2025-11-28 05:00:00,R4,Low,Peak_Hour,road_type_speed_ratio,1.0,real_traffic_weather
2025-11-28 06:00:00,R4,Low,Peak_Hour,road_type_speed_ratio,1.0,real_traffic_weather
2025-11-28 07:00:00,R4,Medium,Peak_Hour,road_type_speed_ratio,0.8658030016726639,real_traffic_weather
2025-11-28 08:00:00,R4,Medium,Peak_Hour,road_type_speed_ratio,0.8832053956114605,real_traffic_weather
2025-11-28 09:00:00,R4,Medium,Peak_Hour,road_type_speed_ratio,0.8919544266758617,real_traffic_weather
2025-11-28 10:00:00,R4,Medium,Peak_Hour,road_type_speed_ratio,0.9184203235322257,real_traffic_weather
2025-11-28 11:00:00,R4,Low,Peak_Hour,road_type_speed_ratio,1.0,real_traffic_weather
2025-11-28 12:00:00,R4,Low,Peak_Hour,road_type_speed_ratio,1.0,real_traffic_weather
2025-11-28 13:00:00,R4,Low,Peak_Hour,road_type_speed_ratio,1.0,real_traffic_weather
2025-11-28 14:00:00,R4,Low,Peak_Hour,road_type_speed_ratio,1.0,real_traffic_weather
2025-11-28 15:00:00,R4,Low,Peak_Hour,road_type_speed_ratio,0.9995999100462035,real_traffic_weather
2025-11-28 16:00:00,R4,Low,Peak_Hour,road_type_speed_ratio,1.0,real_traffic_weather
2025-11-28 17:00:00,R4,Medium,Peak_Hour,road_type_speed_ratio,0.9983883441747545,real_traffic_weather
2025-11-28 18:00:00,R4,Medium,Incident,road_type_speed_ratio,0.9110196059280206,proxy_incident
2025-11-28 19:00:00,R4,Low,Peak_Hour,road_type_speed_ratio,0.8692788042760617,real_traffic_weather
2025-11-28 20:00:00,R4,Medium,Peak_Hour,road_type_speed_ratio,0.8943693250620716,real_traffic_weather
2025-11-28 21:00:00,R4,Low,Peak_Hour,road_type_speed_ratio,0.9995999100462035,real_traffic_weather
2025-11-28 22:00:00,R4,Low,Peak_Hour,road_type_speed_ratio,1.0,real_traffic_weather
2025-11-28 23:00:00,R4,Low,Peak_Hour,road_type_speed_ratio,1.0,real_traffic_weather
2025-11-29 00:00:00,R4,Low,Peak_Hour,road_type_speed_ratio,1.0,real_traffic_weather
2025-11-29 01:00:00,R4,Low,Peak_Hour,road_type_speed_ratio,1.0,real_traffic_weather
2025-11-29 02:00:00,R4,Low,Incident,road_type_speed_ratio,0.995,proxy_incident
2025-11-29 03:00:00,R4,Low,Peak_Hour,road_type_speed_ratio,1.0,real_traffic_weather
2025-11-29 04:00:00,R4,Low,Peak_Hour,road_type_speed_ratio,0.9988149448952405,real_traffic_weather
2025-11-29 05:00:00,R4,Low,Peak_Hour,road_type_speed_ratio,0.9871823795382969,real_traffic_weather
2025-11-29 06:00:00,R4,Low,Peak_Hour,road_type_speed_ratio,1.0,real_traffic_weather
2025-11-29 07:00:00,R4,Medium,Peak_Hour,road_type_speed_ratio,0.8663229628010519,real_traffic_weather
2025-11-29 08:00:00,R4,Medium,Peak_Hour,road_type_speed_ratio,0.8693209528482286,real_traffic_weather
2025-11-29 09:00:00,R4,Medium,Peak_Hour,road_type_speed_ratio,0.8916417235264704,real_traffic_weather
2025-11-29 10:00:00,R4,Medium,Peak_Hour,road_type_speed_ratio,0.9929576166230898,real_traffic_weather
2025-11-29 11:00:00,R4,Low,Peak_Hour,road_type_speed_ratio,1.0,real_traffic_weather
2025-11-29 12:00:00,R4,Low,Peak_Hour,road_type_speed_ratio,1.0,real_traffic_weather
2025-11-29 13:00:00,R4,Low,Peak_Hour,road_type_speed_ratio,1.0,real_traffic_weather
2025-11-29 14:00:00,R4,Low,Peak_Hour,road_type_speed_ratio,1.0,real_traffic_weather
2025-11-29 15:00:00,R4,Low,Peak_Hour,road_type_speed_ratio,1.0,real_traffic_weather
2025-11-29 16:00:00,R4,Low,Peak_Hour,road_type_speed_ratio,1.0,real_traffic_weather
2025-11-29 17:00:00,R4,Medium,Peak_Hour,road_type_speed_ratio,0.9190532213411532,real_traffic_weather
2025-11-29 18:00:00,R4,Medium,Peak_Hour,road_type_speed_ratio,0.899751015101621,real_traffic_weather
2025-11-29 19:00:00,R4,Low,Peak_Hour,road_type_speed_ratio,0.8605016720261888,real_traffic_weather
2025-11-29 20:00:00,R4,Medium,Peak_Hour,road_type_speed_ratio,0.9156189254005771,real_traffic_weather
2025-11-29 21:00:00,R4,Low,Peak_Hour,road_type_speed_ratio,1.0,real_traffic_weather
2025-11-29 22:00:00,R4,Low,Peak_Hour,road_type_speed_ratio,1.0,real_traffic_weather
2025-11-29 23:00:00,R4,Low,Peak_Hour,road_type_speed_ratio,1.0,real_traffic_weather
2025-11-30 00:00:00,R4,Low,Peak_Hour,road_type_speed_ratio,1.0,real_traffic_weather
2025-11-30 01:00:00,R4,Low,Peak_Hour,road_type_speed_ratio,1.0,real_traffic_weather
2025-11-30 02:00:00,R4,Low,Peak_Hour,road_type_speed_ratio,1.0,real_traffic_weather
2025-11-30 03:00:00,R4,Low,Peak_Hour,road_type_speed_ratio,1.0,real_traffic_weather
2025-11-30 04:00:00,R4,Low,Peak_Hour,road_type_speed_ratio,0.9988149448952405,real_traffic_weather
2025-11-30 05:00:00,R4,Low,Peak_Hour,road_type_speed_ratio,0.9992835176100169,real_traffic_weather
2025-11-30 06:00:00,R4,Low,Peak_Hour,road_type_speed_ratio,0.9970411248866041,real_traffic_weather
2025-11-30 07:00:00,R4,Medium,Peak_Hour,road_type_speed_ratio,0.8465859296364835,real_traffic_weather
2025-11-30 08:00:00,R4,Medium,Peak_Hour,road_type_speed_ratio,0.8582616831030395,real_traffic_weather
2025-11-30 09:00:00,R4,Medium,Peak_Hour,road_type_speed_ratio,0.9224032888848199,real_traffic_weather
2025-11-30 10:00:00,R4,Medium,Peak_Hour,road_type_speed_ratio,0.9184467862335441,real_traffic_weather
2025-11-30 11:00:00,R4,Low,Peak_Hour,road_type_speed_ratio,1.0,real_traffic_weather
2025-11-30 12:00:00,R4,Low,Peak_Hour,road_type_speed_ratio,1.0,real_traffic_weather
2025-11-30 13:00:00,R4,Low,Peak_Hour,road_type_speed_ratio,1.0,real_traffic_weather
2025-11-30 14:00:00,R4,Low,Peak_Hour,road_type_speed_ratio,1.0,real_traffic_weather
2025-11-30 15:00:00,R4,Low,Peak_Hour,road_type_speed_ratio,1.0,real_traffic_weather
2025-11-30 16:00:00,R4,Low,Peak_Hour,road_type_speed_ratio,1.0,real_traffic_weather
2025-11-30 17:00:00,R4,Medium,Peak_Hour,road_type_speed_ratio,0.92850351065239,real_traffic_weather
2025-11-30 18:00:00,R4,Medium,Peak_Hour,road_type_speed_ratio,0.9025339570601173,real_traffic_weather
2025-11-30 19:00:00,R4,Medium,Peak_Hour,road_type_speed_ratio,0.912135281958298,real_traffic_weather
2025-11-30 20:00:00,R4,Medium,Peak_Hour,road_type_speed_ratio,0.9113584503440519,real_traffic_weather
2025-11-30 21:00:00,R4,Low,Peak_Hour,road_type_speed_ratio,1.0,real_traffic_weather
2025-11-30 22:00:00,R4,Low,Peak_Hour,road_type_speed_ratio,1.0,real_traffic_weather
2025-11-30 23:00:00,R4,Low,Peak_Hour,road_type_speed_ratio,1.0,real_traffic_weather
2025-11-01 00:00:00,R5,Low,Peak_Hour,road_type_speed_ratio,1.0,real_traffic_weather
2025-11-01 01:00:00,R5,Low,Peak_Hour,road_type_speed_ratio,1.0,real_traffic_weather
2025-11-01 02:00:00,R5,Low,Peak_Hour,road_type_speed_ratio,1.0,real_traffic_weather
2025-11-01 03:00:00,R5,Low,Peak_Hour,road_type_speed_ratio,1.0,real_traffic_weather
2025-11-01 04:00:00,R5,Low,Peak_Hour,road_type_speed_ratio,0.9988149448952405,real_traffic_weather
2025-11-01 05:00:00,R5,Low,Peak_Hour,road_type_speed_ratio,0.9992835176100169,real_traffic_weather
2025-11-01 06:00:00,R5,Low,Peak_Hour,road_type_speed_ratio,1.0,real_traffic_weather
2025-11-01 07:00:00,R5,Medium,Peak_Hour,road_type_speed_ratio,0.9950421046783284,real_traffic_weather
2025-11-01 08:00:00,R5,Medium,Peak_Hour,road_type_speed_ratio,0.9939750710515273,real_traffic_weather
2025-11-01 09:00:00,R5,Medium,Peak_Hour,road_type_speed_ratio,0.9949326830424364,real_traffic_weather
2025-11-01 10:00:00,R5,High,Peak_Hour,road_type_speed_ratio,0.985,real_traffic_weather
2025-11-01 11:00:00,R5,Low,Peak_Hour,road_type_speed_ratio,1.0,real_traffic_weather
2025-11-01 12:00:00,R5,Low,Peak_Hour,road_type_speed_ratio,1.0,real_traffic_weather
2025-11-01 13:00:00,R5,Low,Peak_Hour,road_type_speed_ratio,1.0,real_traffic_weather
2025-11-01 14:00:00,R5,Low,Peak_Hour,road_type_speed_ratio,1.0,real_traffic_weather
2025-11-01 15:00:00,R5,Low,Peak_Hour,road_type_speed_ratio,1.0,real_traffic_weather
2025-11-01 16:00:00,R5,Low,Peak_Hour,road_type_speed_ratio,1.0,real_traffic_weather
2025-11-01 17:00:00,R5,Medium,Incident,road_type_speed_ratio,0.9990713795905859,proxy_incident
2025-11-01 18:00:00,R5,Medium,Incident,road_type_speed_ratio,0.9992418549890815,proxy_incident
2025-11-01 19:00:00,R5,Medium,Peak_Hour,road_type_speed_ratio,0.9986883868740536,real_traffic_weather
2025-11-01 20:00:00,R5,Medium,Peak_Hour,road_type_speed_ratio,0.984564430579423,real_traffic_weather
2025-11-01 21:00:00,R5,Low,Peak_Hour,road_type_speed_ratio,1.0,real_traffic_weather
2025-11-01 22:00:00,R5,Low,Peak_Hour,road_type_speed_ratio,1.0,real_traffic_weather
2025-11-01 23:00:00,R5,Low,Peak_Hour,road_type_speed_ratio,1.0,real_traffic_weather
2025-11-02 00:00:00,R5,Low,Peak_Hour,road_type_speed_ratio,1.0,real_traffic_weather
2025-11-02 01:00:00,R5,Low,Peak_Hour,road_type_speed_ratio,1.0,real_traffic_weather
2025-11-02 02:00:00,R5,Low,Peak_Hour,road_type_speed_ratio,1.0,real_traffic_weather
2025-11-02 03:00:00,R5,Low,Peak_Hour,road_type_speed_ratio,1.0,real_traffic_weather
2025-11-02 04:00:00,R5,Low,Peak_Hour,road_type_speed_ratio,0.9988149448952405,real_traffic_weather
2025-11-02 05:00:00,R5,Low,Peak_Hour,road_type_speed_ratio,0.9992835176100169,real_traffic_weather
2025-11-02 06:00:00,R5,Low,Peak_Hour,road_type_speed_ratio,0.9970411248866041,real_traffic_weather
2025-11-02 07:00:00,R5,Medium,Peak_Hour,road_type_speed_ratio,0.9795283617555205,real_traffic_weather
2025-11-02 08:00:00,R5,Medium,Peak_Hour,road_type_speed_ratio,0.9918291914497928,real_traffic_weather
2025-11-02 09:00:00,R5,Medium,Peak_Hour,road_type_speed_ratio,0.99835212792641,real_traffic_weather
2025-11-02 10:00:00,R5,Medium,Peak_Hour,road_type_speed_ratio,0.9963628993408161,real_traffic_weather
2025-11-02 11:00:00,R5,Low,Peak_Hour,road_type_speed_ratio,1.0,real_traffic_weather
2025-11-02 12:00:00,R5,Low,Peak_Hour,road_type_speed_ratio,1.0,real_traffic_weather
2025-11-02 13:00:00,R5,Low,Peak_Hour,road_type_speed_ratio,1.0,real_traffic_weather
2025-11-02 14:00:00,R5,Low,Peak_Hour,road_type_speed_ratio,1.0,real_traffic_weather
2025-11-02 15:00:00,R5,Low,Peak_Hour,road_type_speed_ratio,1.0,real_traffic_weather
2025-11-02 16:00:00,R5,Low,Peak_Hour,road_type_speed_ratio,1.0,real_traffic_weather
2025-11-02 17:00:00,R5,Medium,Peak_Hour,road_type_speed_ratio,0.9855644084770282,real_traffic_weather
2025-11-02 18:00:00,R5,Medium,Peak_Hour,road_type_speed_ratio,0.9989778121422112,real_traffic_weather
2025-11-02 19:00:00,R5,Medium,Peak_Hour,road_type_speed_ratio,0.9992196454819903,real_traffic_weather
2025-11-02 20:00:00,R5,Medium,Peak_Hour,road_type_speed_ratio,0.6727506331153879,real_traffic_weather
2025-11-02 21:00:00,R5,Low,Peak_Hour,road_type_speed_ratio,1.0,real_traffic_weather
2025-11-02 22:00:00,R5,Low,Peak_Hour,road_type_speed_ratio,1.0,real_traffic_weather
2025-11-02 23:00:00,R5,Low,Incident,road_type_speed_ratio,1.0,proxy_incident
2025-11-03 00:00:00,R5,Low,Peak_Hour,road_type_speed_ratio,0.99,real_traffic_weather
2025-11-03 01:00:00,R5,Medium,Peak_Hour,road_type_speed_ratio,0.845,real_traffic_weather
2025-11-03 02:00:00,R5,Low,Peak_Hour,road_type_speed_ratio,1.0,real_traffic_weather
2025-11-03 03:00:00,R5,Low,Peak_Hour,road_type_speed_ratio,1.0,real_traffic_weather
2025-11-03 04:00:00,R5,Low,Peak_Hour,road_type_speed_ratio,1.0,real_traffic_weather
2025-11-03 05:00:00,R5,Low,Peak_Hour,road_type_speed_ratio,1.0,real_traffic_weather
2025-11-03 06:00:00,R5,Low,Peak_Hour,road_type_speed_ratio,1.0,real_traffic_weather
2025-11-03 07:00:00,R5,Medium,Peak_Hour,road_type_speed_ratio,0.9881425946054074,real_traffic_weather
2025-11-03 08:00:00,R5,Medium,Peak_Hour,road_type_speed_ratio,0.982373751800671,real_traffic_weather
2025-11-03 09:00:00,R5,Medium,Peak_Hour,road_type_speed_ratio,0.9808804961205096,real_traffic_weather
2025-11-03 10:00:00,R5,Medium,Peak_Hour,road_type_speed_ratio,0.9950781478228062,real_traffic_weather
2025-11-03 11:00:00,R5,Low,Peak_Hour,road_type_speed_ratio,1.0,real_traffic_weather
2025-11-03 12:00:00,R5,Low,Peak_Hour,road_type_speed_ratio,1.0,real_traffic_weather
2025-11-03 13:00:00,R5,Low,Peak_Hour,road_type_speed_ratio,1.0,real_traffic_weather
2025-11-03 14:00:00,R5,Medium,Peak_Hour,road_type_speed_ratio,0.85,real_traffic_weather
2025-11-03 15:00:00,R5,Low,Peak_Hour,road_type_speed_ratio,1.0,real_traffic_weather
2025-11-03 16:00:00,R5,Low,Peak_Hour,road_type_speed_ratio,0.9995999100462035,real_traffic_weather
2025-11-03 17:00:00,R5,Medium,Peak_Hour,road_type_speed_ratio,0.9936393307901144,real_traffic_weather
2025-11-03 18:00:00,R5,High,Peak_Hour,road_type_speed_ratio,0.9739955735201923,real_traffic_weather
2025-11-03 19:00:00,R5,Medium,Peak_Hour,road_type_speed_ratio,0.9884295117661042,real_traffic_weather
2025-11-03 20:00:00,R5,Low,Peak_Hour,road_type_speed_ratio,0.8812683644189372,real_traffic_weather
2025-11-03 21:00:00,R5,Low,Peak_Hour,road_type_speed_ratio,0.9995999100462035,real_traffic_weather
2025-11-03 22:00:00,R5,Low,Peak_Hour,road_type_speed_ratio,1.0,real_traffic_weather
2025-11-03 23:00:00,R5,Low,Peak_Hour,road_type_speed_ratio,1.0,real_traffic_weather
2025-11-04 00:00:00,R5,Low,Peak_Hour,road_type_speed_ratio,1.0,real_traffic_weather
2025-11-04 01:00:00,R5,Low,Peak_Hour,road_type_speed_ratio,1.0,real_traffic_weather
2025-11-04 02:00:00,R5,Low,Peak_Hour,road_type_speed_ratio,1.0,real_traffic_weather
2025-11-04 03:00:00,R5,Medium,Peak_Hour,road_type_speed_ratio,0.965,real_traffic_weather
2025-11-04 04:00:00,R5,Low,Peak_Hour,road_type_speed_ratio,1.0,real_traffic_weather
2025-11-04 05:00:00,R5,Low,Peak_Hour,road_type_speed_ratio,1.0,real_traffic_weather
2025-11-04 06:00:00,R5,Low,Peak_Hour,road_type_speed_ratio,1.0,real_traffic_weather
2025-11-04 07:00:00,R5,High,Peak_Hour,road_type_speed_ratio,0.9492514713807205,real_traffic_weather
2025-11-04 08:00:00,R5,Low,Peak_Hour,road_type_speed_ratio,0.8703240366840955,real_traffic_weather
2025-11-04 09:00:00,R5,Medium,Peak_Hour,road_type_speed_ratio,0.9866672374609686,real_traffic_weather
2025-11-04 10:00:00,R5,Medium,Peak_Hour,road_type_speed_ratio,0.993473653141203,real_traffic_weather
2025-11-04 11:00:00,R5,Low,Peak_Hour,road_type_speed_ratio,1.0,real_traffic_weather
2025-11-04 12:00:00,R5,Low,Peak_Hour,road_type_speed_ratio,1.0,real_traffic_weather
2025-11-04 13:00:00,R5,Low,Peak_Hour,road_type_speed_ratio,1.0,real_traffic_weather
2025-11-04 14:00:00,R5,Low,Peak_Hour,road_type_speed_ratio,1.0,real_traffic_weather
2025-11-04 15:00:00,R5,Low,Peak_Hour,road_type_speed_ratio,1.0,real_traffic_weather
2025-11-04 16:00:00,R5,Low,Peak_Hour,road_type_speed_ratio,1.0,real_traffic_weather
2025-11-04 17:00:00,R5,Medium,Peak_Hour,road_type_speed_ratio,0.9975525237726913,real_traffic_weather
2025-11-04 18:00:00,R5,High,Peak_Hour,road_type_speed_ratio,0.9995938176338123,real_traffic_weather
2025-11-04 19:00:00,R5,Low,Peak_Hour,road_type_speed_ratio,0.8834574243610036,real_traffic_weather
2025-11-04 20:00:00,R5,Medium,Peak_Hour,road_type_speed_ratio,0.9925408028068666,real_traffic_weather
2025-11-04 21:00:00,R5,Low,Peak_Hour,road_type_speed_ratio,1.0,real_traffic_weather
2025-11-04 22:00:00,R5,Low,Peak_Hour,road_type_speed_ratio,1.0,real_traffic_weather
2025-11-04 23:00:00,R5,Low,Peak_Hour,road_type_speed_ratio,1.0,real_traffic_weather
2025-11-05 00:00:00,R5,Low,Peak_Hour,road_type_speed_ratio,1.0,real_traffic_weather
2025-11-05 01:00:00,R5,Low,Peak_Hour,road_type_speed_ratio,1.0,real_traffic_weather
2025-11-05 02:00:00,R5,Low,Peak_Hour,road_type_speed_ratio,1.0,real_traffic_weather
2025-11-05 03:00:00,R5,Low,Peak_Hour,road_type_speed_ratio,1.0,real_traffic_weather
2025-11-05 04:00:00,R5,Low,Peak_Hour,road_type_speed_ratio,1.0,real_traffic_weather
2025-11-05 05:00:00,R5,Low,Peak_Hour,road_type_speed_ratio,1.0,real_traffic_weather
2025-11-05 06:00:00,R5,Low,Peak_Hour,road_type_speed_ratio,1.0,real_traffic_weather
2025-11-05 07:00:00,R5,Medium,Peak_Hour,road_type_speed_ratio,0.9921378617365524,real_traffic_weather
2025-11-05 08:00:00,R5,Medium,Peak_Hour,road_type_speed_ratio,0.9815857130920237,real_traffic_weather
2025-11-05 09:00:00,R5,Medium,Incident,road_type_speed_ratio,0.995238441735389,proxy_incident
2025-11-05 10:00:00,R5,Medium,Peak_Hour,road_type_speed_ratio,0.9961612190268113,real_traffic_weather
2025-11-05 11:00:00,R5,Low,Peak_Hour,road_type_speed_ratio,1.0,real_traffic_weather
2025-11-05 12:00:00,R5,Low,Peak_Hour,road_type_speed_ratio,1.0,real_traffic_weather
2025-11-05 13:00:00,R5,Low,Peak_Hour,road_type_speed_ratio,1.0,real_traffic_weather
2025-11-05 14:00:00,R5,Low,Peak_Hour,road_type_speed_ratio,1.0,real_traffic_weather
2025-11-05 15:00:00,R5,Low,Peak_Hour,road_type_speed_ratio,1.0,real_traffic_weather
2025-11-05 16:00:00,R5,Low,Peak_Hour,road_type_speed_ratio,0.9995999100462035,real_traffic_weather
2025-11-05 17:00:00,R5,Medium,Peak_Hour,road_type_speed_ratio,0.9985308072954058,real_traffic_weather
2025-11-05 18:00:00,R5,Medium,Peak_Hour,road_type_speed_ratio,0.9895699185578175,real_traffic_weather
2025-11-05 19:00:00,R5,Medium,Peak_Hour,road_type_speed_ratio,0.9810999574501672,real_traffic_weather
2025-11-05 20:00:00,R5,Medium,Peak_Hour,road_type_speed_ratio,0.9975877067890673,real_traffic_weather
2025-11-05 21:00:00,R5,Low,Peak_Hour,road_type_speed_ratio,0.995934773577067,real_traffic_weather
2025-11-05 22:00:00,R5,Low,Peak_Hour,road_type_speed_ratio,1.0,real_traffic_weather
2025-11-05 23:00:00,R5,Low,Peak_Hour,road_type_speed_ratio,1.0,real_traffic_weather
2025-11-06 00:00:00,R5,Low,Peak_Hour,road_type_speed_ratio,1.0,real_traffic_weather
2025-11-06 01:00:00,R5,Low,Peak_Hour,road_type_speed_ratio,1.0,real_traffic_weather
2025-11-06 02:00:00,R5,Low,Peak_Hour,road_type_speed_ratio,1.0,real_traffic_weather
2025-11-06 03:00:00,R5,Low,Peak_Hour,road_type_speed_ratio,1.0,real_traffic_weather
2025-11-06 04:00:00,R5,Low,Peak_Hour,road_type_speed_ratio,1.0,real_traffic_weather
2025-11-06 05:00:00,R5,Low,Incident,road_type_speed_ratio,1.0,proxy_incident
2025-11-06 06:00:00,R5,Low,Peak_Hour,road_type_speed_ratio,1.0,real_traffic_weather
2025-11-06 07:00:00,R5,Medium,Peak_Hour,road_type_speed_ratio,0.9917601897160508,real_traffic_weather
2025-11-06 08:00:00,R5,Medium,Peak_Hour,road_type_speed_ratio,0.9968726106096358,real_traffic_weather
2025-11-06 09:00:00,R5,Medium,Peak_Hour,road_type_speed_ratio,0.9873666552648607,real_traffic_weather
2025-11-06 10:00:00,R5,Low,Peak_Hour,road_type_speed_ratio,0.7776546367118345,real_traffic_weather
2025-11-06 11:00:00,R5,Low,Peak_Hour,road_type_speed_ratio,1.0,real_traffic_weather
2025-11-06 12:00:00,R5,Low,Peak_Hour,road_type_speed_ratio,1.0,real_traffic_weather
2025-11-06 13:00:00,R5,Low,Peak_Hour,road_type_speed_ratio,1.0,real_traffic_weather
2025-11-06 14:00:00,R5,Low,Peak_Hour,road_type_speed_ratio,1.0,real_traffic_weather
2025-11-06 15:00:00,R5,Low,Incident,road_type_speed_ratio,0.995,proxy_incident
2025-11-06 16:00:00,R5,Medium,Peak_Hour,road_type_speed_ratio,0.9242890859561083,real_traffic_weather
2025-11-06 17:00:00,R5,Medium,Peak_Hour,road_type_speed_ratio,0.9987389845529795,real_traffic_weather
2025-11-06 18:00:00,R5,Medium,Peak_Hour,road_type_speed_ratio,0.9989385402242655,real_traffic_weather
2025-11-06 19:00:00,R5,Low,Peak_Hour,road_type_speed_ratio,0.8464333826275525,real_traffic_weather
2025-11-06 20:00:00,R5,Medium,Peak_Hour,road_type_speed_ratio,0.9920989649272731,real_traffic_weather
2025-11-06 21:00:00,R5,Low,Peak_Hour,road_type_speed_ratio,1.0,real_traffic_weather
2025-11-06 22:00:00,R5,Low,Peak_Hour,road_type_speed_ratio,1.0,real_traffic_weather
2025-11-06 23:00:00,R5,Low,Incident,road_type_speed_ratio,1.0,proxy_incident
2025-11-07 00:00:00,R5,Low,Peak_Hour,road_type_speed_ratio,1.0,real_traffic_weather
2025-11-07 01:00:00,R5,Low,Peak_Hour,road_type_speed_ratio,1.0,real_traffic_weather
2025-11-07 02:00:00,R5,Low,Peak_Hour,road_type_speed_ratio,1.0,real_traffic_weather
2025-11-07 03:00:00,R5,Low,Peak_Hour,road_type_speed_ratio,1.0,real_traffic_weather
2025-11-07 04:00:00,R5,Low,Peak_Hour,road_type_speed_ratio,1.0,real_traffic_weather
2025-11-07 05:00:00,R5,Low,Peak_Hour,road_type_speed_ratio,1.0,real_traffic_weather
2025-11-07 06:00:00,R5,Low,Peak_Hour,road_type_speed_ratio,1.0,real_traffic_weather
2025-11-07 07:00:00,R5,Medium,Peak_Hour,road_type_speed_ratio,0.9960345795363196,real_traffic_weather
2025-11-07 08:00:00,R5,Medium,Incident,road_type_speed_ratio,0.9872336600049443,proxy_incident
2025-11-07 09:00:00,R5,Medium,Peak_Hour,road_type_speed_ratio,0.9940325696940847,real_traffic_weather
2025-11-07 10:00:00,R5,Medium,Peak_Hour,road_type_speed_ratio,0.9982755825384667,real_traffic_weather
2025-11-07 11:00:00,R5,Low,Peak_Hour,road_type_speed_ratio,1.0,real_traffic_weather
2025-11-07 12:00:00,R5,Low,Peak_Hour,road_type_speed_ratio,1.0,real_traffic_weather
2025-11-07 13:00:00,R5,Low,Peak_Hour,road_type_speed_ratio,1.0,real_traffic_weather
2025-11-07 14:00:00,R5,Low,Peak_Hour,road_type_speed_ratio,1.0,real_traffic_weather
2025-11-07 15:00:00,R5,Medium,Peak_Hour,road_type_speed_ratio,0.9294935026591888,real_traffic_weather
2025-11-07 16:00:00,R5,Low,Peak_Hour,road_type_speed_ratio,1.0,real_traffic_weather
2025-11-07 17:00:00,R5,Medium,Peak_Hour,road_type_speed_ratio,0.9982318922886922,real_traffic_weather
2025-11-07 18:00:00,R5,Medium,Peak_Hour,road_type_speed_ratio,0.9989806700795454,real_traffic_weather
2025-11-07 19:00:00,R5,Medium,Peak_Hour,road_type_speed_ratio,0.9902403403509825,real_traffic_weather
2025-11-07 20:00:00,R5,Medium,Peak_Hour,road_type_speed_ratio,0.997629489904479,real_traffic_weather
2025-11-07 21:00:00,R5,Low,Peak_Hour,road_type_speed_ratio,0.9995999100462035,real_traffic_weather
2025-11-07 22:00:00,R5,Low,Peak_Hour,road_type_speed_ratio,1.0,real_traffic_weather
2025-11-07 23:00:00,R5,Low,Peak_Hour,road_type_speed_ratio,1.0,real_traffic_weather
2025-11-08 00:00:00,R5,Low,Peak_Hour,road_type_speed_ratio,1.0,real_traffic_weather
2025-11-08 01:00:00,R5,Low,Peak_Hour,road_type_speed_ratio,1.0,real_traffic_weather
2025-11-08 02:00:00,R5,Medium,Peak_Hour,road_type_speed_ratio,0.925,real_traffic_weather
2025-11-08 03:00:00,R5,Low,Peak_Hour,road_type_speed_ratio,1.0,real_traffic_weather
2025-11-08 04:00:00,R5,Low,Peak_Hour,road_type_speed_ratio,0.9988149448952405,real_traffic_weather
2025-11-08 05:00:00,R5,Low,Peak_Hour,road_type_speed_ratio,0.9992835176100169,real_traffic_weather
2025-11-08 06:00:00,R5,Low,Peak_Hour,road_type_speed_ratio,1.0,real_traffic_weather
2025-11-08 07:00:00,R5,Medium,Peak_Hour,road_type_speed_ratio,0.9954632558247956,real_traffic_weather
2025-11-08 08:00:00,R5,Medium,Peak_Hour,road_type_speed_ratio,0.9897066587952229,real_traffic_weather
2025-11-08 09:00:00,R5,Medium,Peak_Hour,road_type_speed_ratio,0.9983845994774082,real_traffic_weather
2025-11-08 10:00:00,R5,Medium,Peak_Hour,road_type_speed_ratio,0.9964107846382485,real_traffic_weather
2025-11-08 11:00:00,R5,Low,Peak_Hour,road_type_speed_ratio,1.0,real_traffic_weather
2025-11-08 12:00:00,R5,Low,Peak_Hour,road_type_speed_ratio,1.0,real_traffic_weather
2025-11-08 13:00:00,R5,Low,Peak_Hour,road_type_speed_ratio,1.0,real_traffic_weather
2025-11-08 14:00:00,R5,Low,Peak_Hour,road_type_speed_ratio,1.0,real_traffic_weather
2025-11-08 15:00:00,R5,Low,Peak_Hour,road_type_speed_ratio,1.0,real_traffic_weather
2025-11-08 16:00:00,R5,Low,Peak_Hour,road_type_speed_ratio,1.0,real_traffic_weather
2025-11-08 17:00:00,R5,Medium,Peak_Hour,road_type_speed_ratio,0.9980829446205753,real_traffic_weather
2025-11-08 18:00:00,R5,Medium,Peak_Hour,road_type_speed_ratio,0.9978946992202608,real_traffic_weather
2025-11-08 19:00:00,R5,Medium,Peak_Hour,road_type_speed_ratio,0.9923939358352132,real_traffic_weather
2025-11-08 20:00:00,R5,Medium,Peak_Hour,road_type_speed_ratio,0.9958822807890733,real_traffic_weather
2025-11-08 21:00:00,R5,Low,Peak_Hour,road_type_speed_ratio,1.0,real_traffic_weather
2025-11-08 22:00:00,R5,Low,Peak_Hour,road_type_speed_ratio,1.0,real_traffic_weather
2025-11-08 23:00:00,R5,Low,Peak_Hour,road_type_speed_ratio,1.0,real_traffic_weather
2025-11-09 00:00:00,R5,Low,Peak_Hour,road_type_speed_ratio,1.0,real_traffic_weather
2025-11-09 01:00:00,R5,Low,Peak_Hour,road_type_speed_ratio,1.0,real_traffic_weather
2025-11-09 02:00:00,R5,Low,Peak_Hour,road_type_speed_ratio,1.0,real_traffic_weather
2025-11-09 03:00:00,R5,Low,Incident,road_type_speed_ratio,1.0,proxy_incident
2025-11-09 04:00:00,R5,Medium,Peak_Hour,road_type_speed_ratio,0.95,real_traffic_weather
2025-11-09 05:00:00,R5,Low,Peak_Hour,road_type_speed_ratio,0.9913246424966209,real_traffic_weather
2025-11-09 06:00:00,R5,Low,Peak_Hour,road_type_speed_ratio,1.0,real_traffic_weather
2025-11-09 07:00:00,R5,Medium,Peak_Hour,road_type_speed_ratio,0.9886218013241223,real_traffic_weather
2025-11-09 08:00:00,R5,Low,Peak_Hour,road_type_speed_ratio,0.8878253862871276,real_traffic_weather
2025-11-09 09:00:00,R5,Medium,Peak_Hour,road_type_speed_ratio,0.9942300835286759,real_traffic_weather
2025-11-09 10:00:00,R5,Medium,Peak_Hour,road_type_speed_ratio,0.9931988435395589,real_traffic_weather
2025-11-09 11:00:00,R5,Low,Peak_Hour,road_type_speed_ratio,1.0,real_traffic_weather
2025-11-09 12:00:00,R5,Low,Peak_Hour,road_type_speed_ratio,1.0,real_traffic_weather
2025-11-09 13:00:00,R5,Low,Peak_Hour,road_type_speed_ratio,1.0,real_traffic_weather
2025-11-09 14:00:00,R5,Low,Peak_Hour,road_type_speed_ratio,1.0,real_traffic_weather
2025-11-09 15:00:00,R5,Low,Peak_Hour,road_type_speed_ratio,1.0,real_traffic_weather
2025-11-09 16:00:00,R5,Low,Peak_Hour,road_type_speed_ratio,1.0,real_traffic_weather
2025-11-09 17:00:00,R5,Medium,Peak_Hour,road_type_speed_ratio,0.9949643179086416,real_traffic_weather
2025-11-09 18:00:00,R5,Medium,Peak_Hour,road_type_speed_ratio,0.9949267448938167,real_traffic_weather
2025-11-09 19:00:00,R5,Medium,Peak_Hour,road_type_speed_ratio,0.9994223393846288,real_traffic_weather
2025-11-09 20:00:00,R5,Medium,Peak_Hour,road_type_speed_ratio,0.9963977575772396,real_traffic_weather
2025-11-09 21:00:00,R5,Low,Peak_Hour,road_type_speed_ratio,1.0,real_traffic_weather
2025-11-09 22:00:00,R5,Low,Peak_Hour,road_type_speed_ratio,1.0,real_traffic_weather
2025-11-09 23:00:00,R5,Low,Peak_Hour,road_type_speed_ratio,1.0,real_traffic_weather
2025-11-10 00:00:00,R5,Medium,Peak_Hour,road_type_speed_ratio,0.97,real_traffic_weather
2025-11-10 01:00:00,R5,Low,Peak_Hour,road_type_speed_ratio,1.0,real_traffic_weather
2025-11-10 02:00:00,R5,Low,Peak_Hour,road_type_speed_ratio,1.0,real_traffic_weather
2025-11-10 03:00:00,R5,Low,Peak_Hour,road_type_speed_ratio,1.0,real_traffic_weather
2025-11-10 04:00:00,R5,Low,Peak_Hour,road_type_speed_ratio,1.0,real_traffic_weather
2025-11-10 05:00:00,R5,Low,Peak_Hour,road_type_speed_ratio,1.0,real_traffic_weather
2025-11-10 06:00:00,R5,Low,Peak_Hour,road_type_speed_ratio,1.0,real_traffic_weather
2025-11-10 07:00:00,R5,Low,Peak_Hour,road_type_speed_ratio,0.9135732734207102,real_traffic_weather
2025-11-10 08:00:00,R5,Low,Peak_Hour,road_type_speed_ratio,0.8630559046204392,real_traffic_weather
2025-11-10 09:00:00,R5,Medium,Peak_Hour,road_type_speed_ratio,0.9853436225340272,real_traffic_weather
2025-11-10 10:00:00,R5,Medium,Peak_Hour,road_type_speed_ratio,0.9897881319380708,real_traffic_weather
2025-11-10 11:00:00,R5,Low,Peak_Hour,road_type_speed_ratio,1.0,real_traffic_weather
2025-11-10 12:00:00,R5,Low,Peak_Hour,road_type_speed_ratio,1.0,real_traffic_weather
2025-11-10 13:00:00,R5,Low,Peak_Hour,road_type_speed_ratio,1.0,real_traffic_weather
2025-11-10 14:00:00,R5,Low,Peak_Hour,road_type_speed_ratio,1.0,real_traffic_weather
2025-11-10 15:00:00,R5,Low,Peak_Hour,road_type_speed_ratio,0.9995999100462035,real_traffic_weather
2025-11-10 16:00:00,R5,Low,Peak_Hour,road_type_speed_ratio,0.9995999100462035,real_traffic_weather
2025-11-10 17:00:00,R5,Medium,Peak_Hour,road_type_speed_ratio,0.9974534477166401,real_traffic_weather
2025-11-10 18:00:00,R5,Low,Peak_Hour,road_type_speed_ratio,0.872524670472607,real_traffic_weather
2025-11-10 19:00:00,R5,Medium,Peak_Hour,road_type_speed_ratio,0.9681471640633685,real_traffic_weather
2025-11-10 20:00:00,R5,Medium,Peak_Hour,road_type_speed_ratio,0.9935209740784815,real_traffic_weather
2025-11-10 21:00:00,R5,Low,Peak_Hour,road_type_speed_ratio,1.0,real_traffic_weather
2025-11-10 22:00:00,R5,Low,Peak_Hour,road_type_speed_ratio,1.0,real_traffic_weather
2025-11-10 23:00:00,R5,Low,Peak_Hour,road_type_speed_ratio,1.0,real_traffic_weather
2025-11-11 00:00:00,R5,Low,Peak_Hour,road_type_speed_ratio,1.0,real_traffic_weather
2025-11-11 01:00:00,R5,Low,Peak_Hour,road_type_speed_ratio,1.0,real_traffic_weather
2025-11-11 02:00:00,R5,Low,Peak_Hour,road_type_speed_ratio,1.0,real_traffic_weather
2025-11-11 03:00:00,R5,Low,Peak_Hour,road_type_speed_ratio,1.0,real_traffic_weather
2025-11-11 04:00:00,R5,Low,Peak_Hour,road_type_speed_ratio,1.0,real_traffic_weather
2025-11-11 05:00:00,R5,Medium,Peak_Hour,road_type_speed_ratio,0.885,real_traffic_weather
2025-11-11 06:00:00,R5,Low,Peak_Hour,road_type_speed_ratio,1.0,real_traffic_weather
2025-11-11 07:00:00,R5,Medium,Peak_Hour,road_type_speed_ratio,0.9904500121345771,real_traffic_weather
2025-11-11 08:00:00,R5,Medium,Peak_Hour,road_type_speed_ratio,0.9903890118083294,real_traffic_weather
2025-11-11 09:00:00,R5,Medium,Peak_Hour,road_type_speed_ratio,0.990203850077002,real_traffic_weather
2025-11-11 10:00:00,R5,High,Incident,road_type_speed_ratio,0.6626827439384655,proxy_incident
2025-11-11 11:00:00,R5,Low,Peak_Hour,road_type_speed_ratio,1.0,real_traffic_weather
2025-11-11 12:00:00,R5,Low,Peak_Hour,road_type_speed_ratio,1.0,real_traffic_weather
2025-11-11 13:00:00,R5,Low,Peak_Hour,road_type_speed_ratio,1.0,real_traffic_weather
2025-11-11 14:00:00,R5,Low,Peak_Hour,road_type_speed_ratio,1.0,real_traffic_weather
2025-11-11 15:00:00,R5,Low,Incident,road_type_speed_ratio,0.995,proxy_incident
2025-11-11 16:00:00,R5,Low,Peak_Hour,road_type_speed_ratio,0.9956512449229106,real_traffic_weather
2025-11-11 17:00:00,R5,Medium,Peak_Hour,road_type_speed_ratio,0.9980793196611211,real_traffic_weather
2025-11-11 18:00:00,R5,Medium,Peak_Hour,road_type_speed_ratio,0.9864427466371285,real_traffic_weather
2025-11-11 19:00:00,R5,Medium,Peak_Hour,road_type_speed_ratio,0.9840679728189967,real_traffic_weather
2025-11-11 20:00:00,R5,Low,Peak_Hour,road_type_speed_ratio,0.8960702392065252,real_traffic_weather
2025-11-11 21:00:00,R5,Low,Peak_Hour,road_type_speed_ratio,0.9995999100462035,real_traffic_weather
2025-11-11 22:00:00,R5,Low,Peak_Hour,road_type_speed_ratio,1.0,real_traffic_weather
2025-11-11 23:00:00,R5,Low,Peak_Hour,road_type_speed_ratio,1.0,real_traffic_weather
2025-11-12 00:00:00,R5,Low,Peak_Hour,road_type_speed_ratio,1.0,real_traffic_weather
2025-11-12 01:00:00,R5,Low,Peak_Hour,road_type_speed_ratio,1.0,real_traffic_weather
2025-11-12 02:00:00,R5,Low,Peak_Hour,road_type_speed_ratio,1.0,real_traffic_weather
2025-11-12 03:00:00,R5,Low,Peak_Hour,road_type_speed_ratio,1.0,real_traffic_weather
2025-11-12 04:00:00,R5,Low,Peak_Hour,road_type_speed_ratio,1.0,real_traffic_weather
2025-11-12 05:00:00,R5,Low,Peak_Hour,road_type_speed_ratio,1.0,real_traffic_weather
2025-11-12 06:00:00,R5,Low,Peak_Hour,road_type_speed_ratio,1.0,real_traffic_weather
2025-11-12 07:00:00,R5,Medium,Peak_Hour,road_type_speed_ratio,0.9938189089085266,real_traffic_weather
2025-11-12 08:00:00,R5,Medium,Peak_Hour,road_type_speed_ratio,0.9945591265324589,real_traffic_weather
2025-11-12 09:00:00,R5,Medium,Peak_Hour,road_type_speed_ratio,0.991576550151645,real_traffic_weather
2025-11-12 10:00:00,R5,Medium,Peak_Hour,road_type_speed_ratio,0.989285158158526,real_traffic_weather
2025-11-12 11:00:00,R5,Low,Peak_Hour,road_type_speed_ratio,1.0,real_traffic_weather
2025-11-12 12:00:00,R5,Low,Peak_Hour,road_type_speed_ratio,1.0,real_traffic_weather
2025-11-12 13:00:00,R5,Low,Peak_Hour,road_type_speed_ratio,1.0,real_traffic_weather
2025-11-12 14:00:00,R5,Low,Peak_Hour,road_type_speed_ratio,1.0,real_traffic_weather
2025-11-12 15:00:00,R5,Low,Peak_Hour,road_type_speed_ratio,0.9995999100462035,real_traffic_weather
2025-11-12 16:00:00,R5,Low,Peak_Hour,road_type_speed_ratio,0.9995999100462035,real_traffic_weather
2025-11-12 17:00:00,R5,Medium,Peak_Hour,road_type_speed_ratio,0.9987972573473541,real_traffic_weather
2025-11-12 18:00:00,R5,Medium,Peak_Hour,road_type_speed_ratio,0.9936376240891555,real_traffic_weather
2025-11-12 19:00:00,R5,Medium,Peak_Hour,road_type_speed_ratio,0.9949776790702153,real_traffic_weather
2025-11-12 20:00:00,R5,Medium,Peak_Hour,road_type_speed_ratio,0.9973864174688931,real_traffic_weather
2025-11-12 21:00:00,R5,Low,Peak_Hour,road_type_speed_ratio,0.9995999100462035,real_traffic_weather
2025-11-12 22:00:00,R5,Low,Peak_Hour,road_type_speed_ratio,1.0,real_traffic_weather
2025-11-12 23:00:00,R5,Low,Peak_Hour,road_type_speed_ratio,1.0,real_traffic_weather
2025-11-13 00:00:00,R5,Low,Peak_Hour,road_type_speed_ratio,1.0,real_traffic_weather
2025-11-13 01:00:00,R5,Low,Peak_Hour,road_type_speed_ratio,1.0,real_traffic_weather
2025-11-13 02:00:00,R5,Low,Peak_Hour,road_type_speed_ratio,1.0,real_traffic_weather
2025-11-13 03:00:00,R5,Low,Peak_Hour,road_type_speed_ratio,1.0,real_traffic_weather
2025-11-13 04:00:00,R5,Low,Peak_Hour,road_type_speed_ratio,1.0,real_traffic_weather
2025-11-13 05:00:00,R5,Low,Peak_Hour,road_type_speed_ratio,1.0,real_traffic_weather
2025-11-13 06:00:00,R5,Low,Incident,road_type_speed_ratio,0.99,proxy_incident
2025-11-13 07:00:00,R5,Medium,Peak_Hour,road_type_speed_ratio,0.9962088867263472,real_traffic_weather
2025-11-13 08:00:00,R5,Medium,Peak_Hour,road_type_speed_ratio,0.9973768857421481,real_traffic_weather
2025-11-13 09:00:00,R5,Medium,Peak_Hour,road_type_speed_ratio,0.992287133616827,real_traffic_weather
2025-11-13 10:00:00,R5,Medium,Peak_Hour,road_type_speed_ratio,0.9928578202794847,real_traffic_weather
2025-11-13 11:00:00,R5,Low,Peak_Hour,road_type_speed_ratio,1.0,real_traffic_weather
2025-11-13 12:00:00,R5,Low,Peak_Hour,road_type_speed_ratio,1.0,real_traffic_weather
2025-11-13 13:00:00,R5,Low,Incident,road_type_speed_ratio,0.965,proxy_incident
2025-11-13 14:00:00,R5,Low,Peak_Hour,road_type_speed_ratio,1.0,real_traffic_weather
2025-11-13 15:00:00,R5,Low,Peak_Hour,road_type_speed_ratio,0.9995999100462035,real_traffic_weather
2025-11-13 16:00:00,R5,Low,Peak_Hour,road_type_speed_ratio,1.0,real_traffic_weather
2025-11-13 17:00:00,R5,High,Peak_Hour,road_type_speed_ratio,0.94,real_traffic_weather
2025-11-13 18:00:00,R5,High,Peak_Hour,road_type_speed_ratio,0.9795938176338123,real_traffic_weather
2025-11-13 19:00:00,R5,Medium,Peak_Hour,road_type_speed_ratio,0.9934306869980556,real_traffic_weather
2025-11-13 20:00:00,R5,Medium,Peak_Hour,road_type_speed_ratio,0.6828192838877252,real_traffic_weather
2025-11-13 21:00:00,R5,Low,Peak_Hour,road_type_speed_ratio,0.9995999100462035,real_traffic_weather
2025-11-13 22:00:00,R5,Low,Peak_Hour,road_type_speed_ratio,1.0,real_traffic_weather
2025-11-13 23:00:00,R5,Low,Peak_Hour,road_type_speed_ratio,1.0,real_traffic_weather
2025-11-14 00:00:00,R5,Low,Peak_Hour,road_type_speed_ratio,0.985,real_traffic_weather
2025-11-14 01:00:00,R5,Low,Peak_Hour,road_type_speed_ratio,1.0,real_traffic_weather
2025-11-14 02:00:00,R5,Low,Peak_Hour,road_type_speed_ratio,1.0,real_traffic_weather
2025-11-14 03:00:00,R5,Low,Peak_Hour,road_type_speed_ratio,1.0,real_traffic_weather
2025-11-14 04:00:00,R5,Low,Peak_Hour,road_type_speed_ratio,1.0,real_traffic_weather
2025-11-14 05:00:00,R5,Low,Peak_Hour,road_type_speed_ratio,1.0,real_traffic_weather
2025-11-14 06:00:00,R5,Low,Peak_Hour,road_type_speed_ratio,1.0,real_traffic_weather
2025-11-14 07:00:00,R5,Medium,Peak_Hour,road_type_speed_ratio,0.983328534899006,real_traffic_weather
2025-11-14 08:00:00,R5,Medium,Peak_Hour,road_type_speed_ratio,0.9877335125196791,real_traffic_weather
2025-11-14 09:00:00,R5,Medium,Peak_Hour,road_type_speed_ratio,0.9942982099237352,real_traffic_weather
2025-11-14 10:00:00,R5,Medium,Peak_Hour,road_type_speed_ratio,0.9993119749807381,real_traffic_weather
2025-11-14 11:00:00,R5,Low,Peak_Hour,road_type_speed_ratio,1.0,real_traffic_weather
2025-11-14 12:00:00,R5,Low,Peak_Hour,road_type_speed_ratio,1.0,real_traffic_weather
2025-11-14 13:00:00,R5,Low,Peak_Hour,road_type_speed_ratio,1.0,real_traffic_weather
2025-11-14 14:00:00,R5,Low,Peak_Hour,road_type_speed_ratio,1.0,real_traffic_weather
2025-11-14 15:00:00,R5,Low,Peak_Hour,road_type_speed_ratio,0.9989314185868734,real_traffic_weather
2025-11-14 16:00:00,R5,Low,Peak_Hour,road_type_speed_ratio,0.9995999100462035,real_traffic_weather
2025-11-14 17:00:00,R5,Medium,Peak_Hour,road_type_speed_ratio,0.9986853514734889,real_traffic_weather
2025-11-14 18:00:00,R5,Medium,Peak_Hour,road_type_speed_ratio,0.9989142774026505,real_traffic_weather
2025-11-14 19:00:00,R5,Medium,Peak_Hour,road_type_speed_ratio,0.9944627560560044,real_traffic_weather
2025-11-14 20:00:00,R5,Medium,Peak_Hour,road_type_speed_ratio,0.9929040593282156,real_traffic_weather
2025-11-14 21:00:00,R5,Low,Peak_Hour,road_type_speed_ratio,0.975,real_traffic_weather
2025-11-14 22:00:00,R5,Low,Peak_Hour,road_type_speed_ratio,1.0,real_traffic_weather
2025-11-14 23:00:00,R5,Low,Peak_Hour,road_type_speed_ratio,1.0,real_traffic_weather
2025-11-15 00:00:00,R5,Low,Peak_Hour,road_type_speed_ratio,1.0,real_traffic_weather
2025-11-15 01:00:00,R5,Low,Peak_Hour,road_type_speed_ratio,1.0,real_traffic_weather
2025-11-15 02:00:00,R5,Low,Peak_Hour,road_type_speed_ratio,1.0,real_traffic_weather
2025-11-15 03:00:00,R5,Low,Peak_Hour,road_type_speed_ratio,1.0,real_traffic_weather
2025-11-15 04:00:00,R5,Low,Peak_Hour,road_type_speed_ratio,0.9988149448952405,real_traffic_weather
2025-11-15 05:00:00,R5,Low,Peak_Hour,road_type_speed_ratio,0.9921823795382969,real_traffic_weather
2025-11-15 06:00:00,R5,Low,Incident,road_type_speed_ratio,1.0,proxy_incident
2025-11-15 07:00:00,R5,Medium,Peak_Hour,road_type_speed_ratio,0.955975814982866,real_traffic_weather
2025-11-15 08:00:00,R5,Medium,Peak_Hour,road_type_speed_ratio,0.999052554224563,real_traffic_weather
2025-11-15 09:00:00,R5,Medium,Incident,road_type_speed_ratio,0.9996918678804991,proxy_incident
2025-11-15 10:00:00,R5,Medium,Peak_Hour,road_type_speed_ratio,0.9766267976285883,real_traffic_weather
2025-11-15 11:00:00,R5,Low,Peak_Hour,road_type_speed_ratio,1.0,real_traffic_weather
2025-11-15 12:00:00,R5,Low,Peak_Hour,road_type_speed_ratio,1.0,real_traffic_weather
2025-11-15 13:00:00,R5,Low,Peak_Hour,road_type_speed_ratio,1.0,real_traffic_weather
2025-11-15 14:00:00,R5,Low,Peak_Hour,road_type_speed_ratio,1.0,real_traffic_weather
2025-11-15 15:00:00,R5,Low,Peak_Hour,road_type_speed_ratio,1.0,real_traffic_weather
2025-11-15 16:00:00,R5,Low,Peak_Hour,road_type_speed_ratio,1.0,real_traffic_weather
2025-11-15 17:00:00,R5,Medium,Peak_Hour,road_type_speed_ratio,0.9978715296478999,real_traffic_weather
2025-11-15 18:00:00,R5,Medium,Peak_Hour,road_type_speed_ratio,0.9978946992202608,real_traffic_weather
2025-11-15 19:00:00,R5,High,Peak_Hour,road_type_speed_ratio,0.805,real_traffic_weather
2025-11-15 20:00:00,R5,Medium,Peak_Hour,road_type_speed_ratio,0.983375682675989,real_traffic_weather
2025-11-15 21:00:00,R5,Low,Peak_Hour,road_type_speed_ratio,1.0,real_traffic_weather
2025-11-15 22:00:00,R5,Low,Peak_Hour,road_type_speed_ratio,1.0,real_traffic_weather
2025-11-15 23:00:00,R5,Low,Peak_Hour,road_type_speed_ratio,1.0,real_traffic_weather
2025-11-16 00:00:00,R5,Low,Peak_Hour,road_type_speed_ratio,1.0,real_traffic_weather
2025-11-16 01:00:00,R5,Low,Peak_Hour,road_type_speed_ratio,1.0,real_traffic_weather
2025-11-16 02:00:00,R5,Low,Peak_Hour,road_type_speed_ratio,1.0,real_traffic_weather
2025-11-16 03:00:00,R5,Low,Peak_Hour,road_type_speed_ratio,1.0,real_traffic_weather
2025-11-16 04:00:00,R5,Low,Peak_Hour,road_type_speed_ratio,0.9988149448952405,real_traffic_weather
2025-11-16 05:00:00,R5,Medium,Peak_Hour,road_type_speed_ratio,0.9536753575033791,real_traffic_weather
2025-11-16 06:00:00,R5,Low,Peak_Hour,road_type_speed_ratio,0.9970411248866041,real_traffic_weather
2025-11-16 07:00:00,R5,High,Peak_Hour,road_type_speed_ratio,0.9382592610860805,real_traffic_weather
2025-11-16 08:00:00,R5,Medium,Peak_Hour,road_type_speed_ratio,0.9844592915841278,real_traffic_weather
2025-11-16 09:00:00,R5,Medium,Peak_Hour,road_type_speed_ratio,0.9942300835286759,real_traffic_weather
2025-11-16 10:00:00,R5,High,Peak_Hour,road_type_speed_ratio,0.855,real_traffic_weather
2025-11-16 11:00:00,R5,Low,Peak_Hour,road_type_speed_ratio,1.0,real_traffic_weather
2025-11-16 12:00:00,R5,Low,Peak_Hour,road_type_speed_ratio,1.0,real_traffic_weather
2025-11-16 13:00:00,R5,Low,Peak_Hour,road_type_speed_ratio,1.0,real_traffic_weather
2025-11-16 14:00:00,R5,Low,Peak_Hour,road_type_speed_ratio,1.0,real_traffic_weather
2025-11-16 15:00:00,R5,Low,Peak_Hour,road_type_speed_ratio,1.0,real_traffic_weather
2025-11-16 16:00:00,R5,Low,Peak_Hour,road_type_speed_ratio,1.0,real_traffic_weather
2025-11-16 17:00:00,R5,Medium,Peak_Hour,road_type_speed_ratio,0.9987227660917184,real_traffic_weather
2025-11-16 18:00:00,R5,Medium,Peak_Hour,road_type_speed_ratio,0.9993503581212078,real_traffic_weather
2025-11-16 19:00:00,R5,Medium,Peak_Hour,road_type_speed_ratio,0.9994565414972457,real_traffic_weather
2025-11-16 20:00:00,R5,Medium,Peak_Hour,road_type_speed_ratio,0.9971163529798837,real_traffic_weather
2025-11-16 21:00:00,R5,Low,Peak_Hour,road_type_speed_ratio,1.0,real_traffic_weather
2025-11-16 22:00:00,R5,Low,Peak_Hour,road_type_speed_ratio,1.0,real_traffic_weather
2025-11-16 23:00:00,R5,Low,Peak_Hour,road_type_speed_ratio,0.91,real_traffic_weather
2025-11-17 00:00:00,R5,Low,Peak_Hour,road_type_speed_ratio,0.995,real_traffic_weather
2025-11-17 01:00:00,R5,Low,Peak_Hour,road_type_speed_ratio,1.0,real_traffic_weather
2025-11-17 02:00:00,R5,Low,Peak_Hour,road_type_speed_ratio,1.0,real_traffic_weather
2025-11-17 03:00:00,R5,Low,Peak_Hour,road_type_speed_ratio,1.0,real_traffic_weather
2025-11-17 04:00:00,R5,Low,Peak_Hour,road_type_speed_ratio,1.0,real_traffic_weather
2025-11-17 05:00:00,R5,Low,Peak_Hour,road_type_speed_ratio,1.0,real_traffic_weather
2025-11-17 06:00:00,R5,Low,Peak_Hour,road_type_speed_ratio,1.0,real_traffic_weather
2025-11-17 07:00:00,R5,Low,Peak_Hour,road_type_speed_ratio,0.8822483820203826,real_traffic_weather
2025-11-17 08:00:00,R5,Medium,Peak_Hour,road_type_speed_ratio,0.9918829579594349,real_traffic_weather
2025-11-17 09:00:00,R5,Low,Peak_Hour,road_type_speed_ratio,0.8802328924277723,real_traffic_weather
2025-11-17 10:00:00,R5,Medium,Peak_Hour,road_type_speed_ratio,0.9728454352157969,real_traffic_weather
2025-11-17 11:00:00,R5,Low,Peak_Hour,road_type_speed_ratio,1.0,real_traffic_weather
2025-11-17 12:00:00,R5,Low,Peak_Hour,road_type_speed_ratio,1.0,real_traffic_weather
2025-11-17 13:00:00,R5,Low,Peak_Hour,road_type_speed_ratio,1.0,real_traffic_weather
2025-11-17 14:00:00,R5,Low,Peak_Hour,road_type_speed_ratio,1.0,real_traffic_weather
2025-11-17 15:00:00,R5,Low,Peak_Hour,road_type_speed_ratio,0.9995999100462035,real_traffic_weather
2025-11-17 16:00:00,R5,Low,Peak_Hour,road_type_speed_ratio,0.9995999100462035,real_traffic_weather
2025-11-17 17:00:00,R5,Medium,Peak_Hour,road_type_speed_ratio,0.9926217141316769,real_traffic_weather
2025-11-17 18:00:00,R5,Medium,Peak_Hour,road_type_speed_ratio,0.9925296847934197,real_traffic_weather
2025-11-17 19:00:00,R5,Medium,Peak_Hour,road_type_speed_ratio,0.9672621873689862,real_traffic_weather
2025-11-17 20:00:00,R5,Medium,Peak_Hour,road_type_speed_ratio,0.991495346548826,real_traffic_weather
2025-11-17 21:00:00,R5,Low,Peak_Hour,road_type_speed_ratio,0.9995999100462035,real_traffic_weather
2025-11-17 22:00:00,R5,Low,Peak_Hour,road_type_speed_ratio,1.0,real_traffic_weather
2025-11-17 23:00:00,R5,Low,Peak_Hour,road_type_speed_ratio,1.0,real_traffic_weather
2025-11-18 00:00:00,R5,Low,Peak_Hour,road_type_speed_ratio,1.0,real_traffic_weather
2025-11-18 01:00:00,R5,Low,Peak_Hour,road_type_speed_ratio,1.0,real_traffic_weather
2025-11-18 02:00:00,R5,Low,Peak_Hour,road_type_speed_ratio,1.0,real_traffic_weather
2025-11-18 03:00:00,R5,Low,Peak_Hour,road_type_speed_ratio,1.0,real_traffic_weather
2025-11-18 04:00:00,R5,Medium,Peak_Hour,road_type_speed_ratio,0.955,real_traffic_weather
2025-11-18 05:00:00,R5,Low,Peak_Hour,road_type_speed_ratio,1.0,real_traffic_weather
2025-11-18 06:00:00,R5,Low,Peak_Hour,road_type_speed_ratio,1.0,real_traffic_weather
2025-11-18 07:00:00,R5,Medium,Peak_Hour,road_type_speed_ratio,0.991053998609637,real_traffic_weather
2025-11-18 08:00:00,R5,Low,Peak_Hour,road_type_speed_ratio,0.8450119594342936,real_traffic_weather
2025-11-18 09:00:00,R5,Medium,Peak_Hour,road_type_speed_ratio,0.987577317000607,real_traffic_weather
2025-11-18 10:00:00,R5,Medium,Peak_Hour,road_type_speed_ratio,0.990453439797999,real_traffic_weather
2025-11-18 11:00:00,R5,Low,Peak_Hour,road_type_speed_ratio,1.0,real_traffic_weather
2025-11-18 12:00:00,R5,Low,Peak_Hour,road_type_speed_ratio,1.0,real_traffic_weather
2025-11-18 13:00:00,R5,Low,Peak_Hour,road_type_speed_ratio,1.0,real_traffic_weather
2025-11-18 14:00:00,R5,Low,Peak_Hour,road_type_speed_ratio,1.0,real_traffic_weather
2025-11-18 15:00:00,R5,Low,Peak_Hour,road_type_speed_ratio,0.9995999100462035,real_traffic_weather
2025-11-18 16:00:00,R5,Low,Peak_Hour,road_type_speed_ratio,0.9995999100462035,real_traffic_weather
2025-11-18 17:00:00,R5,Medium,Peak_Hour,road_type_speed_ratio,0.9978922703978873,real_traffic_weather
2025-11-18 18:00:00,R5,Medium,Peak_Hour,road_type_speed_ratio,0.980343112771594,real_traffic_weather
2025-11-18 19:00:00,R5,Low,Peak_Hour,road_type_speed_ratio,0.8780934182133443,real_traffic_weather
2025-11-18 20:00:00,R5,Medium,Peak_Hour,road_type_speed_ratio,0.9922157169303274,real_traffic_weather
2025-11-18 21:00:00,R5,Low,Peak_Hour,road_type_speed_ratio,0.9995999100462035,real_traffic_weather
2025-11-18 22:00:00,R5,Low,Peak_Hour,road_type_speed_ratio,1.0,real_traffic_weather
2025-11-18 23:00:00,R5,Low,Peak_Hour,road_type_speed_ratio,1.0,real_traffic_weather
2025-11-19 00:00:00,R5,Low,Peak_Hour,road_type_speed_ratio,1.0,real_traffic_weather
2025-11-19 01:00:00,R5,Low,Peak_Hour,road_type_speed_ratio,1.0,real_traffic_weather
2025-11-19 02:00:00,R5,Low,Peak_Hour,road_type_speed_ratio,1.0,real_traffic_weather
2025-11-19 03:00:00,R5,Low,Peak_Hour,road_type_speed_ratio,1.0,real_traffic_weather
2025-11-19 04:00:00,R5,Low,Peak_Hour,road_type_speed_ratio,1.0,real_traffic_weather
2025-11-19 05:00:00,R5,Low,Peak_Hour,road_type_speed_ratio,1.0,real_traffic_weather
2025-11-19 06:00:00,R5,Low,Peak_Hour,road_type_speed_ratio,1.0,real_traffic_weather
2025-11-19 07:00:00,R5,Medium,Incident,road_type_speed_ratio,0.9966332398157232,proxy_incident
2025-11-19 08:00:00,R5,Medium,Peak_Hour,road_type_speed_ratio,0.9892056420804777,real_traffic_weather
2025-11-19 09:00:00,R5,Medium,Peak_Hour,road_type_speed_ratio,0.9926104914988795,real_traffic_weather
2025-11-19 10:00:00,R5,Medium,Peak_Hour,road_type_speed_ratio,0.9915221655406314,real_traffic_weather
2025-11-19 11:00:00,R5,Low,Peak_Hour,road_type_speed_ratio,1.0,real_traffic_weather
2025-11-19 12:00:00,R5,Low,Peak_Hour,road_type_speed_ratio,1.0,real_traffic_weather
2025-11-19 13:00:00,R5,Low,Incident,road_type_speed_ratio,0.99,proxy_incident
2025-11-19 14:00:00,R5,Low,Peak_Hour,road_type_speed_ratio,1.0,real_traffic_weather
2025-11-19 15:00:00,R5,Low,Peak_Hour,road_type_speed_ratio,0.9995999100462035,real_traffic_weather
2025-11-19 16:00:00,R5,Low,Peak_Hour,road_type_speed_ratio,1.0,real_traffic_weather
2025-11-19 17:00:00,R5,Medium,Peak_Hour,road_type_speed_ratio,0.9930733404313137,real_traffic_weather
2025-11-19 18:00:00,R5,Medium,Peak_Hour,road_type_speed_ratio,0.9942991111008475,real_traffic_weather
2025-11-19 19:00:00,R5,Low,Peak_Hour,road_type_speed_ratio,0.8965310225222614,real_traffic_weather
2025-11-19 20:00:00,R5,Medium,Peak_Hour,road_type_speed_ratio,0.9976191743918938,real_traffic_weather
2025-11-19 21:00:00,R5,Low,Peak_Hour,road_type_speed_ratio,1.0,real_traffic_weather
2025-11-19 22:00:00,R5,Low,Peak_Hour,road_type_speed_ratio,1.0,real_traffic_weather
2025-11-19 23:00:00,R5,Low,Peak_Hour,road_type_speed_ratio,1.0,real_traffic_weather
2025-11-20 00:00:00,R5,Low,Peak_Hour,road_type_speed_ratio,1.0,real_traffic_weather
2025-11-20 01:00:00,R5,Low,Peak_Hour,road_type_speed_ratio,1.0,real_traffic_weather
2025-11-20 02:00:00,R5,Low,Peak_Hour,road_type_speed_ratio,1.0,real_traffic_weather
2025-11-20 03:00:00,R5,Low,Peak_Hour,road_type_speed_ratio,1.0,real_traffic_weather
2025-11-20 04:00:00,R5,Low,Peak_Hour,road_type_speed_ratio,1.0,real_traffic_weather
2025-11-20 05:00:00,R5,Low,Peak_Hour,road_type_speed_ratio,1.0,real_traffic_weather
2025-11-20 06:00:00,R5,Low,Peak_Hour,road_type_speed_ratio,1.0,real_traffic_weather
2025-11-20 07:00:00,R5,Medium,Peak_Hour,road_type_speed_ratio,0.9946540141391342,real_traffic_weather
2025-11-20 08:00:00,R5,Medium,Peak_Hour,road_type_speed_ratio,0.9970206980300617,real_traffic_weather
2025-11-20 09:00:00,R5,Medium,Peak_Hour,road_type_speed_ratio,0.9942646089046292,real_traffic_weather
2025-11-20 10:00:00,R5,Medium,Peak_Hour,road_type_speed_ratio,0.9990016101563465,real_traffic_weather
2025-11-20 11:00:00,R5,Low,Peak_Hour,road_type_speed_ratio,1.0,real_traffic_weather
2025-11-20 12:00:00,R5,Low,Peak_Hour,road_type_speed_ratio,1.0,real_traffic_weather
2025-11-20 13:00:00,R5,Low,Peak_Hour,road_type_speed_ratio,1.0,real_traffic_weather
2025-11-20 14:00:00,R5,Low,Peak_Hour,road_type_speed_ratio,1.0,real_traffic_weather
2025-11-20 15:00:00,R5,Low,Peak_Hour,road_type_speed_ratio,1.0,real_traffic_weather
2025-11-20 16:00:00,R5,Low,Peak_Hour,road_type_speed_ratio,0.9941358352899542,real_traffic_weather
2025-11-20 17:00:00,R5,Medium,Peak_Hour,road_type_speed_ratio,0.9921788933110116,real_traffic_weather
2025-11-20 18:00:00,R5,Medium,Peak_Hour,road_type_speed_ratio,0.9794198054524464,real_traffic_weather
2025-11-20 19:00:00,R5,Medium,Peak_Hour,road_type_speed_ratio,0.9955181278346386,real_traffic_weather
2025-11-20 20:00:00,R5,Medium,Peak_Hour,road_type_speed_ratio,0.9758367442848922,real_traffic_weather
2025-11-20 21:00:00,R5,Low,Peak_Hour,road_type_speed_ratio,0.9995999100462035,real_traffic_weather
2025-11-20 22:00:00,R5,Low,Peak_Hour,road_type_speed_ratio,1.0,real_traffic_weather
2025-11-20 23:00:00,R5,Low,Peak_Hour,road_type_speed_ratio,1.0,real_traffic_weather
2025-11-21 00:00:00,R5,Low,Peak_Hour,road_type_speed_ratio,1.0,real_traffic_weather
2025-11-21 01:00:00,R5,Low,Peak_Hour,road_type_speed_ratio,1.0,real_traffic_weather
2025-11-21 02:00:00,R5,Low,Peak_Hour,road_type_speed_ratio,1.0,real_traffic_weather
2025-11-21 03:00:00,R5,Low,Peak_Hour,road_type_speed_ratio,1.0,real_traffic_weather
2025-11-21 04:00:00,R5,Low,Peak_Hour,road_type_speed_ratio,1.0,real_traffic_weather
2025-11-21 05:00:00,R5,Low,Peak_Hour,road_type_speed_ratio,1.0,real_traffic_weather
2025-11-21 06:00:00,R5,Low,Peak_Hour,road_type_speed_ratio,1.0,real_traffic_weather
2025-11-21 07:00:00,R5,Low,Peak_Hour,road_type_speed_ratio,0.8568980579095836,real_traffic_weather
2025-11-21 08:00:00,R5,Medium,Peak_Hour,road_type_speed_ratio,0.9949942038896594,real_traffic_weather
2025-11-21 09:00:00,R5,Medium,Peak_Hour,road_type_speed_ratio,0.9942196189573184,real_traffic_weather
2025-11-21 10:00:00,R5,Medium,Peak_Hour,road_type_speed_ratio,0.9943119749807381,real_traffic_weather
2025-11-21 11:00:00,R5,Low,Peak_Hour,road_type_speed_ratio,1.0,real_traffic_weather
2025-11-21 12:00:00,R5,Low,Peak_Hour,road_type_speed_ratio,1.0,real_traffic_weather
2025-11-21 13:00:00,R5,Low,Peak_Hour,road_type_speed_ratio,1.0,real_traffic_weather
2025-11-21 14:00:00,R5,Low,Peak_Hour,road_type_speed_ratio,1.0,real_traffic_weather
2025-11-21 15:00:00,R5,Low,Incident,road_type_speed_ratio,1.0,proxy_incident
2025-11-21 16:00:00,R5,Low,Peak_Hour,road_type_speed_ratio,1.0,real_traffic_weather
2025-11-21 17:00:00,R5,Medium,Peak_Hour,road_type_speed_ratio,0.9594200168448103,real_traffic_weather
2025-11-21 18:00:00,R5,Medium,Peak_Hour,road_type_speed_ratio,0.9969420213628183,real_traffic_weather
2025-11-21 19:00:00,R5,Medium,Peak_Hour,road_type_speed_ratio,0.9979633982963263,real_traffic_weather
2025-11-21 20:00:00,R5,Medium,Peak_Hour,road_type_speed_ratio,0.9975485992802422,real_traffic_weather
2025-11-21 21:00:00,R5,Low,Peak_Hour,road_type_speed_ratio,0.9995999100462035,real_traffic_weather
2025-11-21 22:00:00,R5,Low,Peak_Hour,road_type_speed_ratio,1.0,real_traffic_weather
2025-11-21 23:00:00,R5,Low,Peak_Hour,road_type_speed_ratio,1.0,real_traffic_weather
2025-11-22 00:00:00,R5,Low,Peak_Hour,road_type_speed_ratio,1.0,real_traffic_weather
2025-11-22 01:00:00,R5,Low,Peak_Hour,road_type_speed_ratio,1.0,real_traffic_weather
2025-11-22 02:00:00,R5,Low,Peak_Hour,road_type_speed_ratio,1.0,real_traffic_weather
2025-11-22 03:00:00,R5,Low,Peak_Hour,road_type_speed_ratio,1.0,real_traffic_weather
2025-11-22 04:00:00,R5,Low,Peak_Hour,road_type_speed_ratio,0.9988149448952405,real_traffic_weather
2025-11-22 05:00:00,R5,Low,Peak_Hour,road_type_speed_ratio,0.9971823795382968,real_traffic_weather
2025-11-22 06:00:00,R5,Low,Peak_Hour,road_type_speed_ratio,1.0,real_traffic_weather
2025-11-22 07:00:00,R5,Medium,Peak_Hour,road_type_speed_ratio,0.9500421046783285,real_traffic_weather
2025-11-22 08:00:00,R5,Medium,Peak_Hour,road_type_speed_ratio,0.9881659122386472,real_traffic_weather
2025-11-22 09:00:00,R5,Medium,Peak_Hour,road_type_speed_ratio,0.9929991887448856,real_traffic_weather
2025-11-22 10:00:00,R5,Medium,Peak_Hour,road_type_speed_ratio,0.9926020861786664,real_traffic_weather
2025-11-22 11:00:00,R5,Low,Peak_Hour,road_type_speed_ratio,1.0,real_traffic_weather
2025-11-22 12:00:00,R5,Low,Peak_Hour,road_type_speed_ratio,1.0,real_traffic_weather
2025-11-22 13:00:00,R5,Low,Peak_Hour,road_type_speed_ratio,1.0,real_traffic_weather
2025-11-22 14:00:00,R5,Low,Peak_Hour,road_type_speed_ratio,1.0,real_traffic_weather
2025-11-22 15:00:00,R5,Low,Peak_Hour,road_type_speed_ratio,1.0,real_traffic_weather
2025-11-22 16:00:00,R5,Low,Peak_Hour,road_type_speed_ratio,1.0,real_traffic_weather
2025-11-22 17:00:00,R5,Medium,Peak_Hour,road_type_speed_ratio,0.9961440456646732,real_traffic_weather
2025-11-22 18:00:00,R5,Medium,Peak_Hour,road_type_speed_ratio,0.9988253692520027,real_traffic_weather
2025-11-22 19:00:00,R5,Medium,Peak_Hour,road_type_speed_ratio,0.994103590557028,real_traffic_weather
2025-11-22 20:00:00,R5,High,Peak_Hour,road_type_speed_ratio,0.905,real_traffic_weather
2025-11-22 21:00:00,R5,Low,Peak_Hour,road_type_speed_ratio,1.0,real_traffic_weather
2025-11-22 22:00:00,R5,Low,Peak_Hour,road_type_speed_ratio,1.0,real_traffic_weather
2025-11-22 23:00:00,R5,Low,Peak_Hour,road_type_speed_ratio,1.0,real_traffic_weather
2025-11-23 00:00:00,R5,Low,Peak_Hour,road_type_speed_ratio,1.0,real_traffic_weather
2025-11-23 01:00:00,R5,Low,Peak_Hour,road_type_speed_ratio,1.0,real_traffic_weather
2025-11-23 02:00:00,R5,Low,Peak_Hour,road_type_speed_ratio,1.0,real_traffic_weather
2025-11-23 03:00:00,R5,Low,Peak_Hour,road_type_speed_ratio,1.0,real_traffic_weather
2025-11-23 04:00:00,R5,Low,Peak_Hour,road_type_speed_ratio,0.98,real_traffic_weather
2025-11-23 05:00:00,R5,Low,Peak_Hour,road_type_speed_ratio,0.9992835176100169,real_traffic_weather
2025-11-23 06:00:00,R5,Low,Peak_Hour,road_type_speed_ratio,0.9970411248866041,real_traffic_weather
2025-11-23 07:00:00,R5,Medium,Peak_Hour,road_type_speed_ratio,0.9877665912381,real_traffic_weather
2025-11-23 08:00:00,R5,Medium,Peak_Hour,road_type_speed_ratio,0.9759392454265228,real_traffic_weather
2025-11-23 09:00:00,R5,Medium,Peak_Hour,road_type_speed_ratio,0.9977405570045687,real_traffic_weather
2025-11-23 10:00:00,R5,Medium,Peak_Hour,road_type_speed_ratio,0.9889282637556711,real_traffic_weather
2025-11-23 11:00:00,R5,Low,Peak_Hour,road_type_speed_ratio,1.0,real_traffic_weather
2025-11-23 12:00:00,R5,Low,Peak_Hour,road_type_speed_ratio,1.0,real_traffic_weather
2025-11-23 13:00:00,R5,Low,Peak_Hour,road_type_speed_ratio,1.0,real_traffic_weather
2025-11-23 14:00:00,R5,Low,Peak_Hour,road_type_speed_ratio,1.0,real_traffic_weather
2025-11-23 15:00:00,R5,Low,Peak_Hour,road_type_speed_ratio,1.0,real_traffic_weather
2025-11-23 16:00:00,R5,Low,Peak_Hour,road_type_speed_ratio,1.0,real_traffic_weather
2025-11-23 17:00:00,R5,Medium,Peak_Hour,road_type_speed_ratio,0.9941910011645152,real_traffic_weather
2025-11-23 18:00:00,R5,Medium,Peak_Hour,road_type_speed_ratio,0.9993503581212078,real_traffic_weather
2025-11-23 19:00:00,R5,Medium,Peak_Hour,road_type_speed_ratio,0.9994565414972457,real_traffic_weather
2025-11-23 20:00:00,R5,Medium,Peak_Hour,road_type_speed_ratio,0.9974703544543432,real_traffic_weather
2025-11-23 21:00:00,R5,Low,Peak_Hour,road_type_speed_ratio,1.0,real_traffic_weather
2025-11-23 22:00:00,R5,Low,Peak_Hour,road_type_speed_ratio,1.0,real_traffic_weather
2025-11-23 23:00:00,R5,Low,Peak_Hour,road_type_speed_ratio,1.0,real_traffic_weather
2025-11-24 00:00:00,R5,Low,Peak_Hour,road_type_speed_ratio,1.0,real_traffic_weather
2025-11-24 01:00:00,R5,Low,Peak_Hour,road_type_speed_ratio,1.0,real_traffic_weather
2025-11-24 02:00:00,R5,Low,Peak_Hour,road_type_speed_ratio,1.0,real_traffic_weather
2025-11-24 03:00:00,R5,Low,Peak_Hour,road_type_speed_ratio,1.0,real_traffic_weather
2025-11-24 04:00:00,R5,Low,Peak_Hour,road_type_speed_ratio,1.0,real_traffic_weather
2025-11-24 05:00:00,R5,Low,Peak_Hour,road_type_speed_ratio,1.0,real_traffic_weather
2025-11-24 06:00:00,R5,Low,Peak_Hour,road_type_speed_ratio,1.0,real_traffic_weather
2025-11-24 07:00:00,R5,Medium,Peak_Hour,road_type_speed_ratio,0.983539467752958,real_traffic_weather
2025-11-24 08:00:00,R5,Medium,Peak_Hour,road_type_speed_ratio,0.9859167833597668,real_traffic_weather
2025-11-24 09:00:00,R5,High,Peak_Hour,road_type_speed_ratio,0.947880370204264,real_traffic_weather
2025-11-24 10:00:00,R5,Medium,Peak_Hour,road_type_speed_ratio,0.9850330793640191,real_traffic_weather
2025-11-24 11:00:00,R5,Low,Peak_Hour,road_type_speed_ratio,1.0,real_traffic_weather
2025-11-24 12:00:00,R5,Low,Peak_Hour,road_type_speed_ratio,1.0,real_traffic_weather
2025-11-24 13:00:00,R5,Low,Peak_Hour,road_type_speed_ratio,1.0,real_traffic_weather
2025-11-24 14:00:00,R5,Low,Peak_Hour,road_type_speed_ratio,1.0,real_traffic_weather
2025-11-24 15:00:00,R5,Low,Peak_Hour,road_type_speed_ratio,0.9995999100462035,real_traffic_weather
2025-11-24 16:00:00,R5,Low,Peak_Hour,road_type_speed_ratio,0.9941358352899542,real_traffic_weather
2025-11-24 17:00:00,R5,Medium,Peak_Hour,road_type_speed_ratio,0.9974534477166401,real_traffic_weather
2025-11-24 18:00:00,R5,Medium,Peak_Hour,road_type_speed_ratio,0.9978557986816307,real_traffic_weather
2025-11-24 19:00:00,R5,Low,Peak_Hour,road_type_speed_ratio,0.8555554829615158,real_traffic_weather
2025-11-24 20:00:00,R5,Medium,Peak_Hour,road_type_speed_ratio,0.9886011191884628,real_traffic_weather
2025-11-24 21:00:00,R5,Low,Peak_Hour,road_type_speed_ratio,1.0,real_traffic_weather
2025-11-24 22:00:00,R5,Low,Peak_Hour,road_type_speed_ratio,1.0,real_traffic_weather
2025-11-24 23:00:00,R5,Low,Peak_Hour,road_type_speed_ratio,1.0,real_traffic_weather
2025-11-25 00:00:00,R5,Low,Peak_Hour,road_type_speed_ratio,0.985,real_traffic_weather
2025-11-25 01:00:00,R5,Low,Peak_Hour,road_type_speed_ratio,1.0,real_traffic_weather
2025-11-25 02:00:00,R5,Low,Peak_Hour,road_type_speed_ratio,1.0,real_traffic_weather
2025-11-25 03:00:00,R5,Low,Peak_Hour,road_type_speed_ratio,0.995,real_traffic_weather
2025-11-25 04:00:00,R5,Low,Peak_Hour,road_type_speed_ratio,1.0,real_traffic_weather
2025-11-25 05:00:00,R5,Low,Peak_Hour,road_type_speed_ratio,1.0,real_traffic_weather
2025-11-25 06:00:00,R5,Low,Peak_Hour,road_type_speed_ratio,1.0,real_traffic_weather
2025-11-25 07:00:00,R5,Medium,Peak_Hour,road_type_speed_ratio,0.9695555471439162,real_traffic_weather
2025-11-25 08:00:00,R5,Medium,Peak_Hour,road_type_speed_ratio,0.9924484380502908,real_traffic_weather
2025-11-25 09:00:00,R5,Medium,Peak_Hour,road_type_speed_ratio,0.9903573112349032,real_traffic_weather
2025-11-25 10:00:00,R5,Medium,Peak_Hour,road_type_speed_ratio,0.9876444330984806,real_traffic_weather
2025-11-25 11:00:00,R5,Low,Peak_Hour,road_type_speed_ratio,1.0,real_traffic_weather
2025-11-25 12:00:00,R5,Low,Peak_Hour,road_type_speed_ratio,1.0,real_traffic_weather
2025-11-25 13:00:00,R5,Low,Peak_Hour,road_type_speed_ratio,1.0,real_traffic_weather
2025-11-25 14:00:00,R5,Low,Peak_Hour,road_type_speed_ratio,1.0,real_traffic_weather
2025-11-25 15:00:00,R5,Low,Peak_Hour,road_type_speed_ratio,1.0,real_traffic_weather
2025-11-25 16:00:00,R5,Low,Peak_Hour,road_type_speed_ratio,0.9995999100462035,real_traffic_weather
2025-11-25 17:00:00,R5,Medium,Peak_Hour,road_type_speed_ratio,0.9976343706079781,real_traffic_weather
2025-11-25 18:00:00,R5,High,Peak_Hour,road_type_speed_ratio,0.9488156255276508,real_traffic_weather
2025-11-25 19:00:00,R5,Medium,Peak_Hour,road_type_speed_ratio,0.9744097019292473,real_traffic_weather
2025-11-25 20:00:00,R5,Medium,Peak_Hour,road_type_speed_ratio,0.9847426810150676,real_traffic_weather
2025-11-25 21:00:00,R5,Low,Peak_Hour,road_type_speed_ratio,0.9995999100462035,real_traffic_weather
2025-11-25 22:00:00,R5,Low,Peak_Hour,road_type_speed_ratio,1.0,real_traffic_weather
2025-11-25 23:00:00,R5,Low,Peak_Hour,road_type_speed_ratio,1.0,real_traffic_weather
2025-11-26 00:00:00,R5,Low,Peak_Hour,road_type_speed_ratio,1.0,real_traffic_weather
2025-11-26 01:00:00,R5,Low,Peak_Hour,road_type_speed_ratio,1.0,real_traffic_weather
2025-11-26 02:00:00,R5,Low,Peak_Hour,road_type_speed_ratio,1.0,real_traffic_weather
2025-11-26 03:00:00,R5,Low,Peak_Hour,road_type_speed_ratio,0.995,real_traffic_weather
2025-11-26 04:00:00,R5,Low,Peak_Hour,road_type_speed_ratio,1.0,real_traffic_weather
2025-11-26 05:00:00,R5,Low,Peak_Hour,road_type_speed_ratio,1.0,real_traffic_weather
2025-11-26 06:00:00,R5,Low,Peak_Hour,road_type_speed_ratio,1.0,real_traffic_weather
2025-11-26 07:00:00,R5,Medium,Peak_Hour,road_type_speed_ratio,0.9812446076812205,real_traffic_weather
2025-11-26 08:00:00,R5,Medium,Peak_Hour,road_type_speed_ratio,0.9915857130920237,real_traffic_weather
2025-11-26 09:00:00,R5,Medium,Peak_Hour,road_type_speed_ratio,0.9828607399071262,real_traffic_weather
2025-11-26 10:00:00,R5,High,Peak_Hour,road_type_speed_ratio,0.9425989857447291,real_traffic_weather
2025-11-26 11:00:00,R5,Low,Peak_Hour,road_type_speed_ratio,1.0,real_traffic_weather
2025-11-26 12:00:00,R5,Low,Peak_Hour,road_type_speed_ratio,1.0,real_traffic_weather
2025-11-26 13:00:00,R5,Low,Peak_Hour,road_type_speed_ratio,1.0,real_traffic_weather
2025-11-26 14:00:00,R5,Low,Peak_Hour,road_type_speed_ratio,1.0,real_traffic_weather
2025-11-26 15:00:00,R5,Low,Peak_Hour,road_type_speed_ratio,0.9995999100462035,real_traffic_weather
2025-11-26 16:00:00,R5,Low,Peak_Hour,road_type_speed_ratio,0.9995999100462035,real_traffic_weather
2025-11-26 17:00:00,R5,Medium,Peak_Hour,road_type_speed_ratio,0.9985308072954058,real_traffic_weather
2025-11-26 18:00:00,R5,Medium,Peak_Hour,road_type_speed_ratio,0.9886191943750027,real_traffic_weather
2025-11-26 19:00:00,R5,Medium,Peak_Hour,road_type_speed_ratio,0.9964012719607512,real_traffic_weather
2025-11-26 20:00:00,R5,Medium,Peak_Hour,road_type_speed_ratio,0.9980828663279137,real_traffic_weather
2025-11-26 21:00:00,R5,Medium,Peak_Hour,road_type_speed_ratio,0.9594653163767296,real_traffic_weather
2025-11-26 22:00:00,R5,Low,Peak_Hour,road_type_speed_ratio,1.0,real_traffic_weather
2025-11-26 23:00:00,R5,Low,Peak_Hour,road_type_speed_ratio,1.0,real_traffic_weather
2025-11-27 00:00:00,R5,Low,Peak_Hour,road_type_speed_ratio,1.0,real_traffic_weather
2025-11-27 01:00:00,R5,Low,Peak_Hour,road_type_speed_ratio,1.0,real_traffic_weather
2025-11-27 02:00:00,R5,Low,Peak_Hour,road_type_speed_ratio,1.0,real_traffic_weather
2025-11-27 03:00:00,R5,Low,Peak_Hour,road_type_speed_ratio,1.0,real_traffic_weather
2025-11-27 04:00:00,R5,Low,Peak_Hour,road_type_speed_ratio,1.0,real_traffic_weather
2025-11-27 05:00:00,R5,Low,Peak_Hour,road_type_speed_ratio,1.0,real_traffic_weather
2025-11-27 06:00:00,R5,Low,Peak_Hour,road_type_speed_ratio,1.0,real_traffic_weather
2025-11-27 07:00:00,R5,Low,Peak_Hour,is_peak_hour,0.6889988336326464,real_traffic_weather
2025-11-27 08:00:00,R5,Medium,Peak_Hour,road_type_speed_ratio,0.996685561346402,real_traffic_weather
2025-11-27 09:00:00,R5,Medium,Peak_Hour,road_type_speed_ratio,0.9918623801323483,real_traffic_weather
2025-11-27 10:00:00,R5,Medium,Peak_Hour,road_type_speed_ratio,0.9989937410431835,real_traffic_weather
2025-11-27 11:00:00,R5,Low,Peak_Hour,road_type_speed_ratio,1.0,real_traffic_weather
2025-11-27 12:00:00,R5,Low,Peak_Hour,road_type_speed_ratio,1.0,real_traffic_weather
2025-11-27 13:00:00,R5,Low,Peak_Hour,road_type_speed_ratio,1.0,real_traffic_weather
2025-11-27 14:00:00,R5,Low,Peak_Hour,road_type_speed_ratio,1.0,real_traffic_weather
2025-11-27 15:00:00,R5,Low,Peak_Hour,road_type_speed_ratio,1.0,real_traffic_weather
2025-11-27 16:00:00,R5,Low,Peak_Hour,road_type_speed_ratio,0.9995999100462035,real_traffic_weather
2025-11-27 17:00:00,R5,Medium,Peak_Hour,road_type_speed_ratio,0.9980233513089887,real_traffic_weather
2025-11-27 18:00:00,R5,Medium,Peak_Hour,road_type_speed_ratio,0.9803608084402927,real_traffic_weather
2025-11-27 19:00:00,R5,Medium,Peak_Hour,road_type_speed_ratio,0.994319891686467,real_traffic_weather
2025-11-27 20:00:00,R5,Medium,Peak_Hour,road_type_speed_ratio,0.9973133263648926,real_traffic_weather
2025-11-27 21:00:00,R5,Low,Peak_Hour,road_type_speed_ratio,0.9945999100462035,real_traffic_weather
2025-11-27 22:00:00,R5,Low,Peak_Hour,road_type_speed_ratio,1.0,real_traffic_weather
2025-11-27 23:00:00,R5,Low,Peak_Hour,road_type_speed_ratio,1.0,real_traffic_weather
2025-11-28 00:00:00,R5,Low,Peak_Hour,road_type_speed_ratio,1.0,real_traffic_weather
2025-11-28 01:00:00,R5,Low,Peak_Hour,road_type_speed_ratio,1.0,real_traffic_weather
2025-11-28 02:00:00,R5,Low,Incident,road_type_speed_ratio,1.0,proxy_incident
2025-11-28 03:00:00,R5,Low,Peak_Hour,road_type_speed_ratio,1.0,real_traffic_weather
2025-11-28 04:00:00,R5,Low,Peak_Hour,road_type_speed_ratio,1.0,real_traffic_weather
2025-11-28 05:00:00,R5,Low,Peak_Hour,road_type_speed_ratio,1.0,real_traffic_weather
2025-11-28 06:00:00,R5,Low,Peak_Hour,road_type_speed_ratio,1.0,real_traffic_weather
2025-11-28 07:00:00,R5,Medium,Peak_Hour,road_type_speed_ratio,0.9766748627116398,real_traffic_weather
2025-11-28 08:00:00,R5,Medium,Peak_Hour,road_type_speed_ratio,0.9975276895037346,real_traffic_weather
2025-11-28 09:00:00,R5,Medium,Peak_Hour,road_type_speed_ratio,0.9939422535877124,real_traffic_weather
2025-11-28 10:00:00,R5,Medium,Peak_Hour,road_type_speed_ratio,0.9981799808742947,real_traffic_weather
2025-11-28 11:00:00,R5,Low,Peak_Hour,road_type_speed_ratio,1.0,real_traffic_weather
2025-11-28 12:00:00,R5,Low,Peak_Hour,road_type_speed_ratio,1.0,real_traffic_weather
2025-11-28 13:00:00,R5,Low,Peak_Hour,road_type_speed_ratio,1.0,real_traffic_weather
2025-11-28 14:00:00,R5,Low,Peak_Hour,road_type_speed_ratio,1.0,real_traffic_weather
2025-11-28 15:00:00,R5,Low,Peak_Hour,road_type_speed_ratio,0.9955064973408112,real_traffic_weather
2025-11-28 16:00:00,R5,Low,Peak_Hour,road_type_speed_ratio,0.9995999100462035,real_traffic_weather
2025-11-28 17:00:00,R5,Medium,Peak_Hour,road_type_speed_ratio,0.9985671511744526,real_traffic_weather
2025-11-28 18:00:00,R5,Low,Peak_Hour,road_type_speed_ratio,0.8571679185076684,real_traffic_weather
2025-11-28 19:00:00,R5,Low,Peak_Hour,road_type_speed_ratio,0.853993899107406,real_traffic_weather
2025-11-28 20:00:00,R5,Medium,Peak_Hour,road_type_speed_ratio,0.9973864174688931,real_traffic_weather
2025-11-28 21:00:00,R5,Low,Peak_Hour,road_type_speed_ratio,0.9995999100462035,real_traffic_weather
2025-11-28 22:00:00,R5,Low,Peak_Hour,road_type_speed_ratio,1.0,real_traffic_weather
2025-11-28 23:00:00,R5,Low,Peak_Hour,road_type_speed_ratio,1.0,real_traffic_weather
2025-11-29 00:00:00,R5,Low,Peak_Hour,road_type_speed_ratio,1.0,real_traffic_weather
2025-11-29 01:00:00,R5,Low,Peak_Hour,road_type_speed_ratio,0.99,real_traffic_weather
2025-11-29 02:00:00,R5,Low,Peak_Hour,road_type_speed_ratio,1.0,real_traffic_weather
2025-11-29 03:00:00,R5,Low,Peak_Hour,road_type_speed_ratio,1.0,real_traffic_weather
2025-11-29 04:00:00,R5,Low,Peak_Hour,road_type_speed_ratio,0.9988149448952405,real_traffic_weather
2025-11-29 05:00:00,R5,Low,Peak_Hour,road_type_speed_ratio,0.9992835176100169,real_traffic_weather
2025-11-29 06:00:00,R5,Low,Peak_Hour,road_type_speed_ratio,1.0,real_traffic_weather
2025-11-29 07:00:00,R5,Low,Peak_Hour,road_type_speed_ratio,0.903089885947941,real_traffic_weather
2025-11-29 08:00:00,R5,Medium,Peak_Hour,road_type_speed_ratio,0.9980570973077036,real_traffic_weather
2025-11-29 09:00:00,R5,Low,Peak_Hour,road_type_speed_ratio,0.8674816621413531,real_traffic_weather
2025-11-29 10:00:00,R5,Medium,Peak_Hour,road_type_speed_ratio,0.9918141258317406,real_traffic_weather
2025-11-29 11:00:00,R5,Low,Peak_Hour,road_type_speed_ratio,1.0,real_traffic_weather
2025-11-29 12:00:00,R5,Low,Peak_Hour,road_type_speed_ratio,1.0,real_traffic_weather
2025-11-29 13:00:00,R5,Low,Peak_Hour,road_type_speed_ratio,1.0,real_traffic_weather
2025-11-29 14:00:00,R5,Low,Peak_Hour,road_type_speed_ratio,1.0,real_traffic_weather
2025-11-29 15:00:00,R5,Low,Peak_Hour,road_type_speed_ratio,1.0,real_traffic_weather
2025-11-29 16:00:00,R5,Low,Peak_Hour,road_type_speed_ratio,1.0,real_traffic_weather
2025-11-29 17:00:00,R5,Medium,Peak_Hour,road_type_speed_ratio,0.9978715296478999,real_traffic_weather
2025-11-29 18:00:00,R5,Medium,Peak_Hour,road_type_speed_ratio,0.9790748073932691,real_traffic_weather
2025-11-29 19:00:00,R5,Medium,Incident,road_type_speed_ratio,0.9934038423499609,proxy_incident
2025-11-29 20:00:00,R5,Medium,Peak_Hour,road_type_speed_ratio,0.9973579668419557,real_traffic_weather
2025-11-29 21:00:00,R5,Low,Peak_Hour,road_type_speed_ratio,1.0,real_traffic_weather
2025-11-29 22:00:00,R5,Low,Peak_Hour,road_type_speed_ratio,1.0,real_traffic_weather
2025-11-29 23:00:00,R5,Low,Peak_Hour,road_type_speed_ratio,1.0,real_traffic_weather
2025-11-30 00:00:00,R5,Low,Peak_Hour,road_type_speed_ratio,1.0,real_traffic_weather
2025-11-30 01:00:00,R5,Low,Peak_Hour,road_type_speed_ratio,1.0,real_traffic_weather
2025-11-30 02:00:00,R5,Low,Peak_Hour,road_type_speed_ratio,1.0,real_traffic_weather
2025-11-30 03:00:00,R5,Low,Peak_Hour,road_type_speed_ratio,1.0,real_traffic_weather
2025-11-30 04:00:00,R5,Low,Peak_Hour,road_type_speed_ratio,0.9988149448952405,real_traffic_weather
2025-11-30 05:00:00,R5,Low,Peak_Hour,road_type_speed_ratio,0.9992835176100169,real_traffic_weather
2025-11-30 06:00:00,R5,Low,Peak_Hour,road_type_speed_ratio,1.0,real_traffic_weather
2025-11-30 07:00:00,R5,Low,Peak_Hour,road_type_speed_ratio,0.8945744869240664,real_traffic_weather
2025-11-30 08:00:00,R5,Low,Peak_Hour,road_type_speed_ratio,0.8820187204412135,real_traffic_weather
2025-11-30 09:00:00,R5,Medium,Peak_Hour,road_type_speed_ratio,0.9770813113053118,real_traffic_weather
2025-11-30 10:00:00,R5,Medium,Peak_Hour,road_type_speed_ratio,0.9942617612690963,real_traffic_weather
2025-11-30 11:00:00,R5,Low,Peak_Hour,road_type_speed_ratio,1.0,real_traffic_weather
2025-11-30 12:00:00,R5,Low,Peak_Hour,road_type_speed_ratio,1.0,real_traffic_weather
2025-11-30 13:00:00,R5,Low,Peak_Hour,road_type_speed_ratio,1.0,real_traffic_weather
2025-11-30 14:00:00,R5,Low,Peak_Hour,road_type_speed_ratio,1.0,real_traffic_weather
2025-11-30 15:00:00,R5,Low,Incident,road_type_speed_ratio,0.985,proxy_incident
2025-11-30 16:00:00,R5,Low,Peak_Hour,road_type_speed_ratio,0.9984845903670435,real_traffic_weather
2025-11-30 17:00:00,R5,Medium,Peak_Hour,road_type_speed_ratio,0.9937931100830373,real_traffic_weather
2025-11-30 18:00:00,R5,Medium,Peak_Hour,road_type_speed_ratio,0.9993590619152767,real_traffic_weather
2025-11-30 19:00:00,R5,Medium,Peak_Hour,road_type_speed_ratio,0.9990189944809648,real_traffic_weather
2025-11-30 20:00:00,R5,Medium,Peak_Hour,road_type_speed_ratio,0.9974703544543432,real_traffic_weather
2025-11-30 21:00:00,R5,Low,Peak_Hour,road_type_speed_ratio,1.0,real_traffic_weather
2025-11-30 22:00:00,R5,Low,Peak_Hour,road_type_speed_ratio,1.0,real_traffic_weather
2025-11-30 23:00:00,R5,Low,Peak_Hour,road_type_speed_ratio,1.0,real_traffic_weather
